id,customer_id,address_type,postal_code,street,number,complement,district,city,state,country,is_primary
1,1,billing,93032-645,Núcleo Macedo,13,,Vila Aeroporto,Martins,SP,BR,TRUE
2,1,secondary,06351-685,Via Cassiano,77,,Vila Piratininga Venda Nova,Freitas de Campos,BA,BR,FALSE
3,1,secondary,83799-005,Passarela Silveira,49,,Delta,Monteiro,PA,BR,FALSE
4,2,billing,34228562,Fazenda de Martins,83,Apto 225,Vila Real 1ª Seção,Caldeira,AL,BR,TRUE
5,3,billing,37008942,Favela de da Cunha,4,Apto 704,Distrito Industrial Do Jatoba,da Conceição,SP,BR,TRUE
6,3,billing,18838456,Chácara de Cardoso,97,,Vila Batik,da Mata,PB,BR,FALSE
7,3,billing,71985176,Viaduto de Gomes,506,,Mariquinhas,das Neves da Mata,SC,BR,FALSE
8,4,billing,15783792,Lago Bento Duarte,82,,Distrito Industrial Do Jatoba,Moreira do Galho,MS,BR,TRUE
9,4,billing,42883903, Quadra de Pimenta,478,,Vila Independencia 3ª Seção,Barros,RR,BR,FALSE
10,5,billing,03219-859,Pátio de Ferreira,11,Apto 250,Morro Dos Macacos,Lopes do Galho,MG,BR,TRUE
11,5,secondary,67347671,Travessa Sophia Lima,92,,Tres Marias,Silveira de Minas,SC,BR,FALSE
12,6,billing,38524276,Distrito Caldeira,75,Apto 374,Dom Silverio,da Conceição Paulista,RN,BR,TRUE
13,6,secondary,94038-955,Lago de Leão,66,Apto 317,Barreiro,Cunha de Andrade,AL,BR,FALSE
14,7,billing,10273663,Esplanada de Ferreira,47,,Vila Nova Gameleira 2ª Seção,Cavalcante,SC,BR,TRUE
15,8,billing,48749391,Viaduto Heloísa Abreu,2,,Antonio Ribeiro De Abreu 1ª Seção,da Rosa,PI,BR,TRUE
16,9,billing,60732-644,Sítio Miguel Rios,68,Apto 954,Braúnas,Lopes de Vieira,AL,BR,TRUE
17,10,billing,93716458,Aeroporto da Paz,47,,Vila Nova Dos Milionarios,Leão das Pedras,RJ,BR,TRUE
18,11,billing,47338-780,Largo de Cardoso,690,,Monsenhor Messias,Ferreira de Minas,PI,BR,TRUE
19,11,secondary,78477198,Rodovia de da Costa,44,Apto 450,Venda Nova,Moraes Alegre,RN,BR,FALSE
20,12,billing,80625023,Rodovia Oliveira,764,,Vista Alegre,da Luz,ES,BR,TRUE
21,12,billing,35486-952,Estação Caldeira,16,Apto 387,Bela Vitoria,Moreira,PI,BR,FALSE
22,12,secondary,35469466,Lagoa Pastor,4,,Providencia,da Luz dos Dourados,GO,BR,FALSE
23,13,billing,69116-122,Loteamento Aparecida,79,Apto 558,Vila Suzana Primeira Seção,Santos do Galho,RR,BR,TRUE
24,13,secondary,90041589,Favela Cunha,92,,Nova Esperança,Abreu do Campo,TO,BR,FALSE
25,13,secondary,85500295,Estrada Rafaela Albuquerque,1,Apto 124,Xodo-Marize,Martins do Campo,PI,BR,FALSE
26,14,billing,58061949,Trecho de Camargo,66,,Aparecida 7ª Seção,Fernandes do Campo,RJ,BR,TRUE
27,14,secondary,93968718,Viaduto Marina Barbosa,90,Apto 049,Cônego Pinheiro 2ª Seção,Santos,CE,BR,FALSE
28,14,secondary,07196-129,Favela Carvalho,4,,Jaqueline,Castro Grande,AL,BR,FALSE
29,15,billing,00371-775,Sítio de Ferreira,82,Apto 480,Mirtes,Caldeira de Minas,RR,BR,TRUE
30,15,billing,62030695,Praça Diias,31,,Camponesa 1ª Seção,Novaes,PA,BR,FALSE
31,15,billing,18112399,Estrada Araújo,65,Apto 987,Tirol,Araújo,PA,BR,FALSE
32,16,billing,31459688,Trevo de Caldeira,7,Apto 196,Belvedere,da Paz,MS,BR,TRUE
33,16,billing,52112036,Rua Campos,24,,Vila Madre Gertrudes 1ª Seção,da Cunha,GO,BR,FALSE
34,16,billing,08197-140,Feira de da Mata,69,Apto 449,Vila Paris,Alves das Flores,AC,BR,FALSE
35,17,billing,80627-456,Trevo Pedro Lucas Rodrigues,185,,Santa Branca,Casa Grande Paulista,AP,BR,TRUE
36,17,billing,29049-577,Estação Ana Vitória Correia,747,,Vila Real 2ª Seção,Pereira de Minas,RN,BR,FALSE
37,18,billing,30164-728,Passarela de Campos,74,,Fernão Dias,Pacheco do Sul,BA,BR,TRUE
38,18,billing,29761-166,Setor Guerra,40,Apto 498,Cdi Jatoba,Guerra da Prata,RN,BR,FALSE
39,19,billing,70165-627,Residencial de Rodrigues,30,,Bela Vitoria,Monteiro Grande,DF,BR,TRUE
40,20,billing,25242352,Parque Bernardo Abreu,558,,Urca,Azevedo dos Dourados,CE,BR,TRUE
41,20,secondary,50520535,Chácara Correia,9,Apto 456,Alta Tensão 1ª Seção,Pimenta de Goiás,MA,BR,FALSE
42,21,billing,32210912,Ladeira de da Luz,51,Apto 140,Vitoria Da Conquista,Moraes de Câmara,GO,BR,TRUE
43,21,secondary,77982402,Condomínio Lima,223,Apto 379,Itaipu,Montenegro,AM,BR,FALSE
44,22,billing,09624265,Rua Luara Cunha,95,,Pousada Santo Antonio,da Paz de Vasconcelos,MS,BR,TRUE
45,22,billing,63488823,Residencial de Pires,55,Apto 422,Vila Cloris,Costa Alegre,AM,BR,FALSE
46,23,billing,78828050,Jardim Fernandes,93,,Vila Paraíso,Moraes,PR,BR,TRUE
47,24,billing,04767666,Área de Nascimento,98,Apto 745,Vila Nossa Senhora Do Rosário,Barros de Silveira,RO,BR,TRUE
48,24,billing,07531368,Trevo Mateus Caldeira,72,,Cdi Jatoba,Ribeiro,RS,BR,FALSE
49,24,secondary,74144301,Parque Barros,64,Apto 299,Mineirão,Fogaça dos Dourados,MA,BR,FALSE
50,25,billing,33199-711,Núcleo de da Conceição,53,,Vila Sumaré,Cavalcante de Pinto,PA,BR,TRUE
51,25,billing,01003-434,Trevo Maysa Fonseca,758,Apto 188,Santa Sofia,Melo,PE,BR,FALSE
52,25,billing,02159-927,Jardim de Cunha,46,Apto 827,São Pedro,Pacheco do Norte,DF,BR,FALSE
53,26,billing,12223954,Área de Macedo,5,Apto 731,Jonas Veiga,Gonçalves,PI,BR,TRUE
54,26,secondary,47774-070,Passarela Gomes,75,Apto 007,Minas Caixa,Castro,PI,BR,FALSE
55,26,secondary,12821938,Setor Lucas Mendes,347,,Novo Glória,Santos do Oeste,RN,BR,FALSE
56,27,billing,30459692,Área de Guerra,16,,Lourdes,Nogueira da Praia,ES,BR,TRUE
57,27,secondary,23443584,Sítio de Borges,9,,Vila Do Pombal,Lopes da Praia,AM,BR,FALSE
58,28,billing,42106378,Chácara de Melo,5,,Senhor Dos Passos,Vieira,MG,BR,TRUE
59,28,secondary,81165-955,Sítio de Pires,59,,Conjunto Lagoa,Pinto,ES,BR,FALSE
60,29,billing,93136-365,Residencial de Cavalcanti,86,,Novo Glória,Melo de Mendonça,MS,BR,TRUE
61,30,billing,58613417,Trevo Diogo Pacheco,93,,Virgínia,Cavalcanti das Pedras,SE,BR,TRUE
62,30,billing,23399-076,Núcleo Alves,2,,Boa União 1ª Seção,Câmara,RN,BR,FALSE
63,30,secondary,54804423,Jardim Melina Pinto,51,,Trevo,Borges,AC,BR,FALSE
64,31,billing,16479-049,Chácara de Fernandes,93,,Vila Ecológica,Garcia,PB,BR,TRUE
65,31,billing,73672-096,Área Cirino,37,,Oeste,Câmara da Serra,AL,BR,FALSE
66,32,billing,86997-245,Recanto de Caldeira,85,,Vila Antena Montanhês,Castro,SP,BR,TRUE
67,32,secondary,70115-491,Viela Melina Costela,16,,Novo São Lucas,Moraes Alegre,PA,BR,FALSE
68,32,billing,10859-735,Parque de Mendes,443,,Barroca,da Mota Paulista,PR,BR,FALSE
69,33,billing,26327676,Trevo Isabel da Luz,88,,Vila Das Oliveiras,Gomes Paulista,TO,BR,TRUE
70,33,secondary,71553-474,Via Brayan Silva,14,,Vila São Geraldo,da Costa dos Dourados,PR,BR,FALSE
71,34,billing,90848965,Via Pinto,15,Apto 375,Jaqueline,Vargas,PR,BR,TRUE
72,35,billing,53833856,Estrada de Cirino,713,Apto 964,Vila Pinho,Sampaio,GO,BR,TRUE
73,36,billing,73730415,Parque Cunha,14,Apto 510,Vista Alegre,Jesus,MS,BR,TRUE
74,37,billing,87963346,Ladeira Letícia da Mata,16,,Goiania,Carvalho,PR,BR,TRUE
75,37,secondary,99741592,Travessa da Paz,1,,Santo Agostinho,Almeida,CE,BR,FALSE
76,37,secondary,60781-951,Lagoa Rafaela da Luz,877,,Dom Cabral,da Costa,TO,BR,FALSE
77,38,billing,61443575,Recanto Sarah Pastor,15,,Vitoria Da Conquista,Rios da Serra,PA,BR,TRUE
78,39,billing,27068756,Avenida Maria Luísa Barros,312,,Frei Leopoldo,Brito do Oeste,RJ,BR,TRUE
79,39,billing,23774599,Lagoa de Rocha,4,,Castelo,Monteiro,PA,BR,FALSE
80,39,secondary,05807-910,Pasarela de Ramos,11,Apto 640,Santa Inês,Marques,PE,BR,FALSE
81,40,billing,84784830,Jardim Moreira,47,,Oeste,Ribeiro da Mata,RR,BR,TRUE
82,40,secondary,44927280,Aeroporto de Correia,8,,São Vicente,Vieira,RO,BR,FALSE
83,41,billing,43167-859,Ladeira de da Luz,90,Apto 895,Vila Piratininga,Alves,DF,BR,TRUE
84,42,billing,07560526,Vale de Vasconcelos,2,,Vila Piratininga,Castro do Oeste,TO,BR,TRUE
85,42,billing,29996633,Trevo Cavalcante,75,,Maria Goretti,Abreu de Goiás,AC,BR,FALSE
86,43,billing,99154-027,Esplanada Alves,3,Apto 953,Buraco Quente,Abreu do Sul,MA,BR,TRUE
87,44,billing,31820682, Lagoa Moura,1,Apto 930,Castelo,da Rosa do Galho,MA,BR,TRUE
88,45,billing,38577-973,Rua de Souza,64,,Vila Cemig,da Costa do Galho,TO,BR,TRUE
89,45,secondary,51827238,Praça da Mota,69,,Vila Jardim Montanhes,Montenegro,MT,BR,FALSE
90,45,billing,55768815,Trecho Bryan da Cruz,9,Apto 196,Vila Oeste,da Rosa Paulista,SC,BR,FALSE
91,46,billing,61504-884,Condomínio de Silva,90,Apto 924,Jardim Do Vale,Silva da Mata,AL,BR,TRUE
92,46,billing,50769555,Vila de Vasconcelos,65,,Santa Terezinha,Araújo,PE,BR,FALSE
93,46,billing,27754777,Ladeira Esther Oliveira,55,Apto 123,São Benedito,Casa Grande de da Paz,SC,BR,FALSE
94,47,billing,79790070,Lago de Farias,59,,São Salvador,Nunes das Pedras,PB,BR,TRUE
95,47,billing,16623-956,Residencial de Campos,65,,Túnel De Ibirité,Fernandes,AC,BR,FALSE
96,47,secondary,76749064,Distrito Vasconcelos,37,Apto 765,Distrito Industrial Do Jatoba,da Paz,TO,BR,FALSE
97,48,billing,13417-005,Núcleo Bárbara Novais,64,Apto 595,Lourdes,Lopes da Serra,AM,BR,TRUE
98,49,billing,83357-668,Sítio Viana,550,Apto 910,Santa Rita,Teixeira do Norte,MA,BR,TRUE
99,50,billing,17155785,Chácara Pires,479,,Etelvina Carneiro,Novais das Flores,AL,BR,TRUE
100,50,billing,16089888,Via Benicio Borges,6,,Marmiteiros,Peixoto,AP,BR,FALSE
101,50,secondary,15320264,Área Pimenta,43,,Itaipu,da Cruz do Amparo,RJ,BR,FALSE
102,51,billing,20388782,Campo de Novais,993,Apto 447,São Damião,Sá,SP,BR,TRUE
103,51,secondary,76634-208,Lagoa Moraes,3,,Jardim Guanabara,Souza,SP,BR,FALSE
104,51,secondary,64742-644,Jardim Martins,832,Apto 966,Frei Leopoldo,Peixoto de Viana,RS,BR,FALSE
105,52,billing,81877-449,Esplanada de das Neves,88,,Vila Engenho Nogueira,das Neves,GO,BR,TRUE
106,52,billing,93995-315,Praça Isis das Neves,53,,Aguas Claras,Pires,MG,BR,FALSE
107,53,billing,89649666,Rua de Azevedo,9,Apto 229,Vila Satélite,da Cruz,RO,BR,TRUE
108,53,billing,46872203,Favela Raul Mendonça,740,,Vila Independencia 2ª Seção,Costela,PE,BR,FALSE
109,53,billing,74857-830,Loteamento Beatriz Pacheco,85,,Vila Engenho Nogueira,Rezende da Praia,TO,BR,FALSE
110,54,billing,86800-551,Conjunto de Gonçalves,56,,Vila Cloris,Pereira Paulista,DF,BR,TRUE
111,54,billing,32705-614,Morro Matheus da Cunha,12,,Beira Linha,Cassiano de Minas,RO,BR,FALSE
112,55,billing,74715-203,Chácara Francisco Oliveira,650,,Nova America,Pires do Campo,ES,BR,TRUE
113,55,billing,58508143,Estação Santos,787,Apto 632,Barroca,Rios de Pastor,RR,BR,FALSE
114,56,billing,42338106,Rodovia Pimenta,8,Apto 005,Conjunto Bonsucesso,Pereira,AP,BR,TRUE
115,56,billing,57496-599,Loteamento Cardoso,30,,Marçola,Brito do Campo,SE,BR,FALSE
116,57,billing,35830-407,Núcleo Josué Câmara,7,,Boa União 2ª Seção,Peixoto,SP,BR,TRUE
117,57,secondary,21689745,Quadra Camargo,47,,Floresta,Aparecida,MA,BR,FALSE
118,58,billing,19274312,Praça Juliana Ferreira,30,Apto 336,Bonsucesso,Fogaça Alegre,PE,BR,TRUE
119,58,secondary,62475552,Quadra João Lucas Aragão,86,,Vila Primeiro De Maio,Casa Grande,PB,BR,FALSE
120,59,billing,10056-870,Trecho André Dias,21,,Conjunto São Francisco De Assis,Sampaio,PE,BR,TRUE
121,59,billing,67932353,Fazenda de Teixeira,60,,Independência,Siqueira Verde,RR,BR,FALSE
122,59,billing,16570-794,Distrito Caldeira,330,,Indaiá,Gonçalves,RO,BR,FALSE
123,60,billing,68551-902,Área de da Rosa,2,,Laranjeiras,Nogueira do Galho,AL,BR,TRUE
124,61,billing,10933-465,Feira de Câmara,43,,Ademar Maldonado,Mendes da Praia,RR,BR,TRUE
125,61,secondary,37009-841,Jardim Ravi Lucca Machado,30,Apto 170,Palmares,Macedo do Norte,AM,BR,FALSE
126,61,secondary,59283397,Praia Ramos,956,Apto 176,Varzea Da Palma,Freitas de Andrade,MS,BR,FALSE
127,62,billing,73930105,Núcleo de Pastor,7,,Venda Nova,da Cruz,RR,BR,TRUE
128,62,billing,79364708,Jardim de Silveira,70,,Marçola,Fogaça Grande,SC,BR,FALSE
129,62,billing,93570-765,Travessa da Luz,12,?,Pompéia,Lima Grande,RS,BR,FALSE
130,63,billing,71926026,Campo de Campos,168,Apto 109,Prado,Lopes,TO,BR,TRUE
131,63,secondary,91949081,Quadra de Aragão,4,,Cidade Jardim Taquaril,Sales de Guerra,RO,BR,FALSE
132,63,billing,80587777,Chácara da Mota,772,Apto 821,Califórnia,Lima das Flores,MA,BR,FALSE
133,64,billing,07735-956,Travessa de Rodrigues,3,Apto 205,Santa Monica,Costela,MS,BR,TRUE
134,64,secondary,39748-925,Avenida Monteiro,71,,Pirineus,Silveira do Galho,PA,BR,FALSE
135,64,secondary,35818-217,Residencial de da Luz,874,,Paulo Vi,Freitas,RN,BR,FALSE
136,65,billing,84383-569,Trecho de Melo,3,,Marçola,Vargas,AL,BR,TRUE
137,65,secondary,93064691,Parque Mendonça,2,Apto 969,Taquaril,Costela,MS,BR,FALSE
138,65,secondary,03138783,Largo Ramos,38,Apto 875,Flamengo,Farias,TO,BR,FALSE
139,66,billing,26202-948,Jardim Maria Luiza Montenegro,2,Apto 282,Nossa Senhora Da Conceição,da Rocha,SC,BR,TRUE
140,66,billing,17392-229,Chácara Macedo,78,,Madre Gertrudes,Vieira,ES,BR,FALSE
141,66,secondary,75055-777,Chácara de Marques,23,,Serra,Rios,MA,BR,FALSE
142,67,billing,45353811,Loteamento de Monteiro,30,,São Luiz,Castro de Aragão,RN,BR,TRUE
143,67,secondary,80369-575,Estação Théo Costa,29,Apto 686,Fernão Dias,Abreu de Moreira,PI,BR,FALSE
144,67,secondary,50694-394,Colônia Dante Viana,1,,Jardim São José,Mendonça,SP,BR,FALSE
145,68,billing,49354-921,Colônia Moura,9,,São Paulo,Pimenta do Campo,DF,BR,TRUE
146,68,secondary,93575384,Vereda de Barbosa,2,Apto 570,Barroca,da Rosa,PB,BR,FALSE
147,69,billing,60164-262,Loteamento Ayla da Paz,12,Apto 213,Manacas,Vieira das Flores,RN,BR,TRUE
148,69,secondary,23940717,Viaduto da Rocha,74,,Miramar,Pinto,MT,BR,FALSE
149,70,billing,70060-398,Avenida Macedo,751,,Custodinha,Carvalho de Minas,GO,BR,TRUE
150,70,secondary,20224175,Campo Hadassa Moraes,6,Apto 641,São Geraldo,da Mata do Campo,DF,BR,FALSE
151,70,billing,36650285,Campo de Farias,95,Apto 179,Caetano Furquim,Siqueira do Amparo,PI,BR,FALSE
152,71,billing,90524922,Trecho Camargo,5,,Conjunto Celso Machado,Montenegro do Campo,MA,BR,TRUE
153,72,billing,40138569,Estrada de Pacheco,5,Apto 265,Conjunto Califórnia I,Campos,TO,BR,TRUE
154,73,billing,01740209,Via de da Rosa,96,Apto 886,Nossa Senhora Da Conceição,Pinto da Mata,PI,BR,TRUE
155,73,secondary,82729136,Viaduto Beatriz Pereira,7,,Jonas Veiga,Sales Verde,AM,BR,FALSE
156,73,secondary,32180-113,Rua Dias,23,,Maria Virgínia,Nascimento da Serra,ES,BR,FALSE
157,74,billing,28402-246,Passarela Mendes,4,Apto 202,Juliana,Sá,GO,BR,TRUE
158,74,billing,38670776,Lagoa Vargas,49,,Vila Da Luz,Porto de Santos,PA,BR,FALSE
159,75,billing,74087-721,Praia Rezende,52,Apto 003,Vila De Sá,Sampaio,AL,BR,TRUE
160,76,billing,10972-472,Ladeira Luiz Otávio Lopes,24,,Olhos D'água,Pastor,CE,BR,TRUE
161,77,billing,63985-238,Colônia de Novaes,48,Apto 632,Vila São João Batista,Novaes de Rezende,PA,BR,TRUE
162,78,billing,70423573,Rua Pimenta,459,Apto 116,Vila Jardim Alvorada,Rocha,AP,BR,TRUE
163,78,billing,53470507,Aeroporto de Monteiro,15,Apto 884,Serrano,Ribeiro Verde,RN,BR,FALSE
164,78,billing,35768-662,Feira Nogueira,6,,Cidade Nova,Barbosa Paulista,PI,BR,FALSE
165,79,billing,54225-955,Estrada Correia,6,Apto 915,Jardim Guanabara,Pacheco,PA,BR,TRUE
166,79,billing,51109674,Colônia Raul Lima,66,,Vila Paquetá,Farias,SC,BR,FALSE
167,80,billing,41737223,Conjunto Larissa Sampaio,88,,Vila Jardim Montanhes,Santos,DF,BR,TRUE
168,81,billing,38128171,Vale de Rezende,535,Apto 752,Estoril,Barbosa,CE,BR,TRUE
169,81,billing,59637-311,Trevo Noah da Costa,1,Apto 886,Conjunto Floramar,Aragão,TO,BR,FALSE
170,82,billing,59400-381,Alameda de da Cruz,94,,Marmiteiros,Rocha,AL,BR,TRUE
171,83,billing,21824140,Chácara de Machado,3,Apto 846,Bela Vitoria,Porto da Prata,PR,BR,TRUE
172,83,billing,32149-997,Favela Rios,50,Apto 347,Grota,Silveira,DF,BR,FALSE
173,84,billing,42106-510,Lago Gonçalves,2,Apto 041,Dom Bosco,da Costa,MT,BR,TRUE
174,84,billing,57942-072,Viela de Cardoso,69,Apto 672,Vila Do Pombal,Mendonça,MG,BR,FALSE
175,85,billing,89898787,Praça Maria Laura Sousa,25,Apto 387,Piraja,Cardoso,SE,BR,TRUE
176,85,secondary,98189397,Vereda de Castro,5,,Santa Sofia,Câmara de Andrade,GO,BR,FALSE
177,86,billing,19455-868,Via Sousa,53,,Canaa,Monteiro,RJ,BR,TRUE
178,86,secondary,40315-758,Vale Matheus Nunes,9,,Vila Cemig,da Costa das Flores,SC,BR,FALSE
179,87,billing,05449339,Praia Barros,154,,Nova Cachoeirinha,Moreira,MT,BR,TRUE
180,87,secondary,70207-153,Sítio Agatha Cirino,6,,Maria Virgínia,Silveira Alegre,SP,BR,FALSE
181,87,secondary,54407896,Quadra Milena Moura,392,Apto 100,Petropolis,Rocha,RO,BR,FALSE
182,88,billing,40947112,Passarela Heitor Sales,85,,São Jorge 2ª Seção,da Mota,AM,BR,TRUE
183,88,secondary,48667186,Ladeira Kaique Lopes,54,Apto 704,Serra Verde,Melo de Minas,AM,BR,FALSE
184,89,billing,18770332,Quadra Calebe Sales,44,Apto 073,Chácara Leonina,Garcia das Pedras,SP,BR,TRUE
185,90,billing,49030-438,Quadra Macedo,398,,Guaratã,Oliveira da Serra,MA,BR,TRUE
186,90,secondary,04811-301,Praça de Vargas,33,,Goiania,da Luz,MS,BR,FALSE
187,91,billing,51812-759,Recanto Araújo,4,,Indaiá,Teixeira,PB,BR,TRUE
188,91,secondary,32567-405,Parque Carvalho,31,Apto 311,Estoril,da Luz do Campo,RS,BR,FALSE
189,92,billing,19020607,Feira Sousa,49,,Barão Homem De Melo 2ª Seção,Fonseca,BA,BR,TRUE
190,92,billing,14426735,Sítio da Luz,75,,Capitão Eduardo,Jesus,AM,BR,FALSE
191,92,billing,99944-261,Ladeira de Farias,83,,Vila Santo Antônio,Nascimento Grande,MG,BR,FALSE
192,93,billing,95081499,Lagoa de Andrade,33,Apto 358,Mariquinhas,Ferreira,PE,BR,TRUE
193,94,billing,35288050,Largo Caleb Monteiro,819,Apto 354,Vila Suzana Primeira Seção,Cardoso da Praia,CE,BR,TRUE
194,94,billing,77774-449,Jardim Samuel Andrade,56,Apto 006,Aeroporto,Nunes da Prata,PE,BR,FALSE
195,94,billing,64862755,Residencial Martins,638,Apto 460,Tres Marias,Carvalho,AM,BR,FALSE
196,95,billing,40725453,Praça de Aparecida,7,,Beija Flor,Casa Grande,TO,BR,TRUE
197,96,billing,70792-625,Colônia de Santos,44,,Casa Branca,Vasconcelos do Norte,DF,BR,TRUE
198,96,billing,50394398,Jardim de da Mata,97,Apto 952,Vila Jardim São José,Lima,AP,BR,FALSE
199,96,secondary,94964-549,Morro de Silva,957,,Vila Paris,Cavalcanti,PB,BR,FALSE
200,97,billing,17427183,Distrito Rodrigues,30,,Ermelinda,Gonçalves,RO,BR,TRUE
201,97,secondary,76176404,Ladeira Siqueira,65,,Caetano Furquim,Castro,PI,BR,FALSE
202,98,billing,38110-502,Conjunto de Nascimento,820,Apto 459,Maria Tereza,Vieira,PE,BR,TRUE
203,98,secondary,76774239,Largo Sampaio,43,,Esplanada,Correia de Siqueira,SE,BR,FALSE
204,98,secondary,78396921,Condomínio Bryan Albuquerque,16,Apto 772,Bernadete,Correia Paulista,RR,BR,FALSE
205,99,billing,96537-155,Feira Henry Gabriel Alves,12,,Senhor Dos Passos,Azevedo,PI,BR,TRUE
206,99,billing,30950-793,Quadra Machado,31,,Vila Aeroporrto,Correia de da Mota,AP,BR,FALSE
207,99,billing,85027-590,Distrito de Jesus,100,,Pongelupe,Cavalcanti,AC,BR,FALSE
208,100,billing,12189-452,Trevo Ramos,79,?,Embaúbas,Duarte,SE,BR,TRUE
209,100,billing,51757-903,Estrada Albuquerque,188,Apto 609,Jaraguá,Martins,MT,BR,FALSE
210,101,billing,24130078,Setor de Lima,95,,Vila Mantiqueira,Duarte de Fernandes,RO,BR,TRUE
211,101,billing,09591-450,Vale Luna Cavalcanti,76,,Vila Bandeirantes,Rocha das Flores,BA,BR,FALSE
212,101,billing,28651-814,Conjunto de Aparecida,93,,Indaiá,Aparecida Paulista,MG,BR,FALSE
213,102,billing,17643493,Lago de Caldeira,86,,Grotinha,Macedo,PI,BR,TRUE
214,102,billing,98585-749,Chácara Aragão,86,,Vila Copacabana,Lima,MA,BR,FALSE
215,103,billing,87939789,Favela Maria Melo,2,,Conjunto Celso Machado,Oliveira do Oeste,TO,BR,TRUE
216,104,billing,64598243,Setor Arthur da Mata,50,Apto 079,Dom Bosco,Ferreira de Minas,SE,BR,TRUE
217,104,secondary,56926-920,Viaduto Silveira,47,,Mangueiras,Campos de Casa Grande,MS,BR,FALSE
218,104,secondary,72123-008,Quadra Natália Oliveira,29,Apto 532,Vila Nossa Senhora Do Rosário,Cirino Alegre,SP,BR,FALSE
219,105,billing,60098-057,Favela de Jesus,103,Apto 341,Estoril,Porto,MG,BR,TRUE
220,105,billing,32985-684,Viela de Pereira,17,,Vila Petropolis,Aparecida de Lima,AL,BR,FALSE
221,106,billing,74614337,Avenida Viana,29,,Vila Olhos D'água,das Neves de da Paz,DF,BR,TRUE
222,107,billing,87163-876,CHÁCARA FOGAÇA,57,,Vila De Sá,Sousa,MT,BR,TRUE
223,107,secondary,58661-824,Residencial de das Neves,5,,Conjunto Novo Dom Bosco,Montenegro de Fonseca,ES,BR,FALSE
224,107,secondary,41988726,Jardim Rodrigues,321,Apto 233,Teixeira Dias,Campos,MT,BR,FALSE
225,108,billing,07132044,Jardim de Vasconcelos,86,,Alto Barroca,Barbosa de Fonseca,TO,BR,TRUE
226,109,billing,17660-456,Trecho de da Conceição,711,Apto 457,Vila Da Paz,Mendonça dos Dourados,SP,BR,TRUE
227,110,billing,57666-476,Sítio Fogaça,90,,Vila Havaí,Ramos Grande,RJ,BR,TRUE
228,110,billing,45521-750,Travessa Stephany Moreira,38,Apto 988,Santa Branca,Martins,MS,BR,FALSE
229,111,billing,42206-185,Área de Leão,929,,Pirineus,Ramos,PE,BR,TRUE
230,112,billing,40067-246,Estrada Breno da Cruz,51,,Goiania,Correia,AP,BR,TRUE
231,112,secondary,93301118,Viaduto Asafe Guerra,94,,São João,Fernandes do Galho,PR,BR,FALSE
232,113,billing,52452-961,Campo Yuri Correia,89,,Nova Granada,Ferreira dos Dourados,RR,BR,TRUE
233,113,billing,51798387,Chácara de Ribeiro,65,Apto 669,Oeste ,Ribeiro,DF,BR,FALSE
234,114,billing,86417-825,Parque de Aparecida,2,,Vila São Geraldo,Cardoso Paulista,PA,BR,TRUE
235,114,secondary,76293-684,Praça Moura,81,,Olaria,Nunes de Siqueira,TO,BR,FALSE
236,114,secondary,10271909,Viela José Miguel Albuquerque,88,,Conjunto Celso Machado,Cardoso,AM,BR,FALSE
237,115,billing,19045-624,Ladeira de Leão,12,,Cabana Do Pai Tomás,Fernandes das Pedras,PA,BR,TRUE
238,115,secondary,39350824,conjunto gomes,45,Apto 814,Alpes,Aragão,RS,BR,FALSE
239,116,billing,55984-142,Distrito da Paz,643,Apto 074,Marilandia,Teixeira,SC,BR,TRUE
240,117,billing,32809997,Conjuno da Luz,50,,Coração Eucarístico,Borges,AC,BR,TRUE
241,118,billing,77182353,Residencial Melo,77,,Pantanal,Azevedo dos Dourados,BA,BR,TRUE
242,119,billing,57355-481,Quadra Gael Cirino,76,,CAMARGOS,Rodrigues de Goiás,RJ,BR,TRUE
243,119,secondary,92942702,Morro Araújo,4,Apto 433,Solimoes,Lopes,CE,BR,FALSE
244,119,secondary,98958-247,Estrada Pedro Santos,112,Apto 371,Vila Madre Gertrudes 1ª Seção,Casa Grande,PB,BR,FALSE
245,120,billing,93955-714,Chácara Vieira,7,,Itaipu,Cavalcanti,AL,BR,TRUE
246,120,billing,59100-443,Jardim Pedro Gonçalves,54,,Embaúbas,Souza,SP,BR,FALSE
247,121,billing,91422-007,Distrito de Cavalcante,96,,Frei Leopoldo,Castro dos Dourados,PE,BR,TRUE
248,122,billing,87857109,Estrada Nogueira,13,,Alpes,Pastor,AL,BR,TRUE
249,122,secondary,63258677,Lago Isis Freitas,861,-,Conjunto Jatoba,Martins do Sul,ES,BR,FALSE
250,122,billing,46332-465,Viaduto de Jesus,641,,Lorena,Martins,MT,BR,FALSE
251,123,billing,35185-176,Viela de Gomes,69,Apto 965,Vila Suzana Segunda Seção,Albuquerque do Norte,SE,BR,TRUE
252,123,billing,37522964,Jardim de Porto,11,Apto 922,Lourdes,Duarte,AP,BR,FALSE
253,124,billing,55795-372,Residencial Gonçalves,50,,Betânia,Casa Grande das Pedras,MA,BR,TRUE
254,124,secondary,02970813,Distrito Luiz Henrique Pastor,121,Apto 935,Vila Cemig,das Neves,RO,BR,FALSE
255,125,billing,92295014,Passarela de Carvalho,840,Apto 695,Distrito Industrial Do Jatoba,Nogueira,PB,BR,TRUE
256,125,secondary,47679007,Distrito de das Neves,76,,Monte Azul,Pereira da Mata,RR,BR,FALSE
257,125,secondary,60943868,Viela Souza,90,,Leticia,Pacheco da Serra,MT,BR,FALSE
258,126,billing,29726-692,Distrito Duarte,82,Apto 346,Centro,Melo,AL,BR,TRUE
259,126,secondary,72334-466,Colônia Caleb Fogaça,5,,Universo,Borges da Prata,AL,BR,FALSE
260,127,billing,86288-688,Vale Lucca da Mata,59,,Fernão Dias,Sá,ES,BR,TRUE
261,127,secondary,18695-613,Lagoa de da Mata,9,,São Jorge 3ª Seção,Sampaio,RS,BR,FALSE
262,128,billing,18380169,Estrada de da Mata,26,Apto 237,Santa Helena,Pires,RN,BR,TRUE
263,128,billing,12201631,Núcleo de Cirino,1,,Vila Beâtnia,da Costa,RJ,BR,FALSE
264,129,billing,52313363,Campo de da Rocha,9,,Conjunto Santa Maria,Cavalcante,PR,BR,TRUE
265,129,billing,23189672,Condomínio Cirino,159,Apto 317,Santa Amelia,Guerra Verde,RR,BR,FALSE
266,130,billing,00191765,Estação da Rocha,48,,Grotinha,Viana,PE,BR,TRUE
267,130,billing,15154-746,Condomínio de Camargo,90,Apto 702,Salgado Filho,Nascimento,CE,BR,FALSE
268,130,billing,40093808,Estrada de da Paz,412,,Conjunto Lagoa,Garcia,RO,BR,FALSE
269,131,billing,05932418,Conjunto Rodrigues,82,,Miramar,Fonseca,BA,BR,TRUE
270,131,billing,21311679,Lago Lucas Moura,72,,Santa Helena,Brito,SC,BR,FALSE
271,132,billing,67811678,Conjunto Anthony Gabriel Cavalcanti,61,Apto 386,Buritis,Sá da Serra,PA,BR,TRUE
272,132,billing,30220-994,Recanto Rodrigues,13,,Jaraguá,Fonseca,SE,BR,FALSE
273,133,billing,19841050,Largo Antonella Abreu,648,,Conjunto Jardim Filadélfia,Jesus do Amparo,PB,BR,TRUE
274,133,secondary,37846797,Aeroporto Novais,80,Apto 644,Palmeiras,Fernandes,PE,BR,FALSE
275,133,secondary,55017272,Via Luísa da Cruz,38,,Serrano,Campos,RR,BR,FALSE
276,134,billing,20511213,Alameda Letícia Costa,18,,Boa Esperança,Fonseca,AC,BR,TRUE
277,135,billing,40651174,Campo Felipe Marques ,7,,Independência,Macedo Verde,PA,BR,TRUE
278,136,billing,31240-790,Vereda Ana Cecília Nogueira,4,,São José,Oliveira,AL,BR,TRUE
279,137,billing,14567677,Campo Camila Cardoso,79,Apto 017,Ápia,Vieira,AM,BR,TRUE
280,138,billing,64517-702,Viaduto Costela,604,Apto 347,Santa Rita De Cássia,Macedo,PB,BR,TRUE
281,138,secondary,53209592,Ladeira de Moura,487,,Mariano De Abreu,Cavalcanti de Marques,CE,BR,FALSE
282,139,billing,35702409,Travessa Montenegro,46,Apto 984,Vila São Dimas,da Paz da Prata,MA,BR,TRUE
283,139,secondary,27398-356,Morro de Cardoso,29,,São Vicente,Ribeiro dos Dourados,MG,BR,FALSE
284,140,billing,27353340, Vereda Levi Araújo,7,Apto 633,Indaiá,Camargo,GO,BR,TRUE
285,140,billing,15634526,Passarela Cavalcante,386,,Lourdes,Correia,MS,BR,FALSE
286,140,secondary,04445-514,Ladeira da Rocha,21,,Califórnia,Fernandes de da Luz,RJ,BR,FALSE
287,141,billing,49574-218,Lagoa de Cavalcanti,46,,Santa Rita De Cássia,Fonseca,AP,BR,TRUE
288,141,billing,91164792,Viaduto Hellena da Paz,99,,Paquetá,da Cunha,PB,BR,FALSE
289,141,billing,53998759,Núcleo da Costa,1,,Piraja,Campos Paulista,MS,BR,FALSE
290,142,billing,83479230,Quadra Luigi da Luz,23,Apto 081,Colégio Batista,Guerra da Mata,ES,BR,TRUE
291,143,billing,86243-014,Pátio de Albuquerque,76,?,Canaa,Garcia,SE,BR,TRUE
292,143,secondary,37491-218,Trevo Brayan Gomes,70,,Boa União 2ª Seção,Macedo de Minas,MS,BR,FALSE
293,144,billing,11250231,Área Alexandre da Cunha,3,Apto 728,Coração Eucarístico,Vieira do Galho,ES,BR,TRUE
294,144,secondary,12086149,Lago de Casa Grande,80,,Vila Antena Montanhês,Teixeira das Flores,RN,BR,FALSE
295,145,billing,84200-141,Ladeira João Gabriel da Cunha,80,Apto 372,Goiania,Azevedo da Praia,RJ,BR,TRUE
296,145,secondary,28599-475,Recanto de Sampaio,83,,Vila Maria,Pastor,ES,BR,FALSE
297,146,billing,55779798,Parque Macedo,80,,Jonas Veiga,Aparecida,MS,BR,TRUE
298,146,secondary,94815043,Avenida de da Costa,16,,Buritis,Moura,MS,BR,FALSE
299,146,secondary,96609-635,Viela Maria Helena Gonçalves,8,,Leticia,Cavalcante,AP,BR,FALSE
300,147,billing,18426226,Via Allana Caldeira,502,Apto 594,Beira Linha,Viana de Goiás,MT,BR,TRUE
301,147,billing,53524-377,Trecho de Farias,8,,Vila Nova Paraíso,Rodrigues da Praia,SP,BR,FALSE
302,147,billing,73748-525,Esplanada Cavalcante,58,Apto 679,Bandeirantes,Barros,RO,BR,FALSE
303,148,billing,52279-294,Viela de Teixeira,35,,Embaúbas,Monteiro Paulista,RO,BR,TRUE
304,148,billing,20385407,Avenida Novais,61,,Sport Club,Cardoso,MA,BR,FALSE
305,149,billing,69575385,Estrada Rocha,476,,Lorena,Pimenta,MA,BR,TRUE
306,149,billing,14262-040,Morro de Casa Grande,7,,Vila Suzana Segunda Seção,Costela,GO,BR,FALSE
307,149,billing,11897-873,Distrito Raquel Cavalcanti,45,Apto 380,Jardim Atlântico,Silva,RN,BR,FALSE
308,150,billing,71603330,Núcleo de da Rocha,91,,Vila Da Ária,da Cruz das Pedras,RS,BR,TRUE
309,151,billing,02093-137,Setor de Aragão,11,asdf,Tirol,Leão,PR,BR,TRUE
310,151,secondary,77773-657,Lagoa Eduarda Ferreira,15,Apto 348,Camponesa 1ª Seção,Sampaio Paulista,DF,BR,FALSE
311,152,billing,11026-939,Núcleo Noah da Costa,9,,Vila Antena Montanhês,Correia,RR,BR,TRUE
312,153,billing,31351485,Alameda Maria Fernanda Almeida,56,Apto 062,Virgínia,Albuquerque das Flores,PB,BR,TRUE
313,154,billing,15144-876,Colônia Leão,48,Apto 427,Vila Maloca,da Cruz de Aragão,CE,BR,TRUE
314,154,secondary,06957-252,Área de Castro,95,,Vila Atila De Paiva,Marques,PB,BR,FALSE
315,155,billing,25828488,Chácara de Pastor,649,,Bom Jesus,Rocha Alegre,RN,BR,TRUE
316,155,secondary,94564464,Distrito Renan Pacheco,1,Apto 415,Conjunto Minas Caixa,Cassiano do Galho,MG,BR,FALSE
317,156,billing,85547-018,Recanto de Teixeira,69,Apto 014,Minas Brasil,Aparecida de Souza,RN,BR,TRUE
318,156,secondary,67250280,Vila das Neves,8,Apto 707,Gameleira,Sampaio das Pedras,AL,BR,FALSE
319,157,billing,16134079,Conjunto de Rodrigues,7,,Prado,Ferreira do Amparo,MT,BR,TRUE
320,158,billing,75428328,Residencial Milena Fernandes,6,Apto 066,São Damião,Ferreira,MS,BR,TRUE
321,158,billing,15566-166,Trecho de da Rosa,4,,Nova Pampulha,Gomes,GO,BR,FALSE
322,159,billing,05955-161,Fazenda Costela,456,,Coqueiros,da Luz,MS,BR,TRUE
323,159,secondary,82569619,Chácara Casa Grande,89,, Bandeirantes,Novais das Flores,RJ,BR,FALSE
324,160,billing,84879-896,Estrada de Barros,163,,Marajó,Monteiro,RS,BR,TRUE
325,161,billing,43692259,Chácara de Lima,42,,Acaiaca,Carvalho,PR,BR,TRUE
326,162,billing,69017-631,Chácara de Oliveira,863,,Vila Jardim Alvorada,Moura,MS,BR,TRUE
327,162,secondary,36062-230,Estrada Cecília Leão,63,,Santa Cruz,Freitas de Gonçalves,RN,BR,FALSE
328,162,secondary,29841-040,Área de Cunha,47,,Alta Tensão 2ª Seção,Sá,BA,BR,FALSE
329,163,billing,82746-352,Fazenda de Viana,26,,canadá,Albuquerque,ES,BR,TRUE
330,163,billing,69586218,Estrada Davi Lucas Santos,2,,Vila Das Oliveiras,Montenegro,SP,BR,FALSE
331,163,secondary,77903666,Fazenda Heloísa Rezende,347,Apto 813,Conjunto Celso Machado,Duarte Verde,PE,BR,FALSE
332,164,billing,50337-902,Viaduto de Peixoto,40,,Santa Cruz,Cunha da Praia,RS,BR,TRUE
333,164,secondary,13245275,Praia Gael Henrique Pacheco,40,Apto 056,Santa Maria,Novais de Araújo,PB,BR,FALSE
334,164,secondary,26524948,Campo de Montenegro,92,Apto 388,São Luiz,Abreu,RR,BR,FALSE
335,165,billing,51497776,Travessa Felipe da Cruz,71,,Sagrada Família,Macedo das Pedras,TO,BR,TRUE
336,165,billing,28226-195,Ladeira de Santos,502,,Serra Do Curral,Pacheco da Mata,DF,BR,FALSE
337,165,billing,57766-138,Praça de Fernandes,10,,Vila Nova,Sampaio,MS,BR,FALSE
338,166,billing,67832-395,Estrada de Gomes,2,Apto 941,Conjunto Califórnia I,Alves de Leão,MG,BR,TRUE
339,166,secondary,85360878,Praia Carvalho,3,,Álvaro Camargos,Porto,RR,BR,FALSE
340,166,secondary,88112099,Passarela Maria Liz Lima,37,Apto 037,Etelvina Carneiro,Vasconcelos Paulista,PE,BR,FALSE
341,167,billing,65670719,Vila de Abreu,66,Apto 743,Tupi A,Mendonça do Amparo,AL,BR,TRUE
342,167,billing,46739-316,Trevo Anthony Pastor,74,,Carmo,Souza de da Costa,RR,BR,FALSE
343,168,billing,58868102,Favela Gabriel Carvalho,726,,Cdi Jatoba,da Mata do Amparo,SP,BR,TRUE
344,168,billing,09580401,Parque Joaquim Dias,170,,Alto Vera Cruz,Pacheco,RO,BR,FALSE
345,168,billing,07388546,Fazenda Ana Luiza Siqueira,44,,Bandeirantes,Sá Verde,ES,BR,FALSE
346,169,billing,89413198,Travessa Gabriela Monteiro,9,,Estrela,Caldeira,DF,BR,TRUE
347,169,billing,54284251,Chácara Pacheco,4,Apto 594,Belvedere,Oliveira,MA,BR,FALSE
348,169,billing,94125979,Trecho de Andrade,42,Apto 887,Vila Inestan,Martins das Flores,PA,BR,FALSE
349,170,billing,62895134,Via Cunha,997,,Esperança,da Paz de da Rocha,RO,BR,TRUE
350,170,billing,08183632,Travessa de Rios,89,Apto 026,Vila Real 2ª Seção,da Cruz do Galho,CE,BR,FALSE
351,171,billing,71548185,Fazenda Câmara,2,,zilah sposito,Moraes de Leão,AL,BR,TRUE
352,171,billing,77677-192,Viaduto de Novais,192,Apto 302,São Gonçalo,Dias de Macedo,GO,BR,FALSE
353,172,billing,58923036,Parque Macedo,88,,Camponesa 1ª Seção,da Mata,SP,BR,TRUE
354,172,billing,26557-136,Travessa Kamilly Mendes,25,,Vila Madre Gertrudes 4ª Seção,Dias de Goiás,PB,BR,FALSE
355,173,billing,25744-882,Conjunto Larissa Rezende,290,,Outro,Caldeira do Campo,TO,BR,TRUE
356,174,billing,56733851,Quadra Liz da Paz,17,,Vila Da Ária,Araújo das Pedras,SP,BR,TRUE
357,175,billing,98383193,Praça Ayla Sampaio,3,,Vila Santa Monica 2ª Seção,Dias de Moraes,PA,BR,TRUE
358,176,billing,34563338,Distrito de da Cruz,69,,Cinquentenário,Vargas Alegre,PB,BR,TRUE
359,176,billing,51557826,Setor Nogueira,4,,Vista Do Sol,da Mata,RO,BR,FALSE
360,176,billing,71618628,Parque de Pacheco,84,,Nova Floresta,Cunha,RS,BR,FALSE
361,177,billing,03854-787,Estação de Jesus,419,Apto 192,Conjunto São Francisco De Assis,Borges da Serra,RR,BR,TRUE
362,178,billing,28062539,Colônia Melissa Fonseca,65,,Itatiaia,Nogueira,RN,BR,TRUE
363,178,billing,58831400,Morro Guerra,40,Apto 282,Novo Tupi,Correia de Duarte,RO,BR,FALSE
364,178,secondary,90479-865,Colônia Letícia Vieira,396,,Buraco Quente,Casa Grande,SP,BR,FALSE
365,179,billing,08628-685,Lago Otto da Rosa,16,Apto 882,Embaúbas,Oliveira,CE,BR,TRUE
366,180,billing,87289-467,Favela de Gonçalves,71,,Dom Cabral,Almeida,PI,BR,TRUE
367,181,billing,60172-628,Feira Costela,14,,São Benedito,Viana do Amparo,MA,BR,TRUE
368,181,secondary,16343031,Vila Brito,46,,Vila São Francisco,Lopes da Serra,SP,BR,FALSE
369,181,secondary,84554140,Vereda de Farias,79,,Conjunto Bonsucesso,Oliveira,MS,BR,FALSE
370,182,billing,10848610,Pátio Caio Sousa,3,Apto 604,Nova Gameleira,Porto,AM,BR,TRUE
371,183,billing,49538-916,Lagoa da Mota,1,,Nova Floresta,Pires do Amparo,PI,BR,TRUE
372,183,billing,57321-650,Viela da Mota,93,,Sport Club,Ferreira,GO,BR,FALSE
373,183,billing,07110-729,Núcleo de Alves,13,,Marajó,Lima,PA,BR,FALSE
374,184,billing,14853-331,Chácara Thomas Marques,555,Apto 129,Sion,da Rocha,SP,BR,TRUE
375,184,billing,20288152,Rodovia Pastor,22,Apto 768,Acaba Mundo,Castro,PA,BR,FALSE
376,185,billing,25050-732,Trevo Davi Lucas da Conceição,143,,Goiania,Fonseca,AL,BR,TRUE
377,185,secondary,74962383,Lago de da Rocha,4,Apto 765,Grotinha,Peixoto,RJ,BR,FALSE
378,185,billing,28580-330,Pátio de Porto,51,Apto 863,Palmares,Pastor,RS,BR,FALSE
379,186,billing,85050487,Colônia de Farias,205,Apto 823,Piratininga,Cavalcante de Caldeira,AL,BR,TRUE
380,186,billing,74447939,Vila Barbosa,81,Apto 400,Dom Bosco,Fogaça das Flores,PE,BR,FALSE
381,187,billing,86573-744,Parque de Guerra,80,,Cidade Jardim Taquaril,Gonçalves,MG,BR,TRUE
382,187,billing,47412081,Aeroporto de Correia,48,Apto 825,Grajaú,Vieira,PI,BR,FALSE
383,187,billing,04393-516,Conjunto Gonçalves,857,,Mliionario,Sales,PA,BR,FALSE
384,188,billing,84803-163,Recanto Rebeca Azevedo,35,,Guaratã,da Cruz,MT,BR,TRUE
385,189,billing,76429839,Aeroporto Costela,653,,Cidade Jardim Taquaril,Aparecida do Galho,RS,BR,TRUE
386,189,secondary,32987-340,Chácara da Cunha,597,,Petropolis,da Mata do Amparo,DF,BR,FALSE
387,189,billing,70499-096,Setor Davi Luiz Pereira,75,TBD,Paulo Vi,Pimenta,MG,BR,FALSE
388,190,billing,03405736,Trecho de Brito,9,,Santa Monica,da Rocha,SE,BR,TRUE
389,190,billing,75694307,Esplanada de Caldeira,887,Apto 169,Tupi A,Gomes,MT,BR,FALSE
390,190,billing,23634-110,Setor Bianca Macedo,267,,Itaipu,Gomes,MT,BR,FALSE
391,191,billing,28182-912,Sítio Sophie Moraes,52,,Teixeira Dias,Pinto,MG,BR,TRUE
392,191,secondary,84158553,Fazenda Davi Santos,83,,São Luiz,Costela do Campo,PE,BR,FALSE
393,191,billing,59670-716,Jardim de da Cunha,514,,Acaba Mundo,Araújo,SC,BR,FALSE
394,192,billing,07560-231,Praça das Neves,8,,Vila São Francisco,Castro de Pacheco,PA,BR,TRUE
395,192,secondary,28854273,Ladeira de da Luz,379,,Luxemburgo,Camargo do Amparo,RR,BR,FALSE
396,192,secondary,66547587,Vila de Rios,27,,Cidade Nova,Sampaio,MT,BR,FALSE
397,193,billing,92590677,Sítio Duarte,16,,Vila São Francisco,Melo,MA,BR,TRUE
398,193,secondary,04025600,Condomínio Murillo Brito,86,Apto 752,Ribeiro De Abreu,Macedo,AM,BR,FALSE
399,193,billing,79717635,Pátio Vieira,82,,Conjunto Capitão Eduardo,Sales,MA,BR,FALSE
400,194,billing,88176762,Praia Andrade,55,Apto 316,Vila Cloris,Oliveira,AP,BR,TRUE
401,195,billing,84647-256,Lago Gomes,38,,Vila Da Paz,Rodrigues,DF,BR,TRUE
402,196,billing,90615-502,Campo Rnean da Cunha,8,,Europa,Carvalho,BA,BR,TRUE
403,197,billing,66766540,Fazenda Luiz Henrique da Mota,71,,Serrano,Câmara Alegre,ES,BR,TRUE
404,197,secondary,86178058, Feira Moreira,6,,Pedreira Padro Lopes,Cirino,AM,BR,FALSE
405,197,billing,67886455,Conjunto Julia Camargo,11,Apto 705,Vila Esplanada,Monteiro do Sul,MS,BR,FALSE
406,198,billing,95086874,Chácara José Vargas,95,,Tupi A,Rezende da Serra,MT,BR,TRUE
407,199,billing,92635-600,Via Marcelo Farias,61,Apto 179,Santa Tereza,Sales de Fonseca,AP,BR,TRUE
408,199,billing,78495312,Estrada Vitor Teixeira,95,Apto 019,Santa Helena,Sales da Serra,AM,BR,FALSE
409,200,billing,46164615,Vila Lopes,33,Apto 224,São Pedro,Aparecida de Sousa,RO,BR,TRUE
410,200,billing,01481297,Vale Novais,940,,Urca,da Cruz dos Dourados,SP,BR,FALSE
411,201,billing,81268-179,Aeroporto Siqueira,9,,Barro Preto,Duarte,PE,BR,TRUE
412,201,billing,58081403,Lago Silva,6,Apto 081,Vila Madre Gertrudes 4ª Seção,Fernandes,MG,BR,FALSE
413,201,secondary,58699021,Campo Brito,56,,Nova Gameleira,Carvalho,RS,BR,FALSE
414,202,billing,24676428,Distrito Santos,99,,Santa Lúcia,Gonçalves,SP,BR,TRUE
415,202,billing,07498849,Largo de Peixoto,3,Apto 609,Confisco,da Cruz,ES,BR,FALSE
416,203,billing,46565716,Morro Mariane Moraes,4,,Alto Das Antenas,Oliveira da Praia,AL,BR,TRUE
417,203,secondary,38964-164,Área Sarah Gomes,69,Apto 322,Gutierrez,Almeida,PR,BR,FALSE
418,204,billing,48764126,Favela Rios,855,,Granja De Freitas,Nogueira das Flores,AM,BR,TRUE
419,204,billing,58393408,Núcleo da Mata,82,,São Benedito,Nunes da Prata,PE,BR,FALSE
420,204,secondary,92069656,Estrada de Cavalcanti,79,Apto 276,Vila Madre Gertrudes 1ª Seção,Carvalho,ES,BR,FALSE
421,205,billing,83127-534,Setor Costela,695,Apto 780,Conjunto Floramar,Moraes,AC,BR,TRUE
422,206,billing,77106294,Alameda João Felipe Souza,59,,Horto Florestal,Câmara de Vasconcelos,MS,BR,TRUE
423,207,billing,41439103,Feira Sousa,9,,Novo Tupi,Martins Verde,RS,BR,TRUE
424,208,billing,66747720,Colônia de Barros,5,,Aarão Reis,Moraes,GO,BR,TRUE
425,209,billing,78260187,Recanto Cecilia Ramos,53,Apto 225,Engenho Nogueira,Pimenta,BA,BR,TRUE
426,210,billing,42577727,Jardim Eloá Machado,30,Apto 188,Santo Agostinho,Cirino de Minas,AM,BR,TRUE
427,211,billing,84603-638,Trecho Gonçalves,978,,Buritis,Cavalcanti do Sul,SP,BR,TRUE
428,211,billing,75983-589,Praia Maria Laura Araújo,49,,Vila Jardim Alvorada,Moura,MT,BR,FALSE
429,211,billing,20254616,Viaduto de Santos,59,,Nova Cachoeirinha,Ramos de Machado,PE,BR,FALSE
430,212,billing,89863613,Largo de Pinto,35,,Vila Minaslandia,Camargo,RR,BR,TRUE
431,212,billing,72350-194,Favela Maya Mendonça,762,,Vila Independencia 2ª Seção,Montenegro,SE,BR,FALSE
432,212,secondary,54997-791,Recanto de Novaes,12,Apto 081,Alto Das Antenas,Brito,SC,BR,FALSE
433,213,billing,28669-062,Chácara Aurora Mendonça,69,Apto 149,Vila São Dimas,Nunes,RR,BR,TRUE
434,213,billing,71080-045,Vila de Mendes,34,,Vila Dos Anjos,Mendes,RO,BR,FALSE
435,214,billing,96652-948,Área Ferreira,8,,Casa Branca,Cassiano de Souza,MT,BR,TRUE
436,215,billing,23433536,Núcleo Manuela Rodrigues,87,,Engenho Nogueira,Silveira Grande,MG,BR,TRUE
437,215,secondary,87503-104,Via de Pastor,29,,Grotinha,Melo,PR,BR,FALSE
438,215,secondary,28061990,Jardim Isabel Gonçalves,89,,Vila De Sá,Melo Grande,SE,BR,FALSE
439,216,billing,71243566,Viaduto de da Cruz,4,,Conjunto Califórnia I,Sá do Oeste,MG,BR,TRUE
440,217,billing,25587-673,Aeroporto Maria Júlia Novais,1,Apto 728,Vila Madre Gertrudes 1ª Seção,Rezende,RN,BR,TRUE
441,217,billing,76461-261,Vale Nicolas Ribeiro,23,Apto 962,Belvedere,Farias de Gonçalves,RR,BR,FALSE
442,218,billing,43909-519,Passarela Isadora Cunha,1,Apto 636,Cônego Pinheiro 1ª Seção,Vieira,AL,BR,TRUE
443,218,secondary,16407-870,Rodovia Henrique Borges,45,Apto 739,Nova Esperança,Castro do Amparo,RS,BR,FALSE
444,219,billing,95986777,Avenida de Farias,94,,União,Melo,AP,BR,TRUE
445,220,billing,99699154,Sítio de Cirino,10,,Vila Do Pombal,Oliveira,ES,BR,TRUE
446,220,secondary,13268937,Pátio Asafe Castro,4,,Olaria,Barbosa da Praia,PR,BR,FALSE
447,220,billing,12918-425,Trecho Fogaça,81,Apto 655,Saudade,Cassiano,ES,BR,FALSE
448,221,billing,52858-706,aeroporto viana,92,,Vila São Paulo,Pereira,ES,BR,TRUE
449,222,billing,52878971,Estrada Clara Peixoto,84,Apto 268,Vila Esplanada,Sousa do Amparo,GO,BR,TRUE
450,223,billing,45507-283,Aeroporto Campos,950,,São Paulo,Nogueira,PR,BR,TRUE
451,223,secondary,64505-810,Rua Antônio Caldeira,9,Apto 867,Unidas,da Luz de da Cunha,PR,BR,FALSE
452,223,secondary,19378-866,Parque Viana,66,,Garças,da Conceição,MA,BR,FALSE
453,224,billing,74963-379,Distrito Vieira,92,Apto 191,Mantiqueira,Cirino,DF,BR,TRUE
454,224,secondary,43873-450,Esplanada Igor Peixoto,60,,Castelo,da Cunha,PR,BR,FALSE
455,225,billing,60979629,Ladeira Fogaça,477,,Nova America,Almeida Verde,PI,BR,TRUE
456,225,secondary,91981-747,Fazenda de Gomes,45,,Vila Aeroporto Jaraguá,Ramos de Moura,PE,BR,FALSE
457,226,billing,87489-557,Feira Camargo,584,,Heliopolis,Azevedo das Pedras,ES,BR,TRUE
458,227,billing,25747-774,Praia Porto,31,Apto 384,São Benedito,Macedo de Freitas,MG,BR,TRUE
459,227,secondary,91898755,Trecho Stephany Câmara,12,,Vila  Cloris,Araújo,MT,BR,FALSE
460,227,billing,54517365,Núcleo de da Paz,6,,Vila Olhos D'água,Oliveira,ES,BR,FALSE
461,228,billing,42462-712,Vale da Conceição,70,Apto 533,Marmiteiros,Silva,MS,BR,TRUE
462,228,billing,59809-628,Condomínio Peixoto,90,Apto 787,Vila Santo Antônio Barroquinha,Porto do Amparo,PE,BR,FALSE
463,229,billing,73763097,Fazenda Olívia Silveira,76,Apto 609,Santa Margarida,Montenegro de Duarte,MT,BR,TRUE
464,229,billing,04450729,Esplanada Benjamim Rodrigues,1,Apto 793,Vila Nova Cachoeirinha 1ª Seção,Sales,BA,BR,FALSE
465,230,billing,52782-546,Alameda Farias,641,,Novo Das Industrias,Campos de Azevedo,PB,BR,TRUE
466,230,secondary,53987-245,Chácara de Silva,187,Apto 884,Ademar Maldonado,Farias de Silva,MT,BR,FALSE
467,231,billing,80536597,Praça Moreira,69,Apto 070,Maravilha,Correia,AL,BR,TRUE
468,232,billing,96721-281,Parque Ágatha da Cruz,370,,Salgado Filho,Câmara dos Dourados,RJ,BR,TRUE
469,232,billing,14924137,Recanto da Costa,7,,Vila Madre Gertrudes 1ª Seção,Nunes,AL,BR,FALSE
470,233,billing,83068-483,Rua Josué Lima,42,,São Jorge 1ª Seção,Lima Alegre,RO,BR,TRUE
471,233,billing,06775-595,Feira Beatriz da Rocha,1,Apto 577,São Luiz,Fogaça,AC,BR,FALSE
472,233,secondary,02589-881,Vereda Nogueira,95,Apto 723,Mangueiras,Montenegro de da Rocha,SP,BR,FALSE
473,234,billing,72080-241,Lago Barros,80,,Vila Paraíso,Pacheco de Goiás,AM,BR,TRUE
474,234,secondary,60816-115,Núcleo de Pires,26,,Flamengo,Almeida Paulista,PB,BR,FALSE
475,235,billing,00045-840,Sítio de Pastor,82,,Alto Das Antenas,Oliveira do Norte,RS,BR,TRUE
476,235,billing,49493-565,Vila de Rezende,703,Apto 383,Nossa Senhora Da Conceição,Mendonça Grande,CE,BR,FALSE
477,236,billing,55817-083,Morro Azevedo,52,,Independência,Guerra de Goiás,RO,BR,TRUE
478,236,billing,00453980,Vila Ísis Teixeira,367,Apto 514,Aguas Claras,Camargo dos Dourados,AL,BR,FALSE
479,236,billing,31709-816,Setor Gustavo Câmara,4,Apto 846,Vale Do Jatoba,Rocha,CE,BR,FALSE
480,237,billing,50164546,Distrito Ester Macedo,31,,Santa Monica,Câmara das Pedras,AM,BR,TRUE
481,237,billing,76987622,Morro de Monteiro,547,,Marieta 2ª Seção,Novais,AL,BR,FALSE
482,238,billing,17331-571,Área Agatha Cavalcanti,51,,Floresta,Machado de Minas,PA,BR,TRUE
483,238,billing,04415-264,Morro Melissa Sousa,79,,Vila Pilar,Siqueira da Praia,GO,BR,FALSE
484,238,billing,91378049,Residencial de Lima,40,,Xodo-Marize,Macedo,ES,BR,FALSE
485,239,billing,52427-607,Viaduto Isaque das Neves,54,Apto 026,Vila Madre Gertrudes 4ª Seção,Correia,MS,BR,TRUE
486,240,billing,42555618,Distrito Lopes,41,Apto 841,Santa Efigênia,Ferreira de Minas,TO,BR,TRUE
487,240,billing,95425275,Núcleo Guerra,980,,Horto,Ramos do Galho,CE,BR,FALSE
488,241,billing,72712633,Área Léo Ribeiro,937,Apto 132,Nossa Senhora Do Rosário,Castro de Machado,ES,BR,TRUE
489,241,secondary,26277674,Vale Bruna Montenegro,519,,Vila Santo Antônio,Nascimento dos Dourados,RS,BR,FALSE
490,241,secondary,49294-499,Campo Costa,67,,Vila Cemig,Castro de Siqueira,SP,BR,FALSE
491,242,billing,68490-536,Praça de Macedo,132,Apto 316,Casa Branca,Caldeira,PR,BR,TRUE
492,242,secondary,90534-038,Setor de Câmara,23,,Vila Da Paz,Vieira do Campo,PE,BR,FALSE
493,243,billing,16648023,Conjunto Stephany Araújo,4,Apto 889,Vila Copasa,Correia de Minas,AM,BR,TRUE
494,243,billing,43978-157,Jardim Borges,29,,Alto Das Antenas,Vasconcelos das Pedras,AC,BR,FALSE
495,243,billing,23650-460,Pátio Rezende,52,Apto 789,Céu Azul,Fernandes,AM,BR,FALSE
496,244,billing,61350621,Rua da Rocha,2,,LARANJEIRAS,Pimenta de Pacheco,PR,BR,TRUE
497,244,secondary,62981099,Via Daniela Cirino,78,,Nova Gameleira,Aragão da Prata,DF,BR,FALSE
498,245,billing,81682-140,Fazenda Maria Julia Costa,9,Apto 714,Vila Rica,Pacheco,AC,BR,TRUE
499,246,billing,90920056,Passarela Vieira,8,Apto 024,Santa Helena,Moraes Alegre,RS,BR,TRUE
500,247,billing,98889-213,Quadra da Conceição,315,Apto 293,Conjunto Paulo Vi,Oliveira,PB,BR,TRUE
501,248,billing,54014938,Lago de Mendonça,44,Apto 188,Nossa Senhora Da Aparecida,Fonseca Paulista,PB,BR,TRUE
502,248,billing,07924636,Trevo Rebeca da Costa,65,Apto 504,Palmeiras,Nogueira de Goiás,PI,BR,FALSE
503,248,secondary,50077-099,Estrada Camargo,22,Apto 135,Túnel De Ibirité,da Paz,DF,BR,FALSE
504,249,billing,31569640,Avenida Barros,16,Apto 193,Centro,Duarte,CE,BR,TRUE
505,249,billing,62260931,Ladeira José Pedro Teixeira,46,,Flamengo,Garcia,AM,BR,FALSE
506,249,secondary,08231-017,Vila Machado,5,,Lagoinha,Sousa de da Cunha,AL,BR,FALSE
507,250,billing,19950-819,Aeroporto de Abreu,86,Apto 352,Vista Alegre,Câmara da Praia,RN,BR,TRUE
508,250,billing,17635-241,Via Alves,92,Apto 671,Barão Homem De Melo 2ª Seção,Leão Alegre,SC,BR,FALSE
509,250,secondary,02492-357,Praia Alícia Barros,19,,Marilandia,Barros de Monteiro,MT,BR,FALSE
510,251,billing,22799752,Condomínio Ana Vitória Moura,98,Apto 916,Outro,Brito,PR,BR,TRUE
511,251,secondary,51114241,Lago Sampaio,545,,Nova Floresta,Cunha de Barbosa,RO,BR,FALSE
512,251,secondary,71741906,Trevo Aurora das Neves,90,,Maria Goretti,Sousa de Abreu,DF,BR,FALSE
513,252,billing,01176-170,Colônia Noah Rezende,2,,Califórnia,Machado,DF,BR,TRUE
514,252,billing,18172035,Trecho Gabrielly Fogaça,14,Apto 019,Bela Vitoria,da Rocha Grande,SP,BR,FALSE
515,253,billing,07824-116,Favela Vitor Hugo Teixeira,24,Apto 147,Lagoinha,Ribeiro das Flores,PA,BR,TRUE
516,253,billing,48223064,Campo Vieira ,7,,Centro,Guerra do Norte,ES,BR,FALSE
517,254,billing,15923-466,Distrito Davi Lucca Sá,74,Apto 453,Vila Santa Rosa,Brito,PA,BR,TRUE
518,254,billing,95060-541,Vila Cunha,41,,Vila Copacabana,Ramos das Pedras,SC,BR,FALSE
519,255,billing,10789078,Travessa Aurora Machado,20,Apto 883,Alpes,Caldeira Alegre,RS,BR,TRUE
520,255,secondary,47473-343,Via Maria Isis da Cruz,89,Apto 016,Santa Rita,Cassiano da Praia,TO,BR,FALSE
521,256,billing,17504093,Alameda Enzo Souza,9,Apto 596,Saudade,da Mata de Ramos,AC,BR,TRUE
522,257,billing,29055-095,Travessa Leandro Montenegro,9,Apto 472,Monsenhor Messias,Montenegro do Norte,MG,BR,TRUE
523,258,billing,99241611,Morro de da Mata,7,Apto 278,Vila Coqueiral,Moraes,PI,BR,TRUE
524,258,billing,68311217,Loteamento de Pereira,38,,Vila São Paulo,Costela,ES,BR,FALSE
525,258,billing,25677250,Favela de Moreira,26,Apto 627,Vila Mantiqueira,da Luz,AP,BR,FALSE
526,259,billing,42773235,Residencial de da Conceição,34,,Alípio De Melo,Cirino do Norte,PB,BR,TRUE
527,259,billing,74158719,Vale de da Paz,15,,Belvedere,Nunes Grande,RO,BR,FALSE
528,260,billing,30955-877,Trevo de Câmara,34,,Santa Cecilia,Marques,RJ,BR,TRUE
529,260,secondary,72381-612,Distrito de Barros,25,Apto 113,Vila Das Oliveiras,Aragão,AM,BR,FALSE
530,260,billing,75350246,Ladeira de Moura,31,,Engenho Nogueira,Siqueira,BA,BR,FALSE
531,261,billing,32087385,Recanto de Araújo,243,,Graça,Albuquerque de Moura,MS,BR,TRUE
532,262,billing,83792-131,Sítio Marcelo Carvalho,90,Apto 099,Embaúbas,Azevedo de Freitas,AM,BR,TRUE
533,262,billing,17844988,Setor Abreu,57,,Vila Da Ária,Sousa de da Conceição,PI,BR,FALSE
534,262,secondary,13370494,Esplanada Ana Laura Fonseca,14,Apto 770,Alpes,da Conceição da Praia,MT,BR,FALSE
535,263,billing,34811808,Travessa Rezende,68,,Barreiro,Siqueira,PI,BR,TRUE
536,264,billing,77982-587,Morro de Câmara,61,,Novo Glória,Brito Alegre,SE,BR,TRUE
537,265,billing,30706667,Via Ribeiro,43,Apto 119,Vila Suzana Primeira Seção,Silva,PA,BR,TRUE
538,266,billing,19553093,Favela Ian Correia,40,,Santa Branca,Pinto de Barbosa,PB,BR,TRUE
539,266,billing,37930618,Conjunto de Aragão,5,,Sion,Moreira Grande,AL,BR,FALSE
540,266,secondary,21624-742,Praça Vitor Hugo Mendes,62,Apto 506,Liberdade,Oliveira,RO,BR,FALSE
541,267,billing,53679120,Esplanada Bernardo Pinto,97,,Zilah Sposito,da Conceição,MT,BR,TRUE
542,267,billing,08199-684,Largo Luara Duarte,28,,Ouro rPeto,da Luz de da Rocha,CE,BR,FALSE
543,267,billing,54051556,Ladeira Antony Nunes,20,,Vila Olhos D'água,Ramos do Amparo,SE,BR,FALSE
544,268,billing,99300-134,Chácara de da Rosa,6,,Vila Petropolis,Gomes,RS,BR,TRUE
545,268,secondary,09144-654,Jardim de Abreu,1,Apto 040,Alto Das Antenas,Silva das Pedras,GO,BR,FALSE
546,268,billing,49768-348,Morro Luigi Fonseca,50,,Luxemburgo,da Paz,MG,BR,FALSE
547,269,billing,25760-138,Vila Melo,251,Apto 812,Vila Formosa,Vieira,TO,BR,TRUE
548,270,billing,52508-159,Trevo Augusto das Neves,61,,Itaipu,Macedo,TO,BR,TRUE
549,270,secondary,74164776,Colônia Pires,4,,Vila São João Batista,Sampaio,ES,BR,FALSE
550,271,billing,97670254,Colônia Júlia Moraes,54,,Minaslandia,da Paz da Praia,SP,BR,TRUE
551,271,billing,44183281,Feira Macedo,54,Apto 792,Vila São Rafael,Souza de Silva,MT,BR,FALSE
552,272,billing,44894009,Lagoa de Gomes,58,,São Lucas,da Costa Verde,BA,BR,TRUE
553,273,billing,88780-737,Viaduto Maria Liz Leão,89,Apto 378,Bacurau,da Cruz Paulista,BA,BR,TRUE
554,273,secondary,19187-162,Travessa de Machado,77,Apto 766,Vila Madre Gertrudes 4ª Seção,Sá do Norte,RR,BR,FALSE
555,273,billing,91935264,Loteamento Oliveira,831,Apto 697,Bandeirantes,Moura,SE,BR,FALSE
556,274,billing,67591-056,Favela de Vieira,167,Apto 447,Providencia,Camargo de da Mata,AL,BR,TRUE
557,275,billing,77025-015,Lago Théo Pinto,90,,Lajedo,Duarte de Cardoso,MS,BR,TRUE
558,275,billing,37448-455,Loteamento de Santos,76,,Embaúbas,Fernandes,RR,BR,FALSE
559,275,secondary,20509-530,Praia de Castro,37,,São Geraldo,Melo,MG,BR,FALSE
560,276,billing,88708-942,Via de Lima,40,Apto 669,São Jorge 3ª Seção,Viana,RS,BR,TRUE
561,277,billing,76448294,Vila Fonseca,1,Apto 796,Vista Alegre,Lopes,MS,BR,TRUE
562,277,secondary,77784247,Pátio da Paz,219,,Monsenhor Messias,Rodrigues,PA,BR,FALSE
563,277,secondary,07259-250,Parque Pereira,6,Apto 697,São Gonçalo,Mendes,RN,BR,FALSE
564,278,billing,30700813,Lagoa Sousa,402,Apto 743,Conjunto São Francisco De Assis,Oliveira da Serra,SP,BR,TRUE
565,278,secondary,94180-169,Morro de Pimenta,311,Apto 946,Mangabeiras,Aparecida de Goiás,AP,BR,FALSE
566,278,secondary,82879146,Trecho Cecília Brito,3,,Álvaro Camargos,da Conceição,RJ,BR,FALSE
567,279,billing,59666942,Travessa da Rocha,48,,Vila Nova Gameleira 3ª Seção,Fogaça de Rocha,SC,BR,TRUE
568,280,billing,28846-377,Lagoa Pires,450,,Aeroporto,Machado,PR,BR,TRUE
569,280,secondary,17931625,Loteamento Fogaça,72,,Paraíso,da Mota,TO,BR,FALSE
570,280,billing,83726-877,Feira de Siqueira,589,,Belvedere,Cavalcante,PE,BR,FALSE
571,281,billing,72877-478,Vale Enzo Aragão,80,Apto 629,Minas Caixa,Dias da Serra,TO,BR,TRUE
572,282,billing,15731-802,Lago Almeida,11,,Pindorama,Nunes,AP,BR,TRUE
573,283,billing,94337026,Praia Sarah Brito,79,Apto 355,Ambrosina,Pacheco,DF,BR,TRUE
574,283,billing,31101-584,Passarela Luísa Câmara,4,,Providencia,Sales,AL,BR,FALSE
575,284,billing,74931756,RESIDENCIAL DA CONCEIÇÃO,3,,Califórnia,Cunha de Marques,DF,BR,TRUE
576,284,secondary,97010149,Pátio Castro,9,Apto 922,Vila Novo São Lucas,Albuquerque do Sul,PA,BR,FALSE
577,285,billing,38654966,Esplanada Rezende,51,Apto 358,Vila Nova Gameleira 3ª Seção,da Mota,TO,BR,TRUE
578,285,secondary,11800-450,Largo Souza,21,,Sport Club,Pimenta das Pedras,AL,BR,FALSE
579,285,secondary,76934779,Pátio Carlos Eduardo Duarte,68,,Minas Brasil,Dias,PR,BR,FALSE
580,286,billing,04224-640,Trecho Vinicius Ribeiro,861,Apto 541,Vila Pilar,Monteiro,SP,BR,TRUE
581,287,billing,11488-160,Sítio Asafe Barbosa,675,,Cidade Nova,Aparecida de Novais,CE,BR,TRUE
582,288,billing,78650-444,Lagoa da Mota,59,Apto 267,Vila Suzana Segunda Seção,Moura,PI,BR,TRUE
583,289,billing,50151378,Pátio de Vargas,96,Apto 497,Atila De Paiva,Casa Grande Paulista,AP,BR,TRUE
584,290,billing,98142-076,Setor de Barros,10,Apto 681,Mangabeiras,Câmara das Pedras,MS,BR,TRUE
585,290,billing,23976-610,Jardim Joaquim Marques,6,Apto 007,Oeste,Barros,RR,BR,FALSE
586,290,secondary,51800-778,Estação Natália da Paz,85,,Olhos D'água,Moura,RS,BR,FALSE
587,291,billing,77066-721,Esplanada de Cavalcanti,234,,Guarani,Albuquerque,RS,BR,TRUE
588,291,secondary,15272597,Fazenda de Costa,57,,Vila Sesc,Moura,RO,BR,FALSE
589,292,billing,20599447,Passarela de Pastor,280,Apto 225,Vila Rica,Cardoso do Norte,PI,BR,TRUE
590,292,secondary,61088025,Viaduto Breno Vieira,7,,Buritis,Silva,AL,BR,FALSE
591,292,billing,37035-595,Colônia de Dias,7,Apto 761,Olhos D'água,Cassiano Verde,MG,BR,FALSE
592,293,billing,86360-253,Rodovia Mariah Correia,30,,Conjunto São Francisco De Assis,da Mota da Praia,AL,BR,TRUE
593,293,billing,69409787,Via Novais,91,,Serra,Porto,MA,BR,FALSE
594,293,billing,00066584,Lago de da Costa,130,,Itapoa,Araújo de Goiás,RR,BR,FALSE
595,294,billing,60897-064,Viela de da Cruz,15,,Jardim Alvorada,Martins do Norte,RS,BR,TRUE
596,294,secondary,83047-027,Rua de Oliveira,3,,Jardim América,Lima de da Luz,MS,BR,FALSE
597,294,billing,30050198,Residencial Bella da Rosa,93,Apto 808,Jaraguá,Mendonça,MA,BR,FALSE
598,295,billing,62828507,Morro Dias,12,Apto 528,Mariano De Abreu,Dias,TO,BR,TRUE
599,295,secondary,01352-471,Praia Novaes,175,,Vila Nova Gameleira 2ª Seção,Campos do Oeste,RN,BR,FALSE
600,296,billing,84180514,Conjunto Almeida,8,Apto 404,Vila Paraíso,Azevedo Alegre,PA,BR,TRUE
601,296,secondary,32769268,Trecho de da Luz,93,Apto 793,Araguaia,Rocha,MS,BR,FALSE
602,296,secondary,39060563,Área Luna Barros,24,,Dom Joaquim,Costela de Pimenta,MA,BR,FALSE
603,297,billing,25819366,Lago de Correia,44,,Novo Glória,Rocha do Oeste,AP,BR,TRUE
604,297,secondary,59456-815,Setor Pacheco,51,Apto 631,São João Batista,Pinto de Novaes,RJ,BR,FALSE
605,298,billing,63302-304,Favela da Costa,98,,Vila Calafate,Caldeira,RO,BR,TRUE
606,298,secondary,02509-270,Aeroporto Benicio Vasconcelos,93,,Silveira,Garcia das Pedras,PE,BR,FALSE
607,298,billing,70726-027,Recanto Natália Pereira,46,Apto 680,Maria Tereza,Mendonça,DF,BR,FALSE
608,299,billing,88233097,Chácara Pereira,582,,Piraja,Aragão de Pires,RO,BR,TRUE
609,300,billing,51862-109,Viaduto de Pires,73,,Pindorama,Montenegro,RS,BR,TRUE
610,300,billing,68960066,Viela de Moura,3,Apto 790,Jonas Veiga,Freitas,CE,BR,FALSE
611,301,billing,65806-817,Conjunto de Castro,81,,Varzea Da Palma,Albuquerque de Cunha,AM,BR,TRUE
612,301,billing,80834809,Morro de Silveira,94,Apto 789,Atila De Paiva,Nascimento de Goiás,DF,BR,FALSE
613,301,billing,65867-260,Colônia Cunha,9,,Vila Madre Gertrudes 1ª Seção,Lima,RR,BR,FALSE
614,302,billing,64059-974,Vereda Alves,178,Apto 378,Conjunto Paulo Vi,Santos de Goiás,PB,BR,TRUE
615,302,secondary,26887041,Largo Mariah Nogueira,4,,Vila Calafate,Costa de Silva,AP,BR,FALSE
616,303,billing,21756-247,Trevo de da Mota,43,,Floresta,Monteiro,PI,BR,TRUE
617,303,billing,73059766,Área Moura,80,,São Damião,Silva das Flores,GO,BR,FALSE
618,304,billing,15774662,Trevo Pimenta,68,,Planalto,Fernandes Grande,MT,BR,TRUE
619,305,billing,42458-667,Vale Cavalcanti,890,Apto 226,Pongelupe,Aparecida das Pedras,RO,BR,TRUE
620,305,secondary,15413827,Fazenda de Novais,98,,Esperança,Pimenta,BA,BR,FALSE
621,305,secondary,89862254,Via Melissa Sousa,72,,Carmo,Borges do Norte,ES,BR,FALSE
622,306,billing,65748-084,Residencial Rezende,5,,Vila De Sá,Jesus,BA,BR,TRUE
623,307,billing,35060-012,Pátio Allana Gomes,7,,Boa União 1ª Seção,Pereira do Norte,RJ,BR,TRUE
624,307,secondary,00916659,Lagoa Camila das Neves,10,,Cachoeirinha,Moreira de da Mata,MG,BR,FALSE
625,307,secondary,74205225,Viela de Novaes,487,Apto 073,Conjunto Capitão Eduardo,Jesus,MG,BR,FALSE
626,308,billing,69107-086,Condomínio Monteiro,4,,Vila Fumec,Abreu Grande,MS,BR,TRUE
627,308,secondary,06422764,Lagoa Oliveira,66,Apto 265,Beira Linha,Correia da Mata,PR,BR,FALSE
628,308,billing,41160-285,Travessa de Fogaça,98,,Vila Nova Gameleira 3ª Seção,Fernandes de Fogaça,RN,BR,FALSE
629,309,billing,59204-155,Rua Sousa,13,Apto 164,Vila Olhos D'água,Almeida,RO,BR,TRUE
630,309,billing,29774443,Distrito Pastor,85,Apto 867,Vila Madre Gertrudes 3ª Seção,Santos do Norte,MA,BR,FALSE
631,309,secondary,72464-972,Rodovia de Cunha,11,,Nova America,Pires de Vieira,RO,BR,FALSE
632,310,billing,00997844,Vale Moraes,49,Apto 164,Céu Azul,Cardoso,PE,BR,TRUE
633,311,billing,65859702,Rua Diego Abreu,85,,Serra Verde,Fonseca,SP,BR,TRUE
634,311,secondary,34565-123,Favela Vinícius da Mota,8,,Vila Madre Gertrudes 3ª Seção,Moraes,SP,BR,FALSE
635,311,billing,63139594,LARGO MACHADO,145,,Vila Piratininga,Costela de Sales,SC,BR,FALSE
636,312,billing,28211126,Vereda Kevin Brito,515,Apto 478,Santa Rita De Cássia,Vargas,PB,BR,TRUE
637,312,billing,07050-709,Via Asafe Porto,72,Apto 327,Nossa Senhora De Fátima,da Cunha,RR,BR,FALSE
638,313,billing,26572079,Avenida de da Cunha,80,Apto 893,Pantanal,Monteiro de Ribeiro,MT,BR,TRUE
639,313,secondary,39996369,Rua da Rosa,54,,Campo Alegre,Montenegro,MS,BR,FALSE
640,314,billing,92826-290,Pátio Fogaça,6,,Vale Do Jatoba,Cavalcante do Amparo,MA,BR,TRUE
641,315,billing,87155-333,Via Machado,431,Apto 475,São Lucas,Azevedo das Pedras,SC,BR,TRUE
642,315,secondary,76502100,Esplanada Monteiro,664,Apto 870,Vila São Francisco,Ferreira,AM,BR,FALSE
643,316,billing,53806319,Aeroporto de Farias,77,,Universo,Cavalcante,SC,BR,TRUE
644,317,billing,92746-226,Viela de Pimenta,45,,Brasil Industrial,Souza,MS,BR,TRUE
645,318,billing,43872075,Trevo Mathus Siqueira,5,Apto 449,Inconfidência,Pastor,RR,BR,TRUE
646,318,secondary,45962-438,Aeroporto João Miguel Vargas,27,,Bandeirantes,Machado de Goiás,RO,BR,FALSE
647,318,secondary,85070-518,Morro Borges,1,Apto 318,Olaria,Cardoso de Almeida,PR,BR,FALSE
648,319,billing,91445-661,Pátio de Guerra,16,,Buraco Quente,Aragão Paulista,ES,BR,TRUE
649,319,billing,01026-557,Vila Ana Júlia Martins,76,,Marieta 1ª Seção,Correia de Silveira,BA,BR,FALSE
650,320,billing,74105-068,Vale Asafe Vieira,43,Apto 094,Carlos Prates,Teixeira da Serra,AM,BR,TRUE
651,320,billing,70616-537,Aeroporto Duarte,34,Apto 890,Santa Cruz,Porto,TO,BR,FALSE
652,320,billing,29309-615,Recanto Camargo,7,,Nazare,Gonçalves,RN,BR,FALSE
653,321,billing,36705904,Condomínio Marques,777,,Vila Independencia 2ª Seção,Caldeira,RN,BR,TRUE
654,322,billing,67099-608,Ladeira Laura Azevedo,92,,Estrela,Moraes,RO,BR,TRUE
655,323,billing,88477-988,Distrito de da Cunha,67,,Vila Bandeirantes,Moura das Flores,PI,BR,TRUE
656,323,secondary,27482-300,Praia de Azevedo,84,,Zilah Sposito,Pastor da Praia,AC,BR,FALSE
657,324,billing,33672115,Praia Rebeca Azevedo,90,,Conjunto Celso Machado,da Rocha,SP,BR,TRUE
658,325,billing,49137-165,Travessa da Mota,23,Apto 596,Vila Cloris,Melo,PI,BR,TRUE
659,326,billing,31915181,Feira de Garcia,500,Apto 790,Jardinópolis,Siqueira da Mata,MA,BR,TRUE
660,326,secondary,05815-193,Jardim de Cassiano,28,,Santa Monica,Pinto,RO,BR,FALSE
661,326,billing,68900986,Avenida de Porto,28,,Carlos Prates,das Neves de Minas,PA,BR,FALSE
662,327,billing,61177-294,Aeroporto Jesus,90,Apto 058,Vila Piratininga,Novaes Grande,GO,BR,TRUE
663,327,secondary,49779572,Aeroporto Bernardo da Conceição,4,,Bom Jesus,Azevedo do Galho,PA,BR,FALSE
664,327,billing,75989622,Lagoa de Pimenta,77,Apto 419,Indaiá,Montenegro do Oeste,CE,BR,FALSE
665,328,billing,19901-026,Favela da Luz,822,,Sion,Sampaio de Teixeira,PR,BR,TRUE
666,328,secondary,85942682,Vale Ribeiro,55,,Distrito Industrial Do Jatoba,da Cunha da Prata,SE,BR,FALSE
667,328,secondary,13801155,Passarela Yuri Vasconcelos,6,,Santa Rosa,Costela,RN,BR,FALSE
668,329,billing,53237-508,Vale Monteiro,81,,Lagoinha Leblon,Dias,BA,BR,TRUE
669,329,billing,24342139,Recanto Luana Duarte,92,,Ademar Maldonado,Costa de Câmara,MS,BR,FALSE
670,330,billing,06455804,Esplanada de Pimenta,80,,Ipiranga,Moreira,MG,BR,TRUE
671,330,billing,55872937,Praça Sá,95,,Piraja,Garcia,AC,BR,FALSE
672,331,billing,55822623,Viaduto de Barros,67,,Jardim América,Azevedo,AP,BR,TRUE
673,332,billing,32703-414,Recanto Bárbara Sá,98,Apto 637,Brasil Industrial,Macedo,RJ,BR,TRUE
674,333,billing,08053-828,Sítio de Sousa,3,Apto 239,Monsenhor Messias,Machado da Praia,DF,BR,TRUE
675,333,billing,64451-256,Esplanada Cassiano,9,,Palmeiras,Rocha Paulista,SE,BR,FALSE
676,334,billing,99613807,Sítio Rocha,70,Apto 993,Varzea Da Palma,Fernandes de Minas,AL,BR,TRUE
677,334,billing,83829-216,Trecho Moreira,50,,vila madre gertrudes 4ª seção,Mendonça,PE,BR,FALSE
678,335,billing,71036-305,Trevo Brenda Rezende,62,,Vila Batik,Rodrigues,RJ,BR,TRUE
679,335,secondary,94123-528,Setor de Pimenta,908,Apto 860,São Francisco Das Chagas,Borges,AC,BR,FALSE
680,335,secondary,14923-603,Rodovia Bento Montenegro,98,,Jardim Atlântico,Viana Paulista,DF,BR,FALSE
681,336,billing,21326-776,Sítio Viana,21,Apto 804,Flavio De Oliveira,Sampaio de Goiás,AL,BR,TRUE
682,336,billing,97568-421,Condomínio de Novais,2,, Xodo-Marize,da Mota de Martins,CE,BR,FALSE
683,336,billing,31126597,Parque Anthony Gabriel Cunha,3,Apto 312,Biquinhas,Moura de Camargo,PB,BR,FALSE
684,337,billing,42327588,Chácara de Barros,359,,Alto Dos Pinheiros,Cunha do Sul,GO,BR,TRUE
685,338,billing,65272618,Colônia de Albuquerque,253,,João Pinheiro,Almeida,TO,BR,TRUE
686,338,billing,79251362,Estrada Nogueira,2,Apto 370,Conjunto Santa Maria,Nunes,RS,BR,FALSE
687,339,billing,94014696,Feira Guerra,8,Apto 727,Conjunto Capitão Eduardo,Pires,SC,BR,TRUE
688,340,billing,50980-635,Feira Costela,20,,Nossa Senhora Da Aparecida,Leão,BA,BR,TRUE
689,341,billing,10494-617,Área Fonseca,6,,Caiçara - Adelaide,Câmara,RO,BR,TRUE
690,341,billing,09673092,Aeroporto Maria Liz das Neves,4,,Mala E Cuia,Leão Alegre,ES,BR,FALSE
691,342,billing,90363857,Estrada Pedro Miguel Pereira,6,,Buritis,Sampaio,AC,BR,TRUE
692,342,secondary,84162675,Chácara Silva,96,Apto 314,Monte Azul,Abreu do Sul,ES,BR,FALSE
693,343,billing,55846-420,Rodovia Caldeira,402,,Conjunto Minas Caixa,Brito,MG,BR,TRUE
694,343,secondary,19889-060,Condomínio de Mendonça,80,,Mangueiras,Souza,RJ,BR,FALSE
695,343,billing,67750461,Via Liam Ribeiro,58,,Diamante,Ferreira das Pedras,PI,BR,FALSE
696,344,billing,20204-871,Fazenda Gomes,53,,Santa Branca,Sá da Mata,AP,BR,TRUE
697,345,billing,42719-745,Campo da Rocha,69,Apto 508,Barão Homem De Melo 1ª Seção,Casa Grande,RS,BR,TRUE
698,346,billing,69547356,Conjunto Manuela Sales,59,,Dom Joaquim,Pires de Minas,AL,BR,TRUE
699,347,billing,98245081,Praça Ana Cecília Macedo,3,,Anchieta,Leão,AC,BR,TRUE
700,347,billing,41706-022,Esplanada Bruna Duarte,41,,Grota,Machado,PA,BR,FALSE
701,348,billing,28095417,Ladeira Benício Brito,83,,Vila Aeroporto Jaraguá,Ferreira,SP,BR,TRUE
702,348,billing,82817-393,Vale Souza,29,,Alto Vera Cruz,Pacheco,PA,BR,FALSE
703,349,billing,61206-464,Pátio de Mendes,84,,Satelite,Garcia da Serra,MT,BR,TRUE
704,349,billing,84501439,Travessa de Cassiano,17,,Santo Antônio,Moraes,PA,BR,FALSE
705,350,billing,02855143,Viela de Cassiano,35,,Aguas Claras,Cirino,RO,BR,TRUE
706,350,secondary,59181-980,Estação Sofia Costela,405,,Alpes,Mendonça de Goiás,AC,BR,FALSE
707,351,billing,03884016,Recanto de Martins,39,Apto 191,Vila Paraíso,Farias,AC,BR,TRUE
708,351,billing,19709-574,Morro Agatha Alves,29,Apto 438,Penha,Melo do Oeste,PI,BR,FALSE
709,351,secondary,31556-769,Trevo Maria Eduarda Pinto,79,Apto 263,Conjunto Jatoba,Cunha de Cavalcante,GO,BR,FALSE
710,352,billing,70391905,Passarela Aurora Rodrigues,5,,Bela Vitoria,das Neves,DF,BR,TRUE
711,352,billing,76832987,Vila Ágatha Barros,60,Apto 191,Pongelupe,Castro,RO,BR,FALSE
712,352,secondary,23637-437,Setor Aparecida,4,,Boa União 1ª Seção,Correia da Mata,AP,BR,FALSE
713,353,billing,57168261,Colônia Sousa,77,Apto 207,Dom Joaquim,Martins da Prata,PR,BR,TRUE
714,353,billing,54145564,Estrada Davi Lucas Rezende,7,,Santo André,Pastor da Serra,MG,BR,FALSE
715,353,secondary,37008-894,Sítio Correia,2,Apto 485,Pousada Santo Antonio,Guerra,MS,BR,FALSE
716,354,billing,08804-189,Viaduto Cardoso,74,,Vitoria,Novais,PE,BR,TRUE
717,354,secondary,61734608,Favela Luara Costa,5,,Serra Verde,Sales,AP,BR,FALSE
718,355,billing,37229380,Loteamento Anthony Gabriel Rezende,90,Apto 349,Camponesa 2ª Seção,Guerra,MA,BR,TRUE
719,355,secondary,64927-386,Colônia de Costela,37,,Lourdes,Porto,PR,BR,FALSE
720,355,billing,81553925,Rodovia de Nascimento,30,Apto 136,Santa Branca,Jesus,AL,BR,FALSE
721,356,billing,38417876,Distrito Moraes,14,,Pongelupe,Jesus,RR,BR,TRUE
722,356,secondary,88105-039,Pátio Mendes,912,,Santana Do Cafezal,Macedo,RN,BR,FALSE
723,356,secondary,98593082,Praia Ramos,714,,Sport Club,da Cruz Verde,MT,BR,FALSE
724,357,billing,69823207,Vereda da Rosa,261,Apto 562,Flamengo,Sales,MG,BR,TRUE
725,357,billing,80194-670,Ladeira Santos,3,,Serra Do Curral,da Cunha,MA,BR,FALSE
726,357,secondary,12083-624,Praia de das Neves,356,,Ermelinda,Nogueira de Ramos,PI,BR,FALSE
727,358,billing,17327-760,Pátio de Teixeira,69,,Vila Cloris,Santos,ES,BR,TRUE
728,358,secondary,89906-574,Vila Jesus,484,,Lourdes,Guerra de Goiás,RO,BR,FALSE
729,358,secondary,75618453,Recanto Marcela Mendes,68,,Serra Verde,Sales,RN,BR,FALSE
730,359,billing,58361-883,Lago Ana Lívia Nogueira,723,,Ápia,Cardoso Paulista,GO,BR,TRUE
731,360,billing,02567-021,Rua Luiz Felipe Pinto,99,,São Paulo,Gonçalves,SP,BR,TRUE
732,360,billing,03763294,Fazenda Vieira,404,Apto 741,Vila Batik,Lopes,RN,BR,FALSE
733,361,billing,86551086,Vale Pastor,80,Apto 839,Vila Suzana Segunda Seção,Rocha,AP,BR,TRUE
734,361,billing,29402759,Estação Elisa Aparecida,7,Apto 575,Marieta 2ª Seção,Melo da Mata,PE,BR,FALSE
735,362,billing,32810-705,Avenida Bárbara Dias,93,,Vila Nova Gameleira 1ª Seção,Camargo do Norte,RJ,BR,TRUE
736,362,billing,00661-615,Chácara Macedo,16,,Vista Do Sol,da Rocha,MA,BR,FALSE
737,363,billing,69791-814,Fazenda Teixeira,89,,Liberdade,Farias de Vieira,MS,BR,TRUE
738,363,billing,60683-426,Núcleo Correia,98,,Conjunto Capitão Eduardo,Pereira Verde,PA,BR,FALSE
739,364,billing,60818-758,Área de da Paz,5,Apto 036,Etelvina Carneiro,Moura dos Dourados,GO,BR,TRUE
740,364,secondary,12619-379,Esplanada Castro,530,,Jardim Guanabara,Azevedo,RO,BR,FALSE
741,365,billing,13455799,Alameda de Aparecida,62,,Nossa Senhora Da Aparecida,Viana da Prata,PR,BR,TRUE
742,366,billing,30636578,Praia Sampaio,6,Apto 104,Caetano Furquim,Guerra,PR,BR,TRUE
743,367,billing,76795-932,Conjunto de da Mata,467,Apto 719,Nova Pampulha,Dias de Farias,SP,BR,TRUE
744,368,billing,91209-454,Alameda de Castro,594,,Dom Joaquim,Garcia,TO,BR,TRUE
745,368,secondary,69413-667,Setor Raquel Lima,799,Apto 908,Vila São Dimas,Moreira de Lima,ES,BR,FALSE
746,368,secondary,41835909,Vale Cauê Rodrigues,54,,Piratininga,Cirino dos Dourados,AL,BR,FALSE
747,369,billing,25445-278,Campo Davi Pereira,84,Apto 287,Itapoa,Marques,MT,BR,TRUE
748,369,secondary,93914603,Setor Lucca Novais,4,Apto 568,Universo,Rocha,AC,BR,FALSE
749,369,billing,87770-750,Estrada Oliveira,339,Apto 567,Anchieta,Sales de Vargas,MA,BR,FALSE
750,370,billing,31771-862,Pátio Lunna Sousa,761,Apto 338,Monte Azul,Vieira,PI,BR,TRUE
751,370,billing,30326249,Pátio de da Rosa,5,Apto 665,Xangri-Lá,Nunes do Amparo,PB,BR,FALSE
752,371,billing,53644349,loteamento de da paz,3,,Campo Alegre,Garcia de Cavalcante,AL,BR,TRUE
753,371,secondary,12893482,Aeroporto de Alves,620,,Goiania,Duarte do Sul,MA,BR,FALSE
754,372,billing,68696-900,Trevo Cavalcante,23,Apto 524,Alpes,Campos Alegre,RS,BR,TRUE
755,373,billing,58427-686,Via Cavalcanti,47,Apto 333,Palmares,Lopes da Mata,BA,BR,TRUE
756,373,secondary,18445766,Pátio Silva,69,,Barão Homem De Melo 2ª Seção,da Paz de Minas,AC,BR,FALSE
757,373,secondary,18417326,Conjunto Otávio da Cunha,65,,Jaraguá,Souza de Minas,BA,BR,FALSE
758,374,billing,38467264,Viela Cauã Barbosa,389,,Vila Nossa Senhora Do Rosário,da Rosa,RO,BR,TRUE
759,374,billing,53542562,Viaduto de Lima,8,,Vila Madre Gertrudes 4ª Seção,Teixeira,ES,BR,FALSE
760,374,secondary,75134-074,Chácara de Montenegro,60,,Vila Mangueiras,Rios,GO,BR,FALSE
761,375,billing,55465120,Vale Augusto Ribeiro,21,,Vila Barragem Santa Lúcia,Vargas Verde,PB,BR,TRUE
762,376,billing,72530315,Ladeira de Garcia,53,,Indaiá,Novaes,AC,BR,TRUE
763,376,secondary,40092-319,Avenida Maria Julia Novais,13,,Santo Antônio,Rodrigues do Oeste,RJ,BR,FALSE
764,377,billing,03432926,Alameda Farias,65,,Nova Suíça,Casa Grande do Galho,MA,BR,TRUE
765,378,billing,56578-339,Trevo Pacheco,23,Apto 095,Boa Viagem,Teixeira dos Dourados,PI,BR,TRUE
766,379,billing,82809-572,Rodovia de da Cruz,478,Apto 018,Vale Do Jatoba,Fonseca Verde,SP,BR,TRUE
767,379,billing,60745-625,Parque de Porto,40,,Savassi,Machado,AM,BR,FALSE
768,380,billing,58750-980,Conjunto de Andrade,35,Apto 046,Vila Trinta E Um De Março,Martins,MA,BR,TRUE
769,381,billing,90648477,Vale Cavalcante,3,Apto 444,Alípio De Melo,da Costa de Porto,AM,BR,TRUE
770,381,billing,18901-120,Passarela Mendonça,29,Apto 694,Coração Eucarístico,Lopes,AP,BR,FALSE
771,382,billing,66471-079,Morro Cirino,75,,Marieta 3ª Seção,Sampaio,RR,BR,TRUE
772,382,secondary,83130016,Vereda Moura,22,Apto 529,João Pinheiro,Araújo,TO,BR,FALSE
773,383,billing,41664-308,Alameda Ana Carolina Casa Grande,731,Apto 723,Cenaculo,Garcia Paulista,GO,BR,TRUE
774,383,secondary,10606-067,Feira de Mendonça,98,,Prado,Barbosa,GO,BR,FALSE
775,383,secondary,81007290,Viaduto de da Cunha,99,,Vila Nova Gameleira 2ª Seção,Silveira,AM,BR,FALSE
776,384,billing,70564765,Vereda de Freitas,85,,União,Câmara,SE,BR,TRUE
777,384,secondary,67594791,Trecho Teixeira,499,,Vila Piratininga,Moura de da Paz,PI,BR,FALSE
778,385,billing,52308-045,Estrada da Luz,50,asdf,Vila Aeroporto,Alves,SE,BR,TRUE
779,385,billing,00026-755,Praia Cecilia Costa,264,,Novo Das Industrias,Moura,BA,BR,FALSE
780,385,secondary,11723-035,Esplanada de Borges,72,Apto 330,São Marcos ,Viana,SC,BR,FALSE
781,386,billing,80886-112,Rodovia Asafe da Rosa,13,,Nazare,Rodrigues dos Dourados,PR,BR,TRUE
782,386,billing,11271681,Travessa Moura,8,,Nova Esperança,da Conceição da Praia,BA,BR,FALSE
783,386,billing,52673711,Praia Teixeira,7,,São João Batista,Moura das Pedras,GO,BR,FALSE
784,387,billing,41473-594,Sítio Bruna Correia,34,,Mangueiras,Dias,PB,BR,TRUE
785,387,billing,68997-739,Chácara Hellena Pires,40,asdf,Vila Novo São Lucas,Rios,RS,BR,FALSE
786,388,billing,70140950,Praia de Vieira,6,Apto 199,Minaslandia,Casa Grande,ES,BR,TRUE
787,388,secondary,47725961,Chácara de Fonseca,453,,Vista Do Sol,Borges das Flores,BA,BR,FALSE
788,389,billing,62881566,Viaduto Vieira,90,Apto 051,Vila Cloris,da Luz,DF,BR,TRUE
789,389,billing,93635-680,Rua de Monteiro,49,,Jardim Alvorada,Casa Grande de da Rocha,RR,BR,FALSE
790,390,billing,16762-187,Lago de da Costa,7,,Jardim Atlântico,da Rosa de Cardoso,RN,BR,TRUE
791,390,secondary,26834870,Vereda de Cavalcanti,751,Apto 289,Apolonia,Ferreira Paulista,PE,BR,FALSE
792,390,billing,62773312,Rua Gael Cardoso,776,Apto 340,Grotinha,Pinto,PB,BR,FALSE
793,391,billing,47652-246,Passarela de Moreira,71,,União,Azevedo,PR,BR,TRUE
794,392,billing,17135-284,Jardim Maria Alves,10,Apto 574,Vila Jardim Alvorada,Santos do Galho,AL,BR,TRUE
795,393,billing,66487-841,Setor Rios,31,,Petropolis,Aparecida do Amparo,PI,BR,TRUE
796,393,billing,35948224,Conjunto Allana Sá,781,,Santa Tereza,Ribeiro,DF,BR,FALSE
797,394,billing,34176-546,Jardim Brito,2,,Andiroba,da Rocha,RO,BR,TRUE
798,394,secondary,39129-835,Jardim de da Paz,301,Apto 771,Cidade Jardim Taquaril,Mendonça de Sampaio,AM,BR,FALSE
799,394,billing,68539-091,Praia de da Paz,57,,Alpes,Ribeiro,DF,BR,FALSE
800,395,billing,89229064,Trevo Pinto,95,Apto 402,Vila Madre Gertrudes 4ª Seção,Martins,PA,BR,TRUE
801,396,billing,52658-728,Esplanada da Costa,765,,Conjunto São Francisco De Assis,Aparecida do Sul,PI,BR,TRUE
802,397,billing,59801888,Aeroporto Sampaio,10,Apto 537,São Jorge 2ª Seção,Nogueira,MG,BR,TRUE
803,397,secondary,22030-710,Campo de Teixeira,39,,Itaipu,Costela,RR,BR,FALSE
804,397,secondary,66215-415,Campo de Pacheco,107,,Aparecida,Marques,SC,BR,FALSE
805,398,billing,92942863,Setor Renan das Neves,426,Apto 898,Santa Branca,Pimenta Alegre,MS,BR,TRUE
806,399,billing,09233558,Morro de Marques,48,Apto 463,Vila Da Amizade,Lopes,AP,BR,TRUE
807,399,billing,55875302,Pátio de Borges,19,,Vila Suzana Segunda Seção,Azevedo das Pedras,PB,BR,FALSE
808,400,billing,20279-891,Loteamento Vinicius Nogueira,2,,Serra Do Curral,Melo,RS,BR,TRUE
809,401,billing,84584874,Jardim de Aparecida,3,Apto 628,Cidade Nova,Ferreira da Prata,TO,BR,TRUE
810,401,secondary,72008057,Chácara Nunes,44,,Vila Santo Antônio,Machado Alegre,RO,BR,FALSE
811,401,secondary,92555680,Vila de Novaes,16,Apto 015,Vila Madre Gertrudes 4ª Seção,Cardoso,SP,BR,FALSE
812,402,billing,62424947,Área de Abreu,25,Apto 906,Luxemburgo,Carvalho de das Neves,RR,BR,TRUE
813,402,secondary,60957-724,Recanto de Mendonça,77,Apto 308,Engenho Nogueira,Macedo Grande,RO,BR,FALSE
814,403,billing,91006347,Vereda Enrico Montenegro,5,Apto 202,Conjunto Capitão Eduardo,Albuquerque,MT,BR,TRUE
815,404,billing,57336-828,Parque Catarina Machado,65,,Colégio Batista,Moraes das Pedras,PI,BR,TRUE
816,405,billing,68506-648,Rua Lucas Gabriel Ribeiro,94,,Pousada Santo Antonio,Câmara,AL,BR,TRUE
817,405,billing,02554645,Feira da Paz,99,,Maravilha,Pacheco,GO,BR,FALSE
818,406,billing,47041-450,Viaduto Helena Cunha,17,,Novo Glória,Rezende do Campo,AP,BR,TRUE
819,406,secondary,96138759,Largo Alana Castro,99,Apto 133,São Bento,da Paz,AP,BR,FALSE
820,407,billing,71180-167,Quadra de da Rocha,16,,Palmares,Nogueira do Sul,RJ,BR,TRUE
821,408,billing,92714-369,Recanto Thiago Pereira,84,,Monsenhor Messias,Silva,PE,BR,TRUE
822,409,billing,16187-764,Largo de Moura,9,,Jardim Felicidade,Barros,SE,BR,TRUE
823,409,secondary,52179-005,Viaduto Azevedo,16,Apto 557,Jardim São José,Carvalho,RS,BR,FALSE
824,410,billing,59587-695,Travessa Gabriel Porto,96,,Brraúnas,Andrade,PR,BR,TRUE
825,410,secondary,73183594,Esplanada Sousa,64,,Tres Marias,Costa,CE,BR,FALSE
826,410,secondary,80245-571,Parque Cavalcanti,44,Apto 514,Universitário,Moraes,TO,BR,FALSE
827,411,billing,32702-317,Vereda Bernardo Cardoso,710,,Acaba Mundo,Gomes de da Conceição,TO,BR,TRUE
828,411,secondary,43346-026,Feira Silveira,56,,Boa Esperança,Porto da Serra,RJ,BR,FALSE
829,412,billing,02521-514,Vereda de Siqueira,25,,Primeiro De Maio,Rezende,DF,BR,TRUE
830,412,secondary,85044-852,Avenida João Miguel Silveira,55,Apto 722,Grotinha,Dias,SC,BR,FALSE
831,413,billing,30611-390,Ladeira Fonseca,892,Apto 523,Inconfidência,Montenegro,PR,BR,TRUE
832,414,billing,56833555,Feira Nicole Freitas,981,,Vila São Gabriel,Novais,GO,BR,TRUE
833,414,secondary,99748698,Área Ferreira,47,Apto 380,Pindorama,Guerra,RS,BR,FALSE
834,414,billing,09404-475,Colônia Marques,60,,Nova Cintra,Ferreira Alegre,PE,BR,FALSE
835,415,billing,65869722,Esplanada da Rocha,50,,Frei Leopoldo,Araújo,MG,BR,TRUE
836,416,billing,19106971,Feira de Garcia,25,Apto 142,Vila De Sá,Cassiano,PI,BR,TRUE
837,416,billing,12232-861,Aeroporto João Porto,55,Apto 224,Vila Petropolis,Cavalcante,MA,BR,FALSE
838,417,billing,02320001,Conjunto Machado,992,,Vila Dos Anjos,da Luz,RO,BR,TRUE
839,417,billing,50979135,Esplanada Pereira,26,,Vila Canto Do Sabiá,Jesus de Cirino,RJ,BR,FALSE
840,418,billing,84676-408,Quadra de Marques,753,Apto 140,São Tomaz,Abreu,RS,BR,TRUE
841,418,secondary,09063-360,Residencial Correia,6,Apto 672,Nova Pampulha,Mendonça,SC,BR,FALSE
842,418,secondary,62924598,Recanto de Santos,47,Apto 824,Delta,Azevedo,GO,BR,FALSE
843,419,billing,29222-283,Rua Silveira,4,,Santa Maria,Cavalcanti da Serra,DF,BR,TRUE
844,419,secondary,90627-094,Viela Brito,24,Apto 245,Nova Vista,Cirino,RJ,BR,FALSE
845,420,billing,45670893,Fazenda de Sampaio,50,,Nova Esperança,Sales,RN,BR,TRUE
846,421,billing,37415358,Fazenda de Costela,678,,Vila Suzana Primeira Seção,Siqueira,SE,BR,TRUE
847,421,billing,53094587,Travessa Catarina Araújo,825,,Cenaculo,Cirino,SC,BR,FALSE
848,422,billing,00708618,Trevo Ana Júlia Montenegro,86,,Jardim Alvorada,Silveira de Pires,SP,BR,TRUE
849,422,secondary,29148-356,Área Giovanna Oliveira,82,,Bandeirantes,Souza,CE,BR,FALSE
850,422,billing,25411-055,Pátio de Cavalcanti,31,Apto 667,Nova Pampulha,Viana,RS,BR,FALSE
851,423,billing,05964-703,Praça da Mata,64,Apto 320,Novo Tupi,da Mata de Goiás,BA,BR,TRUE
852,423,billing,14340-371,Distrito Vitor Correia,1,,Ventosa,Farias,RO,BR,FALSE
853,424,billing,83095-312,Núcleo Castro,84,Apto 478,Piraja,Lopes,PB,BR,TRUE
854,425,billing,44286-307,Alameda de Marques,210,,Vila Paquetá,Caldeira,BA,BR,TRUE
855,425,secondary,48056-942,Condomínio Sousa,174,Apto 044,Trevo,Aragão,RO,BR,FALSE
856,426,billing,72314920,Travessa Oliver Almeida,14,Apto 412,Boa Esperança,Marques,AL,BR,TRUE
857,427,billing,31055-031,Rua Olivia Marques,750,Apto 606,Paraíso,Ramos do Campo,GO,BR,TRUE
858,428,billing,48351560,Morro de Campos,82,Apto 702,Belmonte,Vasconcelos de Goiás,PI,BR,TRUE
859,429,billing,11511-162,Recanto de Brito,63,,Vila Antena,da Luz,AM,BR,TRUE
860,430,billing,61650472,Morro Pedro Campos,8,Apto 371,Coqueiros,Abreu,PB,BR,TRUE
861,431,billing,50845240,Rua de Lopes,7,,Vila Independencia 2ª Seção,Dias,SP,BR,TRUE
862,431,secondary,36010999,Campo Pastor,5,Apto 009,Vera Cruz,Cavalcante,TO,BR,FALSE
863,431,secondary,19228-874,Campo de Farias,349,,Virgínia,da Luz do Oeste,MA,BR,FALSE
864,432,billing,02664-273,Praça de Pires,566,,São Salvador,Barros,AL,BR,TRUE
865,432,secondary,12927-243,Praça Monteiro,97,,Flavio De Oliveira,Marques dos Dourados,PE,BR,FALSE
866,433,billing,07082408,Fazenda de Porto,41,,Custodinha,Fogaça,PB,BR,TRUE
867,433,secondary,08236616,Esplanada de Almeida,8,,Padre Eustáquio,Pastor,SE,BR,FALSE
868,433,secondary,12660-869,Condomínio Erick Almeida,440,Apto 909,CONJUNTO SERRA VERDE,Gonçalves de Mendes,DF,BR,FALSE
869,434,billing,08633-399,Morro de Aparecida,76,,Vila Copasa,Lima de Albuquerque,SE,BR,TRUE
870,434,secondary,50800-509,Sítio Cunha,7,,Vila Batik,Fonseca,AL,BR,FALSE
871,434,billing,55644199,Lago de Vasconcelos,3,,Guaratã,Leão,AP,BR,FALSE
872,435,billing,05029-990,Passarela Francisco Pacheco,9,,Camponesa 1ª Seção,Pimenta da Prata,DF,BR,TRUE
873,436,billing,78490-321,Praia Agatha Nunes,2,,Vila São Dimas,Lopes de Macedo,MT,BR,TRUE
874,437,billing,00437-531,Praia Daniela Ramos,62,Apto 083,Novo Ouro Preto,Andrade do Oeste,RJ,BR,TRUE
875,438,billing,36748675,Recanto Emilly Costela,61,,Graça,Ribeiro do Amparo,MA,BR,TRUE
876,438,secondary,92708120,Setor Caio Teixeira,4,--,Santa Helena,Abreu,AM,BR,FALSE
877,438,secondary,32082341,Aeroporto Benicio Oliveira,85,,Vila Minaslandia,Camargo das Flores,MG,BR,FALSE
878,439,billing,90764449,Ladeira Câmara,246,FIXME,Olaria,Cardoso,RR,BR,TRUE
879,439,secondary,77261054,Área de Cavalcante,30,Apto 846,Maria Tereza,Pacheco Grande,AP,BR,FALSE
880,440,billing,68864-993,Viaduto Pacheco,64,,Custodinha,Nascimento,AL,BR,TRUE
881,440,billing,38487614,Jardim Pietro Siqueira,47,,Minas Caixa,Pinto,AL,BR,FALSE
882,440,billing,75379-476,Colônia Moura,34,,Vila Nova Cachoeirinha 1ª Seção,Albuquerque,CE,BR,FALSE
883,441,billing,92785-234,Viaduto Emanuel Dias,3,,Camponesa 2ª Seção,Mendonça das Flores,SC,BR,TRUE
884,441,billing,89601066,Rodovia Maitê Montenegro,34,,Vila Paraíso,Leão da Praia,PI,BR,FALSE
885,441,billing,93854044,Loteamento de Almeida,99,Apto 638,São Bento,Souza,GO,BR,FALSE
886,442,billing,69081-449,Passarela de Aparecida,79,,Vila Trinta E Um De Março,Câmara da Serra,RO,BR,TRUE
887,443,billing,15307079,Vale Aparecida,88,,São Bernardo,Almeida de Minas,MS,BR,TRUE
888,443,billing,83345129,Distrito de Pereira,55,,Vila Real 2ª Seção,Moraes,DF,BR,FALSE
889,444,billing,78814742,Alameda Maria Cecília das Neves,38,,Bacurau,Peixoto,MS,BR,TRUE
890,444,secondary,07867755,Área Vasconcelos,63,Apto 760,Vila Da Luz,Gonçalves,PB,BR,FALSE
891,445,billing,36142474,Morro Teixeira,7,Apto 329,Lagoa,Leão de Minas,RS,BR,TRUE
892,445,secondary,82436-485,Praia Moura,67,Apto 773,beija flor,Azevedo Paulista,MG,BR,FALSE
893,446,billing,17419640,Avenida de Araújo,725,Apto 835,Coração De Jesus,Cardoso dos Dourados,PE,BR,TRUE
894,447,billing,87776540,Fazenda da Rosa,51,Apto 513,Pedreira Padro Lopes,Ribeiro do Sul,SP,BR,TRUE
895,447,billing,82656529,Viaduto Garcia,75,Apto 275,Vila Santa Rosa,Fernandes Paulista,AC,BR,FALSE
896,448,billing,49893975,Morro de Farias,56,,Vila Betânia,Cirino,RO,BR,TRUE
897,448,billing,94705447,Morro Mirella Santos,19,,Bernadete,Gomes de Vargas,RR,BR,FALSE
898,448,billing,70438852,Praia de Azevedo,48,,Indaiá,Câmara do Sul,BA,BR,FALSE
899,449,billing,38544-240,Vale Vargas,18,Apto 468,São Francisco Das Chagas,Sampaio da Prata,RS,BR,TRUE
900,450,billing,87634272,Praia Maria Flor Caldeira,6,,Parque São José,Correia de Mendes,SE,BR,TRUE
901,450,billing,56162173,Recanto Enzo Gabriel da Costa,273,,Jardim Felicidade,Sampaio,RS,BR,FALSE
902,450,secondary,19166616,Lagoa Souza,99,,São Francisco,Mendes das Flores,CE,BR,FALSE
903,451,billing,82247922,Residencial Jade Reznde,167,Apto 716,Planalto,Borges de Porto,GO,BR,TRUE
904,451,secondary,79257-852,Largo Cassiano,180,,Vila Sesc,da Rocha,SP,BR,FALSE
905,451,billing,37345424,Colônia Davi Lucca Ferreira,38,Apto 218,Camponesa 2ª Seção,Barros dos Dourados,AP,BR,FALSE
906,452,billing,70677693,Favela Brito,64,Apto 383,Das Industrias I,da Rocha da Serra,MS,BR,TRUE
907,452,secondary,03533-210,Esplanada Fernandes,86,Apto 591,Jardim Felicidade,Oliveira dos Dourados,PR,BR,FALSE
908,452,secondary,31705682,Sítio Matteo Cirino,2,Apto 435,Jatobá,Gomes do Oeste,SE,BR,FALSE
909,453,billing,79883-686,Pátio Pires,54,Apto 981,Ambrosina,Correia Grande,SE,BR,TRUE
910,454,billing,73920-604,Trecho da Rocha,39,,Vila Santa Monica 1ª Seção,Borges,RN,BR,TRUE
911,455,billing,47435069,Recanto de Nogueira,40,,Santa Rita,Carvalho de Campos,AM,BR,TRUE
912,455,billing,03829983,Trevo de Aparecida,6,Apto 059,Maravilha,Mendonça das Pedras,AP,BR,FALSE
913,455,billing,80680-304,Alameda de Abreu,74,,São Damião,Barros,SE,BR,FALSE
914,456,billing,14336057,Estrada Marcelo Caldeira,2,Apto 549,Lorena,Oliveira,AP,BR,TRUE
915,456,billing,91969-091,Parque da Rocha,8,,Vila Copasa,Dias Verde,BA,BR,FALSE
916,456,billing,59483609,Campo Leão,201,,Manacas,Sousa,PA,BR,FALSE
917,457,billing,96439453,Ladeira de Pereira,33,,Beija Flor,Pacheco,PA,BR,TRUE
918,457,secondary,15353053,Morro Lopes,94,Apto 888,Alta Tensão 1ª Seção,Peixoto do Amparo,AL,BR,FALSE
919,457,secondary,64855-516,Favela de Castro,60,Apto 741,Boa Vista,Freitas,DF,BR,FALSE
920,458,billing,03891667,Viela Benjamim Pinto,22,,Santa Sofia,Rocha do Galho,MG,BR,TRUE
921,459,billing,43942900,Viela de Ribeiro,692,,Vila São Geraldo ,Mendes do Galho,SE,BR,TRUE
922,459,billing,98037037,Favela Enzo Cassiano,6,,São Tomaz,Nunes da Mata,PE,BR,FALSE
923,460,billing,30748-781,Jardim Almeida,551,Apto 050,Vila Piratininga,Novaes,AM,BR,TRUE
924,460,secondary,61700048,Lagoa Henrique Silveira,53,Apto 810,Buritis,Rocha Alegre,CE,BR,FALSE
925,461,billing,53962-556,Ladeira da Mata,3,Apto 987,Beira Linha,Araújo,RN,BR,TRUE
926,462,billing,21529417,Condomínio Henry Brito,48,,Conjunto Capitão Eduardo,Sá do Norte,RN,BR,TRUE
927,462,billing,52612-166,Travessa de da Rosa,110,,Boa União 2ª Seção,Cavalcante,RR,BR,FALSE
928,462,secondary,30167965,Vereda Heloisa Rezende,33,,Estrela Do Oriente,Gomes,PE,BR,FALSE
929,463,billing,14344-622,Alameda de Souza,14,,Juliana,Moraes,RO,BR,TRUE
930,464,billing,59509428,Campo de Lopes,336,Apto 577,Conjunto São Francisco De Assis,Alves,RR,BR,TRUE
931,464,billing,27410-591,Quadra Nicole Souza,6,Apto 551,São Tomaz,Pastor da Praia,RR,BR,FALSE
932,465,billing,29643-522,Recanto Costa,58,,Comiteco,Vasconcelos do Galho,PR,BR,TRUE
933,465,billing,98020291,Quadra de Cavalcanti,25,,Vila Da Paz,Silveira,GO,BR,FALSE
934,466,billing,04578131,Núcleo Gabrielly Carvalho,13,Apto 302,Jaqueline,Câmara,AC,BR,TRUE
935,466,secondary,11314644,Chácara da Paz,87,,Santa Rita,Freitas,MT,BR,FALSE
936,466,billing,27702604,Quadra de Guerra,979,Apto 725,Nossa Senhora Da Conceição,Ramos da Mata,AP,BR,FALSE
937,467,billing,35076499,Praia Lucas Gabriel Sampaio,46,,Esperança,Montenegro do Sul,AL,BR,TRUE
938,467,billing,11947-505,Estação de Cardoso,2,,Belmonte ,Viana,TO,BR,FALSE
939,468,billing,04225-933,Conjunto de Costela,414,Apto 316,Luxemburgo,Lopes,MG,BR,TRUE
940,469,billing,44697-071,Trevo Moura,251,,Candelaria,Monteiro da Prata,PB,BR,TRUE
941,470,billing,39037155,Passarela de Albuquerque,56,,Cenaculo,Guerra,CE,BR,TRUE
942,471,billing,58846-937,Ladeira Martins,175,,São Cristóvão,Fogaça,RS,BR,TRUE
943,471,billing,11784-440,Distrito Siqueira,94,FIXME,Itapoa,da Conceição dos Dourados,RN,BR,FALSE
944,472,billing,66604486,Quadra de Camargo,9,Apto 816,Bernadete,Sousa,PR,BR,TRUE
945,473,billing,34774-967,Lago de Freitas,47,,Vila Madre Gertrudes 3ª Seção,Ramos,RS,BR,TRUE
946,474,billing,88156754,Favela Vieira,64,Apto 579,Petropolis,Silveira,PB,BR,TRUE
947,474,billing,77045530,Campo Mendonça,51,,Califórnia,Melo,CE,BR,FALSE
948,475,billing,92129-856,Vila José Miguel da Luz,6,,Marieta 3ª Seção,Viana da Serra,MT,BR,TRUE
949,475,billing,77485652,Passarela de das Neves,44,Apto 742,Santa Rita De Cássia,Viana,BA,BR,FALSE
950,476,billing,22041064,Passarela de Aparecida,72,Apto 520,Palmares,Silveira,GO,BR,TRUE
951,477,billing,60967-372,Área Daniel Oliveira,22,,Vila Paraíso,Gomes do Oeste,SE,BR,TRUE
952,478,billing,05065069,Vereda Ian Rocha,98,,Granja Werneck,Rios da Praia,BA,BR,TRUE
953,478,billing,64941100,Esplanada de Andrade,896,Apto 604,Barreiro,Casa Grande de Goiás,CE,BR,FALSE
954,478,billing,51751967,Estação de Oliveira,60,Apto 865,Flavio De Oliveira,da Mata,RO,BR,FALSE
955,479,billing,42207043,Viela Aparecida,37,Apto 228,Piratininga,Pinto Alegre,PE,BR,TRUE
956,479,billing,67428601,Passarela Maria Julia Rios,973,,Vila Santo Antônio,Campos,AM,BR,FALSE
957,479,billing,30529238,Núcleo Cavalcante,83,,Santa Helena,Aparecida Paulista,MA,BR,FALSE
958,480,billing,63244896,Jardim de Jesus,5,,Bandeirantes,Silva,CE,BR,TRUE
959,481,billing,16554-279,Estrada Ribeiro,197,Apto 214,Vila Havaí,Barbosa das Flores,RN,BR,TRUE
960,481,secondary,47610296,Via de Rezende,54,,Bom Jesus,Sá,SE,BR,FALSE
961,481,secondary,37702-967,Loteamento Albuquerque,75,Apto 237,Novo São Lucas,Sá,GO,BR,FALSE
962,482,billing,45604-851,Trecho Pastor,7,Apto 563,Conjunto Santa Maria,Rocha,MG,BR,TRUE
963,483,billing,91117-851,Morro Pereira,37,,Vila União,Guerra,RN,BR,TRUE
964,483,billing,22292-538,Campo Luísa Farias,26,,Santa Cecilia,Freitas do Amparo,CE,BR,FALSE
965,484,billing,45883660,Trecho Pedro da Costa,90,Apto 337,Santana Do Cafezal,Gonçalves,RS,BR,TRUE
966,484,billing,59266866,Rua de Alves,607,,Nova Floresta,da Costa do Norte,AC,BR,FALSE
967,485,billing,22750936,Alameda de da Mota,30,Apto 803,Luxemburgo,Machado,SE,BR,TRUE
968,485,billing,42137472,Travessa Rafael Pacheco,72,Apto 894,Buritis,da Luz da Serra,PR,BR,FALSE
969,485,secondary,29336-983,Lagoa Alevs,92,,Bonfim,Pimenta do Galho,AM,BR,FALSE
970,486,billing,18098-098,Avenida de da Luz,4,,Flamengo,Silveira da Serra,PB,BR,TRUE
971,486,billing,44522759,Conjunto Heloisa Mendonça,82,,Conjunto São Francisco De Assis,Casa Grande,AM,BR,FALSE
972,487,billing,53250-169,Estrada de Vasconcelos,89,Apto 451,Bonfim,Fernandes de Minas,PA,BR,TRUE
973,487,secondary,86249513,Trecho Lima,60,,Padre Eustáquio,Duarte de Cassiano,RS,BR,FALSE
974,488,billing,64711-813,Viaduto Abreu,42,,Vila Petropolis,Pacheco,RR,BR,TRUE
975,488,secondary,84655063,Trecho Nicole Fernandes,7,n/a,Pilar,Rezende da Praia,MS,BR,FALSE
976,488,secondary,96697602,Estrada Garcia,64,,Vila Jardim São José,da Rocha,ES,BR,FALSE
977,489,billing,04342-491,Distrito Lorena Costa,8,,Pirineus,Teixeira de da Mata,RR,BR,TRUE
978,490,billing,22212-421,Trecho de Mendes,28,,Vila Fumec,da Conceição,GO,BR,TRUE
979,491,billing,31751-029,Setor Renan Siqueira,950,,Vila Paraíso,da Costa,CE,BR,TRUE
980,491,billing,10453-513,Via Letícia Siqueira,44,,Belmonte,Barbosa de Pereira,RO,BR,FALSE
981,491,billing,63354715,Favela Ryan Porto,525,,Campo Algre,Jesus de Nogueira,RJ,BR,FALSE
982,492,billing,20682994,Sítio Bryan Cavalcanti,845,,Candelaria,Oliveira do Campo,SP,BR,TRUE
983,493,billing,62549931,Largo Theo Siqueira,25,,Dom Bosco,Moreira,PA,BR,TRUE
984,494,billing,36746161,Aeroporto Antonella da Mata,83,Apto 073,Mineirão,Barros de Cardoso,PR,BR,TRUE
985,494,secondary,70695-312,Quadra Vieira,194,Apto 697,Colégio Batista,Machado Grande,AL,BR,FALSE
986,495,billing,18629-319,Via Garcia,88,,Juliana,Sales Paulista,PR,BR,TRUE
987,495,billing,01925-531,Loteamento Beatriz Abreu,26,, Olaria,da Rocha,RR,BR,FALSE
988,496,billing,84039726,Loteamento Alexia Ferreira,16,Apto 941,Guarani,Fogaça,RO,BR,TRUE
989,497,billing,95636038,Via Aurora Castro,482,,Canadá,Cassiano,RN,BR,TRUE
990,497,secondary,78343-585,Trecho de Caldeira,777,,Goiania,Moraes das Flores,RR,BR,FALSE
991,497,secondary,25437636,Estação Milena Monteiro,2,,Pindura Saia,Lopes,MS,BR,FALSE
992,498,billing,59553945,Praça Rios,689,,Santa Rita,Pereira,GO,BR,TRUE
993,498,billing,30997-285,Vila Yuri Campos,49,Apto 943,Bonfim,Nunes do Campo,GO,BR,FALSE
994,498,billing,15440967,Distrito Ana Lívia Casa Grande,557,Apto 040,Vila São Paulo,Castro do Amparo,RS,BR,FALSE
995,499,billing,03547-663,Praia Vieira,89,,Lajedo,Rios,RS,BR,TRUE
996,499,billing,90651940,Esplanada Rafael da Mota,61,asdf,Vila Novo São Lucas,da Mata,AM,BR,FALSE
997,500,billing,70829220,Distrito de Dias,4,,Vila Antena Montanhês,Abreu,CE,BR,TRUE
998,500,billing,01147-472,Travessa de Araújo,65,,Castanheira,Mendes,PE,BR,FALSE
999,501,billing,90497574,Parque Yasmin da Paz,72,Apto 333,Novo Ouro Preto,Vasconcelos,RS,BR,TRUE
1000,502,billing,65190-348,Avenida Novais,24,Apto 301,Novo Aarão Reis,Guerra,RO,BR,TRUE
1001,503,billing,49035-934,Residencial Rodrigues,43,,Jardim Alvorada,Sá,RR,BR,TRUE
1002,503,secondary,71821821,Viaduto Arthur Gabriel Lopes,39,Apto 318,Coração Eucarístico,Martins do Galho,AM,BR,FALSE
1003,503,billing,08023883,Travessa Maria Luiza Abreu,85,,Ventosa,da Costa da Praia,PA,BR,FALSE
1004,504,billing,41193-547,Estação de Moreira,73,Apto 240,Vila Engenho Nogueira,da Conceição,PE,BR,TRUE
1005,505,billing,92031-759,Jardim Duarte,1,,Urca,Rezende,DF,BR,TRUE
1006,505,secondary,72869-395,Travessa Porto,1,,Miramar,Câmara de Câmara,DF,BR,FALSE
1007,506,billing,76534802,Lagoa de Oliveira,96,,Vila Antena,da Costa,PI,BR,TRUE
1008,507,billing,85520-101,Vila de Sales,54,,Vila São Geraldo,Novaes da Mata,PR,BR,TRUE
1009,507,secondary,07405187,Estrada Rocha,22,Apto 775,Vila Antena,Carvalho,MS,BR,FALSE
1010,507,billing,98391-032,Vila da Mota,1,Apto 372,Santa Terezinha,Araújo,BA,BR,FALSE
1011,508,billing,29575-512,Favela Maria Fernanda Araújo,8,Apto 963,Dona Clara,Vieira,CE,BR,TRUE
1012,509,billing,51766689,Estação de Campos,57,,Nova Floresta,Brito,DF,BR,TRUE
1013,509,billing,45958295,Morro Isabella Castro,3,,Universo,Peixoto do Norte,RJ,BR,FALSE
1014,510,billing,41475-376,Praia Teixeira,725,Apto 485,São Marcos,das Neves do Amparo,PA,BR,TRUE
1015,510,secondary,95577-051,Pátio de Fonseca,7,,Piraja,da Mota Alegre,AP,BR,FALSE
1016,511,billing,59059256,Quadra de Abreu,72,TBD,Havaí,Pimenta do Amparo,RN,BR,TRUE
1017,512,billing,08046-606,Rodovia Santos,68,Apto 041,Nova Floresta,Teixeira,PB,BR,TRUE
1018,512,billing,02092-252,Estação Vargas,18,,Conjunto Providencia,da Luz das Flores,TO,BR,FALSE
1019,513,billing,76351487,Trecho Maria Julia Pires,6,asdf,Liberdade,Freitas da Prata,RN,BR,TRUE
1020,514,billing,85335849,Vereda de Pereira,616,,Etelvina Carneiro,Teixeira Alegre,BA,BR,TRUE
1021,514,billing,87512090,Sítio Borges,84,Apto 311,Boa Viagem,Pereira das Pedras,ES,BR,FALSE
1022,514,billing,60989105,Aeroporto de da Paz,79,Apto 197,São Luiz,Araújo do Sul,RR,BR,FALSE
1023,515,billing,97583-445,Ladeira de Cavalcante,1,Apto 420,Vila Independencia 3ª Seção,Borges do Galho,CE,BR,TRUE
1024,516,billing,54907-872,Loteamento Berrnardo Santos,24,,Madre Gertrudes,Pereira,AL,BR,TRUE
1025,516,secondary,75770796,Alameda de Rodrigues,71,,Túnel De Ibirité,Camargo do Oeste,SP,BR,FALSE
1026,516,secondary,12848-369,Núcleo Emanuella Nascimento,87,Apto 069,Vila Atila De Paiva,Carvalho,PA,BR,FALSE
1027,517,billing,56949060,Via de Cavalcanti,26,,Alta Tensão 2ª Seção,Cavalcante,RR,BR,TRUE
1028,517,secondary,51209459,Parque de Pacheco,6,,Vila São Rafael,Costela de Santos,GO,BR,FALSE
1029,518,billing,38563-375,Rodovia de Sales,29,,Garças,Santos de Moura,PR,BR,TRUE
1030,519,billing,18811133,Vale Aylla Rios,43,,Cabana Do Pai Tomás,da Costa da Serra,GO,BR,TRUE
1031,519,billing,70712787,Pátio de da Costa,88,,Vila Santa Monica 2ª Seção,Moraes,SC,BR,FALSE
1032,519,billing,32208220,Lago Rafaela da Rocha,25,Apto 978,Vila São João Batista,Leão,GO,BR,FALSE
1033,520,billing,71042-599,Aeroporto Santos,58,,Conjunto Jatoba,da Mota,SP,BR,TRUE
1034,521,billing,70183137,Viela Yuri Costela,40,,Fernão Dias,Fernandes,SC,BR,TRUE
1035,522,billing,92517-333,Rua Ian da Conceição,38,Apto 201,Vila Betânia,Cassiano do Amparo,RN,BR,TRUE
1036,522,secondary,85462-116,Aeroporto Cauê Leão,90,Apto 212,Inconfidência,Marques,TO,BR,FALSE
1037,522,billing,64536-292,Vila da Cruz,20,,Califórnia,da Mata,GO,BR,FALSE
1038,523,billing,89509-291,Lago de Moraes,694,,Independência,Sousa dos Dourados,BA,BR,TRUE
1039,523,secondary,47204-744,Viela Caldeira,75,,Flamengo,Pastor do Sul,GO,BR,FALSE
1040,524,billing,51444-465,Lagoa Pietra Azevedo,35,Apto 528,Vila Santa Monica 1ª Seção,da Rosa das Flores,MT,BR,TRUE
1041,525,billing,89304317,Lago de Cassiano,4,,Nova Suíça,Câmara,SP,BR,TRUE
1042,525,billing,99754-839,Residencial Mendonça,82,,Vila Petropolis,Fonseca,GO,BR,FALSE
1043,525,billing,24125038,Favela de da Mota,3,Apto 472,Conjunto Serra Verde,Marques,BA,BR,FALSE
1044,526,billing,74197537,Viela Aragão,33,,Flavio Marques Lisboa,Marques de Costela,ES,BR,TRUE
1045,526,secondary,21085-837,Morro Zoe Viana,46,Apto 218,Varzea Da Palma,Vargas da Praia,AM,BR,FALSE
1046,526,billing,88589981,Condomínio de Brito,394,,Serra Do Curral,Monteiro,TO,BR,FALSE
1047,527,billing,42064339,Via de Dias,53,Apto 334,Serra Verde,Silva de Brito,SP,BR,TRUE
1048,527,secondary,20409-324,Ladeira Vasconcelos,10,,Vila Aeroporto,Rodrigues,SC,BR,FALSE
1049,528,billing,31633-243,Viaduto Moreira,52,Apto 478,Frei Leopoldo,Mendonça,AM,BR,TRUE
1050,528,billing,12579896,Campo de Aragão,24,Apto 982,Pongelupe,da Mota,MA,BR,FALSE
1051,529,billing,20769-915,Setor Costela,2,,João Pinheiro,Monteiro de Montenegro,RJ,BR,TRUE
1052,529,secondary,16650-180,Núcleo da Mota,30,,Piratininga,Gomes de Araújo,AM,BR,FALSE
1053,530,billing,31625751,Área Almeida,76,Apto 857,Belvedere,da Costa Verde,SP,BR,TRUE
1054,530,secondary,38471-845,Campo de Gomes,30,,Camargos,Pastor,SE,BR,FALSE
1055,530,secondary,82363725,Chácara Carvalho,480,,Vila Rica,Aragão,BA,BR,FALSE
1056,531,billing,23705-067,Lago de Novais,35,,Santa Lúcia,Oliveira,CE,BR,TRUE
1057,531,billing,46547-631,Trevo Francisco da Rosa,15,Apto 365,Europa,Souza da Mata,CE,BR,FALSE
1058,532,billing,72466762,Pátio Sampaio,26,,Santa Helena,Ramos dos Dourados,RJ,BR,TRUE
1059,532,secondary,45522420,Trevo Letícia da Luz,55,,Varzea Da Palma,Nascimento de Aragão,MG,BR,FALSE
1060,532,secondary,37196-034,Vale de Mendonça,21,,Novo Santa Cecilia,Campos,MS,BR,FALSE
1061,533,billing,53995-211,Vereda de Siqueira,34,,Grota,Borges,MS,BR,TRUE
1062,534,billing,43790868,Rua Moraes,95,,Vila Nova Gameleira 1ª Seção,Fogaça do Galho,RS,BR,TRUE
1063,534,secondary,64548759,Travessa Maria Sophia da Luz,55,Apto 290,Vila Ouro Minas,Cunha das Flores,PE,BR,FALSE
1064,534,billing,75684978,Avenida Marcela Moreira,37,,Vila Santo Antônio,da Conceição do Norte,SP,BR,FALSE
1065,535,billing,58086789,Núcleo Henrique Caldeira,532,,Nova Cintra,Barbosa de Ramos,RR,BR,TRUE
1066,535,billing,75237100,Distrito de Siqueira,759,,Custodinha,Barbosa da Prata,PR,BR,FALSE
1067,536,billing,70532-093,Campo Pedro Miguel Rodrigues,2,,Jardim Do Vale,Jesus Paulista,SE,BR,TRUE
1068,537,billing,97294103,Residencial Beatriz Moura,7,,Solar Do Barreiro,Cassiano,RR,BR,TRUE
1069,537,secondary,01171-303,Residencial de Alves,971,Apto 467,Tupi B,Novaes,PB,BR,FALSE
1070,538,billing,37316-927,Vale Lucca Mendonça,16,,Bonfim,Almeida,MG,BR,TRUE
1071,538,secondary,74009-701,Favela de Cardoso,76,,Vila Piratininga,Nogueira,AC,BR,FALSE
1072,539,billing,10853-700,Avenida Asafe Brito,3,,Vila Real 1ª Seção,Cardoso,SC,BR,TRUE
1073,539,billing,26839051,Área de Campos,9,,Castelo,Siqueira,MG,BR,FALSE
1074,540,billing,49106769,Recanto de Azevedo,2,Apto 494,Boa Viagem,Vieira,SE,BR,TRUE
1075,540,secondary,32822-519,Jardim João Gabriel Pastor,78,,Cardoso,Machado Grande,AM,BR,FALSE
1076,541,billing,70254496,Largo Brayan Castro,22,,Bandeirantes,Duarte,TO,BR,TRUE
1077,541,billing,80575-950,Lago Casa Grande,72,,Ernesto Nascimento,Freitas,CE,BR,FALSE
1078,542,billing,17548771,Estrada de Cassiano,3,,Alta Tensão 1ª Seção,Borges do Oeste,RN,BR,TRUE
1079,542,billing,03186767,Lagoa Rafaela Cavalcante,88,Apto 807,Cidade Nova,Pimenta,AL,BR,FALSE
1080,542,secondary,49630966,Praia Luiza Cavalcanti,360,,Vila Tirol,Rezende da Mata,RN,BR,FALSE
1081,543,billing,04716495,Largo Milena da Luz,66,,Pirineus,Silva de Campos,ES,BR,TRUE
1082,543,secondary,15342-789,Vereda Cavalcanti,373,,Nova Granada,Martins,SP,BR,FALSE
1083,544,billing,65484-274,Lago de Lima,55,Apto 030,Vila Nova Gameleira 2ª Seção,Cassiano,RS,BR,TRUE
1084,544,billing,43665945,Sítio Novaes,33,,Graça,Vieira Alegre,SC,BR,FALSE
1085,544,billing,35668228,Pátio de Fonseca,55,,Varzea Da Palma,Rios,AC,BR,FALSE
1086,545,billing,98013376,Vale Barbosa,87,,Vila Paris,Camargo,AP,BR,TRUE
1087,545,secondary,81623-153,Ladeira de Castro,611,,São Paulo ,Silveira de Guerra,MT,BR,FALSE
1088,546,billing,91639750,Praia João Guilherme Campos,11,,Vila Das Oliveiras,Araújo,AC,BR,TRUE
1089,546,secondary,43002-773,Aeroporto Rocha,75,,Serrano,Casa Grande dos Dourados,RS,BR,FALSE
1090,547,billing,38082-632,Praia Lara Sousa,21,Apto 431,Vila Primeiro De Maio,Marques,MT,BR,TRUE
1091,548,billing,98714142,Lago João Felipe Pastor,70,Apto 461,Jaraguá,Montenegro,SC,BR,TRUE
1092,549,billing,81674289,Lagoa Cauã Fogaça,547,Apto 389,Jardim Felicidade,Fernandes de Carvalho,SE,BR,TRUE
1093,550,billing,24597-989,Estação de Cirino,65,Apto 404,Conjunto Bonsucesso,Almeida,AC,BR,TRUE
1094,550,billing,49961177,Largo de da Mota,13,Apto 579,São Paulo,Gomes Grande,SC,BR,FALSE
1095,550,secondary,92339-530,Viaduto Pires,65,Apto 395,Belvedere,Porto,MS,BR,FALSE
1096,551,billing,37731-252,Núcleo Sofia Silveira,20,,Estrela Do Oriente,Sousa,TO,BR,TRUE
1097,552,billing,17517335,Estrada de Jesus,34,,Casa Branca,Borges Alegre,PA,BR,TRUE
1098,552,billing,43878-717,Fazenda Duarte,935,,Vila Ipiranga,Araújo,MS,BR,FALSE
1099,553,billing,82562-739,Ladeira Miguel Rocha,71,,Bom Jesus,Abreu,RS,BR,TRUE
1100,554,billing,86878427,Loteamento Gustavo Dias,86,,Vila Suzana Segunda Seção,Aragão,RR,BR,TRUE
1101,554,secondary,50669-912,Setor de Dias,68,Apto 944,Boa Viagem,da Paz Verde,ES,BR,FALSE
1102,554,secondary,11156854,Esplanada Gomes,91,,Araguaia,Silva do Sul,RR,BR,FALSE
1103,555,billing,63235185,Distrito Peixoto,7,,Esplanada,Guerra de Minas,DF,BR,TRUE
1104,555,billing,73987148,Viela Aurora da Mata,13,,Acaiaca,Ramos de da Rocha,SE,BR,FALSE
1105,555,billing,77741-465,Rodovia Costela,7,Apto 332,Prado,Câmara de Goiás,RR,BR,FALSE
1106,556,billing,30575-786,Avenida Maria Araújo,15,,Petropolis,Lima das Pedras,AL,BR,TRUE
1107,556,billing,95085-261,Pátio Moraes,665,,Belvedere,Carvalho,MG,BR,FALSE
1108,556,secondary,74141-240,Jardim de Costa,568,Apto 835,Tres Marias,Aragão do Sul,AC,BR,FALSE
1109,557,billing,82087163,Sítio de Campos,339,,Providencia,Nunes,AM,BR,TRUE
1110,557,secondary,81987921,Loteamento André Brito,617,,Petropolis,Souza do Sul,AM,BR,FALSE
1111,558,billing,86752262,Trevo Erick Farias,48,Apto 281,Cidade Jardim,Lopes Alegre,SE,BR,TRUE
1112,558,billing,77313197,Travessa Samuel Camargo,35,,Vila Nova Cachoeirinha 3ª Seção,Rocha de Lima,SE,BR,FALSE
1113,559,billing,55937651,Rua Cardoso,76,,Vila Batik,Camargo das Flores,DF,BR,TRUE
1114,559,secondary,72715483,Estação Sophie Borges,24,,Flavio De Oliveira,Alves do Oeste,DF,BR,FALSE
1115,559,secondary,60749-687,Praia Ana Julia Ramos,66,Apto 448,Comiteco,Moraes,PR,BR,FALSE
1116,560,billing,98212558,Residencial de Melo,60,Apto 031,Manacas,Costela,MA,BR,TRUE
1117,560,billing,50865-699,Vila Pedro Lucas Nogueira,54,Apto 771,Eymard,Borges da Serra,MT,BR,FALSE
1118,560,secondary,83410657,Vale Siqueira,776,,Marieta 3ª Seção,Teixeira da Serra,RR,BR,FALSE
1119,561,billing,67039336,Viela Mariah Marques,24,Apto 084,Dom Cabral,Campos de Souza,SP,BR,TRUE
1120,562,billing,82003409,Feira de Farias,227,Apto 732,Outro,Cunha,AP,BR,TRUE
1121,562,secondary,66646518,Recanto Nicole Vieira,879,,São Gabriel,Ferreira do Galho,RS,BR,FALSE
1122,562,secondary,95797-114,Chácara de Marques,246,Apto 906,Tupi A,Câmara,RS,BR,FALSE
1123,563,billing,10832-786,Rua Laís Nogueira,598,,Cônego Pinheiro 1ª Seção,Almeida,ES,BR,TRUE
1124,563,secondary,65030524,Colônia da Mata,80,,Nossa Senhora Do Rosário,Brito de Goiás,DF,BR,FALSE
1125,563,secondary,29495-760,Vereda Sá,161,Apto 849,Conjunto Jatoba,Aragão de da Rosa,SP,BR,FALSE
1126,564,billing,38687-612,Travessa de Machado,77,,Conjunto Bonsucesso,Porto,DF,BR,TRUE
1127,565,billing,45614-315,Estrada de Rios,934,,Novo Ouro Preto,da Cruz de Minas,CE,BR,TRUE
1128,565,secondary,08590400,Ladeira Caldeira,40,,Nossa Senhora De Fátima,Cirino de Goiás,SE,BR,FALSE
1129,565,billing,33134-241,Vereda Lunna Campos,797,,Conjunto Jardim Filadélfia,Teixeira,PR,BR,FALSE
1130,566,billing,94292-101,Conjunto Maya da Mata,621,,Carmo,Mendes,SP,BR,TRUE
1131,567,billing,07963-132,Viela Dante Ribeiro,79,,Novo São Lucas,Pinto,PA,BR,TRUE
1132,567,billing,19662-714,Recanto Cauã Lima,78,Apto 862,Floresta,Macedo,PE,BR,FALSE
1133,568,billing,77171-219,Travessa de Correia,717,,Vila Nova Gameleira 3ª Seção,Abreu de Rios,SP,BR,TRUE
1134,568,billing,00227-962,Ladeira de das Neves,82,Apto 843,Aarão Reis,Câmara,RN,BR,FALSE
1135,568,billing,80646-594,Trevo de Borges,568,,Urca,Sampaio de da Mata,RN,BR,FALSE
1136,569,billing,20392268,Rodovia Maria Julia Alves,67,,Marmiteiros,Nascimento de Freitas,SE,BR,TRUE
1137,570,billing,57653-092,Pátio Alícia Costela,9,,Camponesa 2ª Seção,Cardoso,BA,BR,TRUE
1138,570,secondary,57504122,Passarela Ana Laura Sá,15,,Sport Club,Dias da Praia,SC,BR,FALSE
1139,570,secondary,31492-662,Viaduto da Cunha,77,,Acaba Mundo,Novais,BA,BR,FALSE
1140,571,billing,71002458,Rua de Rocha,24,,Vila Boa Vista,Rezende de Pastor,ES,BR,TRUE
1141,571,billing,97933-933,ESTRADA DE SILVEIRA,88,Apto 688,Embaúbas,Moreira Verde,SE,BR,FALSE
1142,572,billing,58173868,Parque Ferreira,42,,Lorena,Mendonça,SE,BR,TRUE
1143,572,secondary,78735219,Rua de Alves,58,,Alto Barroca,Alves do Oeste,DF,BR,FALSE
1144,572,billing,29950-867,Distrito Jesus,92,,Brasil Industrial,Machado,MG,BR,FALSE
1145,573,billing,77867-397,Setor Azevedo,805,Apto 468,Vila Suzana Primeira Seção,Cunha,AL,BR,TRUE
1146,574,billing,37406-242,Condomínio Daniel Santos,33,,Jaqueline,Monteiro de Correia,MG,BR,TRUE
1147,574,billing,18849-198,Passarela Enrico Cunha,59,,Alto Caiçaras,da Costa da Praia,PR,BR,FALSE
1148,574,secondary,47639857,Passarela Ribeiro,150,Apto 728,Coração Eucarístico,da Conceição do Galho,RS,BR,FALSE
1149,575,billing,80099-986,Viela Lorenzo Viana,15,,Funcionários,Azevedo Paulista,RN,BR,TRUE
1150,576,billing,48735975,Fazenda Allana Vieira,73,,Grajaú,Pinto Verde,MG,BR,TRUE
1151,576,secondary,07799772,Esplanada Casa Grande,74,,Vila Olhos D'água,Sá,MT,BR,FALSE
1152,577,billing,30027027,Avenida Maria Laura Leão,476,,Sagrada Família,Dias,AM,BR,TRUE
1153,577,billing,53869-016,Campo de Cassiano,8,,Mangueiras,Aragão,AC,BR,FALSE
1154,577,secondary,99155-859,Trecho Ribeiro,52,Apto 455,Olhos D'água,Cirino do Oeste,CE,BR,FALSE
1155,578,billing,14894413,Travessa de Oliveira,81,,Nossa Senhora Da Aparecida,Costela,AL,BR,TRUE
1156,579,billing,81569590,Aeroporto Cecília Sousa,69,,Vila Nova,Albuquerque,TO,BR,TRUE
1157,580,billing,36112-874,Rodovia Ramos,2,Apto 730,Vila Jardim São José,Oliveira de Goiás,TO,BR,TRUE
1158,580,billing,14528789,Trecho de Nunes,92,,Teixeira Dias,Abreu,SP,BR,FALSE
1159,580,billing,84052185,Largo Gomes,9,,Nova Granada,Souza,AM,BR,FALSE
1160,581,billing,26048589,Largo Vinicius Pimenta,518,Apto 409,Buritis,Nogueira,TO,BR,TRUE
1161,581,billing,54719-270,Núcleo de da Cunha,974,,Pongelupe,Fernandes,MG,BR,FALSE
1162,582,billing,23005-609,Lagoa de da Mata,61,Apto 012,Grajaú,Farias,AL,BR,TRUE
1163,582,billing,65660-505,Alameda de Moraes,85,Apto 657,São Jorge 2ª Seção,Melo,RJ,BR,FALSE
1164,582,billing,91947437,Travessa Pastor,4,Apto 521,Vila Madre Gertrudes 4ª Seção,Almeida Verde,AM,BR,FALSE
1165,583,billing,27647142,Viela Rafael Cavalcante,2,Apto 190,Cenaculo,Ramos das Pedras,SP,BR,TRUE
1166,583,secondary,37738133,Vale Nascimento,51,Apto 523,Santa Cruz,Costela,MA,BR,FALSE
1167,583,billing,33287-425,Largo Isis Novaes,96,,Antonio Ribeiro De Abreu 1ª Seção,Novaes do Norte,AL,BR,FALSE
1168,584,billing,58953815,Núcleo Cauê Borges,44,,Vila Jardim Leblon,Marques da Prata,AM,BR,TRUE
1169,584,secondary,77949148,Condomínio de Ferreira ,5,,Indaiá,Jesus de Minas,RN,BR,FALSE
1170,585,billing,41710-065,Distrito Isabela Gonçalves,98,Apto 545,Vila Formosa,da Costa das Flores,ES,BR,TRUE
1171,585,billing,76659-959,Área de Cavalcante,54,Apto 238,Calafate,Cirino da Serra,MG,BR,FALSE
1172,585,billing,48491-861,Parque Lorenzo Novaes,436,Apto 580,Vila Dos Anjos,Sá do Oeste,DF,BR,FALSE
1173,586,billing,51313561,Praia Abreu,97,,Jardim Dos Comerciarios,Correia de da Rosa,MA,BR,TRUE
1174,586,secondary,93722-391,Parque Dom Pimenta,38,,Caiçaras,Ferreira,PE,BR,FALSE
1175,587,billing,84313-574,Rua Machado,57,,Álvaro Camargos,Correia de Pimenta,PR,BR,TRUE
1176,587,billing,96175657,Trecho Daniel Gomes,9,,São Lucas,Sousa,MA,BR,FALSE
1177,587,billing,25118-095,Loteamento Ana Sophia Barbosa,224,,Marilandia,Moraes,PA,BR,FALSE
1178,588,billing,48401617,Via Rios,24,,Jardinópolis,Duarte do Oeste,ES,BR,TRUE
1179,588,billing,52015-691,Praça Henrique Garcia,61,Apto 733,Primeiro De Maio,Moreira Paulista,AC,BR,FALSE
1180,588,secondary,34178109,Residencial Camargo,257,Apto 451,Jonas Veiga,Brito Paulista,RJ,BR,FALSE
1181,589,billing,58387-368,Quadra Cavalcanti,266,,Bandeirantes,Nascimento,GO,BR,TRUE
1182,589,secondary,88168482,Esplanada Matteo Rezende,1,Apto 704,Vila Nova Paraíso,da Mota Paulista,MT,BR,FALSE
1183,589,billing,30060451,Vale de Pimenta,9,Apto 187,Flamengo,Aragão,AC,BR,FALSE
1184,590,billing,76327223,Fazenda Letícia Pimenta,50,Apto 326,Fernão Dias,Farias,RJ,BR,TRUE
1185,591,billing,47353522,Viaduto Emanuelly da Luz,630,Apto 397,Lourdes,Vargas,MA,BR,TRUE
1186,591,billing,13599-642,Avenida Gabrielly Araújo,9,Apto 972,Pirineus,Albuquerque Alegre,AP,BR,FALSE
1187,591,secondary,31641-199,Vila Costa,75,,João Paulo Ii,Ramos,SP,BR,FALSE
1188,592,billing,54260062,Via de Oliveira,42,,São Damião,Costela da Praia,PB,BR,TRUE
1189,592,billing,89594589,Distrito Duarte,8,Apto 475,Conjunto Santa Maria,Pinto dos Dourados,PB,BR,FALSE
1190,592,billing,65512-889,Loteamento de Lopes,48,Apto 676,Novo Aarão Reis,Vargas dos Dourados,AL,BR,FALSE
1191,593,billing,10122133,Vila de Moreira,45,,Vila Copacabana,Cavalcanti de Minas,MA,BR,TRUE
1192,593,secondary,83545-749,Rua de Silva,79,,Prado,Novais,RR,BR,FALSE
1193,594,billing,52543093,Vila Theo Sá,22,,Maria Goretti,Mendonça,DF,BR,TRUE
1194,594,billing,66068-992,Jardim de Melo,6,,Primeiro De Maio,Leão do Campo,AC,BR,FALSE
1195,594,secondary,10302212,Trecho Fernandes,31,,Cachoeirinha,Peixoto do Galho,ES,BR,FALSE
1196,595,billing,32854142,Pátio da Conceição,36,,Canaa,da Luz Alegre,DF,BR,TRUE
1197,595,billing,15045-196,Setor Lunna Monteiro,280,,Vila Inestan,Porto,MS,BR,FALSE
1198,596,billing,32684232,Viela de Gonçalves,65,,Vila Trinta E Um De Março,Leão do Norte,DF,BR,TRUE
1199,596,secondary,69310571,Quadra de da Cruz,93,,Caiçara - Adelaide,da Rocha Alegre,MT,BR,FALSE
1200,596,secondary,78762602,Loteamento Lima,40,,Alpes,Moraes de Minas,RN,BR,FALSE
1201,597,billing,07867-969,Trevo de Nunes,28,Apto 919,Jardim Dos Comerciarios,da Mata de Gomes,AM,BR,TRUE
1202,597,billing,31900241,Loteamento Henry Gabriel Monteiro,78,Apto 373,Lorena,Costa,CE,BR,FALSE
1203,598,billing,02899-666,Praça de Nascimento,58,,Engenho Nogueira,Borges,MG,BR,TRUE
1204,598,billing,10651494,Favela Isis Siqueira,44,,Boa Viagem,Fernandes,MS,BR,FALSE
1205,598,secondary,71030-275,Pátio de Aparecida,689,Apto 869,Pedreira Padro Lopes,Farias,PE,BR,FALSE
1206,599,billing,34231-494,Esplanada Guilherme Cavalcante,78,Apto 062,Vila Copasa,Sá,RN,BR,TRUE
1207,600,billing,80409991,Condomínio Ana Julia Souza,5,Apto 050,Saudade,Albuquerque de Minas,RR,BR,TRUE
1208,601,billing,47429636,Campo Luiz Otávio Cavalcante,84,,Cidade Jardim Taquaril,Sales Paulista,RR,BR,TRUE
1209,601,secondary,92453960,Conjunto Thiago Alves,517,Apto 425,Vila Independencia 1ª Seção,Oliveira,RR,BR,FALSE
1210,601,secondary,85276-820,Colônia de Novaes,312,,João Alfredo,Gomes do Campo,GO,BR,FALSE
1211,602,billing,80970209,Trecho Arthur Pereira,63,Apto 159,Boa União 2ª Seção,Melo,MT,BR,TRUE
1212,602,secondary,31702533,Trevo Maria Júlia Abreu,560,,São Lucas,Martins,SP,BR,FALSE
1213,603,billing,58725-371,Conjunto Brayan Rodrigues,6,Apto 333,Alto Dos Pinheiros,Costa,CE,BR,TRUE
1214,603,secondary,69647-413,Campo Brito,71,,Santa Rita,Pimenta,MA,BR,FALSE
1215,603,billing,22663-154,Alameda Pastor,503,Apto 913,Boa União 1ª Seção,Garcia Alegre,DF,BR,FALSE
1216,604,billing,67136-463,Chácar Ana Julia Duarte,92,,Vila Rica,Cunha,BA,BR,TRUE
1217,604,billing,34852-979,Favela de Silva,79,Apto 577,Lagoa,Ramos,ES,BR,FALSE
1218,604,billing,21970-640,Lago Felipe Casa Grande,61,,Jaqueline,Cassiano,MA,BR,FALSE
1219,605,billing,78307-501,Estrada João Miguel Monteiro,4,Apto 491,Granja Werneck,Almeida,RO,BR,TRUE
1220,605,secondary,26963-642,Distrito Diogo Cirino,64,Apto 436,Santa Branca,Moraes do Amparo,RN,BR,FALSE
1221,605,secondary,74672-698,Estrada Anthony Viana,4,,Dom Silverio,Cardoso,PR,BR,FALSE
1222,606,billing,17026719,Parque de Barbosa,59,,Vila Barragem Santa Lúcia,Nogueira,MS,BR,TRUE
1223,606,billing,47561603,Lago de Pacheco,72,Apto 068,Santo Antônio,Castro,PE,BR,FALSE
1224,607,billing,95614-109,Parque Davi Miguel Rocha,39,Apto 932,Vila Ouro Minas,Machado do Galho,RN,BR,TRUE
1225,607,secondary,88506903,Fazenda da Paz,21,,Copacabana,Carvalho,PR,BR,FALSE
1226,608,billing,02385951,Viela de Carvalho,820,,Conjunto Califórnia I,Costa,AL,BR,TRUE
1227,608,billing,35823398,Viela de Fogaça,2,Apto 139,Tres Marias,Teixeira de Sousa,PR,BR,FALSE
1228,609,billing,87927876,Setor Levi da Cruz,90,Apto 422,União,Teixeira das Pedras,MT,BR,TRUE
1229,610,billing,44486574,Alameda Guerra,70,,São Geraldo,das Neves,RO,BR,TRUE
1230,611,billing,99198-720,Trecho Moraes,2,,Dona Clara,Teixeira,AC,BR,TRUE
1231,611,secondary,33914-198,Campo Sampaio,79,Apto 330,Vila Batik,Abreu dos Dourados,SP,BR,FALSE
1232,611,billing,95044-327,Trecho Cavalcante,380,,Vila Nossa Senhora Do Rosário,Rezende Paulista,SP,BR,FALSE
1233,612,billing,61693624,Rua Sousa,751,,Flavio De Oliveira,da Costa,PE,BR,TRUE
1234,613,billing,37057410,Recanto Jesus,72,,Barro Preto,Peixoto Paulista,AM,BR,TRUE
1235,613,secondary,25838-516,Largo Monteiro,711,Apto 446,Nova Cachoeirinha,Mendes do Campo,TO,BR,FALSE
1236,614,billing,29010291,Rua Carolina Rodrigues,2,Apto 858,Boa Vista,Aragão,AM,BR,TRUE
1237,615,billing,60235-359,Rodovia Luan Moraes,501,Apto 081,Jardim América,Sales,ES,BR,TRUE
1238,616,billing,63167-660,Praia Brito,38,Apto 788,Satelite,Martins do Galho,SP,BR,TRUE
1239,617,billing,18193-834,Viaduto Lívia Souza,6,Apto 104,Pousada Santo Antonio,Abreu,RS,BR,TRUE
1240,618,billing,28213114,Estação de das Neves,5,,Vila Petropolis,Almeida,GO,BR,TRUE
1241,618,secondary,46978-942,Travessa Júlia Câmara,19,Apto 019,Pedreira Padro Lopes,Moura de Goiás,ES,BR,FALSE
1242,619,billing,50041-951,Chácara de Costa,4,Apto 076,Ipiranga,Barbosa do Amparo,AC,BR,TRUE
1243,619,billing,16684-648,Conjunto de Vieira,9,Apto 728,João Paulo Ii,Moraes,AM,BR,FALSE
1244,619,billing,96923-444,Largo Freitas,52,Apto 772,Bom Jesus,Vasconcelos,RJ,BR,FALSE
1245,620,billing,36209-160,Ladeira de Pacheco,81,,Vila Paraíso,Correia,AP,BR,TRUE
1246,620,secondary,17066863,Conjunto Guilherme Sampaio,458,Apto 584,Vila Oeste,das Neves,PR,BR,FALSE
1247,620,secondary,57126565,Vila Agatha Brito,75,,Monsenhor Messias,Marques do Campo,MT,BR,FALSE
1248,621,billing,11120-701,Vila de Ribeiro,6,,Vila Batik,Teixeira,MS,BR,TRUE
1249,621,secondary,79262-552,Quadra Laura Barros,40,,Corumbiara,Pereira do Galho,RS,BR,FALSE
1250,622,billing,80861-868,Estrada de Sá,5,,Dom Joaquim,Casa Grande da Serra,RJ,BR,TRUE
1251,623,billing,85321-013,Trecho Nogueira,130,Apto 400,Goiania,Leão de Ferreira,PI,BR,TRUE
1252,623,secondary,90140-565,Aeroporto de Casa Grande,97,,Santa Cecilia,Rocha,SC,BR,FALSE
1253,623,secondary,95902799,Ladeira Gonçalves,26,Apto 991,São Bernardo,Vargas,PE,BR,FALSE
1254,624,billing,48836-269,Chácara Júlia Sampaio,86,,Vila Havaí,Azevedo de Marques,RR,BR,TRUE
1255,624,billing,52969-426,Colônia de Fogaça,88,,Nova Vista,Rios,RS,BR,FALSE
1256,625,billing,12452-770,Área Sophie Melo,15,,Lajedo,Castro Paulista,MA,BR,TRUE
1257,625,billing,88867895,Colônia Câmara,419,Apto 870,Ouro Minas,Silva de Minas,MA,BR,FALSE
1258,626,billing,01349843,Estação de Nogueira,5,Apto 046,Conjunto Santa Maria,Melo da Prata,PA,BR,TRUE
1259,627,billing,57236273,Avenida Montenegro,503,Apto 544,Nazare,da Cruz da Serra,TO,BR,TRUE
1260,628,billing,09549686,Residencial Marques,80,Apto 909,Vil Atila De Paiva,Sales,SC,BR,TRUE
1261,629,billing,67617-099,Condomínio Francisco Sá,4,,Vila Nova Cachoeirinha 3ª Seção,Guerra da Serra,MT,BR,TRUE
1262,629,secondary,62109-028,Morro Marques,155,Apto 004,Jardim Montanhês,Barbosa da Praia,PA,BR,FALSE
1263,630,billing,30572-756,Estação Almeida,81,,Lagoinha Leblon,Novais,DF,BR,TRUE
1264,630,billing,53701376,Alameda de Rios,12,Apto 324,São Cristóvão,Vasconcelos,BA,BR,FALSE
1265,630,secondary,77567794,Parque Zoe Duarte,52,Apto 148,Jaraguá,Leão,RS,BR,FALSE
1266,631,billing,77574658,Viela Luna Novaes,56,Apto 519,Conjunto São Francisco De Assis,Carvalho dos Dourados,RJ,BR,TRUE
1267,631,secondary,46829851,Morro João Pedro Cirino,673,,Campo Alegre,Novaes,PB,BR,FALSE
1268,632,billing,86341-448,Viaduto Maria Vitória Macedo,77,,Vila São Paulo,Pacheco,PB,BR,TRUE
1269,632,billing,03188727,Travessa Larissa Araújo,98,Apto 867,Vila Formosa,Siqueira da Serra,AC,BR,FALSE
1270,633,billing,05784-622,Passarela Costela,66,Apto 186,Ipiranga,Vargas do Campo,MS,BR,TRUE
1271,633,secondary,12141382,Vale de Montenegro,19,,São João,Ribeiro do Galho,PA,BR,FALSE
1272,634,billing,14660-170,Morro de Nunes,79,,Piraja,Caldeira,TO,BR,TRUE
1273,635,billing,52264-124,Núcleo Bruna Cassiano,957,,Pedreira Padro Lopes,Dias,AM,BR,TRUE
1274,636,billing,83202-271,Favela Rezende,9,,Baleia,Casa Grande,AP,BR,TRUE
1275,636,secondary,98008-475,Núcleo Maitê Rodrigues,53,,Vila Jardim São José,Cassiano,PI,BR,FALSE
1276,636,billing,39132183,Parque Vinicius Pinto,935,,Vila Copacabana,Moura,GO,BR,FALSE
1277,637,billing,98732-975,LADEIRA DE SÁ,36,Apto 713,Piratininga,Pires,BA,BR,TRUE
1278,637,secondary,46984-598,Alameda de Pereira,7,,Nossa Senhora Aparecida,Oliveira,MA,BR,FALSE
1279,638,billing,83062-646,Loteamento de Montenegro,999,Apto 724,Inconfidência,Gomes de Goiás,AP,BR,TRUE
1280,638,billing,84209274,Feira de Rodrigues,909,Apto 112,Cinquentenário,Cirino,SP,BR,FALSE
1281,638,secondary,51285136,Ladeira de Andrade,24,,Vila Nova Dos Milionarios,Rios Alegre,CE,BR,FALSE
1282,639,billing,70087775,Vale Aragão,4,Apto 226,Alto Vera Cruz,da Costa de da Paz,SP,BR,TRUE
1283,640,billing,84326-748,Praça Yago Porto,11,,Novo São Lucas,Carvalho,DF,BR,TRUE
1284,640,billing,85437673,Morro Novaes,38,Apto 196,Prado,Teixeira Alegre,RN,BR,FALSE
1285,641,billing,82243-121,Morro Fonseca,989,.,Diamante,Sales,DF,BR,TRUE
1286,642,billing,78141257,Viaduto Jesus,80,,Santa Margarida,da Rosa,GO,BR,TRUE
1287,642,secondary,47597-113,Núcleo Sá,88,,Embaúbas,Rocha,AL,BR,FALSE
1288,642,billing,42645963,Ladeira de Lima,945,,Ermelinda,Albuquerque,SE,BR,FALSE
1289,643,billing,35858726,Viela Cirino,15,,Aparecida,Mendonça,RS,BR,TRUE
1290,643,billing,92642102,Sítio Vasconcelos,92,Apto 807,Graça,Leão da Mata,RJ,BR,FALSE
1291,644,billing,06959-901,Passarela de Ribeiro,43,,Mantiqueira,Casa Grande do Oeste,RJ,BR,TRUE
1292,645,billing,02111-870,Área de Abreu,9,,Santa Tereza,Cavalcanti,BA,BR,TRUE
1293,646,billing,53220893,Morro de Gomes,9,Apto 980,Jardim Felicidade,Gomes de Minas,PB,BR,TRUE
1294,647,billing,01478247,Travessa Guilherme Vargas,8,,Das Industrias I,Vieira,MG,BR,TRUE
1295,647,billing,50688-857,Praça de Vasconcelos,3,,Piratininga,Campos,PA,BR,FALSE
1296,648,billing,35024506,Conjunto Sousa,60,Apto 241,Vila Ecológica,Pereira Paulista,SP,BR,TRUE
1297,649,billing,64686-676,Viaduto de Siqueira,26,Apto 428,Jatobá,Almeida,AC,BR,TRUE
1298,649,billing,13743784,Colônia Arthur Gabriel Teixeira,93,Apto 232,Cônego Pinheiro 2ª Seção,Silveira da Prata,RR,BR,FALSE
1299,649,secondary,37622334,Área Igor Fernandes,81,Apto 765,Pindura Saia,Lopes de Minas,AL,BR,FALSE
1300,650,billing,00591186,Via Siqueira,47,,Vila Barragem Santa Lúcia,Pires,DF,BR,TRUE
1301,651,billing,89140-269,Viela de Gomes,61,,Vila Mantiqueira,Porto da Praia,RO,BR,TRUE
1302,651,billing,08757575,Vila Cunha,9,,Coração Eucarístico,Sousa,SC,BR,FALSE
1303,651,secondary,37084446,Vereda de Dias,2,,Vila Formosa,Pires,PI,BR,FALSE
1304,652,billing,38541842,Fazenda de Castro,64,,Penha,Azevedo,PR,BR,TRUE
1305,652,secondary,33701-065,Passarela Aparecida,84,,Bom Jesus,Melo,RJ,BR,FALSE
1306,653,billing,10826277,Pátio Alexandre Lopes,5,Apto 186,Vila Antena,Albuquerque da Praia,MG,BR,TRUE
1307,653,billing,11828-921,Alameda de Mendes,78,Apto 435,Serra Do Curral,Almeida,RJ,BR,FALSE
1308,654,billing,53363-149,Rodovia Pires,269,Apto 861,Vila Dos Anjos,Dias de Ramos,MG,BR,TRUE
1309,655,billing,34549-642,Alameda Leão,692,,Vila São Geraldo,Moura de Goiás,AL,BR,TRUE
1310,656,billing,35808756,Feira de da Cunha,29,Apto 088,Maravilha,da Rocha,PI,BR,TRUE
1311,656,secondary,19272778,Lago Aragão,49,,Cinquentenário,Novais,AP,BR,FALSE
1312,656,secondary,71771-103,Área Luiz Fernando Aragão,73,Apto 174,Lagoinha Leblon,Sá de da Luz,AM,BR,FALSE
1313,657,billing,91848-000,Aeroporto Borges,13,,Vila De Sá,Silveira,AM,BR,TRUE
1314,657,secondary,89040-113,Travessa de Castro,6,,Vila Ecológica,Pacheco,BA,BR,FALSE
1315,658,billing,72443-764,Parque Dom Moreira,96,,Suzana,Freitas,RR,BR,TRUE
1316,659,billing,36597470,Trecho de Caldeira,88,Apto 192,Vila Mangueiras,Moraes,SE,BR,TRUE
1317,659,billing,38265619,Setor Gabriela Nogueira,3,,Minas Caixa,Jesus Verde,AM,BR,FALSE
1318,659,billing,99277-086,Parque de Fogaça,94,,Vila Paquetá,Freitas dos Dourados,PB,BR,FALSE
1319,660,billing,97767-380,Quadra Dias,7,Apto 823,Vila Das Oliveiras,Vasconcelos,PR,BR,TRUE
1320,660,secondary,39347412,Residencial Melissa Guerra,17,,Parque São José,Ramos,TO,BR,FALSE
1321,660,secondary,46052-173,Campo da Cruz,60,,São Benedito,Rodrigues de Novais,RJ,BR,FALSE
1322,661,billing,88022955,Passarela Pedro Henrique Araújo,488,Apto 707,Universo,Sales,RO,BR,TRUE
1323,661,secondary,62315434,Vale Emanuel Nunes,84,,Acaba Mundo,Nogueira das Flores,PR,BR,FALSE
1324,661,billing,17249859,Feira Théo Costa,15,Apto 941,Nova Floresta,Pires,RR,BR,FALSE
1325,662,billing,72408-962,Viaduto de Monteiro,2,Apto 321,Marmiteiros,Lima dos Dourados,AL,BR,TRUE
1326,663,billing,91871710,Loteamento Liam Silva,8,Apto 189,São Sebastião,Cassiano,CE,BR,TRUE
1327,663,billing,31896050,Lagoa Gomes,2,,Pousada Santo Antonio,da Rocha,AP,BR,FALSE
1328,663,secondary,41465-545,Esstação da Cruz,65,Apto 916,Vila Trinta E Um De Março,Souza de Minas,MS,BR,FALSE
1329,664,billing,63036-338,Lagoa Nicole Guerra,10,Apto 744,Dona Clara,Cavalcanti Alegre,RS,BR,TRUE
1330,664,billing,19165364,Alameda Isabel Rezende,79,Apto 778,Vila Batik,Costela,GO,BR,FALSE
1331,664,secondary,45244864,Campo de Rodrigues,63,Apto 090,Vila Fumec,Costa da Praia,SC,BR,FALSE
1332,665,billing,84063929,Jardim de Porto,25,,Vila São Rafael,Casa Grande,PB,BR,TRUE
1333,666,billing,00499126,Feira Pietra da Luz,90,Apto 192,Vila Da Amizade,Fonseca,AL,BR,TRUE
1334,666,billing,63392362,Trecho Pedro Lucas Carvalho,865,,Vila Primeiro De Maio,Camargo,RR,BR,FALSE
1335,666,billing,49128300,Estação Rhavi Teixeira,418,Apto 924,Marieta 2ª Seção,Leão,PR,BR,FALSE
1336,667,billing,77619607,Chácara de Brito,32,,Floramar,Santos,MT,BR,TRUE
1337,668,billing,33531535,Esplanada Yasmin Marques,64,,Vila Mangueiras,Vargas,GO,BR,TRUE
1338,669,billing,94147716,Esplanada de Nascimento,282,,São Jorge 1ª Seção,da Rocha,MA,BR,TRUE
1339,669,secondary,82163-629,Aeroporto Otávio Moreira,84,,Santo Agostinho,Casa Grande,RR,BR,FALSE
1340,670,billing,32242637,Favela de Gonçalves,612,,Granja De Freitas,da Rocha,MT,BR,TRUE
1341,670,secondary,87847590,Jardim Maria Flor da Paz,8,Apto 643,Independência,Barbosa do Sul,MS,BR,FALSE
1342,670,secondary,94065-253,Trecho da Cruz,54,Apto 483,Itatiaia,Campos Verde,RJ,BR,FALSE
1343,671,billing,50897-754,Conjunto Yasmin Viana,6,,Vila Fumec,Alves de Lima,PA,BR,TRUE
1344,671,secondary,50162204,Viaduto Machado,51,,Vila Aeroporto,Novaes do Amparo,CE,BR,FALSE
1345,671,billing,84926-152,Viela de Rocha,60,,Vila Real 1ª Seção,Novaes Grande,SC,BR,FALSE
1346,672,billing,80820780,Rodovia de Moraes,12,Apto 925,Conjunto Santa Maria,Abreu,RS,BR,TRUE
1347,672,billing,23547-913,Esplanada Mendonça,129,,Conjunto Lagoa,Borges do Sul,AC,BR,FALSE
1348,672,secondary,27982579,Rodovia de Moura,55,,Coração Eucarístico,Cavalcante,PA,BR,FALSE
1349,673,billing,32240807,Via Benício Albuquerque,97,,Califórnia,Caldeira de Viana,MS,BR,TRUE
1350,673,billing,68524608,Sítio de Vieira,359,,Vila Independencia 2ª Seção,Nogueira,MT,BR,FALSE
1351,674,billing,51228660,Travessa Pacheco,574,,Sion,Caldeira,SP,BR,TRUE
1352,674,billing,15903-648,Residencial de da Cruz,62,,Vila Aeroporto Jaraguá,Sá,AM,BR,FALSE
1353,675,billing,59968483,Fazenda João Gabriel Nunes,78,,Vila Betânia,Barbosa de Farias,MA,BR,TRUE
1354,675,secondary,95995719,Praia Mayas Aragão,8,Apto 191,Vila Pinho,da Conceição,MS,BR,FALSE
1355,676,billing,36359217,Estrada da Mata,6,,Vila Real 2ª Seção,Freitas,MT,BR,TRUE
1356,676,billing,63143-870,Condomínio Davi Lucas Fernandes,22,Apto 188,Vila Atila De Paiva,Pimenta Paulista,RN,BR,FALSE
1357,677,billing,92659517,Fazenda Gonçalves,56,,São Salvador,da Mota,ES,BR,TRUE
1358,677,billing,37400198,Condomínio Caldeira,7,,Goiania,Cirino,GO,BR,FALSE
1359,677,secondary,32654-951,Rodovia de Pereira,819,Apto 855,Belmonte,Peixoto de Camargo,MS,BR,FALSE
1360,678,billing,36980-345,Jardim de Nascimento,530,,Vila Antena,Aragão do Galho,AL,BR,TRUE
1361,679,billing,00695698,Trevo Nascimento,43,Apto 167,Tupi A,Gomes,SE,BR,TRUE
1362,680,billing,40307-505,Travessa de Nunes,7,Apto 408,Canadá,Garcia,PB,BR,TRUE
1363,680,billing,09179651,Largo Pereira,90,Apto 653,Vila Nova Paraíso,da Rocha de Pacheco,GO,BR,FALSE
1364,680,secondary,58393-185,Praça de Gomes,44,,Grota,Moraes de Caldeira,SE,BR,FALSE
1365,681,billing,68881078,Vereda Rhavi Cavalcanti,2,,Universo,Aparecida de Pires,TO,BR,TRUE
1366,682,billing,07817623,Estação de Duarte,98,,Canaa,Ramos,SC,BR,TRUE
1367,682,billing,27761518,Praia Montenegro,34,Apto 467,Olaria,Araújo,GO,BR,FALSE
1368,683,billing,59765712,Jardim Ana Cecília Ferreira,647,,Bonsucesso,Azevedo Paulista,RJ,BR,TRUE
1369,683,billing,14090544,Travessa Lavínia Cavalcante,22,Apto 653,São Tomaz,Vasconcelos de Sousa,DF,BR,FALSE
1370,684,billing,76667524,Lagoa de Cirino,4,,Califórnia,Mendes Verde,RJ,BR,TRUE
1371,684,billing,06581-124,Avenida Maria Júlia Macedo,436,Apto 509,Nova Pampulha,Caldeira,RJ,BR,FALSE
1372,685,billing,27166239,Fazenda de Fogaça,16,,Bonfim,Pires de Machado,CE,BR,TRUE
1373,685,secondary,55813-261,Loteamento Rezende,82,Apto 018,Cdi Jatoba,Costa,RS,BR,FALSE
1374,686,billing,00253046,Lagoa Arthur Gabriel Vasconcelos,91,,Nova Vista,Câmara de Goiás,AM,BR,TRUE
1375,687,billing,56483562,Sítio de Marques,23,Apto 848,João Pinheiro,da Costa,MG,BR,TRUE
1376,687,billing,92152-964,Rua Maria Helena Sá,7,Apto 639,Embaúbas,Costela,BA,BR,FALSE
1377,687,billing,16880701,Distrito de Barros,85,Apto 412,Vitoria,Brito da Serra,AM,BR,FALSE
1378,688,billing,34017919,Ladeira Caroline Pires,77,Apto 696,Conjunto Bonsucesso,Costa das Pedras,PB,BR,TRUE
1379,689,billing,17120345,Recanto de Sales,81,Apto 565,Santa Efigênia,Costela,AC,BR,TRUE
1380,689,secondary,22422371,Parque Ana Lívia da Conceição,63,,Silveira,Peixoto,RN,BR,FALSE
1381,689,secondary,21115-292,Aeroporto Otávio Silveira,7,,Xodo-Marize,Lima de Pires,GO,BR,FALSE
1382,690,billing,01173101,Vale Camargo,5,Apto 600,Estoril,Cirino do Norte,MA,BR,TRUE
1383,690,billing,66865-103,Trevo de Fogaça,37,Apto 278,Fazendinha,Sousa,RN,BR,FALSE
1384,690,billing,25324488,Alameda de Mendonça,79,Apto 577,Vila Trinta E Um De Março,Dias da Mata,DF,BR,FALSE
1385,691,billing,92891-463,Esplanada Rezende,45,, Guarani,da Luz de Pacheco,RR,BR,TRUE
1386,691,billing,16084781,Esplanada de Casa Grande,53,Apto 494,Itatiaia,Viana de Rios,SE,BR,FALSE
1387,691,secondary,84856-944,Chácara Vinicius Cavalcanti,6,,Piraja,Pinto,SC,BR,FALSE
1388,692,billing,42607133,Chácara de da Mata,38,,Pantanal,Viana da Mata,RO,BR,TRUE
1389,692,billing,12395-545,Vereda de Casa Grande,29,Apto 372,Aparecida,Jesus,SE,BR,FALSE
1390,693,billing,73097-803,Vale de Silviera,74,,Senhor Dos Passos,Castro do Norte,RR,BR,TRUE
1391,693,secondary,53919-193,Esplanada de Moreira,418,,São Bento,Albuquerque dos Dourados,ES,BR,FALSE
1392,693,secondary,85505-068,Morro Brito,5,Apto 627,Santa Rita,Gonçalves das Pedras,CE,BR,FALSE
1393,694,billing,76272438,Lagoa da Mata,66,,Bom Jesus,Pastor dos Dourados,MT,BR,TRUE
1394,694,secondary,01446338,Largo Aylla da Paz,20,Apto 222,Boa Esperança,Novais do Campo,DF,BR,FALSE
1395,695,billing,20593089,Vale de Silva,30,,Vila Da Paz,Cassiano,RR,BR,TRUE
1396,696,billing,24176697,Viela Guerra,338,,São Tomaz,Garcia,RR,BR,TRUE
1397,696,billing,74000-977,Largo Sales,79,,Copacabana,Rios da Praia,RJ,BR,FALSE
1398,696,billing,12135530,Esplanada Fernandes,44,,Oeste,Gomes das Pedras,RJ,BR,FALSE
1399,697,billing,70675644,Favela Pires,5,Apto 822,Capitão Eduardo,Pinto,SC,BR,TRUE
1400,697,secondary,57205-553,Colônia Gonçalves,655,Apto 026,Novo Ouro Preto,Freitas do Sul,MS,BR,FALSE
1401,698,billing,60722884,Travessa de Costa,928,,Vila Ouro Minas,Gomes do Galho,RJ,BR,TRUE
1402,698,secondary,10652854,Estrada Benício Dias,73,,Calafate,Teixeira do Campo,PA,BR,FALSE
1403,699,billing,70727420,Viaduto Porto,30,Apto 940,Prado,Nunes de Pimenta,ES,BR,TRUE
1404,699,secondary,78810-485,Colônia de Ferreira,505,Apto 248,Vila Santa Monica 1ª Seção,Moreira de da Paz,RS,BR,FALSE
1405,699,secondary,41471408,Quadra de Mendonça,651,,Vila Mangueiras,Pimenta Verde,TO,BR,FALSE
1406,700,billing,29137901,Sítio Sabrina da Paz,5,,Vila Mangueiras,Guerra de Sales,ES,BR,TRUE
1407,701,billing,09947914,Largo Rezende,528,,Cinquentenário,Garcia de Mendonça,TO,BR,TRUE
1408,702,billing,41653-746,Parque de Teixeira,68,,Padre Eustáquio,Costela dos Dourados,AM,BR,TRUE
1409,703,billing,43611-168,Trecho Esther Carvalho,81,,Candelaria,Moreira do Amparo,MA,BR,TRUE
1410,704,billing,82563-432,Chácara Antônio Campos,1,,Conjunto Jatoba,Sales,AM,BR,TRUE
1411,704,secondary,91410-112,Chácara Ramos,84,,Guarani,Dias,RO,BR,FALSE
1412,705,billing,96194-238,Estação Sousa,3,,Grotinha,Sales da Prata,BA,BR,TRUE
1413,705,billing,70807-092,Rua Eloá Machado,73,,Vila Madre Gertrudes 4ª Seção,Castro Alegre,GO,BR,FALSE
1414,706,billing,47026915,Lago de Guerra,36,,Centro,Mendes,SP,BR,TRUE
1415,706,billing,97223187,Rodovia Jesus,53,Apto 453,Tres Marias,Fonseca de Aparecida,PI,BR,FALSE
1416,707,billing,90385698,Conjunto Novais,14,,Cruzeiro,Machado,PE,BR,TRUE
1417,707,secondary,62684941,Viela de da Rocha,19,Apto 447,Leticia,Ferreira,ES,BR,FALSE
1418,707,secondary,92606-082,Viela Moreira,10,,Alpes,Peixoto,PR,BR,FALSE
1419,708,billing,67824655,Aeroporto Pimenta,32,,Conjunto Novo Dom Bosco,Cardoso,PE,BR,TRUE
1420,708,secondary,69035832,Distrito de da Conceição,37,Apto 344,Cinquentenário,Barbosa das Flores,AL,BR,FALSE
1421,709,billing,88148994,Viaduto de Cavalcante,43,,Castanheira,Montenegro,SC,BR,TRUE
1422,709,secondary,66199-971,Rodovia Santos,9,Apto 632,Nova Granada,da Costa,RS,BR,FALSE
1423,709,secondary,75214554,Praia João Cassiano,10,Apto 489,Sion,da Luz de Vargas,GO,BR,FALSE
1424,710,billing,25973037,Rodovia Emanuella Ramos,9,Apto 374,Gutierrez,Casa Grande,SC,BR,TRUE
1425,710,secondary,06083077,Praça Souza,67,,Santa Sofia,Pacheco do Galho,PB,BR,FALSE
1426,711,billing,15733-353,Favela de Monteiro,402,Apto 894,Vila Satélite,Duarte,PA,BR,TRUE
1427,712,billing,76192-781,Viela Aparecida,79,,Conjunto Califórnia Ii,Nogueira do Norte,RJ,BR,TRUE
1428,712,secondary,22427-561,Feira Maitê Cassiano,2,Apto 701,Camponesa 2ª Seção,Duarte de Porto,MT,BR,FALSE
1429,712,secondary,67747-351,Pátio Marques,54,Apto 998,Serra Verde,Viana,RR,BR,FALSE
1430,713,billing,16778-803,Esplanada da Paz,123,,Sion,Novais,DF,BR,TRUE
1431,714,billing,41871550,Vale Pires,40,,Santa Terezinha,Correia,SP,BR,TRUE
1432,714,billing,43137-312,Travessa de Freitas,5,Apto 888,Campo Alegre,Sampaio de Fonseca,RJ,BR,FALSE
1433,715,billing,32292-780,Trecho de Casa Grande,939,Apto 639,Cabana Do Pai Tomás,Leão,CE,BR,TRUE
1434,716,billing,46786303,Campo de Gomes,519,,São Paulo,Mendes do Norte,PB,BR,TRUE
1435,716,billing,98644-491,Setor Ferreira,1,,Camargos,da Luz da Serra,PB,BR,FALSE
1436,716,secondary,55730180,Residencial de Carvalho,58,,Conjunto Providencia,Almeida,BA,BR,FALSE
1437,717,billing,72752152,Viaduto Juan da Costa,2,Apto 434,Bernadete,Gomes de Goiás,PI,BR,TRUE
1438,718,billing,67759727,Quadra Henry Rezende,784,Apto 053,Vila Maria,Gonçalves Alegre,RS,BR,TRUE
1439,718,billing,40968-348,Vereda Mirella Mendonça,7,Apto 462,Vila Aeroporto Jaraguá,Nunes,AP,BR,FALSE
1440,719,billing,73605-390,Campo de Barros,1,Apto 077,São Jorge 3ª Seção,Camargo,TO,BR,TRUE
1441,719,secondary,63741987,Avenida de Costela,62,,Barão Homem De Melo 3ª Seção,Pinto,DF,BR,FALSE
1442,720,billing,92274454,Vila de Ferreira,84,Apto 278,Savassi,Santos de Peixoto,TO,BR,TRUE
1443,721,billing,44771740,Passarela Hellena Machado,394,,Vila Jardim Montanhes,Rodrigues,SP,BR,TRUE
1444,722,billing,13769-823,Parque Enzo Gabriel Novais,45,,Cidade Nova,Nogueira,PR,BR,TRUE
1445,723,billing,90912-812,Esplanada Guerra,95,Apto 156,Providencia,Andrade,CE,BR,TRUE
1446,723,secondary,22519-335,Conjunto Natália da Paz,83,Apto 282,São Bento,Alves do Campo,CE,BR,FALSE
1447,724,billing,20043-209,Setor Castro,512,,Rio Branco,Ribeiro das Pedras,PA,BR,TRUE
1448,724,billing,83031-729,Ladeira de Aragão,893,Apto 513,Santa Branca,Rodrigues da Prata,SE,BR,FALSE
1449,724,secondary,81419-679,Colônia de Novais,25,,Vila Barragem Santa Lúcia,Abreu,PE,BR,FALSE
1450,725,billing,96538-519,Área Evelyn Guerra,445,Apto 401,Bairro Das Indústrias Ii,Fonseca de Cavalcanti,PI,BR,TRUE
1451,726,billing,99722-575,Conjunto Cavalcanti,49,,Carmo,Ribeiro,CE,BR,TRUE
1452,726,secondary,72544955,Aeroporto de da Cruz,8,,teixeira dias,Nogueira Grande,MT,BR,FALSE
1453,726,secondary,67723-967,Residencial de Moreira,19,,Paraíso,Barros das Pedras,DF,BR,FALSE
1454,727,billing,66267940,Vila de Pacheco,8,,Dona Clara,Silveira de Carvalho,CE,BR,TRUE
1455,727,billing,76480361,Vereda Eduarda da Rosa,30,Apto 919,Marieta 1ª Seção,Farias do Sul,RO,BR,FALSE
1456,728,billing,84841-492,Setor Câmara,16,,Vila Nova Cachoeirinha 1ª Seção,Carvalho,TO,BR,TRUE
1457,728,billing,51174863,Vale Ryan Nogueira,6,,São Jorge 2ª Seção,Gonçalves do Norte,PR,BR,FALSE
1458,728,secondary,43517593,Praia Castro,11,,São José,Duarte das Flores,DF,BR,FALSE
1459,729,billing,47961265,Rua Nascimento,697,,Madre Gertrudes,Correia do Amparo,RJ,BR,TRUE
1460,729,billing,88166-809,Loteamento Eduardo Caldeira,988,Apto 744,Vila Nossa Senhora Do Rosário,Correia de Vieira,CE,BR,FALSE
1461,730,billing,77854574,Viela Maria Eduarda Almeida,90,,Vila São Gabriel,Sousa Alegre,PI,BR,TRUE
1462,730,billing,48564327,Núcleo de das Neves,2,,Vila Novo São Lucas,Lima da Praia,BA,BR,FALSE
1463,731,billing,70156-266,Travessa de Nascimento,9,,Barreiro,Cardoso dos Dourados,SE,BR,TRUE
1464,732,billing,00854631,Ladeira Julia Aparecida,56,Apto 932,Frei Leopoldo,Farias de Farias,RR,BR,TRUE
1465,733,billing,88333149,Via Cassiano,94,,Leonina,Montenegro,SE,BR,TRUE
1466,733,billing,06665347,Praia de Sampaio,1,Apto 900,Conjunto Bonsucesso,Abreu,AL,BR,FALSE
1467,733,secondary,32666178,Rodovia Silva,564,,Vila Madre Gertrudes 4ª Seção,Gonçalves,BA,BR,FALSE
1468,734,billing,76502-942,Avenida Enzo Gabriel Cassiano,29,,Marieta 1ª Seção,Freitas,DF,BR,TRUE
1469,734,billing,59271-976,Passarela de Camargo,52,,Cidade Jardim Taquaril,Cunha,PE,BR,FALSE
1470,735,billing,10701774,Passarela Asafe Nogueira,94,Apto 649,Canadá,Souza de Duarte,AC,BR,TRUE
1471,736,billing,83123-315,Fazenda de da Mata,376,Apto 174,Biquinhas,Sá,RS,BR,TRUE
1472,736,secondary,75141648,Pátio de Sales,98,,Coqueiros,Pimenta,RR,BR,FALSE
1473,736,billing,32786-028,Vila Júlia Cunha,65,,Vila Das Oliveiras,Azevedo,BA,BR,FALSE
1474,737,billing,99149952,Estrada Bárbara Oliveira,13,,Bom Jesus,Fonseca Paulista,RJ,BR,TRUE
1475,738,billing,05944-599,Jardim Dias,11,,Cinquentenário,Porto,SP,BR,TRUE
1476,738,billing,88707136,Lago Cardoso,3,Apto 100,Jardim Atlântico,Nogueira do Amparo,RN,BR,FALSE
1477,738,billing,52100-848,Largo Ana Clara Cavalcanti,75,,Itaipu,Casa Grande da Serra,CE,BR,FALSE
1478,739,billing,54417105,Residencial Paulo Peixoto,49,,Vila Mangueiras,Sá Verde,TO,BR,TRUE
1479,740,billing,70648723,Rua Marcos Vinicius Novais,851,,Vila Paris,Porto Grande,AL,BR,TRUE
1480,740,billing,77004-830,Praia de Gonçalves,47,,Santo Agostinho,Fonseca,MT,BR,FALSE
1481,741,billing,82743832,Passarela de Teixeira,62,,Barreiro,Viana do Oeste,MA,BR,TRUE
1482,741,secondary,73230146,Praça Maria Sophia Fonseca,4,Apto 809,Leticia,Barros da Prata,MT,BR,FALSE
1483,741,billing,03971010,Ladeira Pedro Cunha,6,,Vila Santo Antônio,Pacheco,PI,BR,FALSE
1484,742,billing,99340960,Rua Mendes,58,Apto 865,Leticia,Cassiano da Serra,MS,BR,TRUE
1485,743,billing,77685755,Praça de Vargas,34,,Tirol,Monteiro,PR,BR,TRUE
1486,743,secondary,01932-526,Lagoa Alana Carvalho,22,,Novo Das Industrias,Araújo da Praia,CE,BR,FALSE
1487,744,billing,81498714,Alameda Siqueira,85,,Estrela,Cavalcanti,GO,BR,TRUE
1488,744,secondary,49386362,Campo Mendonça,45,Apto 373,Vila Calafate,Mendes dos Dourados,RS,BR,FALSE
1489,744,billing,30658-582,Praça Eduarda da Rosa,29,,Mantiqueira,Câmara de Porto,AC,BR,FALSE
1490,745,billing,78581442,Rua de Santos,96,,Pirineus,Camargo do Sul,PB,BR,TRUE
1491,746,billing,05611-555,Área Monteiro,99,,Cardoso,Vieira das Flores,AM,BR,TRUE
1492,747,billing,58890171,Rodovia de Macedo,89,,São Pedro,Barros,SC,BR,TRUE
1493,748,billing,68315624,Avenida Gomes,6,Apto 116,Vila Barragem Santa Lúcia,Leão de Pimenta,AC,BR,TRUE
1494,748,billing,43526-821,Lagoa de Santos,11,Apto 232,Santa Isabel,Andrade,TO,BR,FALSE
1495,749,billing,32575-921,Feira Andrade,94,Apto 990,Leonina,Silva Paulista,SE,BR,TRUE
1496,750,billing,17210463,Campo Moura,17,,Vila Da Luz,Nunes,PI,BR,TRUE
1497,751,billing,83505-445,Estrada de Caldeira,213,,Confisco,da Rocha dos Dourados,AC,BR,TRUE
1498,751,secondary,34135-054,Aeroporto de Machado,84,Apto 186,Vila Madre Gertrudes 3ª Seção,Pires,RJ,BR,FALSE
1499,751,billing,36813-145,Vale da Paz,307,,Vila São Rafael,Macedo,SP,BR,FALSE
1500,752,billing,58458-402,Esplanada Macedo,16,Apto 218,Barão Homem De Melo 2ª Seção,Sá das Pedras,PR,BR,TRUE
1501,753,billing,52793444,Condomínio Breno Guerra,57,,Vila Copacabana,Azevedo,SC,BR,TRUE
1502,754,billing,83063443,Residencial de Caldeira,9,,Grotinha,Farias,PB,BR,TRUE
1503,754,secondary,42373-534,Quadra de Cardoso,78,,São Damião,Cavalcante,CE,BR,FALSE
1504,755,billing,35022-774,Passarela de Porto,403,,São Cristóvão,Mendonça do Campo,ES,BR,TRUE
1505,755,billing,05877-522,Chácara Rodrigues,10,,Vila Paquetá,Albuquerque Grande,DF,BR,FALSE
1506,755,billing,20338-738,Núcleo Otto Fogaça,1,Apto 215,Vila Engenho Nogueira,da Costa da Prata,DF,BR,FALSE
1507,756,billing,66943-658,Vale Ana Júlia Pimenta,8,,São José,Sales do Campo,TO,BR,TRUE
1508,756,billing,44553296,Residencial Mateus Mendonça,59,Apto 283,Brasil Industrial,Caldeira das Flores,PA,BR,FALSE
1509,757,billing,33428-091,Loteamento da Luz,7,,Santana Do Cafezal,da Rocha,RN,BR,TRUE
1510,757,secondary,70549-114,Praça Freitas,77,,Maria Goretti,Cirino,PA,BR,FALSE
1511,758,billing,49075-351,Rodovia da Cruz,75,,Conjunto Jatoba,Câmara,MA,BR,TRUE
1512,758,billing,65158-223,Trevo da Rosa,16,,Mangueiras,Machado das Pedras,SC,BR,FALSE
1513,758,secondary,61249-833,Jardim Gael das Neves,77,Apto 938,Túnel De Ibirité,Freitas,RO,BR,FALSE
1514,759,billing,91493735,Via de Ribeiro,19,,São Cristóvão,Barros,SP,BR,TRUE
1515,759,billing,68674478,Rua Manuella Costa,80,,Bela Vitoria,Brito,MG,BR,FALSE
1516,760,billing,41826-971,Quadra de Rodrigues,2,,Mangueiras,Silveira,RJ,BR,TRUE
1517,761,billing,40541-919,Trecho de da Rosa,285,Apto 174,Conjunto Minas Caixa,Barros da Mata,BA,BR,TRUE
1518,762,billing,74045122,Viela de Farias,893,Apto 081,Baleia,Ferreira,PB,BR,TRUE
1519,762,secondary,31891-004,Trecho de Cavalcanti,16,Apto 128,Vila Batik,da Luz Verde,RJ,BR,FALSE
1520,763,billing,26315-081,Sítio Lopes,17,Apto 429,Maria Virgínia,Peixoto de Almeida,DF,BR,TRUE
1521,763,billing,40642-823,Travessa Melissa da Mota,787,,Vila Bandeirantes,Nascimento,RR,BR,FALSE
1522,764,billing,48412-123,Travessa Gabrielly Andrade,49,,Vila Santa Monica 1ª Seção,Aparecida de Santos,MG,BR,TRUE
1523,764,billing,72352643,Chácara Henry da Cruz,187,Apto 571,Luxemburgo,Castro do Galho,GO,BR,FALSE
1524,765,billing,54870-096,Pátio Isaac da Mata,59,Apto 838,Santa Rosa,Guerra do Norte,AM,BR,TRUE
1525,765,secondary,68586-778,Loteamento de da Conceição,84,,Vila São Dimas,Cunha do Oeste,AL,BR,FALSE
1526,766,billing,61999326,Alameda de da Cruz,661,Apto 742,Vila Jardim Montanhes,Gonçalves,PI,BR,TRUE
1527,767,billing,78037171,Praça de Duarte,880,,Jardim Alvorada,Viana do Campo,RR,BR,TRUE
1528,768,billing,04654565,Parque Pedro Miguel Sales,73,,Delta,Costela,RN,BR,TRUE
1529,768,secondary,22304210,Residencial Peixoto,182,Apto 487,Serra Verde,Monteiro,SC,BR,FALSE
1530,768,secondary,12335793,Residencial de Pires,15,?,Boa Vista,Peixoto,BA,BR,FALSE
1531,769,billing,92013370,Lago de Duarte,14,Apto 850,Nova Vista,Santos de da Rocha,RN,BR,TRUE
1532,770,billing,13928236,Praça de Souza,49,,São Paulo,Vargas,PA,BR,TRUE
1533,771,billing,13800338,Feira Lopes,73,,Betânia,Silveira do Norte,MA,BR,TRUE
1534,771,secondary,61945-615,Colônia de Montenegro,2,Apto 069,Vale Do Jatoba,Ribeiro Grande,SE,BR,FALSE
1535,772,billing,23197895,Viela de Moreira,132,,Bela Vitoria,Rodrigues,PI,BR,TRUE
1536,772,billing,07232274,Praia de Moreira,20,,Vila Barragem Santa Lúcia,da Mata do Campo,AC,BR,FALSE
1537,773,billing,44425374,Ladeira Peixoto,81,,Santa Maria,Novaes Paulista,PR,BR,TRUE
1538,773,secondary,02392-831,Trevo Azevedo,27,,Universitário,Albuquerque,MA,BR,FALSE
1539,773,billing,97923410,Distrito de da Rosa,15,Apto 596,Dom Joaquim,Araújo,MG,BR,FALSE
1540,774,billing,68441877,Viela Valentina Pimenta,81,,Coração De Jesus,Porto da Prata,PB,BR,TRUE
1541,774,billing,96204297,Setor Felipe Araújo,5,Apto 100,São Gabriel,Ferreira,RJ,BR,FALSE
1542,774,billing,30651176,Esplanada de Duarte,6,,Lourdes,Vieira,TO,BR,FALSE
1543,775,billing,04960546,Alameda de Freitas,9,,Jardim São José,Ribeiro de Minas,PR,BR,TRUE
1544,775,secondary,42047308,Sítio Yasmin Macedo,72,,Etelvina Carneiro,Cavalcante,SC,BR,FALSE
1545,776,billing,41333-580,Viela Barbosa,4,Apto 770,Álvaro Camargos,da Costa,TO,BR,TRUE
1546,777,billing,58235062,Lagoa Enzo Sousa,17,,Carmo,Cavalcante,PE,BR,TRUE
1547,777,billing,04161-435,Fazenda Ana Júlia Pacheco,9,,Suzana,das Neves,TO,BR,FALSE
1548,778,billing,57464-333,Ladeira Almeida,60,Apto 818,Candelaria,Ribeiro do Galho,MS,BR,TRUE
1549,778,secondary,50629258,Área de Siqueira,294,Apto 943,Paquetá,da Costa,DF,BR,FALSE
1550,779,billing,29386556,Loteamento de Ribeiro,3,,Carlos Prates,Albuquerque,RS,BR,TRUE
1551,779,billing,53847927,Núcleo de Azevedo,52,,Morro Dos Macacos,Barbosa da Prata,DF,BR,FALSE
1552,780,billing,91461-201,Jardim de Aparecida,99,Apto 340,Acaiaca,Macedo de Viana,AP,BR,TRUE
1553,781,billing,01083-173,TREVO LORENA COSTA,61,Apto 533,Renascença,Duarte de Costa,AM,BR,TRUE
1554,781,secondary,52861-224,Via Rios,1,,Chácara Leonina,Oliveira do Oeste,PR,BR,FALSE
1555,781,billing,81835-002,Sítio Melo,90,,Tupi B,Freitas de Ramos,PR,BR,FALSE
1556,782,billing,23518-026,Estação Henry Porto,39,Apto 884,Boa Esperança,Silveira de Goiás,RR,BR,TRUE
1557,783,billing,47792-796,Estrada de Pinto,60,,Marilandia,Fonseca,SC,BR,TRUE
1558,784,billing,04533-043,Vale Yago Novais,6,Apto 988,Palmares,Sales,MG,BR,TRUE
1559,785,billing,44337-314,Aeroporto de Casa Grande,103,Apto 081,Vila Suzana Segunda Seção,Câmara,RN,BR,TRUE
1560,786,billing,11407559,Setor Luiza Cavalcante,7,Apto 348,Jatobá,da Conceição do Norte,MT,BR,TRUE
1561,786,billing,44755082,Sítio Casa Grande,288,,Nova Vista,Barros de Goiás,PB,BR,FALSE
1562,787,billing,95880732,Condomínio Ana Liz Garcia,65,Apto 428,Jatobá,Moreira das Pedras,DF,BR,TRUE
1563,787,secondary,20323-832,Recanto Araújo,59,,Frei Leopoldo,Mendes,RR,BR,FALSE
1564,787,secondary,02655-859,Jardim Fonseca,402,,Vila Nova Gameleira 3ª Seção,Campos,AC,BR,FALSE
1565,788,billing,85480514,Viaduto Moreira,427,,Santa Branca,Pacheco do Norte,RJ,BR,TRUE
1566,788,billing,47181-324,Pátio Cassiano,5,Apto 613,Ernesto Nascimento,da Luz dos Dourados,DF,BR,FALSE
1567,788,secondary,70255563,Vereda Ísis Campos,61,,Piraja,Rios de Camargo,PI,BR,FALSE
1568,789,billing,74922396,Núcleo João Gabriel Nascimento,51,Apto 190,Santo André,Vargas,PB,BR,TRUE
1569,790,billing,57456-599,Núcleo Almeida,46,,Eymard,Sales de da Conceição,PA,BR,TRUE
1570,790,secondary,35371-214,Feira Cauê Monteiro,1,,Ventosa,Moura do Oeste,SE,BR,FALSE
1571,791,billing,42863231,Estação Guerra,85,,Jaraguá,da Luz de Rodrigues,MA,BR,TRUE
1572,792,billing,66735216,Rua da Cruz,30,,Cidade Nova,da Mota de Vasconcelos,AC,BR,TRUE
1573,792,billing,93496479,Núcleo Câmara,356,,Virgínia,Sousa,MT,BR,FALSE
1574,793,billing,26267-188,Via de Castro,17,,Brasil Industrial,Lopes,AP,BR,TRUE
1575,794,billing,66732217,Praia de Ferreira,541,Apto 477,Vila Petropolis,Alves,SP,BR,TRUE
1576,794,secondary,53376-979,Vila Lopes,77,Apto 243,Taquaril,Ribeiro do Norte,SP,BR,FALSE
1577,794,secondary,30079-823,Favela de Porto,891,,Santa Maria,Sá de Costela,RO,BR,FALSE
1578,795,billing,63921-187,Colônia de Sousa,72,,Vila Copasa,Macedo de Câmara,MT,BR,TRUE
1579,795,secondary,05973446,Loteamento de Abreu,5,,Parque São Pedro,Marques Verde,CE,BR,FALSE
1580,795,secondary,61662908,Travessa João Nunes,78,,Flamengo,Siqueira do Amparo,PB,BR,FALSE
1581,796,billing,39663-527,Passarela Albuquerque,8,Apto 550,Grotinha,Rezende,PI,BR,TRUE
1582,796,billing,13838-901,Quadra Dias,38,Apto 079,Alípio De Melo,Mendes de Ramos,RJ,BR,FALSE
1583,797,billing,18256-166,Área Luigi Novaes,3,,Fernão Dias,Casa Grande,CE,BR,TRUE
1584,797,secondary,44661651,Vila Eloah Novais,76,Apto 265,Santa Isabel,da Rosa,DF,BR,FALSE
1585,797,billing,39238409,Condomínio de Cirino,29,Apto 764,Taquaril,Machado dos Dourados,MA,BR,FALSE
1586,798,billing,73598407,Largo da Rosa,12,,Vila Real 2ª Seção,Lopes,GO,BR,TRUE
1587,798,billing,52967-947,Rodovia Pereira,7,,Nova America,Mendonça,ES,BR,FALSE
1588,798,secondary,00179776,Viaduto Caleb Aragão,12,Apto 036,João Alfredo,Cunha,PE,BR,FALSE
1589,799,billing,23552209,Colônia Lucas da Luz,36,,Vila Califórnia,Casa Grande,SC,BR,TRUE
1590,799,secondary,25409411,Travessa Viana,55,,Maravilha,Farias,RR,BR,FALSE
1591,800,billing,17656-983,Lagoa Ayla Alves,326,Apto 897,Mariquinhas,Cassiano de Araújo,SC,BR,TRUE
1592,801,billing,14306143,Rodovia Montenegro,58,Apto 709,Vila Dos Anjos,Leão,RN,BR,TRUE
1593,801,secondary,89237104,Trecho Dante Monteiro,2,,Etelvina Carneiro,da Cunha das Pedras,PI,BR,FALSE
1594,802,billing,68878580,Trevo Brito,87,Apto 905,Custodinha,Farias de Barbosa,SC,BR,TRUE
1595,803,billing,34297-039,Quadra de Siqueira,43,,São Benedito,Alves,GO,BR,TRUE
1596,804,billing,43269441,Jardim Vargas,33,Apto 008,Mirtes,Nogueira das Flores,CE,BR,TRUE
1597,804,secondary,34878193,Esplanada Francisco Azevedo,57,,Nazare,Dias de Mendonça,ES,BR,FALSE
1598,805,billing,51415617,Chácara Cavalcanti,33,,Canadá,Oliveira de Cassiano,GO,BR,TRUE
1599,805,secondary,61740-353,Área de Aparecida,96,,Indaiá,Machado,BA,BR,FALSE
1600,806,billing,34069-754,Fazenda Vasconcelos ,46,,Vila Nova Gameleira 1ª Seção,Rios,AM,BR,TRUE
1601,806,secondary,08922-983,Trecho Cassiano,41,,Dom Silverio,Alves de da Cunha,RO,BR,FALSE
1602,806,secondary,03860-729,Estrada Bernardo Jesus,88,Apto 345,Casa Branca,Oliveira,MS,BR,FALSE
1603,807,billing,97285586,Vale Rodrigo Campos,30,,Pousada Santo Antonio,Costa da Mata,PI,BR,TRUE
1604,807,billing,65612-806,Morro de Dias,21,Apto 095,Engenho Nogueira,Gonçalves,AM,BR,FALSE
1605,807,billing,66785-971,Ladeira Barbosa,3,,Ventosa,Pires,PI,BR,FALSE
1606,808,billing,04238524,Vale Isabelly Dias,64,Apto 085,Laranjeiras,Nogueira do Galho,MT,BR,TRUE
1607,809,billing,69043987,Rua de Nogueira,599,,Vila Bandeirantes,Vargas Paulista,AC,BR,TRUE
1608,809,billing,02690-959,Avenida Catarina Rocha,91,,Suzana,Cirino,AC,BR,FALSE
1609,809,secondary,77308-815,Alameda Castro,433,,Mirtes,Machado de Araújo,MS,BR,FALSE
1610,810,billing,97925384,Distrito Sampaio,29,Apto 325,Estrela,Carvalho,RR,BR,TRUE
1611,810,billing,88840-416,Residencial da Mota,22,Apto 211,Vila Piratininga Venda Nova,da Rosa Paulista,MA,BR,FALSE
1612,810,billing,02461-016,Chácara de Abreu,41,Apto 779,Gutierrez,da Conceição de Albuquerque,RN,BR,FALSE
1613,811,billing,14607-372,Lagoa Aparecida,52,,Aeroporto,da Rosa do Sul,AM,BR,TRUE
1614,811,billing,17856343,Campo Yan Fernandes,20,Apto 290,Granja De Freitas,Barros,CE,BR,FALSE
1615,812,billing,86677-564,Vale Melissa Vargas,46,Apto 320,Solimoes,Moreira do Campo,PA,BR,TRUE
1616,813,billing,31999-087,Campo Sá,26,,Coração Eucarístico,Araújo de Viana,RS,BR,TRUE
1617,813,billing,73924678,Chácara das Neves,34,,Lorena,Moraes,SE,BR,FALSE
1618,813,secondary,32439696,Lagoa de Silva,47,Apto 237,Conjunto Capitão Eduardo,Pastor da Serra,RN,BR,FALSE
1619,814,billing,13324061,Passarela de Rodrigues,146,,Maria Virgínia,Pastor Grande,PB,BR,TRUE
1620,814,secondary,50569-582,Chácara Liz Sousa,513,,Estrela Do Oriente,Cassiano,SP,BR,FALSE
1621,815,billing,80256-219,Ladeira Maria Laura Lopes,5,Apto 404,Cônego Pinheiro 2ª Seção,Caldeira da Mata,BA,BR,TRUE
1622,815,secondary,56261-604,Lagoa Thales Alves,8,,Conjunto Floramar,Martins das Flores,MG,BR,FALSE
1623,816,billing,53139783,Lago Maria Liz Garcia,49,Apto 777,Cidade Nova,das Neves,SP,BR,TRUE
1624,816,billing,42784128,Residencial de Porto,31,,Vila Rica,Lima,AM,BR,FALSE
1625,817,billing,49987799,Lago de Ribeiro,519,,Vila Madre Gertrudes 3ª Seção,Jesus,RR,BR,TRUE
1626,817,secondary,27561040,Praça de Melo,62,,Vila Tirol,Montenegro Paulista,PE,BR,FALSE
1627,817,secondary,06247165,Vale Mathias Pires,265,Apto 205,Havaí,Fogaça,SE,BR,FALSE
1628,818,billing,80786477,Condomínio Leão,162,,Prado,Ribeiro,ES,BR,TRUE
1629,818,billing,62706538,Favela Melo,795,Apto 235,Jardim Guanabara,Fonseca,RS,BR,FALSE
1630,818,billing,29045896,Sítio Fogaça,552,,Novo São Lucas,Fernandes,AL,BR,FALSE
1631,819,billing,45106660,Sítio Olivia Aparecida,359,,Vila Copacabana,Cunha Verde,RS,BR,TRUE
1632,819,secondary,58832257,Esplanada Camargo,7,Apto 866,Vila Esplanada,Castro,TO,BR,FALSE
1633,819,secondary,81498965,Viaduto Gabriel Silva,28,Apto 548,Vila Mangueiras,Gomes,SE,BR,FALSE
1634,820,billing,15383366,Lagoa de da Paz,834,,Vila Mantiqueira,da Conceição do Norte,ES,BR,TRUE
1635,820,secondary,26784-566,Campo de Caldeira,75,N/A,Serra Do Curral,Jesus,AC,BR,FALSE
1636,821,billing,40578-766,Campo Melo,729,,Barro Preto,da Paz,SC,BR,TRUE
1637,822,billing,30748-027,Residencial de Siqueira,47,,Alípio De Melo,Pastor,RN,BR,TRUE
1638,823,billing,99465-217,Núcleo Heloísa Dias,998,,Horto Florestal,Novaes,PA,BR,TRUE
1639,824,billing,43806-841,Núcleo Maria Flor Oliveira,85,Apto 381,Mangueiras,Silva dos Dourados,RJ,BR,TRUE
1640,824,secondary,28156-130,Vereda da Conceição,77,Apto 391,Monte São José,Vasconcelos do Amparo,DF,BR,FALSE
1641,825,billing,68765-964,Colônia Sophie Vieira,8,Apto 534,Ápia,Caldeira Verde,RS,BR,TRUE
1642,825,secondary,51175-634,Avenida Júlia Aragão,11,Apto 916,Zilah Sposito,Lopes,RN,BR,FALSE
1643,825,billing,96727-833, Estação Garcia,47,Apto 196,Vila União,da Rosa,DF,BR,FALSE
1644,826,billing,98120-067,Vila de Pimenta,72,Apto 715,Novo Aarão Reis,Porto,MA,BR,TRUE
1645,826,secondary,01298-394,Morro de da Rocha,7,Apto 460,Santa Branca,Ferreira,AL,BR,FALSE
1646,826,secondary,66528530,Jardim Duarte,97,,São Bento,Nascimento Alegre,RN,BR,FALSE
1647,827,billing,22200659,Via Marcela das Neves,5,Apto 420,Bom Jesus,Costela,MA,BR,TRUE
1648,828,billing,06872170,Praça Lara Moura,90,,Capitão Eduardo,Pimenta de Gomes,BA,BR,TRUE
1649,828,billing,16712304,Vila Caroline Montenegro,66,,Varzea Da Palma,Souza,SC,BR,FALSE
1650,829,billing,66581366,Esplanada de Cavalcante,90,Apto 610,Colégio Batitsa,da Costa,AC,BR,TRUE
1651,829,billing,09639-947,Estrada de da Rocha,581,,Nazare,Sá,RO,BR,FALSE
1652,830,billing,47407943,Lagoa Alice Camargo,75,,Novo Santa Cecilia,Borges das Flores,CE,BR,TRUE
1653,830,billing,32392950,Viela Pastor,26,,Apolonia,Carvalho,SE,BR,FALSE
1654,831,billing,65808726,Recanto de Rocha,6,Apto 119,Etelvina Carneiro,Rocha,AL,BR,TRUE
1655,831,secondary,45816729,Trevo da Cruz,5,,Cenaculo,Borges,PI,BR,FALSE
1656,831,billing,90527-311,Praia de Gonçalves,86,,Alto Barroca,Cirino,GO,BR,FALSE
1657,832,billing,28650384,Avenida Brito,359,,Conjunto Celso Machado,da Luz,RJ,BR,TRUE
1658,832,billing,44406615,Vereda de Cavalcanti,12,Apto 976,Vila Mantiqueira,Nogueira das Flores,AP,BR,FALSE
1659,833,billing,82559143,Campo Vieira,8,,Conjunto Novo Dom Bosco,Ferreira das Flores,SC,BR,TRUE
1660,833,billing,51820808,Condomínio Marcela Moraes,9,Apto 713,Manacas,Moreira,RR,BR,FALSE
1661,834,billing,73242-057,Fazenda Lopes,69,,Tirol,Dias,PR,BR,TRUE
1662,834,secondary,72792904,Praça de Souza,298,,São Lucas,Siqueira,PB,BR,FALSE
1663,835,billing,13702616,Chácara Helena Sales,82,,Barão Homem De Melo 2ª Seção,Casa Grande,SC,BR,TRUE
1664,835,billing,10262-108,Aeroporto Novaes,12,,Vila Santo Antônio Barroquinha,da Rosa,RR,BR,FALSE
1665,836,billing,19384153,Vela Azevedo,492,Apto 073,Boa Viagem,Pastor,PB,BR,TRUE
1666,837,billing,98872877,Favela Souza,5,,Comiteco,Montenegro,PR,BR,TRUE
1667,837,billing,80900-779,Lago Levi Silva,17,,Venda Nova,Moura de Viana,MS,BR,FALSE
1668,837,billing,53991385,campo rael campos,54,Apto 851,Vila União,da Cunha Paulista,CE,BR,FALSE
1669,838,billing,34402588,Loteamento Davi Lucas Albuquerque,389,,Vila Califórnia,Macedo,AM,BR,TRUE
1670,838,billing,87485315,Vereda de Viana,764,Apto 087,Vila Ipiranga,Fernandes,GO,BR,FALSE
1671,838,billing,77538-817,Setor Rael Freitas,52,,Pongelupe,Silva,AM,BR,FALSE
1672,839,billing,16219897,Lago Laura Pacheco,71,Apto 815,Vila Inestan,Gomes,MA,BR,TRUE
1673,840,billing,90704451,Vila de Garcia,39,,Frei Leopoldo,Garcia,RR,BR,TRUE
1674,841,billing,19017-484,Largo Castro,86,Apto 193,Beira Linha,Silva da Mata,TO,BR,TRUE
1675,841,secondary,39087-535,Via de Nunes,532,,Dona Clara,Rios da Praia,AM,BR,FALSE
1676,841,secondary,33169543,Feira Cirino,46,,Marçola,Campos das Pedras,RN,BR,FALSE
1677,842,billing,88377-720,Fazenda Maysa Campos,588,,Comiteco,Camargo de Sousa,MG,BR,TRUE
1678,842,billing,56455-392,Jardim de Almeida,84,Apto 696,Jardim São José,Sales Paulista,TO,BR,FALSE
1679,842,billing,06689-942,Favela Lorenzo Moraes,46,,Acaiaca,Barbosa,AM,BR,FALSE
1680,843,billing,21398-302,Vila Alves,66,,Parque São Pedro,Rios,DF,BR,TRUE
1681,843,billing,16018-619,Feira Vargas,14,,Vila Madre Gertrudes 2ª Seção,Pastor Alegre,PI,BR,FALSE
1682,844,billing,51840477,Morro Andrade,91,,Vila Sesc,Pastor dos Dourados,TO,BR,TRUE
1683,845,billing,16322-855,Fazenda Raul Lima,30,,Etelvina Carneiro,Casa Grande de Minas,PR,BR,TRUE
1684,846,billing,11828913,Vila Duarte,1,n/a,Conjunto Califórnia Ii,Barros de Pimenta,AC,BR,TRUE
1685,847,billing,81479-605,Conjunto Ryan Cunha,5,,Pilar,Guerra de Moraes,PE,BR,TRUE
1686,847,secondary,43464-582,Largo de da Luz,83,,Dona Clara,Câmara,AC,BR,FALSE
1687,848,billing,30471662,Lago Rezende,45,,Vila Piratininga Venda Nova,Campos,BA,BR,TRUE
1688,848,billing,94001129,Conjunto Cauã Mendonça,818,,Vila Paquetá,Brito da Mata,MG,BR,FALSE
1689,849,billing,66370-704,Feira de Porto,83,Apto 514,Flavio Marques Lisboa,da Costa Alegre,MS,BR,TRUE
1690,849,secondary,62228-476,Área Daniel Pimenta,14,Apto 912,Minaslandia,Pereira,ES,BR,FALSE
1691,850,billing,81514-185,Lagoa de Araújo,5,,Santa Terezinha,Farias das Pedras,AC,BR,TRUE
1692,851,billing,69544-956,Vila de Nunes,67,,Marilandia,Teixeira de Minas,CE,BR,TRUE
1693,851,secondary,40015229,Lago Alves,6,Apto 076,Conjunto Jatoba,Cavalcante do Sul,AM,BR,FALSE
1694,851,billing,17220943,Estação Marcelo Alves,224,Apto 985,Piraja,Siqueira de Moraes,PR,BR,FALSE
1695,852,billing,41372307,Largo Monteiro,4,,Monsenhor Messias,Montenegro,PB,BR,TRUE
1696,852,secondary,49789-535,Largo Nascimento,63,Apto 599,Manacas,Dias,GO,BR,FALSE
1697,853,billing,43604387,Lago da Costa,9,,Santo André,Novais das Flores,SC,BR,TRUE
1698,853,billing,64144250,Viela de Garcia,833,Apto 579,Vila Jardim Alvorada,Brito,MT,BR,FALSE
1699,854,billing,08806-395,Lago de Farias,15,Apto 529,Monsenhor Messias,da Costa do Amparo,AL,BR,TRUE
1700,855,billing,76809-856,Feira de Dias,6,,Caetano Furquim,da Mota,MA,BR,TRUE
1701,856,billing,27554701,Estação Camila Almeida,73,Apto 936,São Marcos,da Rosa,AL,BR,TRUE
1702,856,billing,11045498,Vereda Pires,16,Apto 653,Cidade Jardim,Porto Verde,DF,BR,FALSE
1703,856,secondary,96663491,Parque Cauê Freitas,87,Apto 390,Guaratã,Fernandes da Mata,DF,BR,FALSE
1704,857,billing,23319-312,Campo de Silva,9,Apto 110,Esperança,Melo de Correia,SC,BR,TRUE
1705,858,billing,07789819,Passarela de Novaes,70,,Santa Efigênia,Lopes do Galho,RO,BR,TRUE
1706,859,billing,33165-098,Fazenda Nascimento,3,Apto 724,Venda Nova,Caldeira,GO,BR,TRUE
1707,859,billing,54393469,Trevo de Moreira,47,Apto 843,União,Cunha do Amparo,CE,BR,FALSE
1708,859,billing,80153-584,Pátio de Cassiano,1,Apto 323,Aparecida 7ª Seção,Albuquerque,AM,BR,FALSE
1709,860,billing,68601738,Largo Emanuella Fonseca,60,,Cabana Do Pai Tomás,Santos,PB,BR,TRUE
1710,860,secondary,14266-244,Pátio Monteiro,50,,Vila Boa Vista,Borges,AC,BR,FALSE
1711,860,secondary,02649135,Trecho de Mendes,68,,Nossa Senhora De Fátima,Carvalho da Praia,BA,BR,FALSE
1712,861,billing,53177-910,Fazenda Luísa Cavalcanti,66,,Mirante,Costela,PR,BR,TRUE
1713,862,billing,43488919,Alameda Teixeira,1,,Conjunto Minas Caixa,Cavalcanti do Sul,SE,BR,TRUE
1714,862,billing,27760662,Viaduto Ester Teixeira,88,Apto 441,Cachoeirinha,Siqueira,PE,BR,FALSE
1715,863,billing,84217-274,Distrito de Barbosa,540,,Belvedere,Novais de Silveira,RJ,BR,TRUE
1716,864,billing,36716168,Trecho Milena Pires,391,,Miramar,Sales,PE,BR,TRUE
1717,864,billing,79414550,Quadra de da Costa,13,,Vale Do Jatoba,Aparecida de Câmara,PE,BR,FALSE
1718,865,billing,42985270,Vale Maitê Pires,54,,Castelo,Gomes do Oeste,SE,BR,TRUE
1719,866,billing,64749-659,Feira Brito,1,,Biquinhas,Cardoso da Serra,SC,BR,TRUE
1720,866,secondary,81595881,Estrada Lima,786,Apto 088,Conjunto Paulo Vi,Casa Grande,ES,BR,FALSE
1721,866,secondary,11395-225,Jardim de Oliveira,85,,Alta Tensão 2ª Seção,Barros,PR,BR,FALSE
1722,867,billing,81013-247,Recanto Correia,9,,Caetano Furquim,Barros Paulista,CE,BR,TRUE
1723,867,secondary,75745451,Fazenda Mathias Abreu,7,,Mala E Cuia,Montenegro dos Dourados,MG,BR,FALSE
1724,867,billing,78159-166,Loteamento Francisco Vieira,92,Apto 642,Boa União 2ª Seção,Lopes,AL,BR,FALSE
1725,868,billing,71472229,Lago de Farias,71,,Vila Nossa Senhora Do Rosário,Barros das Flores,MA,BR,TRUE
1726,868,secondary,18054-008,Fazenda Rafaela Sousa,5,,Vila São Francisco,Almeida,SP,BR,FALSE
1727,869,billing,96199-097,Setor de Vieira,265,Apto 311,Satelite,Almeida de Ribeiro,PE,BR,TRUE
1728,869,billing,81574-916,Campo Lavínia Duarte,17,,Vila Independencia 2ª Seção,Lopes do Amparo,SE,BR,FALSE
1729,870,billing,16820-385,Via Moreira,57,,Vitoria D Conquista,Azevedo,MT,BR,TRUE
1730,870,billing,15068-985,Colônia Nogueira,711,,Vila Inestan,Nascimento de Mendonça,DF,BR,FALSE
1731,870,billing,80851-496,Praia Evelyn Marques,7,,Sport Club,da Rocha do Sul,BA,BR,FALSE
1732,871,billing,13426839,Viaduto de Garcia,895,Apto 139,Esplanada,Martins do Sul,AL,BR,TRUE
1733,871,secondary,68451224,Avenida de Cavalcanti,88,??,Vitoria Da Conquista,Aparecida,DF,BR,FALSE
1734,871,billing,47604096,Estação deSousa,32,Apto 259,Vila Sesc,Costa dos Dourados,PA,BR,FALSE
1735,872,billing,10985327,Praia Carvalho,7,,Naazre,Freitas de da Mota,RJ,BR,TRUE
1736,872,billing,59730375,Feira de Melo,15,Apto 883,Acaiaca,Novais Grande,RJ,BR,FALSE
1737,873,billing,81704-967,Trecho da Rosa,27,,Castelo,Lima,DF,BR,TRUE
1738,874,billing,98004-720,Vila Siqueira,388,Apto 397,Serra Verde,Abreu de Vargas,PI,BR,TRUE
1739,874,billing,70152-424,Feira Erick Aparecida,49,,Xodo-Marize,Brito,AC,BR,FALSE
1740,875,billing,67400925,Jardim de Casa Grande,90,,Ernesto Nascimento,Sales,PE,BR,TRUE
1741,875,billing,80343071,Setor Ísis Ramos,60,Apto 450,Vila Suzana Segunda Seção,Monteiro,RS,BR,FALSE
1742,876,billing,98685-819,Ladeira Natália Novaes,86,Apto 482,Conjunto Novo Dom Bosco,Cavalcante,SE,BR,TRUE
1743,876,billing,42504-647,Vila Sousa,34,Apto 658,São Marcos,Aragão das Pedras,PA,BR,FALSE
1744,877,billing,24501160,Esplanada Porto,91,,Califórnia,Sales,PA,BR,TRUE
1745,877,billing,76210969,Esplanada de Jesus,71,,Serra Do Curral,Melo da Serra,SC,BR,FALSE
1746,878,billing,20631410,Conjunto de da Mota,33,,Trevo,Souza da Mata,AC,BR,TRUE
1747,878,secondary,68642-961,Residencial de Cavalcanti,37,Apto 731,São Francisco Das Chagas,Andrade de Lopes,AL,BR,FALSE
1748,879,billing,46203-744,Morro de Melo,2,,Vila Formosa,Rodrigues do Amparo,DF,BR,TRUE
1749,879,billing,21421-140,Via Eduardo da Conceição,56,,Universitário,Pastor,AC,BR,FALSE
1750,879,secondary,03839-427,Fazenda Siqueira,52,Apto 706,Vila Formosa,Rios Verde,BA,BR,FALSE
1751,880,billing,25716400,Rodovia Eloah Castro,51,Apto 345,Novo Santa Cecilia,Jesus das Flores,DF,BR,TRUE
1752,881,billing,18012-063,Morro Monteiro,89,,Vila Atila De Paiva,Peixoto dos Dourados,MT,BR,TRUE
1753,881,secondary,75646-676,Praia Thomas Oliveira,4,,Jardim Vitoria,Gonçalves,RJ,BR,FALSE
1754,882,billing,03242-216,Jardim de Souza,33,Apto 442,Capitão Eduardo,Guerra do Campo,AC,BR,TRUE
1755,882,secondary,49835900,Rodovia Guilherme Teixeira,783,Apto 514,Nossa Senhora Aparecida,Duarte,RN,BR,FALSE
1756,882,billing,83765397,Área de Andrade,97,Apto 341,Alta Tensão 1ª Seção,Monteiro,MS,BR,FALSE
1757,883,billing,95035451,Praça da Mota,3,Apto 942,Vila Oeste,Sales,TO,BR,TRUE
1758,883,billing,85950312,Colônia de Fonseca,69,,Taquaril,Oliveira da Serra,GO,BR,FALSE
1759,884,billing,97166553,Área Isaac Nogueira,2,Apto 703,Cenaculo,Rios,ES,BR,TRUE
1760,884,billing,53836144,Vale de Campos,39,,Novo Ouro Preto,Rezende,PA,BR,FALSE
1761,884,secondary,14811-146,Residencial de Cavalcanti,21,,Santa Helena,Mendes,AC,BR,FALSE
1762,885,billing,15384503,Largo Isabella Martins,41,,Vila Esplanada,Cassiano,AM,BR,TRUE
1763,885,secondary,12434666,Trevo Camargo,36,,Boa Viagem,da Conceição Verde,GO,BR,FALSE
1764,885,billing,06014-612,Loteamento Silva,949,Apto 447,Marmiteiros,Pinto,DF,BR,FALSE
1765,886,billing,00748-133,Feira Otávio Sales,56,,Bela Vitoria,Ferreira de Camargo,PE,BR,TRUE
1766,887,billing,07565825,Jardim Nina Sousa,78,FIXME,Saudade,Borges Grande,DF,BR,TRUE
1767,887,billing,87905-073,Vila Sousa,307,,Serrano,Rodrigues do Galho,MT,BR,FALSE
1768,888,billing,36667-313,Passarela de Souza,78,,Goiania,Nogueira,RJ,BR,TRUE
1769,888,secondary,54701-121,Estrada Elisa Pereira,49,Apto 942,São Luiz,Cavalcante de Moraes,TO,BR,FALSE
1770,888,billing,88156596,Lago Aragão,88,Apto 447,Piraja,Gomes,GO,BR,FALSE
1771,889,billing,33578299,Ladeira Souza,42,Apto 506,São Paulo,Cunha Verde,ES,BR,TRUE
1772,889,billing,96062638,Distrito de da Conceição,319,,Trevo,Melo do Galho,RO,BR,FALSE
1773,889,billing,45456-031,Vereda de Nogueira,78,Apto 592,Primeiro De Maio,Moreira do Campo,TO,BR,FALSE
1774,890,billing,96454827,Condomínio Cecilia Pereira,2,,Vila Barragem Santa Lúcia,Camargo de Goiás,MG,BR,TRUE
1775,890,billing,47729-118,Lago de das Neves,2,Apto 470,Satelite,Costa,AP,BR,FALSE
1776,891,billing,17258-828,Vila Vinicius Siqueira,27,Apto 804,Mariano De Abreu,Pimenta de Minas,CE,BR,TRUE
1777,892,billing,12174-475,Fazenda Heloísa Fernandes,9,,Esperança,Alves de da Rosa,PB,BR,TRUE
1778,892,secondary,23712506,Estação de Camargo,40,,Sagrada Família,Moraes do Campo,SP,BR,FALSE
1779,892,billing,97951962,Jardim de Freitas,14,,Marieta 3ª Seção,Montenegro Verde,PB,BR,FALSE
1780,893,billing,35919988,Morro Levi Cavalcante,829,,Salgado Filho,Cirino,MS,BR,TRUE
1781,894,billing,58554-220,Lago Milena Silveira,22,Apto 298,Vila Do Pombal,Machado de Goiás,ES,BR,TRUE
1782,894,billing,37063-230,Vereda Barbosa,61,,Maria Tereza,Vieira de Lopes,DF,BR,FALSE
1783,894,secondary,95166215,Praça de Porto,94,Apto 637,Jaraguá,Aragão de da Costa,RS,BR,FALSE
1784,895,billing,36638602,Vereda Nina Marques,8,,Lorena,Almeida Alegre,ES,BR,TRUE
1785,895,secondary,88658522,Rodovia de Porto,26,,Parque São José,Martins,GO,BR,FALSE
1786,896,billing,00341-058,Estação de Moura,40,,Marmiteiros,Mendes,AP,BR,TRUE
1787,897,billing,97450-097,Praça da Mata,80,Apto 125,Fazendinha,Leão do Campo,AM,BR,TRUE
1788,898,billing,55240-278,Estação de Aragão,6,,São Tomaz,Camargo,ES,BR,TRUE
1789,898,billing,83953116,Vale de Duarte,6,,Vista Do Sol,Casa Grande,SP,BR,FALSE
1790,898,secondary,45089607,Favela Mendonça,86,,Alípio De Melo,Gomes,SP,BR,FALSE
1791,899,billing,60506405,Chácara Nogueira,92,Apto 401,Vila Dos Anjos,Silveira Paulista,AL,BR,TRUE
1792,899,secondary,90438-935,Colônia Marques,52,Apto 615,Mangabeiras,Castro Grande,MA,BR,FALSE
1793,900,billing,13414812,Sítio João Felipe Gomes,48,,Leticia,Melo,ES,BR,TRUE
1794,901,billing,96885606,Ladeira de Duarte,58,,Ouro Minas,Pereira,DF,BR,TRUE
1795,902,billing,95799659,Estação Pires,59,xxx,Santa Rosa,Ramos Paulista,RN,BR,TRUE
1796,902,secondary,07845784,Trevo Davi Sousa,13,,Ribeiro De Abreu,Camargo de Viana,MA,BR,FALSE
1797,902,billing,50286-011,Feira de Macedo,29,,Andiroba,Viana,PI,BR,FALSE
1798,903,billing,37801104,Aeroporto Nicole Rezende,54,,Grota,da Conceição Grande,MS,BR,TRUE
1799,903,secondary,72119-511,Travessa da Mata,72,,Maria Helena,Barbosa,PA,BR,FALSE
1800,903,secondary,51462-000,Rodovia de Nogueira,576,,Vila Piratininga Venda Nova,das Neves,ES,BR,FALSE
1801,904,billing,72228-556,Viela de Correia,5,,Serra Verde,Fogaça,MA,BR,TRUE
1802,904,billing,07327619,Trevo de Silveira,4,Apto 777,Goiania,Brito,AC,BR,FALSE
1803,905,billing,53759335,Largo de Camargo,51,,Taquaril,Aparecida do Sul,PR,BR,TRUE
1804,906,billing,67239-798,Chácara de Caldeira,282,,Vila Santa Monica 1ª Seção,Macedo,MG,BR,TRUE
1805,906,billing,59558704,Núcleo Câmara,77,Apto 967,Vila Nova Dos Milionarios,Cardoso,TO,BR,FALSE
1806,907,billing,49660-702,Vereda de Melo,37,,Embaúbas,Fonseca,PB,BR,TRUE
1807,907,billing,21662966,Vereda de Vargas,47,,Heliopolis,Moura,RJ,BR,FALSE
1808,908,billing,42685446,Vereda Rezende,98,,Taquaril,Montenegro de Goiás,BA,BR,TRUE
1809,909,billing,91330442,Recanto Pereira,53,Apto 856,Granja De Freitas,Souza do Sul,MA,BR,TRUE
1810,910,billing,62404-416,Chácara Lima,24,,Santa Branca,Aragão,AL,BR,TRUE
1811,910,billing,37904742,Conjunto Souza,7,,Vista Do Sol,Almeida da Praia,RO,BR,FALSE
1812,910,secondary,85690289,Vereda Monteiro,9,,Santo Antônio,Macedo,SE,BR,FALSE
1813,911,billing,42075308,Praia de Martins,72,,Floresta,Vasconcelos das Flores,PB,BR,TRUE
1814,912,billing,49586015,Área de Aparecida,658,Apto 491,Vila Nova Cachoeirinha 2ª Seção,Sales das Flores,MS,BR,TRUE
1815,913,billing,67921271,Trevo de Dias,26,,Salgado Filho,Moraes,PA,BR,TRUE
1816,914,billing,09683-720,Praça da Cunha,854,Apto 133,Chácara Leonina ,Novaes de Minas,RR,BR,TRUE
1817,915,billing,34813-004,Feira de Gomes,75,,Solar Do Barreiro,Rios,MT,BR,TRUE
1818,916,billing,93058187,Parque de Cavalcante,50,Apto 661,Álvaro Camargos,Andrade,PA,BR,TRUE
1819,916,billing,95816189,Distrito Oliveira,465,,Novo Santa Cecilia,Vasconcelos do Campo,MA,BR,FALSE
1820,917,billing,01818-785,Fazenda Martins,73,,Vila Coqueiral,Cavalcanti,MT,BR,TRUE
1821,918,billing,42618912,Campo Beatriz Silva,31,Apto 193,Vila Suzana Segunda Seção,Nogueira,PB,BR,TRUE
1822,918,secondary,00603289,Trevo Elisa Martins,87,Apto 564,Vila Copasa,Almeida,PI,BR,FALSE
1823,918,billing,52072-594,Aeroporto de Correia,56,Apto 941,Das Industrias I,Almeida,RJ,BR,FALSE
1824,919,billing,55225-549,Jardim de Cardoso,68,,Santa Monica,da Luz,AP,BR,TRUE
1825,919,billing,63255861,Favela Sousa,13,,Maravilha,Brito de Goiás,AM,BR,FALSE
1826,919,secondary,13723679,Rodovia Cirino,4,,Vila Pinho,Silveira da Serra,SC,BR,FALSE
1827,920,billing,11118909,Favela de Ribeiro,9,,Rio Branco,Câmara,DF,BR,TRUE
1828,920,billing,91389198,Alameda Lorenzo Almeida,728,,Vila Do Pombal,Nogueira,AM,BR,FALSE
1829,920,secondary,33586-283,Rodovia Antony Fonseca,887,Apto 968,Aparecida 7ª Seção,Jesus de Novais,PR,BR,FALSE
1830,921,billing,24464423,Morro de Oliveira,964,Apto 409,Coqueiros,Alves de Casa Grande,RJ,BR,TRUE
1831,921,secondary,75422489,Área de Borges,77,Apto 898,Vila São João Batista,Guerra,DF,BR,FALSE
1832,921,secondary,59658668,Colônia de da Mata,4,,Floresta,Nascimento Paulista,MT,BR,FALSE
1833,922,billing,53679-326,Favela da Luz,17,Apto 811,Centro,Fogaça de Pastor,MG,BR,TRUE
1834,923,billing,14466-584,Avenida de Moura,257,,Baleia,Aparecida de Gomes,AM,BR,TRUE
1835,924,billing,40223596,Parque Ferreira,355,,Conjunto São Francisco De Assis,Almeida da Mata,MA,BR,TRUE
1836,924,secondary,60488486,Campo de Nascimento,8,Apto 457,Vila Primeiro De Maio,Macedo das Flores,PE,BR,FALSE
1837,924,secondary,63690089,Recanto de da Conceição,4,,Novo Das Industrias,Pimenta do Norte,PB,BR,FALSE
1838,925,billing,46743-340,Viela de Marques,6,.,Mala E Cuia,Vieira do Sul,AM,BR,TRUE
1839,925,billing,33431727,Lago de Pinto,23,Apto 885,Flavio Marques Lisboa,Almeida Grande,MG,BR,FALSE
1840,926,billing,01585263,Favela Barros,8,Apto 857,Pousada Santo Antonio,Leão Grande,AL,BR,TRUE
1841,927,billing,42011-866,Estação de Melo,46,,Vila Piratininga,Aparecida de Minas,SP,BR,TRUE
1842,928,billing,49774181,Vila de Cardoso,61,,Mangabeiras,Vasconcelos,DF,BR,TRUE
1843,928,billing,94828827,Vila Pedro Lucas da Mata,59,,Oeste,Freitas,PB,BR,FALSE
1844,929,billing,88683547,Quadra da Paz,27,,Jonas Veiga,Cirino de Machado,GO,BR,TRUE
1845,929,billing,93198-071,Feira Correia,97,Apto 121,Lindéia,da Mata da Serra,TO,BR,FALSE
1846,930,billing,73997704,Colônia de da Cunha,98,,São Pedro,Barros do Oeste,MG,BR,TRUE
1847,930,secondary,32359-063,Rodovia Marques,65,,Guaratã,Andrade do Sul,MA,BR,FALSE
1848,931,billing,10997988,Quadra Joana Santos,2,Apto 966,Savassi,Rodrigues dos Dourados,RJ,BR,TRUE
1849,931,secondary,99278360,Residencial de Pacheco,890,,Vila Paraíso,Almeida,PR,BR,FALSE
1850,932,billing,38101362,Aeroporto Natália Souza,61,,Vila Szana Segunda Seção,Silva,RR,BR,TRUE
1851,932,secondary,46744-563,Estação de Casa Grande,60,,Jatobá,Martins do Galho,PE,BR,FALSE
1852,933,billing,88059-547,Estação Anthony Gabriel Alves,38,,Etelvina Carneiro,Câmara dos Dourados,AM,BR,TRUE
1853,933,secondary,24388-013,Quadra de Cavalcanti,39,Apto 884,Padre Eustáquio,Viana,SC,BR,FALSE
1854,933,billing,96573-853,Quadra de Dias,3,Apto 207,Cinquentenário,Dias,SE,BR,FALSE
1855,934,billing,56022247,Área de da Conceição,41,Apto 378,Vila Paris,Araújo,MG,BR,TRUE
1856,934,secondary,09642-938,Largo Emanuelly Aparecida,49,Apto 200,Vila Madre Gertrudes 1ª Seção,Ribeiro,BA,BR,FALSE
1857,935,billing,49130-610,Núcleo de Dias,50,Apto 193,Nossa Senhora Do Rosário,Abreu das Flores,GO,BR,TRUE
1858,936,billing,51182224,Fazenda Rios,69,,Beira Linha,Alves,BA,BR,TRUE
1859,937,billing,23213992,Setor de Dias,314,Apto 735,Aparecida 7ª Seção,Carvalho,AM,BR,TRUE
1860,937,billing,91610-199,Fazenda João Miguel Borges,6,,Vera Cruz,Montenegro de Ramos,MA,BR,FALSE
1861,937,billing,81435194,Condomínio de Pinto,979,Apto 176,Gameleira,Rios,AM,BR,FALSE
1862,938,billing,15431670,Viaduto da Rocha,1,Apto 488,Cinquentenário,Jesus,GO,BR,TRUE
1863,938,billing,62009-832,Residencial de Correia,35,Apto 939,Petropolis,Freitas,RS,BR,FALSE
1864,939,billing,05656791,Praia Diego Casa Grande,59,TBD,Eymard,Ferreira,RJ,BR,TRUE
1865,939,secondary,25332-497,Quadra Rios,70,Apto 868,Santa Terezinha,Novaes de Lopes,TO,BR,FALSE
1866,939,billing,92022854,Ladeira Albuquerque,26,,Novo Santa Cecilia,Viana do Galho,RO,BR,FALSE
1867,940,billing,50156-225,Jardim de Moreira,1,Apto 604,Lorena,Santos,PB,BR,TRUE
1868,940,billing,47056497,Colônia de Mendes,29,,Conjunto Novo Dom Bosco,Nunes do Galho,AM,BR,FALSE
1869,941,billing,33453-384,Alameda Pimenta,86,,Santa Rita De Cássia,Costela,AM,BR,TRUE
1870,941,secondary,20852056,Loteamento Sabrina Albuquerque,54,Apto 058,Vitoria Da Conquista,Lopes da Praia,SC,BR,FALSE
1871,941,secondary,19743-950,Lago Ana Julia Santos,620,Apto 455,Indaiá,Cirino,SP,BR,FALSE
1872,942,billing,11794944,Estação Moraes,62,Apto 874,Conjunto Califórnia Ii,Peixoto de Jesus,SC,BR,TRUE
1873,942,secondary,04955094,Setor Gabrielly Santos,71,Apto 388,Palmeiras,Montenegro,RO,BR,FALSE
1874,942,billing,05925121,Rodovia Pastor,36,,Glória,Barros,PA,BR,FALSE
1875,943,billing,55636-300,Lago de Rocha,63,Apto 901,Maravilha,da Rocha do Sul,PB,BR,TRUE
1876,943,secondary,56941-467,Loteamento Pinto,48,,Vila Nova Gameleira 3ª Seção,Cassiano da Praia,SP,BR,FALSE
1877,943,secondary,74161-656,Passarela de Sá,77,,João Paulo Ii,Gonçalves,DF,BR,FALSE
1878,944,billing,65586171,Avenida Lima,767,,Universo,Pimenta,CE,BR,TRUE
1879,945,billing,96234-436,Estação de Montenegro,61,,Nova Esperança,Silva,PE,BR,TRUE
1880,945,secondary,79477417,Favela de Câmara,16,,Canadá,Melo,PI,BR,FALSE
1881,946,billing,76053-450,Loteamento Novaes,7,Apto 549,Vila Nova Gameleira 3ª Seção,Pires,RO,BR,TRUE
1882,947,billing,18464-876,Rua Rios,77,,Jatobá,Alves do Oeste,MG,BR,TRUE
1883,948,billing,24286622,Colônia João Miguel Borges,73,,Mirtes,Lopes das Pedras,PB,BR,TRUE
1884,948,secondary,90607277,Viaduto Correia,85,,Nova Cintra,da Luz,PB,BR,FALSE
1885,948,secondary,65716-402,Passarela Camargo,53,Apto 945,Vila Oeste,Cavalcanti de da Mata,RR,BR,FALSE
1886,949,billing,91764-826,Lagoa Moura,1,Apto 995,Sion,Moraes de Barbosa,PI,BR,TRUE
1887,949,secondary,38070331,Passarela Lara Mendes,6,,Das Industrias I,Ramos,TO,BR,FALSE
1888,949,billing,85198386,Passarela Nunes,52,,Vila Antena Montanhês,Leão Verde,AP,BR,FALSE
1889,950,billing,03089758,Favela Benjamin da Luz,5,Apto 416,Boa União 1ª Seção,Guerra do Campo,DF,BR,TRUE
1890,950,billing,63548539,Chácara Apollo da Rocha,908,,Silveira,Dias,RS,BR,FALSE
1891,951,billing,49875-840,Lagoa Teixeira,838,,Bernadete,Nascimento,RN,BR,TRUE
1892,951,secondary,79354445,Vale de Almeida,47,Apto 019,Vila Primeiro De Maio,Cardoso das Flores,AP,BR,FALSE
1893,952,billing,57824-566,Praça Cunha,6,Apto 128,Silveira,Jesus,DF,BR,TRUE
1894,952,billing,99631-733,Sítio Fogaça,48,,Monte São José,Machado do Norte,SC,BR,FALSE
1895,952,secondary,15034316,Vale Cavalcanti,75,,Copacbana,da Costa,GO,BR,FALSE
1896,953,billing,35712057,Vale José Miguel Azevedo,78,Apto 068,Coqueiros,Vargas de Carvalho,SE,BR,TRUE
1897,953,secondary,02456-453,Viela Aragão,16,,Providencia,Albuquerque,SP,BR,FALSE
1898,953,secondary,08967-443,Largo de Pastor,64,,Vila Das Oliveiras,Barbosa de Jesus,RR,BR,FALSE
1899,954,billing,56336061,Vila Rocha,4,,Vila Jardim Leblon,Cunha,AP,BR,TRUE
1900,954,billing,30367268,Praia Raul Aparecida,116,,Distrito Industrial Do Jatoba,Alves do Oeste,SC,BR,FALSE
1901,954,secondary,20628-958,Aeroporto de da Mota,94,,Lindéia,Pires,AP,BR,FALSE
1902,955,billing,88392-114,Vereda Garcia,68,,São Geraldo,da Conceição de Correia,SE,BR,TRUE
1903,955,secondary,66766-829,Avenida Alves,83,,Alpes,Montenegro,PB,BR,FALSE
1904,956,billing,46438-508,Esplanada de Freitas,50,,Horto Florestal,Vasconcelos da Praia,GO,BR,TRUE
1905,956,secondary,83588742,Avenida Pacheco,93,Apto 054,Vila Jardim São José,Pastor de Rezende,SC,BR,FALSE
1906,956,billing,89830-186,Setor Alves,45,,Suzana,Ribeiro,RR,BR,FALSE
1907,957,billing,67600-427,Trecho Moraes,79,,Vila Real 1ª Seção,da Rocha do Galho,RS,BR,TRUE
1908,957,billing,33805-363,Praia Emanuel Sales,97,,Apolonia,Vasconcelos dos Dourados,RS,BR,FALSE
1909,958,billing,54452925,Estação de da Luz,914,,Ademar Maldonado,da Luz de Duarte,RJ,BR,TRUE
1910,958,billing,18931058,Parque Raquel Guerra,246,,São Sebastião,Barros das Flores,MT,BR,FALSE
1911,959,billing,14178-741,Largo Guerra,33,Apto 624,Novo Aarão Reis,Andrade,CE,BR,TRUE
1912,959,secondary,78653-578,Pátio Heloísa Marques,16,Apto 321,Camponesa 1ª Seção,da Mota,MT,BR,FALSE
1913,960,billing,15479-984,Vila Guilherme Nogueira,71,, Santo André,Sales,CE,BR,TRUE
1914,960,secondary,62890-823,Condomínio Benjamin Freitas,360,Apto 339,Santa Terezinha,da Mota,PB,BR,FALSE
1915,961,billing,27224375,Colônia de Caldeira,62,,Suzana,Souza dos Dourados,AP,BR,TRUE
1916,961,billing,11477-716,Condomínio Sales,49,,São Francisco Das Chagas,Peixoto,SE,BR,FALSE
1917,961,secondary,27861-189,Travessa Cavalcante,534,,Aparecida 7ª Seção,Lopes,RS,BR,FALSE
1918,962,billing,83588974,Vereda de Cunha,14,,Renascença,Vasconcelos da Prata,MA,BR,TRUE
1919,962,billing,04954928,Parque Maria Helena Rios,86,,Lagoa,Sá,PE,BR,FALSE
1920,962,secondary,68814-539,Viela das Neves,4,Apto 373,Corumbiara,Gonçalves,RO,BR,FALSE
1921,963,billing,08194-448,Avenida de Vargas,90,Apto 427,Flavio De Oliveira,Pimenta Verde,AM,BR,TRUE
1922,964,billing,15786448,Travessa Lopes,3,Apto 052,Vila Independencia 2ª Seção,Alves de Andrade,AM,BR,TRUE
1923,964,secondary,62465212,Morro Guerra,54,,Estrela,Leão de Cassiano,TO,BR,FALSE
1924,964,secondary,06654566,Avenida Mateus Macedo,8,Apto 010,Serrano,Silva da Praia,PR,BR,FALSE
1925,965,billing,38825-784,Favela de Marques,2,Apto 718,Marçola,Pinto do Campo,RR,BR,TRUE
1926,965,secondary,78188758,Núcleo Novaes,718,,Colégio Batista,Pereira,DF,BR,FALSE
1927,966,billing,84087-195,Chácara Catarina Guerra,11,,Baleia,da Luz,PR,BR,TRUE
1928,967,billing,94065685,Área de Araújo,17,,Fernão Dias,Azevedo da Mata,PA,BR,TRUE
1929,968,billing,91027423,Rodovia Mathias Machado,42,,Camponesa 1ª Seção,Melo do Sul,AP,BR,TRUE
1930,968,secondary,60562926,Trecho Luan da Conceição,12,,Cabana Do Pai Tomás,da Rocha,BA,BR,FALSE
1931,968,billing,48763029,Passarela de Cardoso,911,,Alta Tensão 2ª Seção,Campos,RJ,BR,FALSE
1932,969,billing,88535-913,Morro de Montenegro,46,,Santa Isabel,Machado do Galho,PE,BR,TRUE
1933,970,billing,45919878,Favela Cunha,317,,Distrito Industrial Do Jatoba,Novaes,PE,BR,TRUE
1934,970,billing,39275413,Recanto de Aragão,55,,Vitoria,Alves Alegre,RR,BR,FALSE
1935,970,secondary,75532-413,Vale Bruno Mendes,3,,Vila Novo São Lucas,Pacheco do Campo,GO,BR,FALSE
1936,971,billing,07178789,Residencial Eduarda Sousa,16,Apto 045,Vila Real 1ª Seção,Fernandes do Amparo,RN,BR,TRUE
1937,972,billing,27537-373,Passarela Sales,853,.,Ipe,Silveira de Campos,CE,BR,TRUE
1938,972,billing,69514369,Área  Araújo,612,Apto 853,Santa Lúcia,Souza do Norte,BA,BR,FALSE
1939,972,billing,08953-897,Praça Ribeiro,20,Apto 374,São Vicente,Monteiro da Prata,SE,BR,FALSE
1940,973,billing,63769246,Aeroporto Farias,293,,São Paulo,da Rocha,RO,BR,TRUE
1941,974,billing,79405-051,Trecho Yago Pereira,7,Apto 035,Nova Gameleira,Martins,AC,BR,TRUE
1942,974,billing,10500-917,Vale Pires,83,Apto 281,Pindura Saia,Souza de da Luz,AC,BR,FALSE
1943,975,billing,79753-115,Lago de Duarte,7,Apto 433,Vila Madre Gertrudes 2ª Seção,Moreira,PI,BR,TRUE
1944,975,secondary,67009741,Sítio de Leão,828,,Vila Olhos D'água,Mendonça do Campo,RJ,BR,FALSE
1945,976,billing,23075-578,Via Gabriel Garcia,58,Apto 130,Aparecida 7ª Seção,Castro,CE,BR,TRUE
1946,976,billing,64620667,Vale Montenegro,26,,União,Silva de Minas,SC,BR,FALSE
1947,977,billing,28296380,Praça das Neves ,128,Apto 315,Camargos,Cavalcante,SC,BR,TRUE
1948,977,secondary,58177-292,Quadra Sofia Costa,73,Apto 812,Estrela Do Oriente,Duarte,RR,BR,FALSE
1949,978,billing,25260011,Vereda de Caldeira,13,Apto 738,São Gabriel,Barbosa,RS,BR,TRUE
1950,978,secondary,21243652,Avenida Barbosa,8,,Vista Alegre,Farias da Serra,AL,BR,FALSE
1951,979,billing,00991-197,Largo Montenegro,9,,Vista Do Sol,Pires do Campo,AP,BR,TRUE
1952,980,billing,50412250,Condomínio Cavalcante,175,,São Damião,Gonçalves,PB,BR,TRUE
1953,980,secondary,39097380, Vale Gabriel da Paz,237,,Urca,Andrade,GO,BR,FALSE
1954,980,billing,14146-881,Largo Julia Azevedo,6,,Satelite,Vieira,MA,BR,FALSE
1955,981,billing,59127536,Estação de da Rosa,19,,Maria Helena,Teixeira,ES,BR,TRUE
1956,981,secondary,47509178,Morro Siqueira,73,,Funcionários,Andrade da Praia,PE,BR,FALSE
1957,982,billing,88118-557,Chácara Maria Julia Almeida,67,,Pongelupe,Lopes Grande,PB,BR,TRUE
1958,983,billing,06104203,Recanto Costela,93,,Monsenhor Messias,Montenegro,AP,BR,TRUE
1959,984,billing,97800-786,Praça Pereira,1,Apto 853,Guaratã,Duarte de Dias,AL,BR,TRUE
1960,985,billing,48144-439,Ladeira Juliana Souza,726,,Conjunto Providencia,Vargas do Oeste,RN,BR,TRUE
1961,986,billing,19813-833,Vila Ana Júlia Barros,35,Apto 992,Pindura Saia,Melo de Rocha,PB,BR,TRUE
1962,987,billing,35899616,Avenida Barros,21,,Garças,Montenegro de Macedo,AP,BR,TRUE
1963,987,secondary,97892-930,Avenida de Vasconcelos,37,Apto 584,Bairro Das Indústrias Ii,Pereira,RS,BR,FALSE
1964,987,secondary,62509466,Passarela de Abreu,70,,São Bernardo,Cirino,TO,BR,FALSE
1965,988,billing,52889-737,Sítio de da Luz,8,,Vila Dos Anjos,da Luz,AM,BR,TRUE
1966,989,billing,24161772,Residencial Nunes,13,,Solar Do Barreiro,Farias,ES,BR,TRUE
1967,989,secondary,01925186,Praia Asafe da Luz,155,,Conjunto Novo Dom Bosco,Barros,ES,BR,FALSE
1968,990,billing,44715-650,Recanto Brito,10,,Salgado Filho,Novais do Galho,ES,BR,TRUE
1969,990,billing,68201202,Colônia de Dias,36,,Bairro Das Indústrias Ii,Ribeiro de Rocha,SP,BR,FALSE
1970,991,billing,79575-718,Trevo Manuela Casa Grande,10,,Olhos D'água,da Cruz de Lima,MT,BR,TRUE
1971,991,billing,94923-151,Aeroporto Porto,917,,Distrito Industrial Do Jatoba,da Conceição,MT,BR,FALSE
1972,991,secondary,19093-661,pátio eloah montenegro,918,,Prado,Martins,TO,BR,FALSE
1973,992,billing,06171-255,Avenida de Machado,58,,Suzana,Pimenta,AM,BR,TRUE
1974,992,secondary,82640-834,Ladeira de das Neves,14,Apto 288,Madre Gertrudes,Pastor de Minas,AL,BR,FALSE
1975,993,billing,71756-635,Trecho Alexandre Correia,718,Apto 832,Beira Linha,Martins,SC,BR,TRUE
1976,993,secondary,86543701,Conjunto Gonçalves,992,Apto 972,Chácara Leonina,Oliveira dos Dourados,PA,BR,FALSE
1977,993,billing,93487760,Fazenda Caldeira,9,,Alto Barroca,Cardoso Paulista,MS,BR,FALSE
1978,994,billing,11571826,Conjunto Luiz Miguel Marques,1,,Nossa Senhora Da Conceição,Jesus das Pedras,TO,BR,TRUE
1979,994,billing,56584-042,Trecho de Barros,4,,Ouro Preto,da Mata de Pacheco,PB,BR,FALSE
1980,995,billing,64567121,Esplanada de da Rosa,787,Apto 415,Maria Goretti,Souza de Rios,BA,BR,TRUE
1981,995,billing,31913968,Trecho Sampaio,3,Apto 829,Pedreira Padro Lopes,Mendonça da Serra,CE,BR,FALSE
1982,996,billing,71135033,Pátio Rafaela Sá,549,,Varzea Da Palma,Monteiro,PI,BR,TRUE
1983,996,billing,67744732,Loteamento Marcela Camargo,555,,Serrano,Nogueira Paulista,PR,BR,FALSE
1984,996,billing,76041281,Residencial Henry Mendonça,7,Apto 994,Independência,Cirino da Prata,DF,BR,FALSE
1985,997,billing,32470-042,Viela de Ribeiro,55,,Pompéia,Cavalcante,AL,BR,TRUE
1986,998,billing,73168080,Sítio Luiz Miguel da Mata,83,,Vila Cemig,Gonçalves de Sales,PR,BR,TRUE
1987,998,secondary,32999-839,Sítio Mendes,19,,Marieta 1ª Seção,Camargo Verde,SP,BR,FALSE
1988,998,billing,82464-118,Aeroporto de da Conceição,86,Apto 006,Camargos,Pereira do Oeste,PI,BR,FALSE
1989,999,billing,73810-637,Viela Macedo,91,Apto 508,Cd iJatoba,Gonçalves,AP,BR,TRUE
1990,999,billing,34054-649,Largo de Pimenta,2,n/a,Primeiro De Maio,Cavalcante da Mata,AL,BR,FALSE
1991,999,billing,17550493,Praia Ágatha Camargo,31,??,Pongelupe,Alves de Barbosa,TO,BR,FALSE
1992,1000,billing,33879-283,Esplanada de Peixoto,3,,Novo Ouro Preto,Montenegro,RO,BR,TRUE
1993,1000,secondary,18740074,Distrito Gomes,58,Apto 323,Vila Ecológica,Gomes de Aparecida,SC,BR,FALSE
1994,1000,billing,56729442,Recanto Luiz Felipe Carvaho,56,Apto 728,Santa Lúcia,Ramos,ES,BR,FALSE
1995,1001,billing,43260322,Viaduto Machado,26,,Santa Margarida,Moura do Oeste,MA,BR,TRUE
1996,1001,billing,17309-818,Travessa Santos,34,Apto 412,Universo,Câmara da Praia,SE,BR,FALSE
1997,1001,secondary,52288-320,Fazenda de Pastor,94,,Aparecida 7ª Seção,Viana,RN,BR,FALSE
1998,1002,billing,93677851,Morro Caroline da Mata,544,,Vila Paquetá,Casa Grande dos Dourados,ES,BR,TRUE
1999,1002,billing,26832-334,Favela de Costa,65,,Vila Madre Gertrudes 2ª Seção,Porto de Pires,TO,BR,FALSE
2000,1002,billing,78513931,Parque Farias,31,,Belvedere,da Cunha da Praia,MG,BR,FALSE
2001,1003,billing,75705-717,Núcleo Pinto,9,Apto 333,Flamengo,Gonçalves da Serra,SP,BR,TRUE
2002,1003,billing,50135-841,Feira Siqueira,21,,Luxemmburgo,Macedo,DF,BR,FALSE
2003,1004,billing,02201738,Conjunto Pires,70,Apto 868,Vila Maloca,Leão de Goiás,AC,BR,TRUE
2004,1004,secondary,09964-886,Trevo Souza,687,,Novo Santa Cecilia,Oliveira,CE,BR,FALSE
2005,1005,billing,91102-984,Via de Costela,135,Apto 932,João Pinheiro,Freitas de Correia,BA,BR,TRUE
2006,1005,secondary,94863-201,Aeroporto Gonçalves,43,,Conjunto Novo Dom Bosco,Peixoto,RR,BR,FALSE
2007,1005,secondary,91186-641,Loteamento Borges,54,,Nova Vista,Farias Grande,DF,BR,FALSE
2008,1006,billing,59782-690,Rua Albuquerque,5,Apto 703,Coqueiros,Leão,AL,BR,TRUE
2009,1006,secondary,88843913,Ladeira de Pinto,23,,Caiçaras,Fonseca,DF,BR,FALSE
2010,1007,billing,12904428,Feira Sousa,71,,Antonio Ribeiro De Abreu 1ª Seção,Almeida,RO,BR,TRUE
2011,1008,billing,28938-212,Vereda de Brito,2,Apto 510,Serra,Aragão do Amparo,SE,BR,TRUE
2012,1009,billing,97042-097,Quadra de Rocha,46,,Calafate,Aragão,RN,BR,TRUE
2013,1010,billing,53194-223,Largo Rhavi Cavalcante,51,Apto 725,Alípio De Melo,Garcia de Cassiano,DF,BR,TRUE
2014,1010,secondary,27509444,Fazenda de Barros,44,,Nova Esperança,Barbosa,MG,BR,FALSE
2015,1011,billing,68763073,Esplanada Kevin Ribeiro,67,,São Paulo,Moura de Goiás,MG,BR,TRUE
2016,1011,billing,91701389,Setor de Caldeira,3,,Solimoes,Macedo da Prata,PE,BR,FALSE
2017,1012,billing,23358623,Distrito João da Conceição,32,,Nova Floresta,Barbosa do Sul,AM,BR,TRUE
2018,1013,billing,42305-665,Praia Laura Albuquerque,31,Apto 517,Guarani,da Rosa,CE,BR,TRUE
2019,1013,billing,08439889,Vila Nunes,4,Apto 169,Nova Cachoeirinha,Gomes das Pedras,PE,BR,FALSE
2020,1013,secondary,26874851,Vereda de Caldeira,76,Apto 124,Santa Cruz,Ramos da Prata,MT,BR,FALSE
2021,1014,billing,66469-265,Viela de Porto,3,,São Sebastião,Melo,TO,BR,TRUE
2022,1014,secondary,46948-254,Quadra Gabrielly da Cruz,84,,Vila Fumec,Aparecida,AL,BR,FALSE
2023,1015,billing,37683528,Feira Mendonça,34,,Santo Agostinho,da Paz,PA,BR,TRUE
2024,1015,secondary,35217-057,Parque Vieira,97,,Das Industrias I,Aragão,BA,BR,FALSE
2025,1015,secondary,30433077,Alameda de Silveira,2,Apto 215,Caiçaras,Cirino,ES,BR,FALSE
2026,1016,billing,09955-506,Residencial Campos,710,Apto 319,São João Batista,da Paz Paulista,SC,BR,TRUE
2027,1016,billing,66764629,Área de Rios,25,,Nossa Senhora Aparecida,Barros Grande,MG,BR,FALSE
2028,1017,billing,47370-421,Condomínio Emanuella Casa Grande,88,Apto 787,Vila Vista Alegre,Vargas,AC,BR,TRUE
2029,1017,secondary,98545069,Loteamento Pires,46,,Vila Fumec,Moraes,RS,BR,FALSE
2030,1018,billing,23543360,Distrito Anthony Costela,16,Apto 207,Andiroba,da Cruz de Melo,ES,BR,TRUE
2031,1018,billing,68031-697,Alameda Manuela Silva,704,,Vila Copasa,Almeida do Norte,MT,BR,FALSE
2032,1019,billing,93199-493,Ladeira Davi Luiz Rezende,61,Apto 902,Vila Suzana Segunda Seção,Pimenta de Sampaio,PI,BR,TRUE
2033,1020,billing,62255574,Vale da Luz,90,Apto 906,Miramar,da Conceição,PA,BR,TRUE
2034,1020,secondary,40916169,Condomínio da Cruz,73,Apto 345,Vila Trinta E Um De Março,Nascimento,AC,BR,FALSE
2035,1021,billing,33264-445,Colônia de Guerra,59,Apto 615,Vila Paris,Porto,PE,BR,TRUE
2036,1022,billing,81591-567,Via Arthur Miguel Pires,59,Apto 917,Vila Da Paz,Lima,AC,BR,TRUE
2037,1023,billing,25706029,Esplanada de Casa Grande,88,,Bernadete,Melo do Norte,PA,BR,TRUE
2038,1023,secondary,59650-002,Viela Nunes,89,,Sion,da Rosa dos Dourados,AC,BR,FALSE
2039,1023,secondary,86016-561,Lagoa Lopes,62,Apto 695,Bela Vitoria,Freitas,AP,BR,FALSE
2040,1024,billing,28026-142,Rua Ribeiro,57,,Miramar,Moreira de Ferreira,AM,BR,TRUE
2041,1024,billing,68194804,Parque Ravi Fernandes,300,Apto 729,Buraco Quente,Caldeira de da Mata,AM,BR,FALSE
2042,1024,billing,21290588,Rodovia de da Rocha,4,,Monte Azul,Garcia,RS,BR,FALSE
2043,1025,billing,13494607,Campo de Silveira,629,Apto 219,Vila Engenho Nogueira,Nogueira,MT,BR,TRUE
2044,1025,secondary,22931142,Chácara Barros,84,,Novo São Lucas,Pires de Siqueira,TO,BR,FALSE
2045,1025,secondary,49988312,Parque Ribeiro,6,Apto 395,Santa Tereza,da Cruz da Serra,PE,BR,FALSE
2046,1026,billing,51299-387,Rua de Moraes,23,,Acaba Mundo,da Rocha de Oliveira,AP,BR,TRUE
2047,1026,secondary,87642-730,Trecho Cavalcante,2,,São João,Araújo de Vasconcelos,PA,BR,FALSE
2048,1027,billing,29240116,Rodovia Almeida,7,Apto 807,Gameleira,Moreira,AM,BR,TRUE
2049,1027,billing,50772-188,Alameda de Lopes,15,Apto 565,São Bento,da Conceição Paulista,AC,BR,FALSE
2050,1028,billing,26716172,Praia Anna Liz da Conceição,595,,Santo Agostinho,Rocha,AP,BR,TRUE
2051,1029,billing,11869-814,Estação de Rezende,9,,Mariquinhas,Nunes,ES,BR,TRUE
2052,1030,billing,04492294,Sítio Maria Helena Guerra,7,,Estoril,Vasconcelos do Campo,AM,BR,TRUE
2053,1030,billing,70010-920,Fazenda Luísa Novaes,66,Apto 571,Ventosa,Farias do Amparo,CE,BR,FALSE
2054,1031,billing,34138651,Parque Maysa Rocha,37,Apto 725,Anchieta,Gonçalves,DF,BR,TRUE
2055,1031,secondary,93121-510,Trevo Peixoto,912,Apto 248,Coração De Jesus,Brito do Oeste,RO,BR,FALSE
2056,1032,billing,10358077,Chácara de Araújo,112,Apto 459,Fazendinha,Pereira de Fonseca,RN,BR,TRUE
2057,1033,billing,38453-546,Condomínio de Pinto,36,,Padre Eustáquio,Silveira,RO,BR,TRUE
2058,1033,billing,03736375,Área Rafaela Azevedo,91,Apto 077,Santo Agostinho,Cunha,SP,BR,FALSE
2059,1034,billing,82614-464,Núcleo Manuela Ferreira,11,Apto 026,Santa Monica,Novais dos Dourados,MA,BR,TRUE
2060,1034,billing,75714891,Núcleo Ferreira,29,?,Vila Inestan,Ferreira do Oeste,SE,BR,FALSE
2061,1034,secondary,94474-015,Via de Jesus,58,,Nova Vista,Macedo,SE,BR,FALSE
2062,1035,billing,54528324,Conjunto Correia,9,Apto 912,Conjunto Floramar,Correia dos Dourados,AM,BR,TRUE
2063,1035,secondary,01023-941,Viaduto José Pedro Rocha,500,,Apolonia,Macedo,TO,BR,FALSE
2064,1036,billing,49192-832,Travessa Ester Brito,1,,Tupi B,Sampaio dos Dourados,AC,BR,TRUE
2065,1036,billing,49116993,Quadra Marcela Martins,82,,Independência,Macedo do Oeste,AC,BR,FALSE
2066,1037,billing,21782-192,Trevo Benjamin Silva,7,,Vila Pinho,Gonçalves da Mata,CE,BR,TRUE
2067,1037,billing,34576-358,Quadra de Correia,2,,Bonfim,Fonseca,MA,BR,FALSE
2068,1038,billing,58674564,Fazenda Isaque Costela,28,Apto 561,Dom Cabral,Montenegro da Serra,ES,BR,TRUE
2069,1038,secondary,29046084,Viela Luísa da Rosa,8,Apto 248,Funcionários,Teixeira,RR,BR,FALSE
2070,1038,secondary,87999717,Alameda de Nogueira,28,Apto 527,Pedreira Padro Lopes,Barbosa,MS,BR,FALSE
2071,1039,billing,75073613,Área da Rosa,7,,Grajaú,Vasconcelos,CE,BR,TRUE
2072,1040,billing,36281979,Chácara de Caldeira,4,,Alto Vera Cruz,da Conceição de Leão,MG,BR,TRUE
2073,1040,secondary,96719796,Praia de Moura,7,Apto 266,Santa Cecilia,Sá,GO,BR,FALSE
2074,1040,billing,68265970,Praia Cunha,31,,Pedreira Padro Lopes,Rios,SC,BR,FALSE
2075,1041,billing,15197096,Quadra Câmara,7,Apto 734,Solar Do Barreiro,Novaes,TO,BR,TRUE
2076,1042,billing,26786-178,Aeroporto Ayla da Rosa,351,Apto 061,Castanheira,Moraes do Amparo,ES,BR,TRUE
2077,1042,secondary,01449-877,Vila Sales,38,Apto 781,Vila Olhos D'água,Rodrigues,MS,BR,FALSE
2078,1042,secondary,39919793,Rodovia Laura da Mata,61,Apto 112,Vila Nova,Azevedo do Sul,RJ,BR,FALSE
2079,1043,billing,28277565,Trevo Nunes,737,Apto 732,Nova Pampulha,Castro das Pedras,RO,BR,TRUE
2080,1044,billing,77301-423,Viaduto João Guilherme Mendonça,543,,Ápia,Barbosa de Sampaio,SC,BR,TRUE
2081,1044,billing,27664-784, Praça de Alves,56,,Candelaria,Barros,RR,BR,FALSE
2082,1044,billing,66602972,Lagoa de Farias,4,,Vila Oeste,Jesus do Sul,RN,BR,FALSE
2083,1045,billing,14806810,Vereda Camila Pastor,40,,Vila Copacabana,Cunha Grande,PA,BR,TRUE
2084,1045,billing,37505432,Pátio Albuquerque,97,,Ipe,Sampaio da Serra,MA,BR,FALSE
2085,1045,billing,68375945,Recanto de Sampaio,3,Apto 307,Vila Cemig,Aparecida,SC,BR,FALSE
2086,1046,billing,64006-741,Rua Helena Monteiro,552,,Vila Novo São Lucas,Porto,PI,BR,TRUE
2087,1047,billing,41550-757,Jardim Ana Laura Oliveira,33,Apto 148,Vila Vista Alegre,Nunes,MG,BR,TRUE
2088,1047,billing,24043-654,Largo de Barros,116,,Baleia,Santos,BA,BR,FALSE
2089,1047,secondary,65679926,Conjunto Ana Julia da Conceição,81,,Vila Suzana Primeira Seção,da Rosa,PE,BR,FALSE
2090,1048,billing,89658614,Vale Kevin Ribeiro,2,Apto 936,São Jorge 2ª Seção,Sá de Fonseca,PR,BR,TRUE
2091,1049,billing,12287-670,Jardim de da Mata,27,,São Jorge 2ª Seção,Nunes da Mata,RO,BR,TRUE
2092,1050,billing,39040808,Conjunto Raquel Teixeira,65,,Vila Califórnia,Brito de da Paz,CE,BR,TRUE
2093,1050,secondary,09319-121,Loteamento Viana,653,,Ermelinda,Silveira,MA,BR,FALSE
2094,1050,billing,26662068,Passarela Júlia Viana,1,Apto 288,Lindéia,Azevedo de Minas,TO,BR,FALSE
2095,1051,billing,12015026,Loteamento Freitas,82,Apto 714,Belmonte,das Neves,MS,BR,TRUE
2096,1051,billing,88764688,Vale Alves,69,Apto 260,Madre Gertrudes,Sousa,SC,BR,FALSE
2097,1051,secondary,46413-728,Colônia Cardoso,23,Apto 448,São João Batista,da Conceição das Pedras,PA,BR,FALSE
2098,1052,billing,29554859,Vereda de Peixoto,35,Apto 657,Ápia,Ferreira,PA,BR,TRUE
2099,1052,secondary,84432908,Chácara Lima,7,Apto 293,Serrano,Siqueira das Pedras,AP,BR,FALSE
2100,1053,billing,61510037,Vereda Juan Campos,70,,Coração Eucarístico,Andrade do Norte,RR,BR,TRUE
2101,1053,billing,75715-556,Vila Correia,747,,João Paulo Ii,Santos de Minas,SC,BR,FALSE
2102,1054,billing,57859-095,Trevo Silveira,609,,Universitário,Fogaça,MG,BR,TRUE
2103,1055,billing,32662510,Colônia Fonseca,90,Apto 703,Eymard,Castro,GO,BR,TRUE
2104,1056,billing,77696-887,Aeroporto de Lima,11,,Santa Terezinha,Pinto,RO,BR,TRUE
2105,1057,billing,07299672,Lago Vargas,255,Apto 570,Nova Suíça,da Luz,DF,BR,TRUE
2106,1057,billing,91710-035,Vereda Bruno Farias,533,,Anchieta ,da Cruz do Amparo,MA,BR,FALSE
2107,1058,billing,50636-853,Vale de Sales,78,,Vila Nova Gameleira 3ª Seção,Garcia,RJ,BR,TRUE
2108,1059,billing,41152564,Via Guerra,70,,Planalto,Cunha de Goiás,TO,BR,TRUE
2109,1059,billing,54069651,Rodovia João Miguel Gomes,327,Apto 563,Silveira,Andrade,AL,BR,FALSE
2110,1059,billing,24117715,Estrada Liz Mendonça,81,,Vila Trinta E Um De Março,Castro de Minas,AM,BR,FALSE
2111,1060,billing,21926-936,Travessa Pastor,80,Apto 399,Mariquinhas,Brito de Goiás,AP,BR,TRUE
2112,1060,secondary,39868863,Trevo Ana Carolina Brito,13,Apto 756,Vila Santa Monica 2ª Seção,da Rosa de Dias,ES,BR,FALSE
2113,1060,secondary,70964-225,Favela Nicole Vasconcelos,71,Apto 031,Conjunto Califórnia Ii,Vasconcelos,RN,BR,FALSE
2114,1061,billing,44238145,Avenida Samuel Carvalho,24,,Mangueiras,Lopes Paulista,CE,BR,TRUE
2115,1061,billing,55922719,Vereda Albuquerque,54,,Boa Viagem,da Rocha,RO,BR,FALSE
2116,1062,billing,29783-284,Estrada Raquel Camargo,29,Apto 660,Ipiranga,Sampaio do Sul,RR,BR,TRUE
2117,1062,billing,98936870,Recanto Casa Grande,6,,Vila Madre Gertrudes 4ª Seção,Nascimento,GO,BR,FALSE
2118,1062,secondary,44000-543,Chácara de Rios,32,,Vila Nova Cachoeirinha 2ª Seção,da Rosa Verde,CE,BR,FALSE
2119,1063,billing,27244503,Travessa de Costela,77,Apto 499,Lajedo,Santos,DF,BR,TRUE
2120,1063,secondary,53774226,Campo Gabrielly da Paz,643,?,Cardoso,Fogaça da Mata,SC,BR,FALSE
2121,1064,billing,26055-385,Morro Vitória Montenegro,29,,Vila Paquetá,Câmara,GO,BR,TRUE
2122,1064,billing,74499-585,Trevo Teixeira,2,,Vila Real 2ª Seção,Câmara,AL,BR,FALSE
2123,1064,secondary,21216176,Morro Borges,273,,Vila Cloris,Casa Grande,SE,BR,FALSE
2124,1065,billing,31265281,Avenida Macedo,99,,São Salvador,Barbosa de Albuquerque,MS,BR,TRUE
2125,1065,billing,84043-800,Parque de Jesus,95,,Vila Das Oliveiras,Dias,DF,BR,FALSE
2126,1066,billing,62233936,Praça Cecília da Mata,646,Apto 920,Marieta 1ª Seção,Moreira da Prata,PE,BR,TRUE
2127,1066,secondary,07325-791,Estação Danilo Mendes,72,Apto 925,Coqueiros,Cardoso,AL,BR,FALSE
2128,1066,billing,62725-070,Conjunto Vargas,1,Apto 840,Primeiro De Maio,Moreira do Galho,CE,BR,FALSE
2129,1067,billing,27248599,Campo Monteiro,858,,Santa Rita De Cássia,Costela de da Mata,AL,BR,TRUE
2130,1068,billing,38676-770,Estrada de Mendes,77,,Nova Granada,Casa Grande de Novais,TO,BR,TRUE
2131,1069,billing,36719994,Passarela de Sousa,20,,Coqueiros,Fernandes,PR,BR,TRUE
2132,1069,billing,23949708,Lagoa Aragão,72,,Comiteco,Rocha de Goiás,MG,BR,FALSE
2133,1069,secondary,41487-774,Travessa Yuri Campos,783,Apto 808,Tirol,Pastor,SP,BR,FALSE
2134,1070,billing,20796448,Recanto Fogaça,62,,Floresta,Peixoto,AP,BR,TRUE
2135,1070,billing,55250030,Travessa de Sales,83,,Vila Jardim Montanhes,Aragão da Serra,PR,BR,FALSE
2136,1070,secondary,03321-583,Passarela de Costela,4,Apto 928,Ouro Preto,Moura das Pedras,PB,BR,FALSE
2137,1071,billing,36048-988,Feira Gonçalves,28,Apto 750,Oeste,Sales,RJ,BR,TRUE
2138,1071,secondary,71888-069,Vila de Ferreira,4,,Bonfim,Vargas,GO,BR,FALSE
2139,1071,billing,96730746,Parque de Sousa,78,,Jardim Leblon,Barbosa do Norte,SC,BR,FALSE
2140,1072,billing,81277-949,Recanto Lima,95,Apto 988,Cenaculo,Peixoto,AP,BR,TRUE
2141,1072,billing,27049-141,Núcleo de Leão,43,,São Pedro,Nascimento,TO,BR,FALSE
2142,1072,secondary,16729003,Conjunto Ana Liz Ramos,50,,Candelaria,Borges do Oeste,AL,BR,FALSE
2143,1073,billing,45529-003,Vale Lucca Porto,6,Apto 708,Diamante,Ribeiro,BA,BR,TRUE
2144,1074,billing,30307-837,Via Jesus,52,Apto 612,Vila Boa Vista,Ramos do Amparo,RN,BR,TRUE
2145,1074,secondary,23316030,Vale de Peixoto,75,,Gameleira,Borges,MA,BR,FALSE
2146,1074,secondary,21530804,Esplanada Marques,81,Apto 781,Conjunto Minas Caixa,da Cruz,BA,BR,FALSE
2147,1075,billing,45422317,Residencial de Moreira,7,,Conjunto Santa Maria,Siqueira,GO,BR,TRUE
2148,1075,secondary,76565707,Distrito Davi Luiz Sales,71,,Esperança,Araújo Grande,AP,BR,FALSE
2149,1076,billing,21061-141,Parque da Paz,95,,Coqueiros,Alves,RO,BR,TRUE
2150,1077,billing,12445-161,Lagoa de Jesus,83,Apto 092,Esperança,Pereira de Moreira,TO,BR,TRUE
2151,1077,secondary,23236770,Sítio de Nunes,53,,Cônego Pinheiro 2ª Seção,Sales de Minas,PR,BR,FALSE
2152,1078,billing,13588121,Núcleo Clara Carvalho,48,Apto 087,Casa Branca,Albuquerque,SP,BR,TRUE
2153,1078,billing,61880411,Estação de Azevedo,26,Apto 090,Novo Das Industrias,Aragão,RR,BR,FALSE
2154,1079,billing,96746977,Alameda de Correia,49,,Califórnia,da Conceição do Oeste,RR,BR,TRUE
2155,1080,billing,83557-490,Loteamento de Macedo,27,Apto 771,Lagoinha Leblon,Jesus da Mata,PE,BR,TRUE
2156,1080,secondary,43224-696,Colônia Nascimento,6,Apto 899,Nova Pampulha,Pastor,RN,BR,FALSE
2157,1080,secondary,26343092,Esplanada Arthur Miguel da Paz,124,Apto 152,Betânia,Vargas de Costela,PI,BR,FALSE
2158,1081,billing,01897332,Recanto Gael Henrique Fernandes,95,,Santa Monica,Vargas do Amparo,TO,BR,TRUE
2159,1081,secondary,90316972,Colônia de Nogueira,558,,Ápia,da Costa de Vieira,MA,BR,FALSE
2160,1082,billing,19085734,Vale Pietra Santos,67,,Vila Jardim Leblon,Araújo de Borges,MT,BR,TRUE
2161,1082,secondary,22709-557,Via Levi Andrade,6,Apto 368,Xangri-Lá,Novaes,RJ,BR,FALSE
2162,1082,secondary,43538-201,Recanto de Mendonça,27,--,Nova Vista,Siqueira de Minas,AP,BR,FALSE
2163,1083,billing,30912-707,Parque Guerra,70,,Vila Coqueiral,Monteiro,BA,BR,TRUE
2164,1083,secondary,47099-674,Aeroporto Maria Azevedo,42,,Tupi B,Fogaça,BA,BR,FALSE
2165,1084,billing,55575-768,Condomínio Castro,1,,Santa Rosa,Leão Alegre,RO,BR,TRUE
2166,1085,billing,53040-743,Trevo de Costela,872,Apto 075,Venda Nova,da Conceição,MS,BR,TRUE
2167,1086,billing,42384482,Vila Cassiano,290,Apto 710,Nazare,Mendonça,PE,BR,TRUE
2168,1086,secondary,18689383,Viela de Santos,44,Apto 457,Vila Madre Gertrudes 4ª Seção,Carvalho,TO,BR,FALSE
2169,1086,secondary,03840-588,Aeroporto Theodoro Pimenta,4,,Xodo-Marize,Novaes,RS,BR,FALSE
2170,1087,billing,32335-195,Vale Leão,43,Apto 440,Vila Independencia 2ª Seção,Souza Verde,SP,BR,TRUE
2171,1087,secondary,89833337,Rua de Mendonça,63,Apto 805,Vila De Sá,Pimenta,RS,BR,FALSE
2172,1088,billing,98148-805,Loteamento de Azevedo,75,Apto 746,Jardim Vitoria,Cirino,PB,BR,TRUE
2173,1088,secondary,00636470,Rua Maria Luiza Araújo,92,Apto 048,São Lucas,Pereira,BA,BR,FALSE
2174,1089,billing,47633-779,Feira de Moraes,5,,Vila São Rafael,Viana de Aparecida,AM,BR,TRUE
2175,1089,secondary,03760491,Colônia de Sousa,89,,Alto Caiçaras,Marques Verde,RO,BR,FALSE
2176,1090,billing,31080-271,Praça Cavalcante,65,FIXME,Biquinhas,da Cruz,BA,BR,TRUE
2177,1090,secondary,21138869,Campo de Novais,16,,Santo Antônio,Albuquerque de Pimenta,SE,BR,FALSE
2178,1090,secondary,19572-416,Loteamento de Sousa,445,,Vila Novo São Lucas,Nunes do Galho,RO,BR,FALSE
2179,1091,billing,05340534,Lago Luiz Otávio Porto,90,Apto 107,Vila Novo São Lucas,da Mata,MS,BR,TRUE
2180,1092,billing,51390-726,Lagoa Ayla da Cruz,79,Apto 259,União,Macedo,PI,BR,TRUE
2181,1093,billing,27152273,Vila Lorenzo Siqueira,46,Apto 861,João Pinheiro,Camargo de Garcia,PI,BR,TRUE
2182,1093,billing,38358178,Alameda Vasconcelos,52,,VILA COPASA,Albuquerque do Oeste,MT,BR,FALSE
2183,1094,billing,83542-113,Vereda de Fernandes,79,Apto 144,Jardim Leblon,Araújo,MT,BR,TRUE
2184,1094,billing,99798-431,Esplanada Luan Mendonça,111,,Vila Inestan,das Neves de Lopes,MS,BR,FALSE
2185,1094,billing,06530-200,Setor Jade Vieira,42,,Conjunto Capitão Eduardo,da Rosa,BA,BR,FALSE
2186,1095,billing,42247042,Lago de Montenegro,20,,Dom Bosco,Mendes Grande,MA,BR,TRUE
2187,1095,secondary,08932-008,Vila Ísis Rodrigues,35,Apto 193,Conjunto Celso Machado,Pereira da Mata,GO,BR,FALSE
2188,1095,billing,43102-912,Travessa Mendonça,95,Apto 357,Canaa,Moreira de Teixeira,PA,BR,FALSE
2189,1096,billing,08927997,Estrada de da Cunha,532,Apto 807,Heliopolis,Guerra,PE,BR,TRUE
2190,1096,secondary,17501775,Praia Cecília Andrade,71,Apto 815,Pilar,Lima,PA,BR,FALSE
2191,1097,billing,09680-120,Favela Nunes,9,Apto 197,Vila Olhos D'água,Rios,MA,BR,TRUE
2192,1097,secondary,65954-408,Sítio de Montenegro,40,Apto 721,Silveira,Alves,MA,BR,FALSE
2193,1097,secondary,80848296,Lago Leão,90,,Santa Margarida,Novaes,MA,BR,FALSE
2194,1098,billing,22156343,Residencial de Leão,325,,Novo Ouro Preto,Montenegro,AM,BR,TRUE
2195,1099,billing,47432-995,Praia Daniela Dias,48,,Marieta 1ª Seção,Lopes,MS,BR,TRUE
2196,1099,secondary,13907-443,Travessa Mendonça,320,,Carmo,Cirino,AM,BR,FALSE
2197,1100,billing,37032288,Trevode Silveira,30,,Vila Independencia 2ª Seção,Alves do Norte,RS,BR,TRUE
2198,1101,billing,20610-841,Parque Teixeira,877,,Madri,Carvalho,ES,BR,TRUE
2199,1101,secondary,37736-421,Setor Bruna Silva,32,Apto 804,Vila Minaslandia,Gonçalves,RN,BR,FALSE
2200,1102,billing,74238086,Chácara de Pacheco,9,,Barão Homem De Melo 2ª Seção,Melo,MA,BR,TRUE
2201,1102,secondary,52753-700,Condomínio Bernardo Cavalcanti,73,Apto 286,Jardim Atlântico,Azevedo,MG,BR,FALSE
2202,1103,billing,77038931,Fazenda de Sampaio,14,Apto 365,Paulo Vi,Lima,PE,BR,TRUE
2203,1103,billing,29319-010,Setor Ferreira,14,Apto 574,Jardim Atlântico,Almeida de Câmara,PI,BR,FALSE
2204,1104,billing,71747490,Vale Luiz Otávio da Cruz,68,,Dom Cabral,Mendes,ES,BR,TRUE
2205,1104,billing,23057-620,Quadra de Cavalcante,46,,Cardoso,Montenegro Alegre,CE,BR,FALSE
2206,1105,billing,86253956,Trecho da Luz,374,,Chácara Leonina,Costela da Mata,RJ,BR,TRUE
2207,1105,secondary,93426926,Lagoa da Cunha,48,,Ademar Maldonado,Camargo do Sul,MS,BR,FALSE
2208,1105,billing,58960-193,Quadra de Mendonça,78,,Santa Margarida,Ramos das Pedras,MG,BR,FALSE
2209,1106,billing,73457107,Quadra Moraes ,7,,Maria Goretti,Andrade da Serra,PA,BR,TRUE
2210,1107,billing,72231-464,Área Cassiano,8,Apto 657,Suzana,Gonçalves dos Dourados,MS,BR,TRUE
2211,1107,secondary,34344776,Esplanada de da Conceição,79,Apto 637,São Sebastião,Campos da Serra,AC,BR,FALSE
2212,1107,secondary,59776-740,Vale Cecília Alves,39,Apto 519,Nova Suíça,Borges,MS,BR,FALSE
2213,1108,billing,65292-781,Estrada de Guerra,94,,Aguas Claras,Lopes do Amparo,PR,BR,TRUE
2214,1108,secondary,38395027,Parque de Ribeiro,46,,Gutierrez,da Luz,AP,BR,FALSE
2215,1109,billing,50397851,Campo Luiz Gsutavo Almeida,2,,Vila São Dimas,Gomes,PR,BR,TRUE
2216,1109,billing,36852-374,Pátio Joaquim Camargo,95,Apto 497,Vila São Francisco,Montenegro,MA,BR,FALSE
2217,1110,billing,08110521,Jardim Almeida,76,Apto 786,Vila Maria,Pimenta,PI,BR,TRUE
2218,1111,billing,64533-837,Favela Campos,8,Apto 476,Alto Dos Pinheiros,Borges,AL,BR,TRUE
2219,1111,billing,77353-396,Chácara Vitor Hugo das Neves,3,,Rio Branco,Mendes Verde,PI,BR,FALSE
2220,1112,billing,27209935,Núcleo Barbosa,90,,Penha,Fernandes da Mata,SC,BR,TRUE
2221,1113,billing,70047-587,Colônia Cardoso,808,,Caiçara - Adelaide,Gonçalves,DF,BR,TRUE
2222,1114,billing,10108-301,Estrada Caroline Sá,97,Apto 005,Nova America,Moraes,PI,BR,TRUE
2223,1115,billing,38419-628,Colônia Vicente da Luz,74,,Vila Atila De Paiva,Silveira,MS,BR,TRUE
2224,1116,billing,92321-839,Recanto Kamilly Santos,953,Apto 933,Leticia,Cardoso Paulista,AM,BR,TRUE
2225,1116,secondary,17863-189,Quadra Moreira,99,Apto 568,Pompéia,Sales dos Dourados,RR,BR,FALSE
2226,1117,billing,79956880,Rua de Duarte,666,,Concórdia,Garcia,DF,BR,TRUE
2227,1118,billing,87864-801,Loteamento Camargo,9,,Jardim Alvorada,Ribeiro,SC,BR,TRUE
2228,1118,secondary,41022-058,Largo Pacheco,97,Apto 808,Etelvina Carneiro,Carvalho das Flores,CE,BR,FALSE
2229,1118,billing,38276-067,Passarela Casa Grande,20,,Buritis,Siqueira de Rezende,RN,BR,FALSE
2230,1119,billing,61198095,Vila Dante Viana,49,Apto 232,Vila Paraíso,Lopes,PR,BR,TRUE
2231,1119,billing,65401973,Campo Borges,30,,Santa Tereza,Cavalcante de Cavalcanti,AM,BR,FALSE
2232,1119,secondary,31741-993,Travessa de Cardoso,43,Apto 409,Vila Nova Cachoeirinha 2ª Seção,Nascimento das Flores,ES,BR,FALSE
2233,1120,billing,46923-266,Jardim Cassiano,796,Apto 390,Vila Jardim Montanhes,da Mota de Cardoso,RO,BR,TRUE
2234,1121,billing,63389-122,Alameda de Albuquerque,83,Apto 060,Vila Barragem Santa Lúcia,Barbosa,MA,BR,TRUE
2235,1122,billing,73361239,Estrada Novaes,9,,Tupi B,Fernandes Paulista,RO,BR,TRUE
2236,1122,secondary,51523-858,Praia de Cassiano,70,,Petropolis,Câmara,BA,BR,FALSE
2237,1122,billing,37090313,Passarela Ana Lívia da Rocha,19,,Vila Maria,Farias,RO,BR,FALSE
2238,1123,billing,39583326,Área Apollo Campos,28,,Santa Rita De Cássia,Rezende da Prata,RN,BR,TRUE
2239,1123,billing,64590300,Quadra Davi Luiz Rezende,74,Apto 806,Vila Betânia,Gomes,MS,BR,FALSE
2240,1123,secondary,12174-726,Estação Otávio da Rosa,7,,São Jorge 3ª Seção,Monteiro de Cassiano,PR,BR,FALSE
2241,1124,billing,38668-970,Favela Ana Clara Ramos,91,,Mangabeiras,Siqueira,SP,BR,TRUE
2242,1124,billing,16982379,Núcleo de da Cruz,12,Apto 566,Santa Rita,Marques,ES,BR,FALSE
2243,1124,secondary,26756-529,Setor de Abreu,13,Apto 361,Aeroporto,da Mata,RS,BR,FALSE
2244,1125,billing,05100-199,Aeroporto Caleb Pinto,772,,Indaiá,Casa Grande dos Dourados,AM,BR,TRUE
2245,1125,secondary,75205-935,Chácara Ester Monteiro,83,,Guaratã,da Cunha,SE,BR,FALSE
2246,1125,secondary,42589-199,Largo de Pimenta,74,,Leonina,Oliveira,PI,BR,FALSE
2247,1126,billing,65631-603,Via Novais,589,,Vila Havaí,Novais de Pimenta,MA,BR,TRUE
2248,1127,billing,72635288,Rodovia Albuquerque,223,,Jonas Veiga,Ribeiro,RR,BR,TRUE
2249,1128,billing,25200298,Alameda de da Rocha,96,,Bacurau,Nogueira de Cavalcanti,MT,BR,TRUE
2250,1129,billing,46709978,Loteamento de Rezende,7,Apto 161,Graça,Rezende,BA,BR,TRUE
2251,1129,billing,78888162,Praça Isis Pimenta,374,Apto 233,Centro,da Rosa da Mata,MG,BR,FALSE
2252,1130,billing,17954957,Viela Barros,50,Apto 944,Viila Da Ária,Fonseca,DF,BR,TRUE
2253,1130,secondary,14518-313,Colônia Rodrigues,816,Apto 049,Califórnia,Gonçalves do Campo,AC,BR,FALSE
2254,1131,billing,72607685,Pátio da Rocha,7,Apto 400,Madri,da Rocha da Praia,AM,BR,TRUE
2255,1131,billing,82729428,Setor de BBarbosa,7,,Itaipu,Teixeira da Mata,SE,BR,FALSE
2256,1131,secondary,24832-595,Lagoa Emanuelly Pinto,4,,Dom Silverio,Fogaça de Pacheco,RJ,BR,FALSE
2257,1132,billing,34582388,Rodovia Mendonça,7,,Tupi B,Gomes dos Dourados,SP,BR,TRUE
2258,1132,billing,68929-247,Rua Benício Melo,85,Apto 975,Planalto,Correia,AP,BR,FALSE
2259,1133,billing,46367-621,Viela Lopes,7,,Cônego Pinheiro 2ª Seção,Santos Verde,GO,BR,TRUE
2260,1133,secondary,72724-557,Trevo Sophie Vargas,25,,Califórnia,Moura Verde,ES,BR,FALSE
2261,1133,secondary,36399601,Ladeira Marina Camargo,89,,Santa Inês,Oliveira,GO,BR,FALSE
2262,1134,billing,59596-140,Quadra de Marques,91,Apto 412,Sion,da Cunha do Sul,MT,BR,TRUE
2263,1135,billing,52932276,Vila de Mendonça,60,Apto 721,Santana Do Cafezal,da Mota Alegre,TO,BR,TRUE
2264,1135,billing,26169174,Travessa de Câmara,345,,Conjunto Lagoa,Santos de Pastor,SE,BR,FALSE
2265,1136,billing,80554700,Pátio de Sá,487,Apto 029,Nova Floresta,Alves,TO,BR,TRUE
2266,1137,billing,63364-097,Distrito Yasmin Castro,31,,Vila Primeiro De Maio,Sá,TO,BR,TRUE
2267,1137,billing,31096-872,Lagoa Caleb Macedo,94,Apto 816,Santa Lúcia,Albuquerque,GO,BR,FALSE
2268,1138,billing,28127731,Quadra Ana Carolina Rocha,97,,Varzea Da Palma,Correia do Amparo,PI,BR,TRUE
2269,1138,secondary,24275-814,Vila Garcia,60,Apto 809,ila Cemig,Cunha do Campo,PA,BR,FALSE
2270,1139,billing,70594-887,Estrada Vitor Hugo Andrade,33,Apto 845,Minas Brasil,Casa Grande,BA,BR,TRUE
2271,1139,billing,71082281,Ladeira de Araújo,53,Apto 977,Maria Virgínia,Cunha,MG,BR,FALSE
2272,1139,billing,83588-454,Área de Rocha,967,Apto 138,Vila Independencia 2ª Seção,Sá,ES,BR,FALSE
2273,1140,billing,19676475,Rua de Sousa,63,Apto 663,São Cristóvão,Moraes,CE,BR,TRUE
2274,1141,billing,70697777,Área Nascimento,92,,Juliana,Machado,TO,BR,TRUE
2275,1142,billing,02368-104,Fazenda Hellena Rios,12,Apto 154,Minas Brasil,Cardoso,AP,BR,TRUE
2276,1142,billing,91228-673,Viaduto Pastor,51,Apto 926,Centro,Rocha do Campo,AM,BR,FALSE
2277,1142,secondary,80202-315,Via de Cavalcante,9,,Alípio De Melo ,Azevedo Grande,MA,BR,FALSE
2278,1143,billing,01843597,Aeroporto Vargas,780,,Lagoinha Leblon,Casa Grande de Mendes,DF,BR,TRUE
2279,1143,billing,16584563,Viela da Cunha,14,,Vila Petropolis,Câmara das Pedras,AC,BR,FALSE
2280,1144,billing,56815-409,Núcleo de Rodrigues,81,,Vila Minaslandia,Cirino de Porto,RJ,BR,TRUE
2281,1144,billing,22923-467,Setor da Rosa,26,,Vila Do Pombal,Correia de Carvalho,PB,BR,FALSE
2282,1145,billing,30766-740,Colônia Porto,747,,Cidade Nova,Pacheco da Praia,DF,BR,TRUE
2283,1146,billing,96071-240,Jardim de Rios,66,,Vila Mantiqueira,Alves,SP,BR,TRUE
2284,1146,billing,62247-180,Vereda Viana,581,,Vila Calafate,Marques,AM,BR,FALSE
2285,1146,billing,45826096,Área de Alves,15,,Pindorama,Fernandes de Vasconcelos,BA,BR,FALSE
2286,1147,billing,17806677,Rodovia Davi Miguel Moraes,230,Apto 636,Santa Rita,Cardoso das Pedras,ES,BR,TRUE
2287,1147,billing,61891355,Praça de Fonseca,82,,Cônego Pinheiro 1ª Seção,Novaes de Camargo,RO,BR,FALSE
2288,1147,billing,14762-380,Passarela Teixeira,50,,Nossa Senhora Do Rosário,Novais,PA,BR,FALSE
2289,1148,billing,71641-814,Avenida Thomas Ribeiro,391,,Túnel De Ibirité,Lima,DF,BR,TRUE
2290,1148,billing,28029798,Campo Cunha,37,,Vila Primeiro De Maio,Nunes,PA,BR,FALSE
2291,1148,billing,38667-519,Núcleo Otto Macedo,17,Apto 392,Rio Branco,Pinto de Minas,MA,BR,FALSE
2292,1149,billing,83975053,Sítio Pires,73,,Vila Santa Rosa,Caldeira,MA,BR,TRUE
2293,1149,billing,71511-888,Estação de Mendonça,4,,Conjunto Celso Machado,da Rocha,SC,BR,FALSE
2294,1150,billing,36043745,Praia Isabela Lopes,59,Apto 081,Sport Club,Monteiro,MT,BR,TRUE
2295,1150,secondary,82775-947,Estação de Cavalcante,20,,Tupi B,da Cunha,RS,BR,FALSE
2296,1150,billing,75957-963,Recanto Campos,4,,Lagoinha Leblon,Martins,AC,BR,FALSE
2297,1151,billing,16508-170,Viela Macedo,41,Apto 524,Conjunto Califórnia I,Lima,RJ,BR,TRUE
2298,1152,billing,53845-542,Vereda de Ramos,52,,Independência,Ferreira de Teixeira,DF,BR,TRUE
2299,1152,billing,92014-829,Estrada Mendes,725,Apto 865,Aeroporto,Leão do Sul,AM,BR,FALSE
2300,1153,billing,65586511,Alameda Renan Duarte,95,,Calafate,Rocha,RO,BR,TRUE
2301,1154,billing,66056772,Colônia de Correia,10,,São Jorge 2ª Seção,Siqueira do Oeste,PI,BR,TRUE
2302,1154,secondary,06399378,Feira Lima,810,,Vila Engenho Nogueira,Cavalcante de Azevedo,RJ,BR,FALSE
2303,1154,secondary,63091651,Setor Bryan Alves,37,Apto 153,Lindéia,Rios de Andrade,AC,BR,FALSE
2304,1155,billing,58717020,Viaduto Siqueira,65,,Alpes,Souza,PI,BR,TRUE
2305,1155,billing,89005-299,Distrito Rael Cardoso,55,,Santo Antônio,Ramos,DF,BR,FALSE
2306,1155,billing,92321-243,Distrito Farias,133,Apto 361,Frei Leopoldo,Carvalho,PR,BR,FALSE
2307,1156,billing,90474-473,Trevo Porto,111,Apto 780,Vitoria Da Conquista,Leão de Garcia,PR,BR,TRUE
2308,1156,billing,53343-357,Lagoa de Câmara,20,,Vila Inestan,Montenegro,SP,BR,FALSE
2309,1156,secondary,33613637,Largo de Alves,60,,Beija Flor,da Cruz,SC,BR,FALSE
2310,1157,billing,11637-845,Praia de Pires,36,Apto 530,Glória,Ribeiro Grande,SE,BR,TRUE
2311,1157,secondary,02732-269,Conjunto de Machado,88,,Alto Vera Cruz,Cirino,RN,BR,FALSE
2312,1158,billing,00975-110,Travessa da Costa,740,Apto 567,Barroca,Pires das Flores,GO,BR,TRUE
2313,1158,billing,98171-303,Trecho Casa Grande,344,,Vila Nova Gameleira 2ª Seção,Caldeira,DF,BR,FALSE
2314,1158,secondary,33213-300,Avenida de da Rocha,69,,Minas Brasil,Correia,AC,BR,FALSE
2315,1159,billing,93095872,Esplanada Alves,35,,Baleia,Sales,CE,BR,TRUE
2316,1160,billing,56931-860,Esplanada Pietro Porto,5,,Gameleira,da Paz de da Rosa,ES,BR,TRUE
2317,1160,billing,30535-962,Pátio Ravy Albuquerque,8,Apto 632,Leonina,Marques,RO,BR,FALSE
2318,1161,billing,97674881,Trecho Brito,12,,Flamengo,Fonseca de Vasconcelos,MG,BR,TRUE
2319,1161,secondary,14314-013,Rua de Novais,58,Apto 295,Gameleira,Silveira,PB,BR,FALSE
2320,1161,secondary,89428408,Vereda de Nascimento,456,Apto 802,Vila Dos Anjos,Cassiano de Minas,BA,BR,FALSE
2321,1162,billing,04164851,Morro Jade da Luz,470,,Santa Rosa,Campos,PE,BR,TRUE
2322,1162,billing,03950-888,Ladeira de Cavalcante,55,,Aeroporto,Siqueira,SE,BR,FALSE
2323,1163,billing,69806813,Vereda Heloisa Costela,32,,Indaiá,Lopes da Serra,PA,BR,TRUE
2324,1163,billing,56157-723,Viaduto Catarina Barros,82,test,Jaqueline,Marques da Serra,PB,BR,FALSE
2325,1164,billing,59944617,Largo Câmara,70,,Vila Nossa Senhora Do Rosário,da Rocha do Amparo,SC,BR,TRUE
2326,1165,billing,67409126,Distrito Porto,170,Apto 711,Alto Vera Cruz,da Rocha do Galho,AL,BR,TRUE
2327,1166,billing,32586998,Avenida Vasconcelos,581,Apto 848,Vila Canto Do Sabiá,Gomes Alegre,GO,BR,TRUE
2328,1166,secondary,12422960,Vale Enzo da Cruz,821,Apto 295,Novo Ouro Preto,Sales,AP,BR,FALSE
2329,1166,billing,67823-967,Praça Maria Jesus,59,,Vila Jardim Leblon,Câmara dos Dourados,PI,BR,FALSE
2330,1167,billing,85597-118,Recanto de Sales,94,,São Lucas,Moura,SC,BR,TRUE
2331,1168,billing,06337-874,Distrito Juliana Vargas,33,,Floresta,Souza do Galho,AM,BR,TRUE
2332,1168,billing,61593640,Vila Heloísa Carvalho,3,Apto 820,Rio Branco,Pires Verde,MT,BR,FALSE
2333,1168,billing,24132-459,Colônia de Silveira,23,Apto 414,Conjunto Minas Caixa,Ferreira,PE,BR,FALSE
2334,1169,billing,54514343,Distrito de Ferreira,1,Apto 869,São Luiz,Andrade,MS,BR,TRUE
2335,1169,secondary,03415949,Conjunto de Silva,534,,Conjunto Bonsucesso,Fogaça,TO,BR,FALSE
2336,1169,billing,70607714,Recanto de Gonçalves,42,Apto 691,Santa Helena,da Costa,SP,BR,FALSE
2337,1170,billing,42234177,Distrito de Teixeira,2,,Pilar,Andrade,MS,BR,TRUE
2338,1170,billing,45960901,Recanto Campos,12,,Serra Verde,Almeida da Serra,PB,BR,FALSE
2339,1170,secondary,94315211,VALE DE MENDONÇA,8,,São Francisco,Silveira da Serra,MS,BR,FALSE
2340,1171,billing,15636-886,Viaduto Helena Porto,50,Apto 569,Mirtes,Vargas,SC,BR,TRUE
2341,1171,billing,28536-749,Sítio Pires,9,Apto 711,Outro,Santos,PA,BR,FALSE
2342,1172,billing,54313311,Distrito de Rodrigues,70,Apto 454,Ribeiro De Abreu,Oliveira,SC,BR,TRUE
2343,1172,billing,49791030,Favela de Câmara,29,,Nossa Senhora De Fátima,Moraes,MT,BR,FALSE
2344,1172,secondary,29767064,Aeroporto Otto Teixeira,6,,Rio Branco,Lima de Silva,RS,BR,FALSE
2345,1173,billing,40692600,Lago Leonardo Novais,63,Apto 740,Novo São Lucas,Caldeira dos Dourados,MA,BR,TRUE
2346,1173,billing,44138-825,Via de Cirino,65,,Cônego Pinheiro 1ª Seção,da Conceição dos Dourados,DF,BR,FALSE
2347,1174,billing,80617799,Travessa de Aparecida,93,,Vila Madre Gertrudes 4ª Seção,Aragão,AC,BR,TRUE
2348,1174,billing,31059-507,Condomínio Thomas Abreu,78,,Santa Sofia,Camargo de Ribeiro,PA,BR,FALSE
2349,1174,secondary,73382109,Avenida Aparecida,511,Apto 989,Cinquentenário,Rodrigues,MG,BR,FALSE
2350,1175,billing,09894-793,Rua de Ramos,56,,São Pedro,Pereira do Sul,RS,BR,TRUE
2351,1176,billing,10960-338,Distrito de Vasconcelos,93,,Vila Calafate,Cirino,ES,BR,TRUE
2352,1176,secondary,37557-270,Vale João Sá,20,Apto 887,Conjunto Bonsucesso,Jesus,RN,BR,FALSE
2353,1177,billing,57767-788,Condomínio Mateus Albuquerque,448,Apto 972,Aarão Reis,Gonçalves,RR,BR,TRUE
2354,1177,secondary,32956-898,Morro Luna das Neves,793,,Piratininga,Lopes,SC,BR,FALSE
2355,1178,billing,97500381,Lagoa de Ramos,5,,Dom Joaquim,Borges,MS,BR,TRUE
2356,1179,billing,15005835,Estrada de da Rosa,558,,Vila Sumaré,Farias,MT,BR,TRUE
2357,1180,billing,14178-437,Alameda Gael Henrique Vasconcelos,632,Apto 798,Candelaria,Peixoto da Praia,RR,BR,TRUE
2358,1181,billing,52469360,Estação Beatriz Oliveira,104,,Betânia,Oliveira,SE,BR,TRUE
2359,1181,secondary,89818-432,Lagoa Eloá Monteiro,53,,Vila Da Ária,Dias,RJ,BR,FALSE
2360,1182,billing,12286-952,Fazenda de Sousa,121,,Olaria,Nascimento,MG,BR,TRUE
2361,1182,secondary,21007-359,Campo Costa,85,Apto 044,ila Vista Alegre,Vieira,GO,BR,FALSE
2362,1182,billing,24302595,Rua de Novais,85,Apto 393,Venda Nova,da Mata de Cavalcante,RS,BR,FALSE
2363,1183,billing,08550-262,Trecho Henry da Mata,45,Apto 959,Vista Do Sol,Jesus do Campo,PB,BR,TRUE
2364,1184,billing,07036798,Trevo de Viana,47,,Monsenhor Messias,Aragão,AM,BR,TRUE
2365,1184,secondary,27737-481,Setor da Rosa,88,Apto 890,Maria Tereza,Oliveira,AM,BR,FALSE
2366,1185,billing,40900-255,Quadra de Moraes,85,,Distrito Industrial Do Jatoba,Cunha,AC,BR,TRUE
2367,1185,secondary,20373540,Vereda Ravi Lucca Costa,20,,Nova Floresta,Vieira dos Dourados,PI,BR,FALSE
2368,1185,secondary,06093-371,Setor de Garcia,68,,Biquinhas,Cardoso,RR,BR,FALSE
2369,1186,billing,46548193,Esplanada Almeida,61,Apto 250,Boa Viagem,Macedo,PR,BR,TRUE
2370,1186,secondary,95047-006,Conjunto Duarte,2,,Nova Granada,Monteiro de Farias,RN,BR,FALSE
2371,1186,secondary,74890923,Fazenda de Jesus,5,Apto 470,Piraja,Leão,PA,BR,FALSE
2372,1187,billing,57965273,Sítio de da Cruz,2,,Conjunto Celso Machado,Pastor do Galho,CE,BR,TRUE
2373,1187,billing,18987016, Viela da Rocha,64,,Biquinhas,Pereira das Pedras,AP,BR,FALSE
2374,1188,billing,70340849,Rua Ayla Câmara,6,Apto 027,Vila Canto Do Sabiá,da Costa Verde,ES,BR,TRUE
2375,1188,billing,91654594,Alameda de Jesus,60,Apto 279,Madre Gertrudes,Araújo dos Dourados,CE,BR,FALSE
2376,1188,billing,09333-020,Sítio Marcelo Casa Grande,6,,Ermelinda,Fernandes da Serra,PI,BR,FALSE
2377,1189,billing,34978575,Fazenda Casa Grande,26,,Andiroba,Novaes,BA,BR,TRUE
2378,1190,billing,18620502,Largo Davi Lucca da Cruz,7,,Estoril,Pereira,MA,BR,TRUE
2379,1190,secondary,64977070,Lago Fernandes,22,,Maria Tereza,Farias Grande,PR,BR,FALSE
2380,1191,billing,21691-957,Travessa Ana Júlia Camargo,604,,Heliopolis,Lopes,MT,BR,TRUE
2381,1192,billing,78292-409,Rua de Gomes,26,Apto 187,Santa Tereza,Albuquerque,PB,BR,TRUE
2382,1193,billing,98900-618,Distrito Andrade,61,,Mariquinhas,Martins dos Dourados,SE,BR,TRUE
2383,1194,billing,21635-924,Ladeira de da Rosa,80,,Olaria,das Neves dos Dourados,PE,BR,TRUE
2384,1194,billing,55939897,Núcleo Isaac das Neves,95,,Alto Caiçaras,Souza de da Rocha,BA,BR,FALSE
2385,1195,billing,12037360,Colônia da Rosa,42,,Conjunto Santa Maria,Cardoso,SP,BR,TRUE
2386,1196,billing,42041793,Travessa de Duarte,58,Apto 307,Biquinhas,Jesus das Pedras,AC,BR,TRUE
2387,1196,secondary,35149033,Colônia da Cruz,136,,Cidade Jardim,Sampaio do Amparo,BA,BR,FALSE
2388,1196,secondary,73115676,Estação de da Costa,965,Apto 263,Alto Vera Cruz,Santos,MG,BR,FALSE
2389,1197,billing,80303879,Esplanada Isabella Cunha,60,,Jardim Guanabara,Fogaça de Freitas,AP,BR,TRUE
2390,1197,billing,69832-299,Vila Novaes,3,,Santa Sofia,Pereira,AP,BR,FALSE
2391,1197,secondary,77019827,Via Igor Marques,856,,São Cristóvão,Porto da Prata,PB,BR,FALSE
2392,1198,billing,61217-744,Colônia Catarina Garcia,57,,Ermelinda,Farias de Peixoto,PE,BR,TRUE
2393,1198,secondary,48132818,Colônia Cirino,955,Apto 445, Parque São Pedro,Duarte,CE,BR,FALSE
2394,1199,billing,40714-913,Área da Luz,35,,Santa Margarida,Araújo Paulista,MS,BR,TRUE
2395,1200,billing,45431-290,Rua Cavalcanti,25,,Conjunto Califórnia I,Machado da Serra,RJ,BR,TRUE
2396,1200,secondary,63370095,Campo Cunha,312,,Conjunto Califórnia Ii,Silveira de Lopes,AM,BR,FALSE
2397,1200,secondary,84251-187,Lago de Cirino,23,,Senhor Dos Passos,Montenegro do Oeste,AP,BR,FALSE
2398,1201,billing,29757034,Vale Macedo,9,Apto 148,Mariquinhas,da Conceição das Flores,BA,BR,TRUE
2399,1201,secondary,48187-317,Sítio de Vargas,82,Apto 642,Outro,Rezende das Flores,PI,BR,FALSE
2400,1201,secondary,19261-758,Trevo Kaique Machado,12,,Palmares,Câmara,RN,BR,FALSE
2401,1202,billing,61028111,Residencial Andrade,50,,Vila Nova Cachoeirinha 2ª Seção,Nogueira de Rezende,RO,BR,TRUE
2402,1202,billing,37480-521,Viela de Martins,3,Apto 073,Serrano,Vargas de Araújo,RS,BR,FALSE
2403,1202,billing,63162958,Avenida Machado,71,Apto 767,Vila Jardim Montanhes,Azevedo das Flores,MG,BR,FALSE
2404,1203,billing,64858884,Lagoa de da Mata,64,,Barreiro,Siqueira do Galho,PE,BR,TRUE
2405,1203,secondary,45386-845,Estação Leão,82,Apto 667,Itaipu,Caldeira,MT,BR,FALSE
2406,1204,billing,25417-832,Chácara Cassiano,28,Apto 868,Mariquinhas,Gonçalves,DF,BR,TRUE
2407,1204,billing,58569-771,Lago Freitas,98,,Conjunto Taquaril,Sampaio de Goiás,MA,BR,FALSE
2408,1205,billing,42359288,Recanto de Albuquerque,6,Apto 251,Vila União,Gonçalves,CE,BR,TRUE
2409,1206,billing,25861-821,Vereda da Cunha,9,Apto 487,Guarani,Jesus,AM,BR,TRUE
2410,1206,secondary,47121-627,Quadra Matheus da Costa,10,Apto 611,Santa Monic,Lopes,PI,BR,FALSE
2411,1206,secondary,29748-023,Vereda Fogaça,63,, Santa Lúcia,Rodrigues da Praia,RN,BR,FALSE
2412,1207,billing,38384-607,Trecho Diego Gonçalves,681,Apto 556,Calafate,Vieira,RN,BR,TRUE
2413,1207,billing,04751-042,Conjunto Aurora Novais,66,Apto 899,Embaúbas,da Cruz,SE,BR,FALSE
2414,1208,billing,71768-538,Trecho Vitor Hugo Almeida,847,Apto 279,Nova Suíça,Cassiano de Moraes,AC,BR,TRUE
2415,1208,billing,77140046,Avenida Sarah Monteiro,881,Apto 361,Santa Terezinha,Machado Alegre,BA,BR,FALSE
2416,1208,secondary,52164-201,Rua Aragão,629,,Granja Werneck,Carvalho de Minas,SC,BR,FALSE
2417,1209,billing,21594633,Sítio Caldeira,99,,Granja Werneck,Macedo,PA,BR,TRUE
2418,1209,secondary,17706905,Estrada Martins,2,,Universo,Garcia,ES,BR,FALSE
2419,1210,billing,51436-462,Parque de Silva,505,Apto 521,Tupi A,Viana,RJ,BR,TRUE
2420,1210,secondary,67125840,Residencial Kamilly Araújo,830,Apto 354,Nova Pampulha,Albuquerque,SC,BR,FALSE
2421,1211,billing,97407-685,Ladeira Valentim Sá,625,Apto 933,Granja Werneck,Nunes Alegre,MA,BR,TRUE
2422,1212,billing,80022-097,Ladeira Heloisa Fonseca,81,,São Luiz,Sales Alegre,RJ,BR,TRUE
2423,1213,billing,27423-341,Setor Sales,44,,Vila Cemig,Almeida de da Costa,PB,BR,TRUE
2424,1214,billing,26968-575,Trevo Azevedo,29,,Corumbiara,Garcia da Prata,SE,BR,TRUE
2425,1214,secondary,32766163,Rodovia de da Mota,811,,Conjunto Bonsucesso,Fernandes,AM,BR,FALSE
2426,1214,billing,57481532,Praça Cauã Porto,93,,Campo Alegre,Moura,MT,BR,FALSE
2427,1215,billing,42060-993,Vereda de Gonçalves,1,,Vila Nossa Senhora Do Rosário,Novaes de Oliveira,SC,BR,TRUE
2428,1215,billing,93506-177,Favela Moraes,80,Apto 511,Frei Leopoldo,Novais das Pedras,MT,BR,FALSE
2429,1215,secondary,96810-320,Esplanada da Luz,2,,Santa Branca,Rocha,CE,BR,FALSE
2430,1216,billing,59543124,Pátio de Mendonça,10,Apto 940,Jardim São José,Machado,PI,BR,TRUE
2431,1216,billing,41195873,Avenida Júlia Sampaio,14,Apto 513,Aparecida 7ª Seção,Ferreira,PB,BR,FALSE
2432,1216,secondary,39532791,Esplanada de da Conceição,71,Apto 716,Cinquentenário,Sousa da Prata,AP,BR,FALSE
2433,1217,billing,54814-423,Morro Cassiano,6,Apto 602,Esperança,da Rosa,SE,BR,TRUE
2434,1217,secondary,46879-271,Morro de Fogaça,4,,Pirineus,Costela,RR,BR,FALSE
2435,1217,secondary,97978-087,Vereda de da Rocha,8,,Santo André,Melo de Goiás,RN,BR,FALSE
2436,1218,billing,69394995,Estação Bento Cardoso,4,,Carmo,Castro do Campo,AL,BR,TRUE
2437,1219,billing,81146-813,Trecho de Silveira,23,,Engenho Nogueira,Costa da Mata,RJ,BR,TRUE
2438,1219,billing,35249371,Ladeira Brito,36,,Vitoria,Sampaio do Campo,AC,BR,FALSE
2439,1220,billing,01640403,Vila de Martins,22,Apto 188,Alto Caiçaras,Pimenta do Norte,GO,BR,TRUE
2440,1220,billing,89114821,Travessa de Camargo,70,Apto 244,Bela Vitoria,Sá do Sul,AP,BR,FALSE
2441,1220,billing,64150-995,Loteamento Helena Moura,2,Apto 343,Boa União 2ª Seção,Câmara da Serra,RN,BR,FALSE
2442,1221,billing,14939282,Favela Fonseca,563,,Carlos Prates,Cavalcante de Vargas,TO,BR,TRUE
2443,1222,billing,24719-391,Largo Lucas Gabriel Macedo,13,Apto 872,Vila Independencia 2ª Seção,Albuquerque de Goiás,MG,BR,TRUE
2444,1223,billing,80025-406,Ladeira de Souza,77,,Marieta 3ª Seção,Mendonça,BA,BR,TRUE
2445,1223,secondary,75329-123,Parque de Duarte,56,Apto 414,Túnel De Ibirité,Abreu,AC,BR,FALSE
2446,1224,billing,59038240,Avenida Pacheco,92,,Etelvina Carneiro,Costa das Flores,GO,BR,TRUE
2447,1225,billing,56630-906,Travessa Ana Sophia Novaes,5,Apto 940,Alto Barroca,Jesus da Mata,MA,BR,TRUE
2448,1225,billing,51571-792,Fazenda de Aragão,3,,São Gabriel,Vieira,GO,BR,FALSE
2449,1226,billing,84455074,Esplanada de Pinto,128,,Diamante,Pacheco de Rodrigues,GO,BR,TRUE
2450,1227,billing,00010-568,Recanto de Melo,703,,Palmeiras,Pereira das Flores,MA,BR,TRUE
2451,1228,billing,22169-689,Vila Montenegro,89,Apto 979,Flavio De Oliveira,Montenegro Alegre,RN,BR,TRUE
2452,1229,billing,35722-315,Viela Guerra,6,,Vila Madre Gertrudes 1ª Seção,Pastor de da Paz,PI,BR,TRUE
2453,1229,secondary,57581001,Núcleo de das Neves,67,,Bela Vitoria,da Luz,MS,BR,FALSE
2454,1230,billing,37984-800, Aeroporto Rodrigues,92,,Santa Inês,Macedo,PE,BR,TRUE
2455,1231,billing,17832-250,Colônia de Viana,85,,Fazendinha,Cavalcanti,BA,BR,TRUE
2456,1231,billing,32601754,Passarela Pinto,383,,Beija Flor,Carvalho,GO,BR,FALSE
2457,1231,secondary,34839061,Rua de da Mata,86,,Concórdia,Moraes de Ferreira,PR,BR,FALSE
2458,1232,billing,02394847,Praia de Barros,86,Apto 339,Vila Novo São Lucas,Pinto,BA,BR,TRUE
2459,1232,billing,37018327,Aeroporto Mathias Camargo,59,Apto 743,Guaratã,Nascimento,PE,BR,FALSE
2460,1232,secondary,57651502,Rodovia Guerra,95,Apto 219,Jardinópolis,Fonseca,AP,BR,FALSE
2461,1233,billing,63861-890,Morro de da Rosa,4,Apto 032,Maria Virgínia,Freitas,MT,BR,TRUE
2462,1233,secondary,99539-720,Vila de Duarte,10,,Vila Canto Do Sabiá,Santos da Mata,BA,BR,FALSE
2463,1233,secondary,92259739,Quadra Calebe Machado,1,,Monsenhor Messias,Brito,SC,BR,FALSE
2464,1234,billing,30322323,Lagoa Pietro Costa,64,Apto 365,Nossa Senhora Aparecida,Vieira,BA,BR,TRUE
2465,1234,secondary,74121-638,Jardim Dias,362,,Eymard,Casa Grande de da Mota,RR,BR,FALSE
2466,1235,billing,39609-960,Trecho Mateus Pacheco,1,Apto 515,Vila Boa Vista,Sousa,PB,BR,TRUE
2467,1235,billing,08165359,Viaduto de Nascimento,61,,Vila Copasa,Pires,BA,BR,FALSE
2468,1236,billing,92835342,Ladeira de Porto,250,Apto 528,Alpes,Siqueira,SE,BR,TRUE
2469,1236,secondary,48615-779,Favela de Rocha,74,,Vila Nova,Sales Paulista,RN,BR,FALSE
2470,1237,billing,89638999,Rodovia Antônio Caldeira,76,Apto 993,Palmeiras,Andrade,MT,BR,TRUE
2471,1238,billing,76424-944,Sítio Cavalcanti,418,Apto 255,Bom Jesus,Garcia,MG,BR,TRUE
2472,1238,secondary,78272972,Feira Lopes,708,,Novo Santa Cecilia,Cavalcante,BA,BR,FALSE
2473,1239,billing,31650-124,Lago Rios,4,,Jonas Veiga,Mendes,PA,BR,TRUE
2474,1240,billing,97137779,Rua Garcia,50,,Piratininga,da Mata,TO,BR,TRUE
2475,1240,secondary,08664786,Núcleo Sampaio,143,Apto 122,Mirtes,Campos Alegre,ES,BR,FALSE
2476,1241,billing,43187-050,Sítio de Castro,71,Apto 259,Santa Monica,Cavalcanti,CE,BR,TRUE
2477,1241,billing,08407-493,Feira de da Luz,7,Apto 232,Lajedo,Moraes,PR,BR,FALSE
2478,1242,billing,40291-332,Recanto Lima,4,Apto 921,Serra Verde,Jesus,SE,BR,TRUE
2479,1242,secondary,80643-855,Campo de Carvalho,798,Apto 631,São Bernardo,Duarte,PE,BR,FALSE
2480,1242,secondary,09769046,Largo Almeida,47,,Vila Puc,Novaes,TO,BR,FALSE
2481,1243,billing,93775-335,Viaduto de Sales,60,Apto 332,Vila Coqueiral,Rocha de Goiás,DF,BR,TRUE
2482,1244,billing,06984-433,Rua de Pinto,3,,Laranjeiras,Monteiro de Minas,RO,BR,TRUE
2483,1244,billing,78066448,Via Joana Mendes,368,Apto 685,Vila Nova Dos Milionarios,Camargo Grande,PR,BR,FALSE
2484,1244,billing,11836063,Residencial de Albuquerque,55,,Maria Tereza,Santos Alegre,AM,BR,FALSE
2485,1245,billing,41423-861,Largo Asaf ePereira,41,,Vila Cemig,Cassiano,SE,BR,TRUE
2486,1245,secondary,81401-011,Alameda de Ferreira,5,Apto 428,Calafate,das Neves Alegre,PE,BR,FALSE
2487,1245,billing,81063551,Residencial de Viana,46,,Jardim Felicidade,Fogaça Alegre,PA,BR,FALSE
2488,1246,billing,82476-825,Jardim de Fogaça,372,Apto 050,Capitão Eduardo,Gomes,AC,BR,TRUE
2489,1247,billing,26849677,Praça Joaquim Pacheco,30,,Tiradentes,Guerra de da Cruz,PB,BR,TRUE
2490,1247,billing,55579-431,Viela de Peixoto,76,,Paraíso,Borges,MG,BR,FALSE
2491,1247,billing,53522938,Esplanada Enrico Nascimento,49,,São Bento,Fernandes de Pereira,SP,BR,FALSE
2492,1248,billing,72751315,Parque de Casa Grande,8,Apto 138,Sport Club,Melo dos Dourados,RO,BR,TRUE
2493,1249,billing,40794-539,Ladeira Barros,3,,Esperança,da Rosa das Pedras,RR,BR,TRUE
2494,1249,secondary,85069672,Aeroporto de Gonçalves,57,,Acaiaca,Freitas do Sul,ES,BR,FALSE
2495,1250,billing,50160-557,Área de da Mota,88,,Vila Fumec,Cardoso,ES,BR,TRUE
2496,1250,billing,28735-768,Praça Thiago Cassiano,465,,Vila Santa Monica 1ª Seção,Pinto,MT,BR,FALSE
2497,1250,billing,71774-168,Residencial Alexia Sales,78,,Candelaria,Caldeira das Pedras,AC,BR,FALSE
2498,1251,billing,80443583,Colônia Alexandre Aragão,17,,Vila Suzana Segunda Seção,Pires de Lopes,AC,BR,TRUE
2499,1251,secondary,45300734,Núcleo Cassiano,34,Apto 128,Cardoso,Costa,AL,BR,FALSE
2500,1252,billing,38018-087,Morro de Vargas,57,,Camargos,Silveira,PA,BR,TRUE
2501,1253,billing,02674586,Rua Nunes,12,,Miramar,da Rocha,PI,BR,TRUE
2502,1253,secondary,82028-253,Morro Anna Liz Cassiano,60,,Corumbiara,Moura do Norte,ES,BR,FALSE
2503,1254,billing,25157161,Loteamento de Silva,86,Apto 239,Alpes,da Rosa do Campo,PI,BR,TRUE
2504,1255,billing,07113-835,Jardim Lopes,55,,Pindura Saia,Freitas da Prata,GO,BR,TRUE
2505,1256,billing,47620-693,Via de da Paz,467,Apto 702,Campo Alegre,Gonçalves de Vieira,AM,BR,TRUE
2506,1256,secondary,43264-172,Estação de Fonseca,51,,Maravilha,Almeida do Campo,PI,BR,FALSE
2507,1256,secondary,99909101,Esplanada Garcia,19,Apto 019,Tres Marias,Machado,SC,BR,FALSE
2508,1257,billing,94883403,Área de Lima,8,Apto 718,Nova Granada,Cavalcanti de Peixoto,PR,BR,TRUE
2509,1257,secondary,34505882,Área de Cavalcante,74,Apto 943,Vila Aeroporto Jaraguá,da Rocha de Cirino,BA,BR,FALSE
2510,1257,billing,77983-042,Ladeira Duarte,38,,Coração Eucarístico,da Costa,CE,BR,FALSE
2511,1258,billing,30193868,Conjunto Gonçalves,42,Apto 561,Bela Vitoria,Correia das Pedras,AM,BR,TRUE
2512,1258,billing,75629-788,Feira Fogaça,23,,Nova Vista,da Rocha da Mata,RR,BR,FALSE
2513,1258,billing,90488-356,Lago Mendonça,7,Apto 880,Camargos,Marques de Borges,AL,BR,FALSE
2514,1259,billing,96540-650,Distrito Costa,56,,Vila São Rafael,da Rosa,SP,BR,TRUE
2515,1259,secondary,77142105,Feira Bianca Souza,4,,Paquetá,Montenegro,ES,BR,FALSE
2516,1259,billing,97992-291,Setor Aparecida,97,,Vila Jardim Montanhes,Rios do Galho,SP,BR,FALSE
2517,1260,billing,99192-892,Quadra Lopes,460,Apto 834,Santa Cruz,Cassiano das Pedras,GO,BR,TRUE
2518,1261,billing,16150-186,Loteamento Albuquerque,15,,São Bento,Rezende,PR,BR,TRUE
2519,1261,billing,11407-670,Lagoa Ribeiro,10,,Santa Sofia,Gonçalves,DF,BR,FALSE
2520,1261,billing,46462-250,Praia de da Luz,36,,Buraco Quente,Sousa,PI,BR,FALSE
2521,1262,billing,59301684,Praia de Araújo,31,,Marieta 1ª Seção,Duarte de Campos,AM,BR,TRUE
2522,1262,billing,14403-428,Largo Jade Macedo,21,,Vila São Dimas,Campos,PB,BR,FALSE
2523,1262,billing,60279-126,Morro da Mota,9,,Serra,Guerra de Minas,AC,BR,FALSE
2524,1263,billing,93481003,Lagoa Porto,43,Apto 174,Vila Nova Gameleira 3ª Seção,Casa Grande,AP,BR,TRUE
2525,1263,billing,59811-579,Estrada Gomes,68,Apto 379,Cônego Pinheiro 1ª Seção,Gomes,ES,BR,FALSE
2526,1264,billing,82481-729,Colônia Pedro Henrique Azevedo,6,Apto 825,Baleia,Cunha Paulista,RO,BR,TRUE
2527,1264,billing,11218288,Esplanada de Pastor,5,Apto 547,Atila De Paiva,da Paz de Goiás,DF,BR,FALSE
2528,1265,billing,12595432,Ladeira de da Rocha,39,,Conjunto Providencia,Martins,PE,BR,TRUE
2529,1265,secondary,05089894,Avenida de Souza,816,Apto 233,Nossa Senhora Da Aparecida,Freitas,AM,BR,FALSE
2530,1265,secondary,73851534,Favela de Fonseca,57,Apto 154,Carmo,Pimenta,MA,BR,FALSE
2531,1266,billing,17455-637,Área de Campos,671,,Brasil Industrial,Albuquerque,AC,BR,TRUE
2532,1267,billing,34096-129,Esplanada de Garcia,73,,Camponesa 1ª Seção,Fonseca,PB,BR,TRUE
2533,1267,billing,76423-788,Área Marcela Nunes,5,Apto 755,Conjunto Capitão Eduardo,Sá,SE,BR,FALSE
2534,1268,billing,33501232,Aeroporto de Aragão,2,Apto 249,Flavio Marques Lisboa,Caldeira da Praia,RO,BR,TRUE
2535,1268,billing,21215110,Setor de Abreu,689,Apto 066,Vista Alegre,Peixoto de Goiás,MT,BR,FALSE
2536,1268,billing,14008-145,Via Novaes,70,,São Jorge 1ª Seção,Borges,PR,BR,FALSE
2537,1269,billing,47074-952,Lago Pereira,949,,Tiradentes,Guerra de da Conceição,RJ,BR,TRUE
2538,1269,billing,60076941,Pátio de Duarte,270,,Maravilha,Pinto,MS,BR,FALSE
2539,1269,secondary,63541678,Loteamento de Câmara,5,,Jardinópolis,Gomes dos Dourados,SP,BR,FALSE
2540,1270,billing,98186-324,Favela de Costa,90,,Coração Eucarístico,Borges do Campo,BA,BR,TRUE
2541,1270,billing,48162-698,Estação Benicio Fernandes,16,,Lorena,Casa Grande,RS,BR,FALSE
2542,1271,billing,97465638,Núcleo Jesus,902,Apto 761,Vitoria Da Conquista,Silva de Jesus,SE,BR,TRUE
2543,1271,billing,38910208,Lagoa Benício Cavalcanti,499,Apto 650,Araguaia,Azevedo,RN,BR,FALSE
2544,1272,billing,85788258,Distrito Léo Almeida,365,Apto 077,Jardim Felicidade,Aragão da Serra,MS,BR,TRUE
2545,1272,billing,37811-690,Trevo de Macedo,47,,Conjunto Paulo Vi,Freitas do Amparo,SP,BR,FALSE
2546,1273,billing,97484-085,Estação Moura,91,Apto 272,Nova America,Garcia,MT,BR,TRUE
2547,1273,billing,68299-672,Estação de das Neves,8,,Santa Maria,Montenegro do Norte,GO,BR,FALSE
2548,1273,secondary,88789259,Passarela de Macedo,24,,Mangabeiras,da Paz do Campo,RS,BR,FALSE
2549,1274,billing,71762-696,Estação Sophie Nunes,85,,Novo Santa Cecilia,Farias Alegre,AP,BR,TRUE
2550,1275,billing,65998-314,Avenida Peixoto,353,Apto 189,Buritis,Caldeira,RS,BR,TRUE
2551,1275,billing,30586-548,Fazenda Rios,780,,Santa Margarida,Pereira,AM,BR,FALSE
2552,1276,billing,42518-697,Loteamento de Rios,86,,Caiçara - Adelaide,Rezende de Fonseca,SC,BR,TRUE
2553,1276,billing,40975861,Via Vasconcelos,834,,Guaratã,Aparecida do Norte,MA,BR,FALSE
2554,1276,billing,18500-603,Residencial Vasconcelos,484,,Vila Santa Monica 1ª Seção,da Conceição Paulista,PE,BR,FALSE
2555,1277,billing,15658-879,Lago Alves,78,,Varzea Da Palma,Nogueira,RR,BR,TRUE
2556,1277,billing,13707-870,Viaduto Correia,2,Apto 411,Santa Sofia,Gomes,RS,BR,FALSE
2557,1277,billing,60682179,Pátio Yago Ramos,17,,Vila São Geraldo,Monteiro da Mata,CE,BR,FALSE
2558,1278,billing,50080001,Via de Cassiano,70,,Copacabana,Campos,AM,BR,TRUE
2559,1278,secondary,68870909,Lagoa Castro,72,,Vila Paraíso,Câmara Paulista,MS,BR,FALSE
2560,1278,billing,45040-794,Via Ferreira,122,,Conjunto Lagoa,da Conceição,RN,BR,FALSE
2561,1279,billing,20764-359,Distrito Fonseca,91,Apto 370,Casa Branca,Marques do Amparo,MA,BR,TRUE
2562,1279,billing,16621-459,Lagoa de Rocha,247,,Novo Glória,Leão,SC,BR,FALSE
2563,1279,billing,75682681,Viaduto Igor Fonseca,20,,Vila Canto Do Sabiá,Farias dos Dourados,AC,BR,FALSE
2564,1280,billing,40173375,Chácara de Caldeira,78,,Vila Mantiqueira,da Conceição,AM,BR,TRUE
2565,1280,secondary,95570160,Praça Borges,595,,Conjunto Minas Caixa,Sales de Goiás,MT,BR,FALSE
2566,1280,secondary,53709420,Parque de Fogaça,699,,Vila Da Luz,da Mota do Sul,PI,BR,FALSE
2567,1281,billing,99589282,Via Farias,79,,Corumbiara,Montenegro,ES,BR,TRUE
2568,1282,billing,72518-833,Vereda de Pastor,53,,Novo São Lucas,Andrade,CE,BR,TRUE
2569,1283,billing,39864-935,Jardim Maria Vitória Albuquerque,65,,Jardim Dos Comerciarios,Correia da Prata,PI,BR,TRUE
2570,1283,billing,23409170,Vila de Nunes,57,,Mangabeiras,Moura,BA,BR,FALSE
2571,1284,billing,78282-759,Praia de Garcia,907,,Vila Santo Antônio,Aparecida,TO,BR,TRUE
2572,1284,secondary,13146-929,Fazenda de Costela,563,Apto 587,Conjunto Minas Caixa,Gomes,SE,BR,FALSE
2573,1284,secondary,62858498,Colônia Porto,85,,Mariano De Abreu,Câmara de Nascimento,PA,BR,FALSE
2574,1285,billing,50745115,Lago Martins,9,Apto 710,Vila Da Paz,Alves,SP,BR,TRUE
2575,1286,billing,00352751,Vereda Luiz Felipe Moura,33,Apto 494,Vila Vista Alegre,Vasconcelos de Sampaio,PE,BR,TRUE
2576,1287,billing,60029845,Morro de Siqueira,228,Apto 461,Piratininga,Melo,AC,BR,TRUE
2577,1287,secondary,89138872,Residencial Rocha,48,,Nossa Senhora Da Conceição,Lopes,RN,BR,FALSE
2578,1288,billing,68844-879,Vale Ryan Borges,43,,Coração Eucarístico,Cardoso,AC,BR,TRUE
2579,1288,secondary,24807-274,Loteamento Moraes,46,Apto 287,Vila Piratininga,Sampaio de Goiás,SP,BR,FALSE
2580,1288,secondary,20502-409,Morro Aparecida,634,,Barreiro,Machado,SE,BR,FALSE
2581,1289,billing,50926925,Viela de Silveira,26,,Pongelupe,Barros da Praia,GO,BR,TRUE
2582,1289,secondary,88228700,Campo Cunha,41,Apto 999,Vila Sesc,Costela,BA,BR,FALSE
2583,1290,billing,98744512,Quadra Leão,8,,Zilah Sposito,Lima do Sul,PB,BR,TRUE
2584,1290,secondary,44207-077,Fazenda Ramos,39,,Vila Nova Gameleira 2ª Seção,da Cruz,AP,BR,FALSE
2585,1291,billing,89985118,Praç de Sousa,6,,Inconfidência,Costa,AP,BR,TRUE
2586,1291,secondary,26257489,Passarela Isadora Santos,74,Apto 550,Marieta 1ª Seção,Dias de Ribeiro,AP,BR,FALSE
2587,1292,billing,34254-825,Aeroporto de Nascimento,21,,Mariano De Abreu,Vieira Verde,GO,BR,TRUE
2588,1292,billing,50465-342,Lagoa Leandro Cassiano,480,,Vila Nossa Senhora Do Rosário,Leão,AC,BR,FALSE
2589,1292,billing,97480579,Vila Manuella Rios,63,,Conjunto Jardim Filadélfia,Brito,PE,BR,FALSE
2590,1293,billing,61109-763,Esplanada Moreira,66,,Garças,Sampaio da Prata,AP,BR,TRUE
2591,1293,secondary,79172-148,Sítio Stella Cavalcante,68,Apto 515,Calafate,Vasconcelos,RO,BR,FALSE
2592,1294,billing,46673088,Jardim Nogueira,9,,Buraco Quente,Siqueira,PR,BR,TRUE
2593,1294,secondary,74600111,Praça Kamilly da Costa,2,Apto 084,São Marcos,Fernandes dos Dourados,RR,BR,FALSE
2594,1295,billing,93812401,Residencial Jade Gomes,964,,Heliopolis,Borges Alegre,RN,BR,TRUE
2595,1296,billing,01452971,Viaduto Nathan Sousa,5,,Corumbiara,Vargas,AP,BR,TRUE
2596,1297,billing,87509310,Pátio de Silva,8,,Europa,Sampaio da Praia,RO,BR,TRUE
2597,1297,secondary,17772-166,Avenida Emanuel Gomes,65,Apto 345,Inconfidência,Pimenta de Sá,PR,BR,FALSE
2598,1298,billing,80893725,Morro de Lima,7,,Vila Nova Gameleira 3ª Seção,Monteiro,RO,BR,TRUE
2599,1298,secondary,01481-027,Viela da Costa,74,Apto 576,Bernadete,Fonseca,BA,BR,FALSE
2600,1299,billing,23754-354,Recanto Daniel Campos,72,,Novo São Lucas,Mendonça,MA,BR,TRUE
2601,1299,secondary,99358-839,Sítio Vitor Machado,716,,Laranjeiras,da Paz,MA,BR,FALSE
2602,1299,secondary,50323-124,Rodovia de Ramos,314,Apto 742,São Luiz,Montenegro Verde,AM,BR,FALSE
2603,1300,billing,96545-827,Quadra Sampaio,50,,Canaa,Montenegro Verde,DF,BR,TRUE
2604,1300,secondary,24185-048,Avenida de Albuquerque,70,,Santa Helena,Moura,RR,BR,FALSE
2605,1300,billing,62408-283,Vereda Aragão,3,,Pompéia,da Conceição,PE,BR,FALSE
2606,1301,billing,28925-702,Passarela de Rocha,22,,São José,Fogaça,PR,BR,TRUE
2607,1301,billing,57731753,Fazenda Lívia Nascimento,19,Apto 361,Zilah Sposito,da Costa das Pedras,PI,BR,FALSE
2608,1301,billing,29833691,Loteamento de Macedo,8,,São Salvador,Albuquerque,AL,BR,FALSE
2609,1302,billing,05644158,Passarela de Novaes,974,,Confisco,Dias de Ramos,PI,BR,TRUE
2610,1303,billing,31839021,Residencial Rhavi Porto,90,,Embaúbas,Brito das Flores,RR,BR,TRUE
2611,1303,secondary,28794731,Aeroporto Pastor,520,,São Damião,Jesus,AM,BR,FALSE
2612,1304,billing,33628857,Avenida de Caldeira,78,,Pongelupe,Nunes,PA,BR,TRUE
2613,1304,billing,26302-669,Área de Vieira,82,Apto 399,Vila Santa Monica 2ª Seção,Lopes das Flores,CE,BR,FALSE
2614,1304,secondary,91374128,Trecho Rodrigues,8,,Mantiqueira,Mendonça do Oeste,SP,BR,FALSE
2615,1305,billing,08220-473,Colônia Pastor,14,,Jardim América,da Mota de Moraes,PE,BR,TRUE
2616,1306,billing,41833567,Alameda Melo,1,,Campo Alegre,Santos do Amparo,ES,BR,TRUE
2617,1306,secondary,27220-895,Viela de Albuquerque,601,,Vila União,Martins,TO,BR,FALSE
2618,1307,billing,89862-206,Pátio de Mendes,56,Apto 389,Horto Florestal,Vargas,MS,BR,TRUE
2619,1307,secondary,35982029,Área de Azevedo,66,,Lourdes,Fonseca,AP,BR,FALSE
2620,1308,billing,47723-436,Vereda Larissa da Paz,99,,Vila Do Pombal,Pires das Pedras,MT,BR,TRUE
2621,1308,secondary,33504680,Colônia de Duarte,77,Apto 509,Virgínia,Andrade de Goiás,AL,BR,FALSE
2622,1308,billing,58569-396,Conjunto Cavalcanti,591,Apto 576,Flavio Marques Lisboa,Cunha de Goiás,RN,BR,FALSE
2623,1309,billing,12363-061,Fazenda de Macedo,70,,Capitão Eduardo,Nascimento de Siqueira,AL,BR,TRUE
2624,1309,billing,87166993,Via Erick Araújo,75,Apto 724,Cdi Jatoba,da Mota de Cardoso,AL,BR,FALSE
2625,1310,billing,84271-713,Loteamento Isabelly das Neves,267,Apto 436,Itapoa,Garcia,AP,BR,TRUE
2626,1310,secondary,59088-700,Núcleo Caldeira,982,,Camponesa 1ª Seção,Aparecida da Serra,SP,BR,FALSE
2627,1311,billing,33441-102,Área Barbosa,39,Apto 160,Vila Calafate,Cassiano,PE,BR,TRUE
2628,1311,secondary,70997263,Distrito Nunes,13,,Mangabeiras,Cassiano,SE,BR,FALSE
2629,1312,billing,28521240,Parque Carvalho,24,,Salgado Filho,Souza do Galho,MG,BR,TRUE
2630,1312,billing,06498824,Vila Luara Pereira,3,Apto 902,Piraja,Pacheco Verde,AC,BR,FALSE
2631,1312,secondary,50820-269,Quadra Novaes,89,,Conjunto Floramar,Cunha Verde,PE,BR,FALSE
2632,1313,billing,74537401,Estação de Gomes,149,,Savassi,Leão da Mata,DF,BR,TRUE
2633,1313,secondary,06593124,Feira de Teixeira,127,,Monsenhor Messias,Vargas da Mata,MT,BR,FALSE
2634,1313,secondary,34854-132,Praça Garcia,7,,Conjunto Taquaril,Cirino de Goiás,AL,BR,FALSE
2635,1314,billing,97334945,Aeroporto da Cunha,52,,Cônego Pinheiro 1ª Seção,Fogaça,CE,BR,TRUE
2636,1315,billing,73889-076,Condomínio de da Cruz,9,Apto 763,Vila Dos Anjos,da Rocha do Norte,AC,BR,TRUE
2637,1316,billing,20267886,Núcleo de Caldeira,17,,Bandeirantes,Mendonça do Sul,RR,BR,TRUE
2638,1316,billing,73038200,Viaduto Andrade,19,Apto 110,Senhor Dos Passos,Aragão,RJ,BR,FALSE
2639,1317,billing,82103887,Colônia de Farias,5,,Califórnia,Montenegro de Pacheco,TO,BR,TRUE
2640,1318,billing,65401624,Trevo Fogaça,45,Apto 870,Sport Club,Pacheco de Borges,MT,BR,TRUE
2641,1318,billing,22058-328,Recanto Azevedo,88,Apto 544,Vila Suzana Segunda Seção,Cunha da Serra,GO,BR,FALSE
2642,1319,billing,46604729,Rodovia Vitor Cassiano,10,Apto 014,Etelvina Carneiro,Aparecida,AP,BR,TRUE
2643,1320,billing,09706-704,Feira de Albuquerque,24,Apto 935,Andiroba,Freitas,GO,BR,TRUE
2644,1320,billing,33574151,Condomínio de Sá,34,,Vila Jardim Leblon,Fonseca,AP,BR,FALSE
2645,1320,secondary,73990-537,Via de Silva,691,Apto 572,São Tomaz,Gomes de Novaes,MA,BR,FALSE
2646,1321,billing,81628261,Estrada de Gonçalves,44,,Vila Califórnia,Ribeiro do Campo,RJ,BR,TRUE
2647,1322,billing,73959329,Lagoa Vitor Silveira,6,Apto 546,Flooramar,Borges,PI,BR,TRUE
2648,1323,billing,70062686,Área Novais,84,,Nova Gameleira,Porto,PR,BR,TRUE
2649,1324,billing,98989-628,Residencial Ana Cunha,93,,Vila Piratininga,Viana Grande,MT,BR,TRUE
2650,1324,secondary,49625255,Alameda de da Cruz,6,,Estrela Do Oriente,Cunha de Minas,SC,BR,FALSE
2651,1324,billing,13521485,Recanto de Fernandes,8,,Horto Florestal,Vargas,SE,BR,FALSE
2652,1325,billing,92621973,Lagoa Fonseca,72,,Vila Da Ária,da Rosa da Serra,MT,BR,TRUE
2653,1326,billing,60194-611,Aeroporto Stephany Camargo,8,Apto 452,Maria Helena,Porto da Prata,MG,BR,TRUE
2654,1326,billing,50855110,Setor de Almeida,70,Apto 154,Providencia,Araújo,MT,BR,FALSE
2655,1326,billing,87037-131,Trecho das Neves,27,,Atila De Paiva,Costa,PA,BR,FALSE
2656,1327,billing,60632-879,Sítio de Azevedo,59,,Vila Nova Cachoeirinha 2ª Seção,Lima do Norte,MG,BR,TRUE
2657,1327,billing,59915-242,Vila Ana Sophia Rios,1,,Calafate,Porto do Campo,MT,BR,FALSE
2658,1328,billing,64431623,Alameda da Cruz,1,Apto 452,Santa Monica,Moura,SP,BR,TRUE
2659,1329,billing,35096888,Sítio de Siqueira,21,,Jardim Dos Comerciarios,Costa do Galho,PA,BR,TRUE
2660,1330,billing,68444-121,Campo de Mendes,7,,Cônego Pinheiro 2ª Seção,Pires,AM,BR,TRUE
2661,1330,billing,89426-032,Aeroporto Sá,19,,Conjunto Celso Machado,Farias,MA,BR,FALSE
2662,1331,billing,59428398,Condomínio Casa Grande ,1,Apto 597,Buritis,Barros,CE,BR,TRUE
2663,1331,secondary,42360-256,Feira Luiz Henrique Sampaio,29,,Pedreira Padro Lopes,Cavalcante,ES,BR,FALSE
2664,1332,billing,09554093,Fazenda Fernanda Silva,286,,Jaqueline,Cunha,AC,BR,TRUE
2665,1332,billing,65693-009,Feira Moraes,65,,Nova Esperança,Gomes de Barros,ES,BR,FALSE
2666,1332,secondary,28233-443,Vila da Cunha,51,,Conjunto Paulo Vi,Carvalho de Siqueira,SE,BR,FALSE
2667,1333,billing,51395414,Condomínio de Sá,21,,Boa Viagem,Moura,GO,BR,TRUE
2668,1333,secondary,56196232,Passarela de Souza,662,Apto 137,Providencia,Melo,MG,BR,FALSE
2669,1333,billing,55590848,Colônia Albuquerque,54,,Nova America,Cunha do Norte,PB,BR,FALSE
2670,1334,billing,98209-768,Distrito Martins,188,,Carmo,Ramos,CE,BR,TRUE
2671,1334,billing,69951906,Trevo Sá,34,Apto 052,São Lucas,Costa,AL,BR,FALSE
2672,1334,secondary,57128-753,VIADUTO DA PAZ,108,,Boa Esperança,Lopes,SE,BR,FALSE
2673,1335,billing,49474214,Loteamento da Luz,227,,Senhor Dos Passos,da Rocha,MT,BR,TRUE
2674,1335,billing,69229-625,Vila de da Rosa,80,Apto 217,Santa Monica,Peixoto Verde,RR,BR,FALSE
2675,1335,secondary,90530-443,Via Pimenta,14,Apto 639,Mariano De Abreu,Mendes,AC,BR,FALSE
2676,1336,billing,97407339,Favela Beatriz Camargo,1,Apto 933,Brasil Industrial,Sales do Galho,TO,BR,TRUE
2677,1337,billing,98591469, Passarela Garcia,23,Apto 890,Araguaia,Montenegro,RR,BR,TRUE
2678,1338,billing,73218951,Via Davi Lucas Pimenta,53,Apto 860,Pedreira Padro Lopes,Marques,SP,BR,TRUE
2679,1339,billing,54507-568,Praça de Novaes,5,,Vila São Paulo,Monteiro de Sampaio,RJ,BR,TRUE
2680,1340,billing,01388597,Setor de Marques,2,,Graça,Azevedo,AM,BR,TRUE
2681,1341,billing,05946-696,Jardim Rios,89,Apto 938,Tirol,Gonçalves,RN,BR,TRUE
2682,1342,billing,81335-295,Ladeira de Pires,1,Apto 545,Flamengo,das Neves,BA,BR,TRUE
2683,1342,billing,43166518,Trecho de Vargas,440,Apto 640,Colégio Batista,Lopes,PE,BR,FALSE
2684,1342,billing,83326-210,Fazenda Rios,558,Apto 729,Capitão Eduardo,Freitas do Campo,MT,BR,FALSE
2685,1343,billing,19836230,Chácara de Vargas,72,,Alta Tensão 1ª Seção,Lopes de Borges,BA,BR,TRUE
2686,1343,secondary,20441-568,Conjunto de Siqueira,8,Apto 279,Solimoes,Oliveira Paulista,SE,BR,FALSE
2687,1344,billing,18989266,Travessa da Conceição,57,,Barão Homem De Melo 3ª Seção,Freitas das Pedras,SC,BR,TRUE
2688,1344,secondary,02295703,Trecho Matheus Ferreira,53,,Candelaria,Gomes de Araújo,PR,BR,FALSE
2689,1344,billing,67993-689,Trevo Fogaça,90,Apto 463,Nova Granada,Mendonça dos Dourados,PB,BR,FALSE
2690,1345,billing,15463-344,Condomínio de Pimenta,2,,Conjunto Santa Maria,Cavalcanti,RJ,BR,TRUE
2691,1345,billing,43942074,Avenida de Azevedo,85,Apto 205,Mirante,Carvalho da Serra,PB,BR,FALSE
2692,1346,billing,92680750,Avenida de Oliveira,17,,Santo André,Costela,PE,BR,TRUE
2693,1346,secondary,69733828,Rodovia Emanuel Rodrigues,42,Apto 528,Vila Piratininga,Fogaça,AM,BR,FALSE
2694,1347,billing,69928710,Estação Costela,177,Apto 431,Dona Clara,Fogaça da Praia,AP,BR,TRUE
2695,1347,billing,38883-289,Praia de Rocha,1,,Mariquinhas,Duarte de da Luz,RR,BR,FALSE
2696,1348,billing,11809816,Viela Antony Silveira,298,Apto 128,Camponesa 2ª Seção,Mendes do Campo,GO,BR,TRUE
2697,1348,secondary,84011540,Estrada de Costa,79,,Aparecida,Araújo,PB,BR,FALSE
2698,1348,secondary,55309627,Chácara Larissa Pacheco,468,,Beija Flor,Macedo,PR,BR,FALSE
2699,1349,billing,26094-927,Lagoa de Freitas,67,,Vila Rica,Pinto das Pedras,PI,BR,TRUE
2700,1349,billing,60692804,Praia Pimenta,98,Apto 303,ETELVINA CARNEIRO,Aragão do Sul,DF,BR,FALSE
2701,1350,billing,66002-855,Favela Novais,27,Apto 068,Vila Da Ária,Correia de Vasconcelos,AP,BR,TRUE
2702,1350,secondary,36723-101,Alameda de Pinto,85,,Maria Helena,da Cruz,AC,BR,FALSE
2703,1351,billing,20730816,Lago Montenegro,2,???,Chácara Leonina,Teixeira de Cavalcante,TO,BR,TRUE
2704,1351,billing,77261-958,Lagoa de Vasconcelos,26,,Vila Mantiqueira,Monteiro,DF,BR,FALSE
2705,1352,billing,85824-348,Distrito Moura,9,,Lindéia,Garcia de Cavalcante,RO,BR,TRUE
2706,1352,billing,62391613,Loteamento de Abreu,94,,Santa Efigênia,Dias da Serra,MT,BR,FALSE
2707,1353,billing,87088-063,Recanto João Miguel Vieira,989,Apto 205,Jatobá,da Costa,PB,BR,TRUE
2708,1353,billing,82912716,Fazenda Henry Pires,69,,Nova Vista,Araújo,SE,BR,FALSE
2709,1354,billing,84116-020,Campo de Cavalcante,31,,Maria Helena,Viana do Amparo,SP,BR,TRUE
2710,1354,billing,38748489,Fazenda de Teixeira,99,,Alpes,Cavalcante,MT,BR,FALSE
2711,1355,billing,91357813,Vila Vitor Cirino,5,,Vila Suzana Primeira Seção,Dias,SP,BR,TRUE
2712,1355,secondary,09952-104,Aeroporto Caroline Pinto,399,, Nossa Senhora De Fátima,Camargo,AC,BR,FALSE
2713,1355,secondary,47614-943,Aeroporto Cecilia Araújo,4,,Outro,Montenegro do Campo,TO,BR,FALSE
2714,1356,billing,57545-235,Rodovia Maria Helena Cardoso,155,,Marçola,Casa Grande Paulista,AP,BR,TRUE
2715,1356,secondary,08715409,Esplanada de Cavalcanti,734,Apto 629,Paulo Vi,Fonseca,SC,BR,FALSE
2716,1356,secondary,83545-995,Estação Lorena Costela,68,Apto 500,Conjunto Califórnia Ii,Rodrigues,SE,BR,FALSE
2717,1357,billing,97296782,Passarela de Garcia,9,,Cinquentenário,Pinto do Sul,GO,BR,TRUE
2718,1357,billing,62094341,Distrito da Conceição,2,,Vila Sesc,Aragão,SC,BR,FALSE
2719,1358,billing,13263398,Pátio de Moraes,79,,Novo Glória,Moura das Flores,PR,BR,TRUE
2720,1359,billing,48153912,Chácara Peixoto,5,,Das Industrias I,Andrade Alegre,PA,BR,TRUE
2721,1359,secondary,43644469,Lagoa João Guilherme Ramos,2,,Alpes,Macedo do Sul,RN,BR,FALSE
2722,1359,secondary,53032615,Vereda Novais,11,Apto 404,Itapoa,da Luz das Flores,ES,BR,FALSE
2723,1360,billing,28401449,Travessa Caleb Sampaio,47,Apto 580,Lorena,Camargo das Pedras,ES,BR,TRUE
2724,1361,billing,89275006,Viela de Nunes,61,,Custodinha,Rodrigues,AC,BR,TRUE
2725,1361,billing,06748-179,Travessa de Araújo,13,,Santo Antônio,Pastor,ES,BR,FALSE
2726,1362,billing,58130-121,Alameda Alice da Paz,257,Apto 813,Grota,Araújo,CE,BR,TRUE
2727,1363,billing,61691853,Campo Danilo Leão,80,Apto 696,Rio Branco,Cirino,MT,BR,TRUE
2728,1364,billing,27177326,Via de Duarte,28,,Beija Flor,Sousa Grande,PE,BR,TRUE
2729,1364,secondary,16863-185,Conjunto Anna Liz Leão,86,,São Jorge 3ª Seção,Pimenta de Ribeiro,AC,BR,FALSE
2730,1365,billing,41166-911,Favela Alícia Almeida,52,,Colégio Batista,Pereira das Pedras,RO,BR,TRUE
2731,1365,secondary,97686-990,Quadra Novais,28,,Nossa Senhora Aparecida,da Luz,AM,BR,FALSE
2732,1365,secondary,79640497,Favela Novaes,24,,Acaba Mundo,Azevedo,AM,BR,FALSE
2733,1366,billing,55770183,Viela Ribeiro,58,,Vila Aeroporto,Montenegro,CE,BR,TRUE
2734,1366,billing,56094-320,Estrada Aparecida,42,,Solimoes,Rezende,MS,BR,FALSE
2735,1366,billing,03571-338,Jardim Maria Vitória Castro,28,Apto 219,Monsenhor Messias,Porto do Amparo,ES,BR,FALSE
2736,1367,billing,15496-066,Praia Santos,56,,Santa Amelia,Casa Grande,GO,BR,TRUE
2737,1367,billing,46834854,Quadra de Fernandes,6,,Anchieta,Peixoto de Moreira,TO,BR,FALSE
2738,1367,billing,05832697,Feira de Guerra,7,,Funcionários,Sousa,AL,BR,FALSE
2739,1368,billing,79821095,Estação de Monteiro,333,,São João Batista,Pinto das Flores,TO,BR,TRUE
2740,1369,billing,45116106,Chácara Ana Sophia Rezende,4,,São Benedito,Teixeira,CE,BR,TRUE
2741,1369,billing,62936588,Ladeira Silveira,196,Apto 520,Vila Nova Gameleira 3ª Seção ,Nogueira da Prata,BA,BR,FALSE
2742,1370,billing,26791-388,Chácara Daniela Montenegro,59,Apto 094,Vila De Sá,Barbosa de Moura,PE,BR,TRUE
2743,1371,billing,99178076,Colônia Eloá da Cunha,18,Apto 618,Pantanal,Alves,AP,BR,TRUE
2744,1371,billing,65122016,Núcleo Machado,29,,Frei Leopoldo,das Neves dos Dourados,CE,BR,FALSE
2745,1371,billing,98568-421,Esplanada de Cardoso,698,,Dona Clara,da Cunha do Campo,GO,BR,FALSE
2746,1372,billing,01942673,Estrada Kaique Duarte,6,,Floramar,Aparecida,RR,BR,TRUE
2747,1373,billing,30804-531,Área Cavalcante,19,Apto 475,Jardim Guanabara,Lopes de Peixoto,AP,BR,TRUE
2748,1374,billing,13595-184,Trecho Gustavo Melo,58,Apto 712,Pedreira Padro Lopes,Pimenta,RN,BR,TRUE
2749,1374,billing,72419878,Feira da Conceição,70,Apto 559,Alto Barroca,Vargas de Gonçalves,AP,BR,FALSE
2750,1374,secondary,55220227,Praça de Brito,17,,Antonio Ribeiro De Abreu 1ª Seção,Cavalcanti,PI,BR,FALSE
2751,1375,billing,85517294,Sítio de Silva,483,,Vila Minaslandia,Borges,RJ,BR,TRUE
2752,1375,billing,83540-525, Passarela de Viana,70,,Alto Dos Pinheiros,Gonçalves da Mata,DF,BR,FALSE
2753,1376,billing,90088950,Campo de Farias,82,,João Pinheiro,Abreu das Pedras,RR,BR,TRUE
2754,1376,billing,62298225,Morro da Cruz,465,Apto 123,Lagoa,Moreira Paulista,BA,BR,FALSE
2755,1376,secondary,94184446,Esplanada de Vasconcelos,5,,Sagrada Família,das Neves,MT,BR,FALSE
2756,1377,billing,97273-139,Chácara Caldeira,308,Apto 938,Aparecida 7ª Seção,da Mota de Cunha,PE,BR,TRUE
2757,1377,secondary,72903-216,Condomínio Anna Liz Fonseca,47,Apto 376,Boa Esperança,Marques,BA,BR,FALSE
2758,1377,secondary,78765-973,Lago Leão,6,Apto 705,Alta Tensão 1ª Seção,Sales,AP,BR,FALSE
2759,1378,billing,92505836,Rua de Cavalcante,81,,Vila São aGbriel,Porto,BA,BR,TRUE
2760,1379,billing,55267-469,Feira de da Paz,33,Apto 228,Das Industrias I,Cavalcante de Barbosa,DF,BR,TRUE
2761,1379,secondary,27322044,Lago de Albuquerque,1,,Independência,Cunha da Mata,MA,BR,FALSE
2762,1380,billing,62279-281,Distrito Maria Sophia Cavalcanti,43,Apto 477,Conjunto Lagoa,da Luz,PI,BR,TRUE
2763,1380,secondary,43762-825,Núcleo de Oliveira,548,,Senhor Dos Passos,Souza,SE,BR,FALSE
2764,1381,billing,59655-987,Vereda Theodoro Caldeira,10,,Santa Sofia,Borges de Aragão,PA,BR,TRUE
2765,1381,secondary,35916931,Estação de Rios,74,Apto 495,Bandeirantes,Sampaio das Flores,RO,BR,FALSE
2766,1381,billing,66020-762,Largo Emanuel da Costa,7,,Camponesa 2ª Seção,Marques,SC,BR,FALSE
2767,1382,billing,48579494,Sítio da Paz,72,Apto 549,Vila Cemig,Câmara dos Dourados,AL,BR,TRUE
2768,1382,billing,75494-158,Lagoa Vitor Hugo Peixoto,6,,Vila Formosa,Cavalcanti,BA,BR,FALSE
2769,1382,secondary,95185897,Rodovia Enzo Gabriel Barbosa,65,,Acaiaca,das Neves,RN,BR,FALSE
2770,1383,billing,87699157,Sítio Bento Araújo,78,Apto 908,Vila Engenho Nogueira,Silva,BA,BR,TRUE
2771,1383,secondary,78224-909,Lagoa Cardoso,84,,Santa Rita De Cássia,Marques Alegre,CE,BR,FALSE
2772,1383,secondary,81551562,Lagoa de Pimenta,337,,União,Silveira Grande,AL,BR,FALSE
2773,1384,billing,30160-426,Residencial Freitas,397,Apto 984,Monsenhor Messias,Moraes Alegre,PB,BR,TRUE
2774,1384,billing,05057-599,Núcleo Matteo Sousa,229,Apto 881,Vila Bandeirantes,Aparecida da Praia,GO,BR,FALSE
2775,1385,billing,65291-893,Rua Cauã Fonseca,830,Apto 682,Vila Inestan,Dias,GO,BR,TRUE
2776,1385,secondary,60244211,Fazenda Milena da Paz,862,,Havaí,Silva,SE,BR,FALSE
2777,1386,billing,84850-701,Vila da Rosa,42,,Leonina,Souza do Sul,GO,BR,TRUE
2778,1387,billing,05710-620,Via de Andrade,20,,Vila Da Ária,Aragão,GO,BR,TRUE
2779,1388,billing,25886049,Passarela de Abreu,62,Apto 092,Vila Jardim São José,Campos,AM,BR,TRUE
2780,1388,secondary,52617-282,Área José Miguel Silva,31,,Milionario,Vargas,PB,BR,FALSE
2781,1388,secondary,60402-718,Favela de Vasconcelos,2,,Aguas Claras,Moraes,RO,BR,FALSE
2782,1389,billing,95254-003,Viaduto Henry Gabriel Vargas,489,,Itapoa,Monteiro das Flores,TO,BR,TRUE
2783,1389,billing,94789-792,Vila Diego Barros,71,Apto 466,Monte São José,Cirino,PA,BR,FALSE
2784,1390,billing,31882-978,Quadra de Garcia,624,,São Damião,Montenegro Alegre,AP,BR,TRUE
2785,1390,secondary,62635-754,Rodovia de Teixeira,35,Apto 405,Horto Florestal,Jesus,PI,BR,FALSE
2786,1391,billing,31421472,Feira de Moreira,4,,Conjunto Capitão Eduardo,Aragão de Duarte,MT,BR,TRUE
2787,1392,billing,40274-124,Distrito Abreu,38,Apto 079,Grajaú,Ramos,GO,BR,TRUE
2788,1392,secondary,66136763,Vereda Rebeca Fonseca,68,,Vila Jardim Leblon,Pereira,MT,BR,FALSE
2789,1392,secondary,31201327,Trevo de Gonçalves,755,Apto 521,Vila Pilar,Melo,PR,BR,FALSE
2790,1393,billing,02810593,Alameda de da Cruz,7,Apto 416,Santa Margarida,Cavalcante,SC,BR,TRUE
2791,1394,billing,49290783,Aeroporto Guilherme Almeida,37,,Marçola,Cardoso,AM,BR,TRUE
2792,1394,secondary,98593060,Ladeira de Costa,229,,Garças,Correia Verde,SP,BR,FALSE
2793,1394,billing,11872-742,Estrada de da Conceição,8,,Mantiqueira,Azevedo do Oeste,PA,BR,FALSE
2794,1395,billing,11596955,Trevo Dom Sousa,18,,São Paulo,Fernandes do Amparo,MG,BR,TRUE
2795,1395,billing,41625316,Alameda Luiz Felipe Sampaio,47,,Suzana,Aragão,SC,BR,FALSE
2796,1396,billing,57412-986,Viaduto Santos,87,Apto 905,Guarani,Dias,SE,BR,TRUE
2797,1396,billing,17027772,Vereda Siqueira,98,Apto 728,Vila São Paulo,Moraes de Cassiano,SP,BR,FALSE
2798,1397,billing,50031-235,Rodovia Ravi Lopes,62,Apto 396,Santa Cruz,Novaes,DF,BR,TRUE
2799,1397,billing,39530215,Travessa Cecília Cirino,43,,Nova Suíça,Fernandes,RN,BR,FALSE
2800,1398,billing,05185079,Conjunto Luan Moraes,1,Apto 891,Saudade,Albuquerque de Moreira,RN,BR,TRUE
2801,1398,billing,00038-891,Fazenda Cardoso,4,,Nossa Senhora Aparecida,Nunes,MG,BR,FALSE
2802,1398,secondary,33749612,Trecho Alexandre Machado,18,,Nova Vista,Pereira de da Cruz,RR,BR,FALSE
2803,1399,billing,46969-091,Esplanada Cunha,4,,Paquetá,da Mata,GO,BR,TRUE
2804,1400,billing,00791-949,Favela Farias,320,,Santa Amelia,Rios,SE,BR,TRUE
2805,1401,billing,49978055,Colônia da Rosa,13,Apto 111,Vila Batik,Mendonça do Sul,SE,BR,TRUE
2806,1401,billing,12107-535,Morro Teixeira,42,,Novo Glória,Rios do Oeste,SP,BR,FALSE
2807,1402,billing,55849-128,Parque Vieira,52,Apto 914,Vila São Rafael,Pinto das Flores,AM,BR,TRUE
2808,1402,secondary,65854-739,Travessa de da Costa,2,,Novo Glória,Cavalcanti,PR,BR,FALSE
2809,1403,billing,42628115,Praia Campos,38,Apto 321,Luxemburgo,Camargo de Barros,GO,BR,TRUE
2810,1404,billing,75301-570,Morro Manuela Sousa,2,,Ipe,Ribeiro,AC,BR,TRUE
2811,1404,billing,76799182,Ladeira Antony da Mota,48,,Cdi Jatoba,Cavalcante do Sul,AL,BR,FALSE
2812,1405,billing,41084-297,Vila de Jesus,56,Apto 263,Vila Nova Gameleira 3ª Seção,Silva,DF,BR,TRUE
2813,1405,secondary,32562127,Chácara Ana Lívia Albuquerque,25,Apto 629,Pirineus,Vieira de Cassiano,RN,BR,FALSE
2814,1406,billing,61693496,Quadra das Neves,94,,Pedreira Padro Lopes,Araújo,PR,BR,TRUE
2815,1407,billing,20757-046,Setor Nathan Rios,61,,Embaúbas,Correia,PR,BR,TRUE
2816,1407,secondary,31748-167,Fazenda Gustavo Vieira,91,,Conjunto Serra Verde,Cassiano de Ferreira,RJ,BR,FALSE
2817,1407,secondary,73475-317,Lago de Sampaio,7,,Vila Da Paz,Martins Alegre,SC,BR,FALSE
2818,1408,billing,09157-541,Quadra Liz Campos,92,,Nova Granada,da Conceição,GO,BR,TRUE
2819,1409,billing,82097886,Distrito da Cruz,53,,Vila Novo São Lucas,Cassiano,AM,BR,TRUE
2820,1409,billing,28687973,Largo Nunes,196,,Vera Cruz,Vasconcelos,RN,BR,FALSE
2821,1409,billing,75859-893,Jardim Rhavi Cassiano,501,Apto 094,Marieta 3ª Seção,Macedo,PB,BR,FALSE
2822,1410,billing,17154894,Largo de Aragão,73,,Castanheira,Lopes,RO,BR,TRUE
2823,1410,billing,76826374,Alameda de Garcia,759,,Granja De Freitas,Fonseca Grande,SE,BR,FALSE
2824,1410,billing,57248956,Passarela de Duarte,56,,Ermelinda,Rodrigues de Peixoto,DF,BR,FALSE
2825,1411,billing,70046660,Vila de Fonseca,72,Apto 124,Santa Amelia,Costa,AC,BR,TRUE
2826,1411,secondary,20640-919, Chácara de Silveira,70,,Oeste,Dias,MA,BR,FALSE
2827,1412,billing,02114091,Largo Sophie Caldeira,47,Apto 833,Urca,Abreu de da Rocha,RN,BR,TRUE
2828,1412,billing,56327703,Campo Pedro Lucas Cassiano,687,,Caiçaras,Dias,PB,BR,FALSE
2829,1413,billing,87526-437,Viela de Monteiro,375,,Madri,Cardoso do Campo,PB,BR,TRUE
2830,1413,billing,91684959,Esplanada de Souza,53,,Vila Madre Gertrudes 3ª Seção,Rezende Alegre,TO,BR,FALSE
2831,1413,secondary,53754990,Trevo Bárbara Santos,2,,Vila Nova Cachoeirinha 1ª Seção,Camargo do Sul,AP,BR,FALSE
2832,1414,billing,89872690,Vale Ana Liz Machado,4,Apto 739,Castanheira,Sales das Flores,PA,BR,TRUE
2833,1415,billing,98183-703,Ladeira de Monteiro,31,,Vila Real 1ª Seção,da Mota do Amparo,AL,BR,TRUE
2834,1416,billing,51497-674,Avenida Cassiano,567,Apto 160,Nova Vista,da Costa de Teixeira,AP,BR,TRUE
2835,1417,billing,04788-255,Viela Laura Caldeira,38,,Vila Santa Monica 2ª Seção,Aragão do Galho,BA,BR,TRUE
2836,1418,billing,27406-470,Rua de Machado,5,,Jardim Dos Comerciarios,Ramos,PA,BR,TRUE
2837,1418,secondary,73027587,Jardim de Correia,60,Apto 000,Vila São Paulo,Rios do Oeste,MG,BR,FALSE
2838,1419,billing,96075-454,Viela de Cirino,43,Apto 606,Vila São Dimas,Correia da Mata,PB,BR,TRUE
2839,1419,secondary,96932152,Vila de Pacheco,79,,Boa Viagem,Pires de Andrade,PE,BR,FALSE
2840,1419,secondary,48188-264,Viaduto de Siqueira,5,Apto 125,Fernão Dias,Mendes Grande,MA,BR,FALSE
2841,1420,billing,33034-584,Trecho Ribeiro,13,,Santa Sofia,da Cruz das Pedras,PA,BR,TRUE
2842,1421,billing,47054-719,Passarela de Campos,70,,Universitário,Mendes do Norte,PR,BR,TRUE
2843,1421,secondary,30802878,Esplanada Marina Sales,54,,Ambrosina,Nunes Alegre,DF,BR,FALSE
2844,1422,billing,17171-188,Distrito Barbosa,81,Apto 236,Vila Nova Paraíso,Costela,BA,BR,TRUE
2845,1422,billing,00195940,Vereda de Sales,64,,Ambrosina,Costela,GO,BR,FALSE
2846,1423,billing,70577-364,Lago Araújo,72,,Varzea Da Palma,Lima da Serra,SC,BR,TRUE
2847,1423,secondary,94846180,Rua Moraes,93,,São Jorge 3ª Seção,Correia do Amparo,PR,BR,FALSE
2848,1424,billing,11831851,Recanto de Dias,80,Apto 204,Santa Maria,Viana da Prata,AM,BR,TRUE
2849,1424,billing,04129250,Trecho Renan Cavalcanti,5,Apto 456,Barro Preto,Cunha de Minas,MA,BR,FALSE
2850,1424,billing,87041-151,Pátio Camila Dias,39,Apto 181,Gutierrez,Rocha,BA,BR,FALSE
2851,1425,billing,64880-788,Vale de Aragão,80,Apto 730,Teixeira Dias,Pinto,CE,BR,TRUE
2852,1426,billing,28210215,Estrada da Mata,841,Apto 193,Castanheira,Farias,PB,BR,TRUE
2853,1426,billing,77918506,Colônia Maria Sampaio,33,Apto 036,Alípio De Melo,Camargo de da Rocha,RJ,BR,FALSE
2854,1426,secondary,03784-457,Pátio de Rios,46,n/a,Vila Maria,Rocha,AM,BR,FALSE
2855,1427,billing,99322394,Residencial de Vasconcelos,100,Apto 506,Ouro Minas,Fonseca,TO,BR,TRUE
2856,1427,secondary,63685-688,Avenida de Vieira,1,,Tiradentes,Vasconcelos de Costela,GO,BR,FALSE
2857,1427,billing,90450573,Pátio Porto,13,Apto 562,Vila Jardim Leblon,Souza Verde,PB,BR,FALSE
2858,1428,billing,23709144,Viaduto Rezende,684,,Ouro Preto,Borges,RO,BR,TRUE
2859,1428,secondary,04960-913,Aeroporto Monteiro,72,Apto 292,Santa Rita De Cássia,Ferreira de Aragão,MA,BR,FALSE
2860,1429,billing,32824-858,Conjunto Silva,77,Apto 998,Milionario,Pereira,PR,BR,TRUE
2861,1429,billing,51089664,Quadra Cavalcante,685,,Horto,Nascimento,RJ,BR,FALSE
2862,1430,billing,53945-345,Favela Moura,22,Apto 461,Boa União 2ª Seção,Araújo,SC,BR,TRUE
2863,1430,secondary,59794-223,Colônia Samuel Casa Grande,72,Apto 289,Vila Paquetá,Garcia,MT,BR,FALSE
2864,1431,billing,95654560,Morro Guerra,81,,Das Industrias I,da Luz de Minas,PR,BR,TRUE
2865,1431,secondary,57077-949,Estação Abreu,4,Apto 258,Vila Da Paz,Garcia do Oeste,PR,BR,FALSE
2866,1432,billing,21698709,Distrito Santos,86,Apto 173,São Vicente,Cunha,DF,BR,TRUE
2867,1432,secondary,97130-271,Morro de Borges,33,Apto 690,Buraco Quente,Pires de Correia,SE,BR,FALSE
2868,1433,billing,37627-420,Passarela de Aragão,3,Apto 191,Silveira,Rodrigues,MA,BR,TRUE
2869,1433,secondary,64479688,Jardim Nogueira,432,,Vila Califórnia,Machado,RS,BR,FALSE
2870,1434,billing,84874-152,Favela Brito,67,,João Paulo Ii,Vieira,MG,BR,TRUE
2871,1434,secondary,74738366,Lago de Mendonça,9,,Vitoria Da Conquista,da Paz,GO,BR,FALSE
2872,1434,secondary,64725-536,Viela Emilly Dias,60,,Túnel De Ibirité,Correia,DF,BR,FALSE
2873,1435,billing,51691306,Fazenda de Caldeira,39,Apto 850,Frei Leopoldo,Barros do Oeste,MT,BR,TRUE
2874,1435,billing,70671515,Núcleo Vieira,262,Apto 700,Santa Rita De Cássia,Vargas de Montenegro,AP,BR,FALSE
2875,1436,billing,29911118,Estação de Ramos,99,,Vila Nova Gameleira 1ª Seção,Araújo da Praia,RS,BR,TRUE
2876,1436,secondary,73459986,Vale Ágatha Pacheco,192,Apto 858,Vila Trinta E Um De Março,da Mata,SP,BR,FALSE
2877,1437,billing,50316-307,Feira de Costela,99,Apto 575,Boa Esperança,Silva,SC,BR,TRUE
2878,1437,secondary,53769848,Sítio Casa Grande,11,Apto 420,Vila Dos Anjos,Borges de Ramos,AL,BR,FALSE
2879,1437,billing,56339180,Recanto de Ferreira,56,,Jardim Do Vale,Ribeiro,CE,BR,FALSE
2880,1438,billing,93307423,Sítio Pereira,11,,Jonas Veiga,Leão,RJ,BR,TRUE
2881,1438,secondary,40637-213,Praça Isaac Sousa,39,,Vila Paraíso,Cirino,GO,BR,FALSE
2882,1438,secondary,38256-971,Trevo Emanuel Marques,55,Apto 133,Andiroba,Freitas,RO,BR,FALSE
2883,1439,billing,13001058,Trecho de Siqueira,511,,Vitoria,Vieira de Goiás,MA,BR,TRUE
2884,1439,billing,49415613,Lagoa Hadassa Garcia,19,,Pantanal,Moraes,PB,BR,FALSE
2885,1439,billing,65619-112,Lago de Ramos,104,Apto 127,Cinquentenário,Rodrigues do Campo,RN,BR,FALSE
2886,1440,billing,50288-733,Campo de Macedo,55,Apto 985,Nova Cintra,Martins,MS,BR,TRUE
2887,1440,secondary,77783-218,Parque de Machado,83,,Cônego Pinheiro 2ª Seção,Dias das Pedras,RO,BR,FALSE
2888,1441,billing,72004516,Morro Davi Lucas Duarte,8,,Vila Inestan,Macedo,ES,BR,TRUE
2889,1441,billing,50214217,Chácara Pimenta,989,Apto 237,Cinquentenário,da Cunha,BA,BR,FALSE
2890,1441,billing,34429071,Distrito Siqueira,30,,Vila São Rafael,Cunha do Sul,AC,BR,FALSE
2891,1442,billing,23248-444,Avenida Camila Brito,57,Apto 887,Barão Homem De Melo 3ª Seção,Fernandes Paulista,SE,BR,TRUE
2892,1443,billing,05725294,Vale Raul Aragão,398,Apto 332,Fernão Dias,Ferreira,DF,BR,TRUE
2893,1443,secondary,82332018,Colônia Fernanda Cavalcante,64,,Mirante,Pastor,PE,BR,FALSE
2894,1443,billing,78721138,Residencial Davi das Neves,3,Apto 274,Fernão Dias,Albuquerque,RO,BR,FALSE
2895,1444,billing,38295536,Fazenda de Barros,47,Apto 703,Satelite,Machado dos Dourados,BA,BR,TRUE
2896,1444,billing,03336-063,Travessa Benjamin Viana,17,,Cidade Jardim Taquaril,Souza,AM,BR,FALSE
2897,1444,billing,50810-535,Colônia Lopes,72,Apto 522,Califórnia,Oliveira,PE,BR,FALSE
2898,1445,billing,44713-341,Colônia de Castro,916,,Nossa Senhora Da Aparecida,Garcia,CE,BR,TRUE
2899,1446,billing,36138-184,Praia de Moura,87,Apto 711,Ambrosina,Rodrigues,RJ,BR,TRUE
2900,1447,billing,32076257,chácara gomes,356,,São Vicente,Nunes de Minas,MG,BR,TRUE
2901,1447,secondary,58209100,Praça Lopes,95,,Apolonia,Mendes,ES,BR,FALSE
2902,1448,billing,77997931,Morro de Moreira,636,Apto 748,Madri,Moreira Alegre,PI,BR,TRUE
2903,1448,billing,32574-433,Quadra de Sampaio,53,Apto 142,União,Oliveira,RN,BR,FALSE
2904,1449,billing,19686211,Residencial Fonseca,964,,São Jorge 3ª Seção,Souza de Cavalcanti,AL,BR,TRUE
2905,1449,secondary,79723-842,Chácara de Moraes,66,Apto 490,Beira Linha,Sousa,AC,BR,FALSE
2906,1449,billing,80121924,Lago de Guerra,13,,Conjunto Minas Caixa,da Conceição de Oliveira,SE,BR,FALSE
2907,1450,billing,99274-033,Esplanada de Vasconcelos,4,Apto 283,Floresta,Jesus,RR,BR,TRUE
2908,1451,billing,00515-639,Núcleo Campos,40,,Ventosa,Nunes Grande,SC,BR,TRUE
2909,1452,billing,13303422,Travessa de Oliveira,91,,Vila Ecológica,da Rocha,ES,BR,TRUE
2910,1452,secondary,56509484,Vila Ana Beatriz Vieira,75,,União,Cunha,DF,BR,FALSE
2911,1453,billing,54531-574,Lagoa Martins,775,,Jardim Guanabara,Cassiano,PR,BR,TRUE
2912,1453,secondary,32999604,Estação Araújo,21,Apto 217,Vila Nova Gameleira 2ª Seção,da Mata,SP,BR,FALSE
2913,1454,billing,79650843,Quadra Cardoso,81,,João Alfredo,Pimenta,TO,BR,TRUE
2914,1454,billing,82769-817,Condomínio de Ribeiro,34,Apto 074,Europa,Dias de Rodrigues,AP,BR,FALSE
2915,1455,billing,77842-510,Sítio de Borges,95,,São Paulo,Novais de Macedo,AP,BR,TRUE
2916,1455,billing,96747753,Parque Casa Grande,89,,Araguaia,Souza das Flores,RJ,BR,FALSE
2917,1456,billing,51540-328,Distrito de Lopes,84,Apto 536,Nova Cachoeirinha,Novais do Sul,CE,BR,TRUE
2918,1456,billing,61455-451,Residencial Vargas,65,,São Benedito,Oliveira,RO,BR,FALSE
2919,1456,billing,15709564,Conjunto Daniela Guerra,42,Apto 085,Lajedo,Ramos da Mata,ES,BR,FALSE
2920,1457,billing,44937-479,Vila Novais,976,,São Salvador,Moraes,SP,BR,TRUE
2921,1458,billing,91697-157,Passarela de Souza,58,FIXME,Saudade,Gonçalves,SP,BR,TRUE
2922,1459,billing,35186264,Residencial Ísis Aragão,836,,Mineirão,Caldeira dos Dourados,PB,BR,TRUE
2923,1459,secondary,00231939,Esplanada Aragão,2,,Vila União,Dias do Norte,AP,BR,FALSE
2924,1459,billing,24440-090,Quadra Cardoso,84,,Conjunto Floramar,Cassiano da Mata,ES,BR,FALSE
2925,1460,billing,56960580,Distrito de Costa,1,Apto 679,Vale Do Jatoba,Rodrigues,PE,BR,TRUE
2926,1460,billing,63955-564,Distrito Gonçalves,9,Apto 175,Urca,Sampaio de Abreu,AM,BR,FALSE
2927,1460,secondary,90804794,Via de Aparecida,61,Apto 848,Cidade Jardim,Freitas,PE,BR,FALSE
2928,1461,billing,20272581,Campo de da Mota,7,Apto 895,Ápia,Ferreira dos Dourados,DF,BR,TRUE
2929,1461,billing,32851552,Quadra de da Luz,78,Apto 677,Canadá,Cavalcanti,DF,BR,FALSE
2930,1462,billing,68287808,Travessa de Marques,8,Apto 947,Conjunto Capitão Eduardo,Fernandes,BA,BR,TRUE
2931,1462,secondary,77508639,Residencial Marques,99,,Granja De Freitas,Campos,AM,BR,FALSE
2932,1463,billing,40986043,Pátio Sofia Peixoto,157,Apto 411,São Bernardo,da Conceição Alegre,PA,BR,TRUE
2933,1464,billing,23164-219,Feira Ana Laura Gonçalves,1,,Vila Independencia 3ª Seção,Dias de Rodrigues,RJ,BR,TRUE
2934,1464,billing,07863-812,Área Aurora Mendes,926,,Colégio Batista,Moraes de Goiás,PR,BR,FALSE
2935,1465,billing,16061-403,Chácara Clara Machado,10,,Vila Antena Montanhês,da Rocha de Jesus,SE,BR,TRUE
2936,1465,billing,24834-831,Lagoa Freitas,7,Apto 453,Ermelinda,Santos Alegre,PA,BR,FALSE
2937,1465,billing,40138598,Jardim Laura Moura,18,,Vila Maria,Rios Grande,TO,BR,FALSE
2938,1466,billing,82487432,Pátio Cavalcante,682,Apto 995,Vila Coqueiral,Barros do Campo,SP,BR,TRUE
2939,1466,secondary,06840-006,Trevo Alice Martins,2,,Conjunto Bonsucesso,Ribeiro,AM,BR,FALSE
2940,1467,billing,16282055,Passarela de da Mota,1,,Vila Da Luz,Pacheco,RS,BR,TRUE
2941,1467,billing,09704-922,Aeroporto Viana,26,,Vila Do Pombal,Brito,RN,BR,FALSE
2942,1467,billing,52547-078,Favela de Fonseca,594,,Penha,Rios,MS,BR,FALSE
2943,1468,billing,21208655,Trecho Nunes,8,??,Ápia,Pimenta,MA,BR,TRUE
2944,1468,billing,05847163,Jardim Isaque Dias,4,,Mirtes,Sales,BA,BR,FALSE
2945,1469,billing,03601-278,Quadra Abreu,717,Apto 024,Aeroporto,Sales,MG,BR,TRUE
2946,1469,secondary,56887955,Travessa Pastor,1,Apto 062,Vila Trinta E Um De Março,Lima,RN,BR,FALSE
2947,1469,billing,70832-387,Conjunto de Fogaça,9,Apto 340,Vila São Geraldo,Barros,PR,BR,FALSE
2948,1470,billing,47640038,Parque Aragão,40,,Comiteco,Borges da Serra,GO,BR,TRUE
2949,1471,billing,33749-568,Travessa de Lopes,427,,Grota,Aparecida de Macedo,BA,BR,TRUE
2950,1472,billing,62599-979,Travessa de Lima,162,Apto 550,Minas Caixa,Carvalho de Moraes,BA,BR,TRUE
2951,1472,billing,60835233,Chácara de Peixoto,386,Apto 770,Cinquentenário,da Cunha de Novaes,SP,BR,FALSE
2952,1472,secondary,82313197,Vale de Sampaio,3,Apto 306,Vila Boa Vista,Silva da Praia,DF,BR,FALSE
2953,1473,billing,51749646,Lagoa de Pires,27,,Vila Pinho,Marques do Campo,MA,BR,TRUE
2954,1473,secondary,95161724,Largo da Cruz,847,,Cônego Pinheiro 1ª Seção,Azevedo,ES,BR,FALSE
2955,1474,billing,36143456,Setor Hadassa Monteiro,2,Apto 539,Marmiteiros,Câmara de Sampaio,AC,BR,TRUE
2956,1474,secondary,34160462,Avenida de Pires,60,,Renascença,Barbosa,SP,BR,FALSE
2957,1474,secondary,27552-635,Avenida Brenda Monteiro,2,,Vila Novo São Lucas,Jesus,ES,BR,FALSE
2958,1475,billing,49384571,Trecho Laís Sá,29,,Palmares,Pastor da Prata,BA,BR,TRUE
2959,1475,secondary,04616-171,Estação Mendonça,5,,Vila União,Caldeira de Barros,PI,BR,FALSE
2960,1475,secondary,63069-066,Chácara de Correia,3,,Canaa,Pacheco,PI,BR,FALSE
2961,1476,billing,46683-516,Conjunto Siqueira,74,,Vila Nova Cachoeirinha 3ª Seção,Barbosa,RJ,BR,TRUE
2962,1476,billing,63393090,Via Cecilia Moreira,92,,Fazendinha,Abreu,RJ,BR,FALSE
2963,1476,billing,63481-869,Largo Lavínia Borges,28,--,Vila Madre Gertrudes 3ª Seção,Azevedo,CE,BR,FALSE
2964,1477,billing,30827363,Parque de Fernandes,67,Apto 696,Maria Goretti,Cirino do Norte,RJ,BR,TRUE
2965,1477,billing,82275-044,Largo Giovanna Machado,2,Apto 629,Bandeirantes,Nogueira da Mata,RN,BR,FALSE
2966,1478,billing,65849144,Parque Moura,60,Apto 257,Estrela,Pereira Verde,SC,BR,TRUE
2967,1478,billing,03083-892,Ladeira Dante Albuquerque,515,Apto 221,Senhor Dos Passos,Costa da Serra,DF,BR,FALSE
2968,1478,billing,74874534,Vereda de Abreu,1,,Palmares,Rezende de da Rocha,RJ,BR,FALSE
2969,1479,billing,25735972,Avenida de da Rosa,86,,Jardim Guanabara,da Rocha de Goiás,BA,BR,TRUE
2970,1479,secondary,16499-874,Residencial Rezende,2,Apto 897,Vila Pilar,Câmara,RN,BR,FALSE
2971,1479,secondary,87980-666,Largo Juan da Luz,485,Apto 034,Novo Glória,Sales dos Dourados,DF,BR,FALSE
2972,1480,billing,40009536,Via Luiza Melo,37,Apto 926,Santa Rita De Cássia,Gomes de Barbosa,RR,BR,TRUE
2973,1480,billing,88441425,Via da Conceição,30,,Cidade Jardim,Pereira do Sul,RR,BR,FALSE
2974,1480,billing,75787-359,Lago Juliana da Costa,92,,Vila Fumec,da Conceição da Praia,PR,BR,FALSE
2975,1481,billing,62066-527,Loteamento Silva,665,,Conjunto Califórnia Ii,Teixeira,AL,BR,TRUE
2976,1481,secondary,76966671,Pátio Murilo Almeida,35,Apto 579,Pilar,Ramos de Gomes,MG,BR,FALSE
2977,1481,billing,00273137,Pátio Sá,31,Apto 558,Manacas,Pinto de Pacheco,BA,BR,FALSE
2978,1482,billing,23402-119,Avenida de Guerra,73,,Vila Barragem Santa Lúcia,Marques de Sousa,RJ,BR,TRUE
2979,1483,billing,47749-205,Favela Caldeira,427,Apto 692,Camargos,Sales,PA,BR,TRUE
2980,1484,billing,71086-694,Trevo Thales Novaes,3,,Satelite,Pastor,BA,BR,TRUE
2981,1484,billing,81789-527,Praça de Oliveira,4,,Ambrosina,das Neves,MS,BR,FALSE
2982,1485,billing,29799167,Parque Barbosa,17,,Calafate,Brito,AC,BR,TRUE
2983,1485,secondary,35527-845,Condomínio de Casa Grande,11,,Mariquinhas ,Rios,PE,BR,FALSE
2984,1486,billing,49877894,Morro Sá,87,Apto 808,Olaria,Martins das Pedras,BA,BR,TRUE
2985,1486,secondary,99672-334,Via Diogo Sales,28,,Vila Paris,Mendes de Barros,AL,BR,FALSE
2986,1487,billing,03786411,Vale de Rodrigues,57,,Pongelupe,Marques,RJ,BR,TRUE
2987,1487,billing,88684878,feira lorenzo da mata,99,Apto 716,São João Batista,Teixeira da Praia,AP,BR,FALSE
2988,1487,billing,12773152,Chácara de Fogaça,404,,Nossa Senhora De Fátima,Sousa,BA,BR,FALSE
2989,1488,billing,51639451,Esplanada de Nogueira,28,,Delta,Montenegro,RN,BR,TRUE
2990,1489,billing,79115987,Jardim Moura,44,,barão homem de melo 2ª seção,Melo da Mata,AP,BR,TRUE
2991,1489,secondary,71239-889,Favela Santos,797,Apto 887,Santo André,Viana de Cavalcanti,SE,BR,FALSE
2992,1489,secondary,37243-675,Estrada Siqueira,46,Apto 710,Vila Engenho Nogueira,Correia de Costa,TO,BR,FALSE
2993,1490,billing,61308-524,Campo Evelyn da Conceição,13,,Vila Piratinniga Venda Nova,Machado de Vargas,BA,BR,TRUE
2994,1490,secondary,87163457,Jardim de Moraes,89,,Jardim Dos Comerciarios,Cunha,MS,BR,FALSE
2995,1491,billing,12346929,Rodovia Rael Macedo,2,Apto 247,Capitão Eduardo,Borges,AL,BR,TRUE
2996,1491,secondary,83331129,Trevo Maria Helena Ramos,64,,Conjunto Paulo Vi,Porto de Lima,RO,BR,FALSE
2997,1492,billing,62428-237,Passarela Pedro Lucas Machado,283,,Etelvina Carneiro,Lima,PA,BR,TRUE
2998,1493,billing,12378-689,Fazenda Murilo Novais,56,,loresta,Ribeiro da Mata,RR,BR,TRUE
2999,1493,secondary,73954816,Colônia Agatha Nunes,171,Apto 829,Oeste,Pinto,BA,BR,FALSE
3000,1493,billing,59094-721,Morro Fernanda da Costa,35,,Milionario,Ramos do Galho,BA,BR,FALSE
3001,1494,billing,24023814,Viaduto da Cunha,909,Apto 731,Eymard,Caldeira,RO,BR,TRUE
3002,1494,billing,56809634,Trevo de da Costa,55,Apto 557,Acaba Mundo,Silva,SP,BR,FALSE
3003,1495,billing,27853-987,Loteamento Maysa Cunha,24,Apto 492,São João Batista,da Paz do Sul,AM,BR,TRUE
3004,1496,billing,01290021,Praia Nunes,73,Apto 690,Chácara Leonina,Farias,AM,BR,TRUE
3005,1496,secondary,93282125,Sítio Ferreira,12,,Silveira,Vasconcelos,RJ,BR,FALSE
3006,1496,secondary,35283388,Setor Sousa,85,,Serra Do Curral,Mendes das Flores,RR,BR,FALSE
3007,1497,billing,02359886,Avenida Araújo,1,Apto 468,Dom Cabral,Casa Grande da Mata,SE,BR,TRUE
3008,1498,billing,50765233,Recanto Caleb Silveira,2,Apto 650,Serra Verde,Peixoto,PE,BR,TRUE
3009,1498,billing,65152701,Distrito de Sampaio,14,Apto 129,Coração De Jesus,Porto dos Dourados,PA,BR,FALSE
3010,1499,billing,24954-767,Trecho Cassiano,84,Apto 822,Candelaria,Rodrigues,BA,BR,TRUE
3011,1499,secondary,88076-129,Conjunto de Mendes,7,,Vila Esplanada,Vasconcelos de Goiás,RS,BR,FALSE
3012,1500,billing,61211-237,Distrito de Montenegro,5,,Vila Madre Gertrudes 1ª Seção,Cassiano,CE,BR,TRUE
3013,1501,billing,58747441,Conjunto de da Rocha,5,Apto 384,Coqueiros,da Costa,TO,BR,TRUE
3014,1501,billing,11582-702,Vereda Eloá Cavalcante,359,,estrela,da Paz das Pedras,SE,BR,FALSE
3015,1502,billing,32111947,Campo Barbosa,42,,Luxemburgo,Câmara de Minas,RR,BR,TRUE
3016,1502,billing,10762378,Morro Letícia Martins,3,Apto 301,Olhos D'água,das Neves de Vieira,ES,BR,FALSE
3017,1503,billing,21206632,Praça de Machado,69,,São Damião,Moraes de Goiás,BA,BR,TRUE
3018,1503,billing,46412-663,Loteamento Pastor,48,,Vila São João Batista,Moura,BA,BR,FALSE
3019,1503,billing,31777364,Via de da Costa,55,,Morro Dos Macacos,Melo,RS,BR,FALSE
3020,1504,billing,57958-780,Parque Natália Rezende,16,Apto 968,Vila Oeste,Alves do Amparo,MS,BR,TRUE
3021,1504,billing,63862-338,Ladeira de Barbosa,2,,Pirineus,Nascimento do Sul,RR,BR,FALSE
3022,1504,billing,95660-356,Estação de Correia,602,,Vila São João Batista,Freitas do Amparo,PI,BR,FALSE
3023,1505,billing,79463295,Ladeira Ribeiro,57,,Penha,Rezende,BA,BR,TRUE
3024,1505,secondary,75619042,Jardim Jade Cardoso,71,,Santa Tereza,da Mata de Oliveira,PB,BR,FALSE
3025,1506,billing,89958-396,Jardim Montenegro,91,,Cinquentenário,Caldeira,PI,BR,TRUE
3026,1506,billing,48506187,Trecho de Lima,54,Apto 060,Vila Paraíso,das Neves,PR,BR,FALSE
3027,1506,secondary,22978309,Chácara de Machado,422,Apto 989,Santa Monica,Souza,PE,BR,FALSE
3028,1507,billing,53277-770,Núcleo Carlos Eduardo Costela,91,,Boa União 1ª Seção,Casa Grande da Mata,RR,BR,TRUE
3029,1508,billing,66590-534,Via de Mendes,57,,Jardim Dos Comerciarios,Barbosa do Norte,AM,BR,TRUE
3030,1509,billing,98455-545,Conjunto Paulo Cavalcanti,8,,Solimoes,da Mota,RR,BR,TRUE
3031,1509,billing,18643571,Campo Melina Albuquerque,89,,Vila São Gabriel,Monteiro,BA,BR,FALSE
3032,1509,secondary,29455469,Recanto de Cavalcanti,51,,Comiteco,das Neves do Galho,DF,BR,FALSE
3033,1510,billing,17572-308,Passarela de Azevedo,56,,Ipe,Ferreira da Praia,AP,BR,TRUE
3034,1511,billing,37234-238,Estrada Nogueira,725,,Manacas,Lopes das Flores,TO,BR,TRUE
3035,1512,billing,76828742,Largo de Pimenta,83,,Castelo,Souza,MS,BR,TRUE
3036,1512,billing,81580849,Viela de Porto,747,Apto 627,Europa,Cardoso de da Luz,PI,BR,FALSE
3037,1513,billing,35922-169,Fazenda Monteiro,73,,Castelo,da Mata,DF,BR,TRUE
3038,1514,billing,69953768,Viela de Cassiano,20,,Vale Do Jatoba,Pires do Campo,CE,BR,TRUE
3039,1515,billing,95470348,Trevo de Silva,31,Apto 649,Vila De Sá,Novaes,SP,BR,TRUE
3040,1515,secondary,17449459,Rodovia de Gonçalves,33,Apto 112,Camponesa 1ª Seção,Azevedo do Galho,PB,BR,FALSE
3041,1515,secondary,00102927,Setor Carvalho,19,,Tirol,da Luz das Flores,SC,BR,FALSE
3042,1516,billing,50750-461,Conjunto de Rocha,84,Apto 141,Boa União 2ª Seção,Monteiro do Oeste,SE,BR,TRUE
3043,1516,secondary,45067-614,Vila Henry Brito,77,,Sion,Pacheco do Oeste,RN,BR,FALSE
3044,1517,billing,10989839,Estrada Bárbara Cassiano,73,Apto 741,Custodinha,Silva,GO,BR,TRUE
3045,1517,secondary,04744-243,Fazenda de Macedo,19,,Vista Do Sol,Mendonça,AM,BR,FALSE
3046,1517,billing,65910618,Loteamento Viana,74,,Santa Rosa,da Mota dos Dourados,AM,BR,FALSE
3047,1518,billing,79235955,Avenida Marques,55,Apto 570,Conjunto Lagoa,Rocha de Novais,RN,BR,TRUE
3048,1518,secondary,92147622,Vale de Ribeiro,399,,Vila Madre Gertrudes 1ª Seção,Cavalcanti da Prata,AC,BR,FALSE
3049,1519,billing,10846175,Estação de Leão,49,,São Benedito,Porto de Moraes,PI,BR,TRUE
3050,1519,billing,88281-889,Parque Maria Vieira,27,,São Bernardo,Alves do Galho,RR,BR,FALSE
3051,1519,secondary,46358080,Vereda Maria Liz Pastor,7,,Dom Silverio,Ramos,RJ,BR,FALSE
3052,1520,billing,82981186,Ladeira Santos,18,,Vila Mangueiras,Borges,RR,BR,TRUE
3053,1520,billing,38650306,Parque de Guerra,85,,Mala E Cuia,Novaes,GO,BR,FALSE
3054,1521,billing,38149006,Pátio Rodrigo Sá,62,,São Marcos,Lopes,AC,BR,TRUE
3055,1522,billing,23779945,Núcleo da Cunha,352,,Céu Azul,Pires Verde,PI,BR,TRUE
3056,1522,billing,79422-058,Travessa Lucca Viana,67,Apto 130,Vila Copasa,Rocha,PR,BR,FALSE
3057,1523,billing,29729140,Viaduto Cassiano,18,Apto 814,Vista Do Sol,Souza de Goiás,MT,BR,TRUE
3058,1523,secondary,06665-407,Condomínio de da Costa,60,,Pompéia,Campos,SP,BR,FALSE
3059,1524,billing,27235662,Largo de Marques,232,Apto 684,Jaraguá,Gonçalves Alegre,MT,BR,TRUE
3060,1524,secondary,01332057,Favela de Martins,5,,Apolonia,Souza,AL,BR,FALSE
3061,1525,billing,12777-191,Colônia Lima,16,Apto 828,Colégio Batista,Rocha,SE,BR,TRUE
3062,1525,secondary,72657552,Feira de Porto,77,Apto 733,Vila Boa Vista,Castro,CE,BR,FALSE
3063,1525,secondary,08485111,Alameda Pietra Sousa,262,Apto 649,Itapoa,Almeida,BA,BR,FALSE
3064,1526,billing,81832-524,Setor Cecilia Costela,8,Apto 268,Céu Azuul,Ferreira,RS,BR,TRUE
3065,1526,secondary,67192-012,Rodovia Ana Liz das Neves,8,,Bela Vitoria,da Paz da Mata,SP,BR,FALSE
3066,1526,billing,96189078,Campo Dias,53,Apto 993,Vila Jardim Leblon,Silveira de Carvalho,PA,BR,FALSE
3067,1527,billing,19132-058,Favela Mariane da Luz,158,,Havaí,Sá,RS,BR,TRUE
3068,1528,billing,64233-693,Aeroporto de Peixoto,5,Apto 720,Aguas Claras,Pinto,AP,BR,TRUE
3069,1528,secondary,57378210,Passarela Maria Clara Silveira,93,,São Lucas,Leão,MG,BR,FALSE
3070,1529,billing,25670-553,Estrada Ana Sophia da Cruz,66,Apto 026,Salgado Filho,Dias,ES,BR,TRUE
3071,1529,billing,55740-449,Esplanada de Mendes,2,Apto 083,Rio Branco,Moura,PB,BR,FALSE
3072,1530,billing,41865673,Núcleo de Lopes,98,,Barão Homem De Melo 3ª Seção,Campos,RO,BR,TRUE
3073,1530,billing,53905321,Trevo Hadassa Costa,50,,Aarão Reis,da Paz,MS,BR,FALSE
3074,1530,secondary,71949452,Feira de Souza,6,Apto 338,Unidas,Albuquerque do Campo,RO,BR,FALSE
3075,1531,billing,52822753,Travessa Aylla Moreira,75,,Piratininga,Silva da Mata,RS,BR,TRUE
3076,1531,billing,63225032,Lago de Gonçalves,97,,Cidade Jardim,Monteiro,RS,BR,FALSE
3077,1531,billing,22657114,Rodovia Mendes,84,,Petropolis,Moraes de das Neves,BA,BR,FALSE
3078,1532,billing,59798-436,Área Azevedo,21,,Boa União 1ª Seção,Cirino de Goiás,AL,BR,TRUE
3079,1532,secondary,83726034,Estrada Josué Machado,390,Apto 367,Garças,Câmara das Pedras,RJ,BR,FALSE
3080,1532,secondary,91787-001,Ladeira Brenda Costa,383,Apto 219,Pousada Santo Antonio,Abreu Grande,PE,BR,FALSE
3081,1533,billing,31643035,Travessa de Araújo,9,,Biquinhas,Almeida,CE,BR,TRUE
3082,1533,secondary,05025381,Viela Sales,5,Apto 469,Ouro Minas,Porto Alegre,RN,BR,FALSE
3083,1534,billing,66545521,Viela de Vargas,9,Apto 595,Jardim Leblon,Moreira das Pedras,ES,BR,TRUE
3084,1534,secondary,87183-295,Passarela Ribeiro,9,,Vila Maria,Aragão,RN,BR,FALSE
3085,1534,secondary,52761-988,Estação da Luz,57,Apto 341,Vila Pinho,Cardoso Paulista,DF,BR,FALSE
3086,1535,billing,04814-853,Viela de Gonçalves,931,,Marieta 3ª Seção,da Mota,RN,BR,TRUE
3087,1536,billing,47372577,ALAMEDA LOPES,68,,Marieta 1ª Seção,Azevedo Verde,AL,BR,TRUE
3088,1537,billing,63425879,Praia Luan Garcia,85,,Nova Esperança,Cardoso,RJ,BR,TRUE
3089,1537,secondary,82489-182,Largo Eloá da Conceição,52,,Vila São Gabriel Jacui,Andrade,AL,BR,FALSE
3090,1538,billing,99695280,Área Maria Sophia Siqueira,91,Apto 815,São Gonçalo,Nogueira da Serra,BA,BR,TRUE
3091,1539,billing,93562-559,Pátio Farias,53,Apto 967,João Pinheiro,Pimenta,TO,BR,TRUE
3092,1539,billing,38939-112,Chácara de Caldeira,2,Apto 801,Flavio De Oliveira,Fonseca,RS,BR,FALSE
3093,1540,billing,06357243,Ladeira Benício da Cunha,390,Apto 177,Conjunto Santa Maria,Marques,MA,BR,TRUE
3094,1541,billing,72276-439,Condomínio eMlo,92,,Flamengo,Duarte de Campos,RJ,BR,TRUE
3095,1542,billing,87048595,Estrada de Moura,878,,Conjunto Bonsucesso,Caldeira das Pedras,RJ,BR,TRUE
3096,1542,billing,16877-541,Rua da Rocha,36,Apto 974,Suzana,Pinto dos Dourados,SC,BR,FALSE
3097,1542,billing,61710276,Feira de Teixeira,1,Apto 157,Europa,da Rocha,MS,BR,FALSE
3098,1543,billing,31913437,Recanto Amanda Jesus,76,,Lagoinha Leblon,Casa Grande do Norte,RN,BR,TRUE
3099,1544,billing,66450-707,Condomínio Moraes,5,Apto 421,Alto Vera Cruz,Rocha,AC,BR,TRUE
3100,1545,billing,16744361,Fazenda de Duarte,68,,Santo André,da Rocha,AC,BR,TRUE
3101,1546,billing,85889-381,Estrada de Farias,74,,Copacabana,Macedo do Norte,CE,BR,TRUE
3102,1546,secondary,77025383,Praça de Silveira,277,Apto 099,João Pinheiro,Ribeiro,BA,BR,FALSE
3103,1546,secondary,89695825,Recanto Santos,29,Apto 455,Sport Club,Fogaça,DF,BR,FALSE
3104,1547,billing,60581-195,Fazenda Silveira,41,Apto 775,Gameleira,Cirino Paulista,MS,BR,TRUE
3105,1548,billing,25368586,Ladeira de Costa,21,Apto 459,Nova Suíça,Oliveira,RR,BR,TRUE
3106,1549,billing,07708395,Ladeira de Abreu,63,Apto 160,Vila Bandeirantes,Souza de Minas,RS,BR,TRUE
3107,1550,billing,54830-386,Praça Duarte,31,,São Jorge 1ª Seção,Cardoso,AP,BR,TRUE
3108,1550,secondary,07667-390,Travessa Apollo Machado,424,Apto 361,Savassi,Abreu das Pedras,SC,BR,FALSE
3109,1550,billing,02583668,Viela da Paz,7,Apto 383,Padre Eustáquio,Silveira das Pedras,PA,BR,FALSE
3110,1551,billing,17495387,Quadra Rebeca Peixoto,56,Apto 433,Brasil Industrial,Dias,GO,BR,TRUE
3111,1551,billing,56080-079,Viela Melo,32,,Jardim Alvorada,das Neves,RS,BR,FALSE
3112,1551,secondary,98102507,Largo de Correia,43,Apto 502,Vila São Francisco,Lopes,PR,BR,FALSE
3113,1552,billing,38278146,Parque de Vasconcelos,86,,Boa Viagem,Nunes do Galho,ES,BR,TRUE
3114,1553,billing,48878-873,Campo de Cassiano,646,Apto 760,Vila Coqueiral,da Mata,RJ,BR,TRUE
3115,1554,billing,24690259,Parque de Vargas,716,Apto 401,Santa Branca,Novaes Verde,AL,BR,TRUE
3116,1555,billing,13028783,Esplanada Ramos,7,,Novo Ouro Preto ,Santos de Borges,MA,BR,TRUE
3117,1556,billing,70312-869,Viela da Cruz,51,,Coração Eucarístico,Siqueira de Fernandes,CE,BR,TRUE
3118,1556,secondary,28438-632,Esplanada Barbosa,60,,Alto Barroca,Macedo,MT,BR,FALSE
3119,1557,billing,80479-941,Parque da Mata,98,Apto 797,Barão Homem De Melo 1ª Seção,Sousa de Goiás,BA,BR,TRUE
3120,1557,billing,86679-016,Vila de Gomes,9,Apto 147,Carmo,Carvalho Grande,CE,BR,FALSE
3121,1558,billing,47119526,Morro Marcos Vinicius Costa,7,Apto 773,Vila Atila De Paiva,da Paz Paulista,PR,BR,TRUE
3122,1558,billing,56825-427,Residencial de Campos,255,,Novo Tupi,Mendonça de Aparecida,AC,BR,FALSE
3123,1558,secondary,84845648,Área de Câmara,86,Apto 611,Marajó,da Paz do Norte,MT,BR,FALSE
3124,1559,billing,34222-538,Condomínio Sofia Campos,23,,Granja De Freitas,Aragão,RN,BR,TRUE
3125,1559,billing,20681836,Condomínio de Cardoso,88,,Vila Trinta E Um De Março,Rios,ES,BR,FALSE
3126,1560,billing,38872-400,Lagoa da Costa,14,,Vila Paris,Andrade Paulista,RJ,BR,TRUE
3127,1560,secondary,13808181,Recanto Oliveira,52,,Outro,Machado,GO,BR,FALSE
3128,1561,billing,26548851,Colônia Abreu,21,,Vila Trinta E Um De Março,Rios,DF,BR,TRUE
3129,1561,secondary,07814-266,Estação Mendonça,49,,Fernão Dias,Moraes do Amparo,MT,BR,FALSE
3130,1562,billing,35597-879,Praça de da Cruz,93,Apto 664,Conjunto Paulo Vi,Ribeiro de da Luz,RS,BR,TRUE
3131,1562,secondary,24417539,Praça de Mendes,45,Apto 621,Vila Real 1ª Seção,Casa Grande,PR,BR,FALSE
3132,1562,secondary,58107902,Residencial Ester Jesus,80,,Buritis,Andrade de Cirino,SP,BR,FALSE
3133,1563,billing,47455014,Sítio de Porto,53,,Vila Do Pombal,Teixeira de Pereira,RJ,BR,TRUE
3134,1563,billing,18457543,Praia Araújo,97,Apto 367,Renascença,Almeida das Flores,RJ,BR,FALSE
3135,1563,secondary,87992-863,Avenida de Nascimento,45,Apto 900,Marçola,Câmara de Minas,MG,BR,FALSE
3136,1564,billing,04049-222,Avenida Luiza Lopes,70,,Granja Werneck,Garcia,GO,BR,TRUE
3137,1565,billing,27886-638,Aeroporto Costela,41,.,Barro Preto,Freitas de Moura,RR,BR,TRUE
3138,1565,billing,80776-775,Feira de Camargo,31,,Tupi A,Moraes de Fonseca,MT,BR,FALSE
3139,1565,billing,96489398,Vila de Sampaio,21,,Dom Joaquim,Duarte Paulista,ES,BR,FALSE
3140,1566,billing,05416-255,Sítio de Araújo,917,Apto 697,Providencia,Sá,PI,BR,TRUE
3141,1567,billing,36051-103,Favela Eduarda Novais,69,,Chácara Leonina,Montenegro do Norte,AL,BR,TRUE
3142,1567,secondary,96318009,Vereda de Guerra,23,,Alto Barroca,Gomes da Praia,RN,BR,FALSE
3143,1568,billing,73501038,Aeroporto Guerra,6,Apto 873,Ademar Maldonado,Pereira,CE,BR,TRUE
3144,1569,billing,41892-348,Distrito Cavalcanti,27,,Maravilha,Sampaio do Campo,MT,BR,TRUE
3145,1569,billing,52854895,Rua de Macedo,2,Apto 969,Xangri-Lá,Cardoso,AM,BR,FALSE
3146,1570,billing,86861183,Lagoa de Silveira,375,Apto 712,Tirol,da Mota,CE,BR,TRUE
3147,1571,billing,08274-619,Condomínio de Lima,44,Apto 373,Alto Dos Pinheiros,Andrade,RJ,BR,TRUE
3148,1571,secondary,62991390,Colônia Apollo Ramos,70,Apto 331,Jaqueline,Gonçalves de Monteiro,DF,BR,FALSE
3149,1572,billing,09164619,Campo de Dias,153,Apto 896,Santa Tereza,da Cunha de Gonçalves,ES,BR,TRUE
3150,1573,billing,94523621,Aeroporto de Correia,71,,João Pinheiro,da Mata de Goiás,PE,BR,TRUE
3151,1573,billing,41263-262,Recanto Pires,53,Apto 596,Estoril,Lopes,DF,BR,FALSE
3152,1573,secondary,35227-748,Residencial Lima,16,,Coração De Jesus,Dias da Mata,MS,BR,FALSE
3153,1574,billing,54495176,Esplanada Ana Cecília Sá,832,,Frei Leopoldo,Nascimento da Prata,SE,BR,TRUE
3154,1575,billing,61005-948,Recanto Aparecida,19,,Santo Agostinho,Rezende de Camargo,DF,BR,TRUE
3155,1576,billing,97285802,Rua Castro,7,Apto 460,Cruzeiro,Moura,PE,BR,TRUE
3156,1576,secondary,68578601,Rua Antony da Cunha,49,,Vila Real 1ª Seção,Rezende,PE,BR,FALSE
3157,1576,secondary,96750-446,Vereda Otto Santos,8,,Santa Isabel,Aragão,PB,BR,FALSE
3158,1577,billing,28273980,Vale de Teixeira,689,,Europa,Marques de das Neves,PB,BR,TRUE
3159,1578,billing,93045-105,Favela de Mendonça,949,Apto 600,Milionario,Carvalho da Praia,AP,BR,TRUE
3160,1578,secondary,89055-077,Setor de da Luz,69,,Vila Das Oliveiras,Sousa,SP,BR,FALSE
3161,1579,billing,81498350,Praça Vargas,92,,Santa Tereza,Oliveira de Andrade,MT,BR,TRUE
3162,1579,secondary,30777-810,Sítio de Caldeira,60,Apto 754,Caiçara - Adelaide,Albuquerque,DF,BR,FALSE
3163,1579,billing,69962139,Estrada Nascimento,7,,Marieta 1ª Seção,da Luz,BA,BR,FALSE
3164,1580,billing,32942-928,Lagoa de Albuquerque,64,Apto 338,Jatobá,Castro da Mata,PB,BR,TRUE
3165,1580,billing,19735-718,Estação de Moreira,43,,Esplanada,Costa,SP,BR,FALSE
3166,1581,billing,95121548,Setor Maria Vitória Aparecida,774,Apto 740,Bandeirantes,Rocha,MG,BR,TRUE
3167,1581,secondary,43563108,Feira Cirino,2,Apto 150,São Cristóvão,Vargas,MA,BR,FALSE
3168,1581,billing,11416-355,Recanto Milena Moura,51,,Marajó,da Paz de Mendes,ES,BR,FALSE
3169,1582,billing,58785-767,Parque Câmara,84,Apto 798,Parque São José,Costa,AP,BR,TRUE
3170,1583,billing,97575304,Estrada Maria Flor Aragão,84,Apto 131,Granja Werneck,Pacheco,PA,BR,TRUE
3171,1584,billing,61928279,Fazenda de Andrade,15,,Guaratã,Farias de Martins,SC,BR,TRUE
3172,1585,billing,97414174,Alameda Gael Rocha,6,Apto 959,Barro Preto,Barbosa,PI,BR,TRUE
3173,1586,billing,71975-164,Praia Sophia Duarte,594,,Cruzeiro,Pimenta,PB,BR,TRUE
3174,1587,billing,21089-748,Lagoa Lucas Gabriel Aparecida,248,,Flavio De Oliveira,Caldeira do Sul,GO,BR,TRUE
3175,1587,billing,71867-308,Vereda Helena Cavalcanti,42,Apto 924,Bonsucesso,Borges de Goiás,SE,BR,FALSE
3176,1588,billing,01749-713,Vila de Lopes,31,,Lajedo,Campos do Galho,RJ,BR,TRUE
3177,1588,secondary,08164-877,Trevo Melo,265,Apto 793,Nova Suíça,Vasconcelos Grande,MS,BR,FALSE
3178,1588,billing,74704657,Vereda Marques,87,Apto 157,Vila Santa Rosa,Cavalcanti de Nunes,RO,BR,FALSE
3179,1589,billing,06089819,Alameda Peixoto,38,,Tiradentes,Costela da Praia,MT,BR,TRUE
3180,1589,secondary,25878870,Conjunto de Carvalho,3,,Fernão Dias,da Cunha das Pedras,SE,BR,FALSE
3181,1589,secondary,16166-945,Lagoa de Montenegro,80,Apto 413,Tres Marias,Sales,MA,BR,FALSE
3182,1590,billing,42289-743,Jardim de Mendes,72,Apto 117,Capitão Eduardo,Pimenta,MG,BR,TRUE
3183,1591,billing,83892166,Distrito de Santos,24,Apto 656,Cidade Jardim,Costa de Moraes,RO,BR,TRUE
3184,1591,billing,80561-062,Quadra Rodrigues,36,,Novo Glória,Costela,ES,BR,FALSE
3185,1591,billing,31246767,Estrada Luna Oliveira,189,Apto 084,Vila Nova Cachoeirinha 1ª Seção,Moraes,GO,BR,FALSE
3186,1592,billing,15969-813,Esplanada Rios,3,Apto 495,Ipe,Rocha,CE,BR,TRUE
3187,1592,secondary,32536144,Rua Rios,6,Apto 158,União,Vargas da Serra,PB,BR,FALSE
3188,1593,billing,83404-665,Lago Lopes,38,,Vila Maria,da Conceição,CE,BR,TRUE
3189,1593,secondary,68086-631,Esplanada Maria Vitória Brito,77,Apto 746,Monsenhor Messias,Sales,SP,BR,FALSE
3190,1593,billing,35660944,Vale Mariane Nogueira,155,Apto 047,Vila Bandeirantes,Cassiano das Pedras,BA,BR,FALSE
3191,1594,billing,78976-168,Travessa Guerra,298,Apto 928,Bernadete,Montenegro,PB,BR,TRUE
3192,1595,billing,76821565,Sítio de Garcia,302,,Silveira,da Conceição Paulista,PR,BR,TRUE
3193,1595,billing,41136317,Praça Luiz Miguel Gomes,2,,Centro,Fonseca,SE,BR,FALSE
3194,1595,billing,84170-870,Jardim Fonseca,7,,Vila Jardim Montanhes,Novais do Sul,MA,BR,FALSE
3195,1596,billing,95755-526,Praça de Lopes,24,,Leticia,Marques do Sul,SE,BR,TRUE
3196,1596,billing,90798451,Ladeira Otto Moreira,118,,Granja Werneck,Viana,AC,BR,FALSE
3197,1597,billing,63944-532,Esplanada de Borges,58,,Renascença,Fernandes,AP,BR,TRUE
3198,1598,billing,61759-631,Favela de Jesus,73,,Vila Nova Gameleira 2ª Seção,Caldeira,RS,BR,TRUE
3199,1598,secondary,64039-327,Conjunto de Macedo,51,,Vila Nova Gameleira 2ª Seção,Brito,GO,BR,FALSE
3200,1598,secondary,47816-896,Morro de Ferreira,90,,Monte São José,Andrade,PB,BR,FALSE
3201,1599,billing,69421-700,Avenida de Brito,589,Apto 757,Centro,Castro de Minas,PE,BR,TRUE
3202,1600,billing,81636020,Pátio de Cardoso,768,Apto 044,Acaba Mundo,Ferreira de Teixeira,PB,BR,TRUE
3203,1601,billing,61851688,Pátio de Cavalcanti,5,Apto 378,São Benedito,Ribeiro,SE,BR,TRUE
3204,1601,secondary,81410-882,Largo João Miguel Sousa,67,,Vila Do Pombal,Peixoto do Norte,PB,BR,FALSE
3205,1601,secondary,39448048,Favela Yago Albuquerque,27,,Piratininga,Marques Alegre,SC,BR,FALSE
3206,1602,billing,94634315,Aeroporto Novaes,95,,Baleia,Pastor,PI,BR,TRUE
3207,1602,billing,51628167,Via de Cirino,79,Apto 641,Esplanada,Aragão,AP,BR,FALSE
3208,1603,billing,83449207,Fazenda de Azevedo,9,,Esperança,Almeida de Sousa,PI,BR,TRUE
3209,1603,secondary,53779985,Vale Gonçalves,92,??,Jardim Guanabara,Farias da Mata,AL,BR,FALSE
3210,1604,billing,49776-897,Travessa de Araújo,42,,Cruzeiro,Novais do Campo,RJ,BR,TRUE
3211,1604,billing,00015-969,Viela Fogaça,91,Apto 932,Centro,Peixoto,PI,BR,FALSE
3212,1605,billing,65955236,Estação Joana Silva,83,,Petropolis,Monteiro,RR,BR,TRUE
3213,1606,billing,38726217,Rua de Cavalcante,531,,João Alfredo,Silveira de Sales,SC,BR,TRUE
3214,1606,billing,76932-572,avenida alexia da paz,309,,Maria Goretti,Vasconcelos,RS,BR,FALSE
3215,1606,secondary,80390988,Distrito Fernandes,35,,Graça,Novaes da Mata,PB,BR,FALSE
3216,1607,billing,24497787,Estação de Lopes,656,?,Vila Madre Gertrudes 1ª Seção,Moreira,GO,BR,TRUE
3217,1607,billing,04434246,Núcleo Liam Castro,4,,Vila Aeroporto,Novais do Norte,MS,BR,FALSE
3218,1608,billing,31854378,Vereda Lima,55,Apto 583,São Jorge 2ª Seção,Cirino de Minas,MA,BR,TRUE
3219,1608,secondary,79576-760,Lago da Paz,2,,Camargos,Correia da Serra,SP,BR,FALSE
3220,1608,billing,54880372,Residencial Novais,578,,Jardim Montanhês,Souza,MS,BR,FALSE
3221,1609,billing,56828607,Setor Bianca Cirino,886,,Vila São Francisco,Farias da Mata,BA,BR,TRUE
3222,1609,billing,83924720,Setor de Borges,82,Apto 552,Milionario,Pastor,MA,BR,FALSE
3223,1610,billing,59623741,Chácara de Rocha,3,Apto 139,Lagoinha,Caldeira,MG,BR,TRUE
3224,1611,billing,37497-622,Estação Brito,54,,Cenaculo,Nascimento,RN,BR,TRUE
3225,1611,secondary,47584374,Conjunto Ramos,18,,Minaslandia,Souza,SC,BR,FALSE
3226,1612,billing,92275158,Loteamento de Siqueira,42,,Barão Homem De Melo 2ª Seção,Fogaça do Campo,RR,BR,TRUE
3227,1612,billing,24696-371,Trecho Pacheco,264,Apto 249,Marieta 2ª Seção,Vieira da Prata,PI,BR,FALSE
3228,1612,secondary,91112919,Ladeira João Vitor Lima,241,,Vila São Geraldo,Machado,RO,BR,FALSE
3229,1613,billing,34660380,Alameda de Campos,81,Apto 187,Braúnas,da Conceição,PA,BR,TRUE
3230,1613,billing,13479219,Fazenda Santos,88,Apto 171,Santo André,Gomes do Norte,MG,BR,FALSE
3231,1613,secondary,14898-153,Área Sampaio,1,Apto 735,Vila Paris,Moraes do Oeste,SP,BR,FALSE
3232,1614,billing,06212889,Condomínio de Jesus,540,,Sport Club,da Costa das Pedras,MT,BR,TRUE
3233,1615,billing,88290311,Pátio de Albuquerque,209,,Nossa Senhora Da Conceição,Gomes das Pedras,MT,BR,TRUE
3234,1615,secondary,85624555,Rua Borges,1,,Horto Florestal,Nunes,PE,BR,FALSE
3235,1615,billing,65851-379,Esplanada Mariana Duarte,95,,Palmeiras,da Paz,ES,BR,FALSE
3236,1616,billing,23459992,Ladeira Isadora Rios,22,Apto 678,Lagoinha,Farias dos Dourados,TO,BR,TRUE
3237,1617,billing,05878-917,Favela Antony Cassiano,164,,Sion,Brito,PE,BR,TRUE
3238,1618,billing,95806-459,Praça de da Conceição,9,,São Francisco Das Chagas,Porto de Camargo,RS,BR,TRUE
3239,1619,billing,98823-519,Alameda Ester Montenegro,60,Apto 055,Santa Rita De Cássia,da Rosa,RO,BR,TRUE
3240,1619,secondary,91225-157,Favela Olivia Aparecida,915,,Vila Madre Gertrudes 2ª Seção,Nunes do Norte,SP,BR,FALSE
3241,1620,billing,89104110,Quadra de Pereira,49,,Vila Inestan,Castro Alegre,PI,BR,TRUE
3242,1620,secondary,04093-373,Parque Andrade,308,Apto 872,Vila São Gabriel,Nascimento,PI,BR,FALSE
3243,1621,billing,65665-486,Conjunto de Araújo,46,Apto 695,São Cristóvão,Albuquerque,AC,BR,TRUE
3244,1621,secondary,89168-584,Pátio Ferreira,2,Apto 639,Vila Puc,Caldeira,RJ,BR,FALSE
3245,1622,billing,33086-893,Recanto de Monteiro,50,,Esplanada,Ferreira,RR,BR,TRUE
3246,1623,billing,99529030,Trevo Emanuella Leão,845,Apto 414,Laranjeiras,Moura,PR,BR,TRUE
3247,1624,billing,65158543,Loteamento Luiz Gustavo Albuquerque,41,,Jardim Guanabara,Araújo,CE,BR,TRUE
3248,1624,secondary,63383-280,Sítio Pires,63,,Flamengo,Campos do Campo,PB,BR,FALSE
3249,1624,billing,71784587,Sítio Hadassa Rezende,68,Apto 743,Embaúbas,Viana,AM,BR,FALSE
3250,1625,billing,47896-105,Praça Almeida,44,Apto 398,Trevo,Pinto,AC,BR,TRUE
3251,1626,billing,50433-159,Vale de Novaes,570,Apto 628,Bernadete,Pereira de Goiás,DF,BR,TRUE
3252,1627,billing,88301-160,Ladeira Enzo Gomes,28,Apto 357,Vila Independencia 2ª Seção,da Costa de Minas,AM,BR,TRUE
3253,1627,secondary,92183-160,Setor de Martins,45,Apto 518,Vila Novo São Lucas,Novaes de Lima,DF,BR,FALSE
3254,1627,secondary,84772-679,Área Pedro Henrique Duarte,98,Apto 905,Esperança,Castro,MT,BR,FALSE
3255,1628,billing,75974-887,Trevo Lívia Aparecida,32,,Vitoria,Castro,MA,BR,TRUE
3256,1628,secondary,58902-370,Conjunto de da Mata,3,Apto 418,Salgado Filho,Montenegro de Duarte,RJ,BR,FALSE
3257,1629,billing,86867149,Praça Pacheco,18,Apto 159,Satelite,Brito do Sul,AP,BR,TRUE
3258,1629,billing,84252640,Campo Maria Vitória Pimenta,38,Apto 191,Vila Calafate,Fonseca de Pacheco,MS,BR,FALSE
3259,1630,billing,14620975,Trevo de Caldeira,77,Apto 640,Barão Homem De Melo 1ª Seção,Cardoso de Alves,DF,BR,TRUE
3260,1631,billing,25857282,Largo de Rezende,371,,Canaa,Melo do Galho,MS,BR,TRUE
3261,1631,billing,04868-049,Quadra de Sá,50,,Céu Azul,Gomes,RR,BR,FALSE
3262,1632,billing,17767977,Recanto Farias,130,Apto 617,Santa Isabel,das Neves Paulista,MS,BR,TRUE
3263,1632,billing,70303687,Feira Peixoto,2,Apto 584,Dom Joaquim,Camargo,ES,BR,FALSE
3264,1632,billing,34874227,Trecho Pedro Duarte,24,,Jardim Dos Comerciarios,Pastor,PE,BR,FALSE
3265,1633,billing,01048-807,Ladeira Sofia Montenegro,2,,Vila Aeroporto,Marques,PA,BR,TRUE
3266,1633,billing,78628250,Vale de Pires,542,,Vila Oeste,das Neves,MS,BR,FALSE
3267,1633,secondary,99991430,Ladeira Rezende,7,,Corumbiara,Siqueira Verde,RR,BR,FALSE
3268,1634,billing,75951-865,Condomínio Thiago Almeida,55,,Vila Da Ária,Alves das Flores,AC,BR,TRUE
3269,1634,billing,53258974,Passarela de Pinto,31,Apto 106,Vila Barragem Santa Lúcia,Freitas,PB,BR,FALSE
3270,1635,billing,39783-412,Praia de Aragão,634,,Providencia,Abreu,PB,BR,TRUE
3271,1635,billing,10252965,Viaduto Pedro Lucas Novais,43,,Jardim Montanhês,Vieira,PB,BR,FALSE
3272,1636,billing,05046578,Parque Heloísa Souza,82,,Calafate,Azevedo,BA,BR,TRUE
3273,1636,secondary,01326-537,Fazenda Nunes,68,Apto 037,Carlos Prates,Cirino de Goiás,ES,BR,FALSE
3274,1637,billing,54992-086,Largo Bernardo Campos,533,,Jardinópolis,Rocha,PA,BR,TRUE
3275,1637,billing,91532-763,Vale de Duarte,68,,Sion,da Mata,RS,BR,FALSE
3276,1637,secondary,37048551,Colônia Sousa,58,Apto 366,Boa Esperança,Correia,MS,BR,FALSE
3277,1638,billing,57750-297,Viaduto Zoe Sá,200,Apto 118,Calafate,Alves da Praia,CE,BR,TRUE
3278,1639,billing,89308-210,Travessa Davi Miguel Rodrigues,9,,Coração De Jesus,Monteiro de Pastor,TO,BR,TRUE
3279,1640,billing,87456347,Vereda de da Costa,92,Apto 300,Suzana,Sá,AL,BR,TRUE
3280,1641,billing,33861-602,Distrito Machado,22,??,Pousada Santo Antonio,Sampaio,PB,BR,TRUE
3281,1642,billing,10501-832,Largo Fernando Cassiano,4,,Vila Nova Gameleira 1ª Seção,Aragão,PE,BR,TRUE
3282,1642,billing,39334622,Jardim João Miguel da Cunha,1,Apto 174,Xangri-Lá,Fonseca,RN,BR,FALSE
3283,1643,billing,44738333,Recanto Bruno Machado,92,,Alta Tensão 2ª Seção,Vieira das Pedras,AC,BR,TRUE
3284,1643,billing,24408-477,Colônia de Almeida,3,Apto 757,Saudade,Nogueira do Amparo,RO,BR,FALSE
3285,1644,billing,81164-902,Setor Matheus Souza,796,,Lorena,Ramos,MG,BR,TRUE
3286,1644,secondary,63072-872,Morro Maria Porto,91,,Santa Monica,Rocha,SC,BR,FALSE
3287,1644,secondary,31338607,Esplanada de Mendonça,36,,Conjunto Celso Machado,Carvalho,MT,BR,FALSE
3288,1645,billing,46396-392,Pátio Gustavo Peixoto,76,,Diamante,Abreu,CE,BR,TRUE
3289,1646,billing,15984-496,Vila Théo Nascimento,27,,Carlos Prates,Monteiro da Praia,SC,BR,TRUE
3290,1646,billing,94856-483,Alameda de Peixoto,189,Apto 815,Lagoinha Leblon,Rios,MG,BR,FALSE
3291,1647,billing,03356-264,Via de Aragão,659,,Lagoinha Leblon,da Rosa,SP,BR,TRUE
3292,1648,billing,72281-605,Pátio de Aparecida,72,Apto 716,Tupi B,Marques de Novaes,SC,BR,TRUE
3293,1648,secondary,97673148,Distrito da Luz,69,Apto 605,Vila Havaí,Sales,BA,BR,FALSE
3294,1649,billing,65157202,Via Henry Gabriel Souza,405,,Minas Caixa,Lopes,DF,BR,TRUE
3295,1650,billing,38569-053,Distrito Catarina Jesus,55,,São Francisco,Pastor,TO,BR,TRUE
3296,1650,billing,11707821,Recanto Leão,73,,Andiroba,Martins da Praia,BA,BR,FALSE
3297,1651,billing,75071-297,Esplanada de Fogaça,287,,Garças,Rezende,SE,BR,TRUE
3298,1652,billing,87542890,Núcleo Gonçalves,24,Apto 829,Jardim São José,Aparecida,MT,BR,TRUE
3299,1653,billing,44839173,Área de Almeida,865,,São Paulo,Oliveira de Mendonça,SE,BR,TRUE
3300,1653,secondary,41574299,Favela Juan Barbosa,79,,Nova Gameleira,Nunes,CE,BR,FALSE
3301,1653,secondary,30739-370,Favela Alexia Novais,86,,Lindéia,Rezende Verde,RN,BR,FALSE
3302,1654,billing,09749937,Praia Leonardo Mendonça,9,,Milionario,Correia de Minas,MG,BR,TRUE
3303,1655,billing,50434-484,Praça Henry Porto,8,,Vitoria,Borges de Jesus,BA,BR,TRUE
3304,1655,billing,02482981,Vila Cirino,3,Apto 725,Ribeiro De Abreu,Cavalcante da Serra,PA,BR,FALSE
3305,1656,billing,55483152,Conjuntode Nunes,20,Apto 179,Miramar,Brito da Mata,MS,BR,TRUE
3306,1657,billing,85491248,Praça Cauê Sales,2,,Mala E Cuia,da Costa do Campo,GO,BR,TRUE
3307,1657,billing,77014389,Aeroporto Silveira,74,,Dom Cabral,Nascimento Alegre,BA,BR,FALSE
3308,1657,secondary,10179920,Recanto Breno Ferreira,37,???,Das Industrias I,Cunha,SE,BR,FALSE
3309,1658,billing,65732-946,Condomínio Cassiano,684,,Copacabana,Sampaio Verde,RS,BR,TRUE
3310,1658,billing,38947269,Recanto de Aragão,82,,vila barragem santa lúcia,Nogueira,PR,BR,FALSE
3311,1659,billing,33816975,Praia Novais,98,Apto 655,Senhor Dos Passos,Pires,DF,BR,TRUE
3312,1659,billing,46652-289,Loteamento Pietro Silva,79,Apto 886,Beira Linha,Aragão,CE,BR,FALSE
3313,1660,billing,69829-976,Travessa de Pereira,51,Apto 689,São João Batista,Porto do Oeste,BA,BR,TRUE
3314,1660,secondary,75405-550,Vereda de Correia,58,Apto 036,Virgínia,Novaes,RN,BR,FALSE
3315,1661,billing,54447-928,Trevo de Mendes,3,,Vila Pinho,Moreira Verde,PE,BR,TRUE
3316,1661,secondary,21185885,Favela Pereira,69,,Ouro Minas,Santos da Praia,TO,BR,FALSE
3317,1661,secondary,95256308,Avenida Andrade,4,,Vila Madre Gertrudes 2ª Seção,Alves,SP,BR,FALSE
3318,1662,billing,41260-091,Fazenda Barbosa,18,Apto 729,Vila Nova,Rezende da Mata,SP,BR,TRUE
3319,1663,billing,46226-964,Residencial Gomes,78,,Etelvina Carneiro,Moraes,MG,BR,TRUE
3320,1663,billing,45554706,Vereda Monteiro,505,Apto 071,Itaipu,Pastor,PE,BR,FALSE
3321,1663,billing,90117-621,Rodovia Olívia Melo,51,,Lajedo,Ribeiro,ES,BR,FALSE
3322,1664,billing,15235253,Distrito Andrade,812,,Cidade Jardim,Pereira de Goiás,RN,BR,TRUE
3323,1665,billing,90011284,Colônia Silveira,42,,Guaratã,Gonçalves do Amparo,PR,BR,TRUE
3324,1665,billing,26890-826,Chácara de Dias,42,,São José,Pacheco,AP,BR,FALSE
3325,1666,billing,98804-919,Via de Azevedo,10,Apto 159,Canaa,Machado de Albuquerque,SP,BR,TRUE
3326,1666,billing,44347-821,Viela Pedro Novais,614,,Marieta 3ª Seção,Fogaça,PA,BR,FALSE
3327,1667,billing,20244-642,Loteamento de Pacheco,62,Apto 292,Vila São Francisco,Carvalho do Norte,SE,BR,TRUE
3328,1667,secondary,42584329,Chácara de Correia,18,,Ribeiro De Abreu,Carvalho de Cassiano,GO,BR,FALSE
3329,1667,secondary,14633-278,Lago de Duarte,630,,Aeroporto,Pimenta Verde,PI,BR,FALSE
3330,1668,billing,58525-724,Distrito de Vargas,99,,Pompéia,da Luz do Sul,SP,BR,TRUE
3331,1668,secondary,69646901,Lago Yuri Rios,83,,Aeroporto,Vargas,RS,BR,FALSE
3332,1668,secondary,15510-517,Loteamento Maria Isis Moraes,31,Apto 358,Planalto,Garcia de Garcia,CE,BR,FALSE
3333,1669,billing,90911-963,Fazenda Gomes,45,Apto 786,Engenho Nogueira,Machado,AL,BR,TRUE
3334,1669,billing,31688978,Feira da Cruz,23,,Novo Das Industrias,Oliveira Alegre,PI,BR,FALSE
3335,1669,secondary,49170-580,Avenida Mendes,5,Apto 601,Aparecida 7ª Seção,Moraes do Amparo,CE,BR,FALSE
3336,1670,billing,41113-973,Favela Barbosa,6,Apto 196,Vila Santa Monica 2ª Seção,Vasconcelos,MA,BR,TRUE
3337,1670,billing,91076-432,Favela Gustavo Henrique da Paz,44,Apto 822,Grotinha,Cirino Verde,MT,BR,FALSE
3338,1670,billing,53841024,Trevo Mendes,72,Apto 066,Marilandia,Sousa do Oeste,AM,BR,FALSE
3339,1671,billing,30963774,Viaduto Pires,5,,Conjunto Paulo Vi,Moraes,MS,BR,TRUE
3340,1672,billing,20433006,Fazenda Araújo,50,Apto 782,Pompéia,Costa de das Neves,SC,BR,TRUE
3341,1673,billing,73465-267,Via de Rios,99,,São Bernardo,Fernandes,SC,BR,TRUE
3342,1673,billing,99177376,Aeroporto Liz Cavalcante,49,,Vila São Rafael,Mendonça de Castro,MA,BR,FALSE
3343,1674,billing,74415-396,Área Sara Vasconcelos,50,,Grota,Porto,AP,BR,TRUE
3344,1674,billing,14968-736,Vila de Pereira,75,,Bonsucesso,Souza,TO,BR,FALSE
3345,1675,billing,49316755,Alameda de Ramos,11,Apto 938,Vila São Geraldo,Pinto,MS,BR,TRUE
3346,1675,billing,37973-678,Viaduto de Moreira,701,,Cidade Nova,Cavalcanti,DF,BR,FALSE
3347,1676,billing,42112534,Ladeira da Luz,14,Apto 721,Bandeirantes,Sousa,AM,BR,TRUE
3348,1677,billing,59667956,Condomínio Cunha,435,,Atila De Paiva,Pacheco,DF,BR,TRUE
3349,1677,billing,33959-757,Rodovia Maria Sophia Viana,26,Apto 276,Mariano De Abreu,Vargas,GO,BR,FALSE
3350,1678,billing,41009690,Ladeira Barros,713,Apto 620,Nova America,Lima de Minas,AC,BR,TRUE
3351,1678,secondary,01174518,Rua de Sá,834,,Pilar,Barbosa,AL,BR,FALSE
3352,1679,billing,10600308,Trecho Maria Júlia Câmara,70,Apto 124,Leticia,Fogaça do Campo,RJ,BR,TRUE
3353,1679,billing,13222-665,Trevo Nogueira,2,,Providencia,Pires,RR,BR,FALSE
3354,1679,secondary,69490-457,Sítio de da Mota,51,Apto 351,Conjunto Providencia,Aparecida,GO,BR,FALSE
3355,1680,billing,15828-436,Praça Natália Silveira,78,,Vila Atila De Paiva,Pires de da Cunha,GO,BR,TRUE
3356,1680,billing,02789117,Lagoa de Farias,91,,Lorena,Cavalcante,AC,BR,FALSE
3357,1681,billing,40483-457,Setor João Fernandes,41,,Vila São Gabriel Jacui,Barbosa,MA,BR,TRUE
3358,1681,billing,07781-843,Vila de Câmara,957,,Santa Efigênia,Macedo das Pedras,MS,BR,FALSE
3359,1682,billing,54767445,Chácara da Cruz,967,,Castanheira,Lima,CE,BR,TRUE
3360,1682,billing,84237-405,Chácara de Melo,8,Apto 573,Conjunto Capitão Eduardo,Novaes,DF,BR,FALSE
3361,1683,billing,13814-200,Setor Mendes,14,,Nova Suíça,Jesus,CE,BR,TRUE
3362,1683,secondary,56295-224,Trevo Câmara,86,Apto 452,Jardim América,Moreira,BA,BR,FALSE
3363,1684,billing,07598-173,Colônia Lopes,2,,Vila Nova Cachoeirinha 2ª Seção,da Paz,SC,BR,TRUE
3364,1685,billing,36036082,Rua Henry Ferreira,95,Apto 498,Primeiro De Maio,Silva da Praia,SE,BR,TRUE
3365,1685,secondary,81093199,Fazenda de Moraes,663,,Marmiteiros,da Conceição,AP,BR,FALSE
3366,1686,billing,35862685,Fazenda Nascimento,50,Apto 486,Vila Da Paz,Caldeira,AL,BR,TRUE
3367,1686,billing,63290004,Esplanada de Caldeira,498,Apto 960,Santa Cruz,Correia,AM,BR,FALSE
3368,1686,billing,56614206,Condomínio da Luz,3,Apto 499,Vila Engenho Nogueira,Rezende,MA,BR,FALSE
3369,1687,billing,17115223,Estação Nascimento,61,,Vila Califórnia,Marques,PR,BR,TRUE
3370,1688,billing,55925-324,Largo da Mata,65,,Pongelupe,Cavalcanti da Mata,TO,BR,TRUE
3371,1688,secondary,98961875,Rua Novais,28,,Paraíso,Castro,PA,BR,FALSE
3372,1689,billing,45852243,Praça Machado,90,,Fazendinha,Sales das Pedras,AP,BR,TRUE
3373,1689,secondary,86226591,Lago de Albuquerque,56,,Cidade Jardim Taquaril,Andrade da Praia,MT,BR,FALSE
3374,1690,billing,29755-933,Jardim de Camargo,262,Apto 985,Vila Petropolis,Fernandes,MS,BR,TRUE
3375,1690,secondary,88469753,Lago de Martins,66,,Solimoes,Monteiro,SC,BR,FALSE
3376,1690,secondary,61131-761,Vereda Melissa Souza,15,Apto 487,Barreiro,Castro de Moreira,RS,BR,FALSE
3377,1691,billing,01067-645,Ladeira de Andrade,16,,Cruzeiro,Araújo,RR,BR,TRUE
3378,1691,billing,87328565,Vereda de Araújo,405,Apto 805,Vila Independencia 1ª Seção,da Mata,PA,BR,FALSE
3379,1691,billing,03240-307,Vila Câmara,9,Apto 854,Vila Primeiro De Maio,da Conceição,RS,BR,FALSE
3380,1692,billing,89837-638,Loteamento de Pires,90,,Vila Aeroporto,Pires de Silva,DF,BR,TRUE
3381,1692,secondary,54774-601,Chácara de Ramos,9,Apto 439,Santa Rosa,Barros,PA,BR,FALSE
3382,1693,billing,58751460,Conjunto Dias,10,Apto 958,Vila Copasa,Aparecida de Goiás,RS,BR,TRUE
3383,1693,billing,49919-540,Praia Martins,69,,Alto Caiçaras,Dias,GO,BR,FALSE
3384,1693,billing,92530-581,Largo Freitas,3,Apto 640,Alto Vera Cruz,Novais,RO,BR,FALSE
3385,1694,billing,55986-806,Passarela de Lima,13,,Novo Aarão Reis,Correia de Moreira,PR,BR,TRUE
3386,1694,secondary,02787-362,Sítio da Rocha,817,Apto 455,Palmeiras,Novais Verde,AM,BR,FALSE
3387,1694,secondary,66173474,Estação Barbosa,591,,Diamante,Fogaça,AC,BR,FALSE
3388,1695,billing,07102-023,Trevo Luiz Henrique Fonseca,7,Apto 183,Palmeiras,da Conceição,PE,BR,TRUE
3389,1695,billing,28981-899,Fazenda de Castro,140,,Novo São Lucas,Moraes de Carvalho,PA,BR,FALSE
3390,1696,billing,13241910,Avenida de Rodrigues,62,,Túnel De Ibirité,Leão,ES,BR,TRUE
3391,1696,secondary,45342105,Setor Henrique Barbosa,283,,Atila De Paiva,Aragão,SC,BR,FALSE
3392,1697,billing,27034-418,Ladeira de das Neves,5,,Embaúbas,Monteiro,MS,BR,TRUE
3393,1697,secondary,40555-864,Largo João Pedro Guerra,66,,Alto Dos Pinheiros,Cavalcante de Sá,RR,BR,FALSE
3394,1697,secondary,13419162,Rodovia de da Rosa,48,Apto 575,Estrela,da Rosa,PI,BR,FALSE
3395,1698,billing,81026233,Distrito Pinto,41,,Savassi,Albuquerque,BA,BR,TRUE
3396,1698,billing,79064739,Largo de Silva,900,,Vila Primeiro De Maio,Sousa,PR,BR,FALSE
3397,1699,billing,41170-723,Setor Peixoto,76,,Olhos D'água,Pinto,PE,BR,TRUE
3398,1699,secondary,99788358,Ladeira de Correia,81,,Oeste,Araújo de Goiás,PA,BR,FALSE
3399,1700,billing,29193051,Quadra Azevedo,181,,Funcionários,Viana Paulista,SE,BR,TRUE
3400,1701,billing,52488-265,Estrada da Mota,50,Apto 063,Cdi Jatoba,Siqueira Grande,RJ,BR,TRUE
3401,1701,secondary,69103-524,Viaduto de Caldeira,54,Apto 799,Lorena,Sampaio,PI,BR,FALSE
3402,1702,billing,01208-389,Colônia Azevedo,53,,Santa Inês,Campos,MG,BR,TRUE
3403,1702,secondary,41838-429,Viela de Cunha,23,,Pousada Santo Antonio,Ramos de Minas,RJ,BR,FALSE
3404,1703,billing,30141-110,Lago de Rios,189,Apto 567,Vale Do Jatoba,Montenegro das Pedras,GO,BR,TRUE
3405,1703,secondary,79618404,Via Brito,7,Apto 334,Vila Ecológica,Campos,PA,BR,FALSE
3406,1704,billing,33139-337,Passarela Barbosa,99,Apto 448,Tirol,Freitas,PI,BR,TRUE
3407,1704,secondary,44853-124,Residencial Siqueira,29,,Viirgínia,da Rocha da Prata,RS,BR,FALSE
3408,1705,billing,04640-014,Chácara de Costa,17,,Solar Do Barreiro,Martins da Serra,MG,BR,TRUE
3409,1706,billing,16315776,Morro Martins,63,Apto 513,Mineirão,Viana de Goiás,RS,BR,TRUE
3410,1706,secondary,16945296,Via Luan das Neves,84,Apto 014,Vila Aeroporto,Machado,RJ,BR,FALSE
3411,1707,billing,02697428,Alameda de Gomes,19,Apto 463,Vila De Sá,da Paz do Oeste,AL,BR,TRUE
3412,1707,billing,49796-977,Colônia de Dias,16,Apto 670,Alta Tensão 2ª Seção,Cavalcanti,RO,BR,FALSE
3413,1707,billing,02431810,Vale Montenegro,45,,Ermelinda,Câmara das Flores,MT,BR,FALSE
3414,1708,billing,70281-623,Loteamento Brenda Lima,89,Apto 146,Santo André,Machado Paulista,SE,BR,TRUE
3415,1708,billing,52882-508,Favela Pires,97,,Araguaia,Cavalcante,PB,BR,FALSE
3416,1708,secondary,55879772,Rodovia de Pimenta,672,Apto 693,Vitoria Da Conquista,da Rosa de Jesus,PI,BR,FALSE
3417,1709,billing,39840-553,Estação Milena Freitas,439,,Vila Formosa,Cunha,MA,BR,TRUE
3418,1710,billing,36073771,Avenida Heloisa Barbosa,18,,Vila São Paulo,da Mata do Norte,AL,BR,TRUE
3419,1710,billing,88073383,Avenida de da Paz,5,,Santa Helena,Sousa de Minas,PA,BR,FALSE
3420,1711,billing,23652893,Estrada de da Conceição,67,Apto 744,Mariquinhas,Fogaça,RS,BR,TRUE
3421,1711,secondary,42377-204,Travessa Cunha,45,Apto 039,Vila Califórnia,Caldeira Verde,GO,BR,FALSE
3422,1711,billing,87871-395,Feira Rocha,454,Apto 366,Maria Helena,Pimenta,RR,BR,FALSE
3423,1712,billing,20966721,Esplanada Ana Sophia Rocha,68,Apto 788,Grotinha,da Rosa,PB,BR,TRUE
3424,1712,billing,85080-861,Largo Rios,72,,Vila Da Paz,Casa Grande do Galho,RO,BR,FALSE
3425,1713,billing,61596-543,Condomínio de Sousa,6,,BOM JESUS,Lima,MS,BR,TRUE
3426,1713,billing,88673-822,Loteamento Eduarda Rios,499,,Embaúbas,Carvalho,RN,BR,FALSE
3427,1714,billing,15230051,Pátio Daniela Casa Grande,44,,Bernadete,Garcia Alegre,SC,BR,TRUE
3428,1714,secondary,49981-648,Passarela Marcelo da Mata,51,,Santo Antônio,Farias,PA,BR,FALSE
3429,1714,secondary,34114625,Loteamento de Sá,31,,Vila Suzana Primeira Seção,Rocha,RN,BR,FALSE
3430,1715,billing,93055-340,Alameda de Pastor,86,,Jardim Atlântico,da Mota,AM,BR,TRUE
3431,1716,billing,45753395,Campo de Fogaça,74,,Alta Tensão 1ª Seção,Martins do Galho,AC,BR,TRUE
3432,1717,billing,12465307,Distrito de Sousa,69,,Madre Gertrudes,Azevedo,MT,BR,TRUE
3433,1717,secondary,23148-897,Loteamento de Fonseca,79,Apto 841,Corumbiara,Moura,PI,BR,FALSE
3434,1718,billing,56999-085,Passarela de Pereira,30,,São João,Fernandes,BA,BR,TRUE
3435,1718,billing,67566-731,Vereda Yasmin Silveira,81,,Caiçara - Adelaide,Martins das Flores,PI,BR,FALSE
3436,1719,billing,19907-651,Distrito Benjamim Vasconcelos,15,Apto 836,São Gabriel,Alves das Pedras,PR,BR,TRUE
3437,1720,billing,49641-135,Rua de Pires,127,Apto 069,Senhor Dos Passos,Borges,RN,BR,TRUE
3438,1721,billing,90245076,Lago Nascimento,54,,Taquaril,Ferreira,RJ,BR,TRUE
3439,1721,secondary,17743-402,Vale Monteiro,3,Apto 063,Luxemburgo,Moreira do Oeste,CE,BR,FALSE
3440,1722,billing,48634152,Favela Novais,57,,Cabana Do Pai Tomás,Camargo de da Cunha,MA,BR,TRUE
3441,1723,billing,90713-845,Rua Alana Fonseca,761,Apto 248,Ipe,Vieira,SP,BR,TRUE
3442,1723,secondary,30449818,Vale de Dias,412,,Vila Puc,Marques de Goiás,RJ,BR,FALSE
3443,1724,billing,96008-607,Área de da Rocha,490,Apto 326,Diamante,Cavalcanti,SE,BR,TRUE
3444,1724,billing,17769-836,Viaduto Isaque da Costa,908,Apto 508,Leonina,Cassiano Paulista,AL,BR,FALSE
3445,1725,billing,28273154,Chácara Cardoso,98,,Pirineus,Guerra,MT,BR,TRUE
3446,1725,billing,02445-209,Condomínio de da Rocha,618,,Jardim Leblon,Rezende,MS,BR,FALSE
3447,1726,billing,09851685,Largo Carvalho,535,,Casa Branca,Marques,ES,BR,TRUE
3448,1727,billing,20882-257,Parque Ana Sophia Ramos,94,,Apolonia,Costa Paulista,TO,BR,TRUE
3449,1728,billing,68023-407,Estação Jesus,72,Apto 018,Santa Efigênia,da Costa,PE,BR,TRUE
3450,1729,billing,45909707,Rua de Casa Grande,28,Apto 494,Jaraguá,Barbosa,AM,BR,TRUE
3451,1729,secondary,49649-489,Recanto de Rios,7,Apto 496,Laranjeiras,Freitas do Norte,AL,BR,FALSE
3452,1729,billing,80735015,Favela de da Mota,942,,Belmonte,Novais Verde,PR,BR,FALSE
3453,1730,billing,90909071,Área José Peixoto,3,,Vila Oeste,Rocha,AM,BR,TRUE
3454,1730,secondary,32780911,Colônia de da Rosa,883,,Santa Cecilia,Ferreira,PA,BR,FALSE
3455,1731,billing,19495-568,Chácara Siqueira,7,,Ventosa,Nascimento,PI,BR,TRUE
3456,1731,secondary,03875-359,Parque Leandro Costa,74,Apto 795,Vista Alegre,Vargas,PI,BR,FALSE
3457,1731,billing,77929574,Largo Machado,737,Apto 028,São José,Freitas Grande,RJ,BR,FALSE
3458,1732,billing,02461412,Loteamento Novais,5,Apto 849,Mariano De Abreu,Camargo,AC,BR,TRUE
3459,1732,billing,59672-878,Campo Sofia Fonseca,97,,São Benedito,Silveira do Oeste,CE,BR,FALSE
3460,1733,billing,62392657,Jardim da Cunha,93,Apto 077,Ouro Preto,da Luz da Serra,AP,BR,TRUE
3461,1733,billing,95047-947,Pátio de da Paz,61,,Palmares,Sampaio,TO,BR,FALSE
3462,1733,secondary,95853-266,Morro Vasconcelos,88,Apto 169,Vila Madre Gertrudes 1ª Seção,da Luz Paulista,CE,BR,FALSE
3463,1734,billing,98796-357,Lago de Gomes,2,,Vila Santa Monica 1ª Seção,Moura,GO,BR,TRUE
3464,1734,billing,13029-990,Alameda Costela,12,,Ventosa,Leão da Serra,MS,BR,FALSE
3465,1735,billing,57521497,Conjunto Davi Lucas Aragão,56,,Monsenhor Messias,Lima de da Conceição,PB,BR,TRUE
3466,1735,secondary,07606-942,Vila Carvalho,62,,Vila Sumaré,Cardoso de Goiás,PI,BR,FALSE
3467,1736,billing,16497-984,Vereda Théo Alves,9,,Beira Linha,Jesus de Moreira,AM,BR,TRUE
3468,1737,billing,01035614,Vereda de Ramos,39,,Custodinha,Campos do Campo,SE,BR,TRUE
3469,1738,billing,77477-313,Favela de da Mata,2,Apto 702,Outro,Carvalho de Nunes,SC,BR,TRUE
3470,1739,billing,55973286,Recanto de Azevedo,67,Apto 024,Santa Rita De Cássia,Peixoto,RJ,BR,TRUE
3471,1740,billing,20615598,Estação de Moura,87,,Belvedere,Cirino Grande,DF,BR,TRUE
3472,1740,secondary,65515-192,Via Bella Vasconcelos,11,Apto 675,São Benedito,Moreira do Galho,SP,BR,FALSE
3473,1740,billing,46258041,Campo de Azevedo,7,,Santa Rita De Cássia,Cirino,SP,BR,FALSE
3474,1741,billing,25954250,Vereda Samuel da Rosa,72,,Vila Fumec,Almeida,GO,BR,TRUE
3475,1741,secondary,14890-804,Lagoa de Souza,69,Apto 343,Bandeirantes,Aragão,MG,BR,FALSE
3476,1742,billing,66045-236,Travessa de Carvalho,38,,Vila Santo Antônio Barroquinha,Andrade,MS,BR,TRUE
3477,1742,secondary,25802894,Sítio Mathias Alves,83,TBD,Ouro Preto,Almeida Verde,PE,BR,FALSE
3478,1742,secondary,68198-648,Ladeira Luana Lopes,49,Apto 523,São Francisco,Mendes do Campo,CE,BR,FALSE
3479,1743,billing,22701192,Vereda de Câmara,47,Apto 739,Flamengo,Freitas,SP,BR,TRUE
3480,1743,billing,19227196,Recanto de Ramos,4,Apto 105,Vila Suzana Primeira Seção,Silveira,PR,BR,FALSE
3481,1743,billing,80982053,Estrada de Marques,45,,Boa União 2ª Seção,Moura,GO,BR,FALSE
3482,1744,billing,94331-521,Praça Théo Rodrigues,64,Apto 074,Coqueiros,Mendes,PE,BR,TRUE
3483,1744,secondary,83005-752,Residencial Emilly Rodrigues,536,,Varzea Da Palma,Novais,RR,BR,FALSE
3484,1744,secondary,68106-300,Viela Lucas Brito,626,,Goiania,Teixeira de Goiás,PI,BR,FALSE
3485,1745,billing,18108864,Vale da Mata,22,Apto 474,Tiradentes,Silveira,MT,BR,TRUE
3486,1745,secondary,94109-758,Residencial Luara Rezende,787,,Xangri-Lá,Novais,PB,BR,FALSE
3487,1745,billing,99935427,Conjunto Otávio Barros,17,Apto 772,Vila Suzana Primeira Seção,Ribeiro,AL,BR,FALSE
3488,1746,billing,69416-203,Morro Pacheco,6,Apto 731,Jonas Veiga,Alves,MS,BR,TRUE
3489,1747,billing,16050-503,Chácara Pietra Costela,560,,Vila Fumec,Almeida,PI,BR,TRUE
3490,1748,billing,98222832,Vereda de Pires,1,,Nossa Senhora De Fátima,Ferreira das Flores,MA,BR,TRUE
3491,1748,secondary,45819723,Passarela de Caldeira,34,,Vila Engenho Nogueira,Ramos,SC,BR,FALSE
3492,1748,billing,61673366,Núcleo Correia,594,,Lagoinha,da Rocha,RN,BR,FALSE
3493,1749,billing,54132371,Feira Emilly Martns,553,,Vila Ouro Minas,Rezende da Praia,RN,BR,TRUE
3494,1750,billing,81515473,Núcleo Mateus Borges,733,,Minas Caixa,Casa Grande do Sul,ES,BR,TRUE
3495,1751,billing,46128-054,Travessa Santos,4,,Vila Paris,Castro,MS,BR,TRUE
3496,1752,billing,60010-145,Recanto Renan Lima,83,Apto 482,Vila Independencia 1ª Seção,Carvalho do Oeste,BA,BR,TRUE
3497,1752,billing,18891-863,Trevo Diogo Casa Grande,17,,Itatiaia,Brito,RS,BR,FALSE
3498,1753,billing,40214099,Lago Vieira,521,,Buraco Quente,Caldeira de Almeida,RR,BR,TRUE
3499,1753,billing,91540224,Avenida de Leão,12,Apto 488,Vila Nova Gameleira 2ª Seção,Correia do Oeste,RO,BR,FALSE
3500,1754,billing,00268397,Alameda Marques,64,,Das Industrias I,Albuquerque,AM,BR,TRUE
3501,1754,billing,61150647,Parque Isabela Brito,79,,Biquinhas,Aragão,PR,BR,FALSE
3502,1754,billing,47340-361,Rua de da Luz,7,Apto 148,Vila Copasa,da Mata das Pedras,SP,BR,FALSE
3503,1755,billing,08118465,Favela Cardoso,8,Apto 726,Virgínia,Farias,PA,BR,TRUE
3504,1755,secondary,93314-768,Ladeira de Teixeira,93,Apto 834,São Paulo,Rezende do Oeste,RO,BR,FALSE
3505,1755,billing,18844502,Distrito Vitor Gabriel Câmara,3,Apto 954,Fazendinha,da Conceição,TO,BR,FALSE
3506,1756,billing,35294723,Alameda de Albuquerque,37,,Santo André,Duarte,CE,BR,TRUE
3507,1757,billing,42331-132,Recanot Otto da Mota,81,Apto 697,Vila Jardim Montanhes,Aragão de Teixeira,RN,BR,TRUE
3508,1757,billing,52205-979,Viela de Nascimento,65,,Jardinópolis,Sampaio,PR,BR,FALSE
3509,1757,secondary,05816308,Vereda Moreira,92,Apto 159,Leonina,Cavalcanti de Lopes,PB,BR,FALSE
3510,1758,billing,87987-605,Chácara de Silva,87,,Santa Efigênia,Montenegro,PI,BR,TRUE
3511,1759,billing,46358593,Campo Araújo,685,,Mirtes,Mendes das Flores,PI,BR,TRUE
3512,1759,billing,17829268,Vale de Moreira,61,Apto 519,Monte Azul,Macedo da Prata,AP,BR,FALSE
3513,1759,billing,91723-140,Condomínio Bianca da Cruz,94,Apto 137,Atila De Paiva,Lima,SE,BR,FALSE
3514,1760,billing,00582093,Praia Ana da Paz,9,,Califórnia,Jesus Verde,RO,BR,TRUE
3515,1761,billing,07141-580,Jardim de Leão,37,,Boa União 2ª Seção,Novaes,PB,BR,TRUE
3516,1761,secondary,88435979,Avenida de Correia,66,,Camponesa 1ª Seção,Leão,RN,BR,FALSE
3517,1761,secondary,07784-031,Alameda de Freitas,353,Apto 508,Vila Independencia 1ª Seção,Moreira do Sul,GO,BR,FALSE
3518,1762,billing,67269668,Lagoa Sá,547,Apto 692,Leticia,Leão de Nunes,BA,BR,TRUE
3519,1762,secondary,65840-352,Conjunto Diogo Cavalcante,5,Apto 078,Jatobá,da Costa do Amparo,AM,BR,FALSE
3520,1763,billing,03153912,Jardim Andrade,406,Apto 763,Biquinhas,Montenegro das Pedras,SE,BR,TRUE
3521,1763,secondary,45132931,Feira Marques,9,Apto 348,Vila Ecológica,Andrade,PE,BR,FALSE
3522,1763,billing,37012-677,Praia Pereira,51,,Vila Sã oGabriel Jacui,Moreira,CE,BR,FALSE
3523,1764,billing,88314-468,Viela Rodrigues,5,,Ipiranga,Barros,TO,BR,TRUE
3524,1764,billing,79498006,Vale Evelyn Câmara,67,Apto 765,Biquinhas,Pereira,PA,BR,FALSE
3525,1765,billing,13132107,Aeroporto de Sousa,52,Apto 727,Vila Madre Gertrudes 3ª Seção,Vieira,BA,BR,TRUE
3526,1766,billing,46394841,Lago de Nunes,469,,Lagoa,Casa Grande,PI,BR,TRUE
3527,1767,billing,01468-977,Morro Costela,78,,Vila Jardim São José,Lopes das Pedras,AP,BR,TRUE
3528,1767,billing,02775-911,Praia Sales,94,Apto 351,Vila Real 1ª Seção,Mendes do Sul,AM,BR,FALSE
3529,1767,secondary,37756586,Vale de Silva ,59,,Nossa Senhora Da Aparecida,Sampaio de Costela,PI,BR,FALSE
3530,1768,billing,22197-664,sítio cauê martins,1,,Nova America,Farias dos Dourados,RR,BR,TRUE
3531,1769,billing,02462956,Rodovia Benicio Fonseca,2,Apto 947,Confisco,Ribeiro Verde,SC,BR,TRUE
3532,1770,billing,87761-268,Fazenda Diogo da Paz,1,Apto 023,Vista Do Sol,Lima de Mendes,DF,BR,TRUE
3533,1770,billing,05171-364,Loteamento Luiz Henrique da Cruz,84,,Vila Novo São Lucas,Barros Grande,MA,BR,FALSE
3534,1770,billing,12559-569,Feira Azevedo,531,,Vitoria Da Conquista,Freitas,MG,BR,FALSE
3535,1771,billing,35183733,Colônia de Montenegro,78,,Alto Das Antenas,Azevedo Alegre,RS,BR,TRUE
3536,1771,billing,48548743,Área de Alves,90,Apto 914,Barreiro,da Mota das Flores,MG,BR,FALSE
3537,1772,billing,24941-827,Lago Pedro Henrique Aparecida,51,,Vila Boa Vista,Machado,MA,BR,TRUE
3538,1773,billing,15749-964,Esplanada Pedro Henrique Lopes,21,,Pindorama,Barbosa Paulista,PR,BR,TRUE
3539,1773,secondary,27940498,Parquede Barbosa,2,,Parque São Pedro,da Mata,SE,BR,FALSE
3540,1773,billing,89146-534,Chácara Luiz Felipe da Cunha,1,,Braúnas,Aragão,BA,BR,FALSE
3541,1774,billing,54817-267,Fazenda de Barbosa,49,,Jardim Alvorada,da Cunha,PB,BR,TRUE
3542,1774,secondary,11745602,Pátio dde Vieira,51,Apto 062,Alto Dos Pinheiros,Pires do Oeste,AP,BR,FALSE
3543,1775,billing,86489-714,Trevo Lopes,10,,Teixeira Dias,Machado da Prata,AC,BR,TRUE
3544,1775,secondary,01330349,Estação Fogaça,25,,Beija Flor,Pacheco,SE,BR,FALSE
3545,1775,billing,90154056,Pátio Nunes,69,,Caiçara - Adelaide,Duarte de Costela,RN,BR,FALSE
3546,1776,billing,47690-941,Rua Hadassa Câmara,6,,Floresta,da Cruz,MT,BR,TRUE
3547,1776,secondary,90622-481,Travessa Rodrigues,59,,Carlos Prates,Vasconcelos,SC,BR,FALSE
3548,1777,billing,27651-140,Área Almeida,23,,Vila Calafate,Garcia,RO,BR,TRUE
3549,1777,billing,26776-763,Condomínio de Martins,1,Apto 434,Vila Nova Cachoeirinha 2ª Seção,Andrade,RR,BR,FALSE
3550,1777,billing,28647-923,Recanto Silva,21,,Heliopolis,Siqueira de Porto,PE,BR,FALSE
3551,1778,billing,44815642,Lago Miguel Pimenta,59,,Funcionários,Peixoto do Campo,MS,BR,TRUE
3552,1778,billing,16131489,Vila Diogo Souza,255,,Heliopolis,Cirino de Goiás,AC,BR,FALSE
3553,1778,billing,37189327,Praça Ester Carvalho,68,,Goiania,Macedo,SP,BR,FALSE
3554,1779,billing,40143-664,Praça Apollo Castro,76,,Nova Gameleira,Pires da Praia,AL,BR,TRUE
3555,1780,billing,99718933,Trevo da Luz,42,Apto 524,São Francisco Das Chagas,Mendes,RS,BR,TRUE
3556,1781,billing,96314291,Loteamento de Barbosa,78,,Conjunto Califórnia Ii,Cassiano,MA,BR,TRUE
3557,1782,billing,90815973,Ladeira Novais,21,Apto 594,Funcionários,Oliveira,MG,BR,TRUE
3558,1783,billing,57299-872,Passarela de Almeida,91,,Santa Helena,Peixoto,SE,BR,TRUE
3559,1783,secondary,52851-329,Travessa Silva,41,,Pantanal,Novaes,PI,BR,FALSE
3560,1784,billing,95834-358,Trevo Marina Ribeiro,87,,Teixeira Dias,Cunha,MA,BR,TRUE
3561,1784,billing,09483-261,Recanto Gabrielly da Luz,96,,Santa Efigênia,Sá de Sá,RN,BR,FALSE
3562,1785,billing,68576-786,Feira de da Mata,6,,São João,Sá,RR,BR,TRUE
3563,1785,billing,97046832,Quadra Cunha,59,,Santa Inês,das Neves,RO,BR,FALSE
3564,1785,secondary,53401-099,Viela de Gonçalves,84,Apto 990,Esplanada,Silva de Correia,PR,BR,FALSE
3565,1786,billing,74348750,Estação Nunes,709,Apto 559,Antonio Ribeiro De Abreu 1ª Seção,Cavalcanti de Minas,RO,BR,TRUE
3566,1786,secondary,85163-577,Aeroporto Moreira,279,Apto 883,Nova America,Lopes,MA,BR,FALSE
3567,1786,secondary,69398-216,Condomínio Peixoto,958,,Vila Santa Rosa,da Mota,BA,BR,FALSE
3568,1787,billing,81083-000,Núcleo Rodrigo Mendes,5,Apto 227,Nossa Senhora Da Aparecida,Siqueira,ES,BR,TRUE
3569,1788,billing,26443-327,Rua de Fernandes,57,Apto 926,Vila São Geraldo,Mendonça,PB,BR,TRUE
3570,1788,secondary,30236-031,Núcleo Breno Moraes,65,,Boa União 2ª Seção,Câmara de Oliveira,RN,BR,FALSE
3571,1788,billing,05177188,Quadra de da Cunha,344,,Ernesto Nascimento,Moreira,AM,BR,FALSE
3572,1789,billing,40731919,Praia de Ferreira,48,,Conjunto Providencia,Mendes do Sul,GO,BR,TRUE
3573,1790,billing,69876-348,Loteamento Theodoro Martins,42,Apto 030,Vila Rica,Pimenta de Goiás,PI,BR,TRUE
3574,1790,secondary,05676-802,Estrada da Cunha,42,-,Glória,Carvalho,CE,BR,FALSE
3575,1791,billing,80810-888,Avenida Murilo das Neves,94,Apto 077,Delta,da Rocha,MS,BR,TRUE
3576,1791,billing,65359685,Passarela de Rios,138,,Maravilha,Dias,CE,BR,FALSE
3577,1791,secondary,86676-564,Passarela Abreu,4,,Álvaro Camargos,Martins,MA,BR,FALSE
3578,1792,billing,06392494,Vila de da Mata,4,,Caiçara - Adelaide,Ramos,ES,BR,TRUE
3579,1793,billing,77428428,Chácara Luna Pires,75,,Liberdade,Farias da Prata,PE,BR,TRUE
3580,1794,billing,69181-654,Feira Gabriela Moraes,6,,Conjunto Jatoba,Duarte dos Dourados,SP,BR,TRUE
3581,1795,billing,17064-952,Residencial de Garcia,7,Apto 553,Colégio Batista,Porto,RO,BR,TRUE
3582,1796,billing,64265-197,Conjunto Gabriel Santos,76,,Lagoinha Leblon,Abreu de Farias,RJ,BR,TRUE
3583,1796,secondary,78766342,Fazenda de Costa,93,Apto 356,Conjunto Floramar,Sousa de Santos,DF,BR,FALSE
3584,1797,billing,11918-206,Lago Fogaça,70,,Vila São Paulo,Costela,RS,BR,TRUE
3585,1798,billing,11348265,Loteamento de Barros,88,Apto 834,Santa Terezinha,Ramos,RJ,BR,TRUE
3586,1799,billing,71463-970,Aeroporto de Costa,35,,Vila Batik,Aragão de Peixoto,MG,BR,TRUE
3587,1799,billing,01772-733,Favela de Cavalcante,276,,Camponesa 1ª Seção,Brito,PE,BR,FALSE
3588,1800,billing,36589427,Feira de Novais,7,Apto 453,Pompéia,Lopes do Campo,GO,BR,TRUE
3589,1800,billing,80137425,Residencial de Barros,7,Apto 714,Vila Nova Cachoeirinha 1ª Seção,Cavalcante,SC,BR,FALSE
3590,1800,billing,54109-597,Pátio Mirella Farias,12,,Nova America,Macedo do Campo,CE,BR,FALSE
3591,1801,billing,94434-854,Alameda Silva,186,Apto 978,Grotinha,Moura,RJ,BR,TRUE
3592,1802,billing,92428112,Estrada de Pires,42,,São Paulo,Montenegro,PE,BR,TRUE
3593,1802,secondary,77873-135,Fazenda Ferreira,44,,Garças,Alves do Oeste,RJ,BR,FALSE
3594,1802,billing,88630-407,Colônia Milena Montenegro,786,,Frei Leopoldo,Silveira,PE,BR,FALSE
3595,1803,billing,67463303,Trecho Vitor Hugo Gomes,30,,Vista Alegre,Garcia de Novais,AC,BR,TRUE
3596,1804,billing,70480-383,Estrada Apollo Lopes,603,,Vila Pilar,Garcia Paulista,SC,BR,TRUE
3597,1804,secondary,67209069,distrito cavalcante,9,Apto 980,Ermelinda,Lopes,DF,BR,FALSE
3598,1805,billing,01388086,Trevo Ramos,36,Apto 923,Candelaria,Porto,CE,BR,TRUE
3599,1806,billing,66755538,Recanto Rezende,85,,Universitário,Rocha de Silveira,ES,BR,TRUE
3600,1806,secondary,68939-185,Condomíni Vasconcelos,67,Apto 993,São Salvador,Pastor do Oeste,PI,BR,FALSE
3601,1806,billing,03854728,Núcleo de Pimenta,22,,Casa Branca,Sousa Alegre,SP,BR,FALSE
3602,1807,billing,61978-048,Colônia de Viana,390,,Tupi B,Brito,PE,BR,TRUE
3603,1807,secondary,81407294,Setor de Costela,9,Apto 100,Prado,Rios de Alves,SE,BR,FALSE
3604,1807,secondary,73773-398,Colônia Alana Aparecida,961,Apto 432,Conjunto Providencia,Costa,CE,BR,FALSE
3605,1808,billing,44081-372,Residencial de Santos,46,,Caetano Furquim,Rodrigues,MT,BR,TRUE
3606,1808,billing,36651306,Trevo Enrico Costela,58,Apto 346,Europa,Moreira,SC,BR,FALSE
3607,1809,billing,76124-062,Viaduto de Costela,68,,Vila Jardim São José,Aragão Paulista,PR,BR,TRUE
3608,1810,billing,79320-828,Lagoa de Caldeira,589,,Santo Agostinho,Pacheco Alegre,PI,BR,TRUE
3609,1810,secondary,71368-643,Sítio Ian Casa Grande,811,Apto 310,Lagoinha,Rodrigues,SC,BR,FALSE
3610,1811,billing,56278312,Ladeira Casa Grande,792,Apto 476,Vila Da Ária,Duarte do Norte,ES,BR,TRUE
3611,1811,billing,18507730,Núcleo de Fernandes,277,,Heliopolis,Pires,SE,BR,FALSE
3612,1811,secondary,91715-912,Lago Garcia,54,Apto 627,Havaí,Cunha,RO,BR,FALSE
3613,1812,billing,46699-346,Trevo Dante Vieira,67,Apto 207,Carmo,Teixeira,MA,BR,TRUE
3614,1812,secondary,31134-338,Estrada Cassiano,2,Apto 607,Mineirão,Gomes,MT,BR,FALSE
3615,1813,billing,64036840,Passarela de Pastor ,32,,Maria Tereza,Cirino de da Cruz,RS,BR,TRUE
3616,1813,billing,21072642,Estação Ayla Azevedo,70,Apto 477,Bonfim,Duarte do Oeste,MS,BR,FALSE
3617,1814,billing,34699-480,Residencial Davi Lucas Moraes,9,Apto 781,Anchieta,Marques de Andrade,RN,BR,TRUE
3618,1814,secondary,63292-373,Favela Ferreira,5,Apto 235,Vila Suzana Segunda Seção,da Rocha de Goiás,CE,BR,FALSE
3619,1815,billing,08632-831,Sítio Leonardo Rocha,98,,Vila Pinho,Melo,SP,BR,TRUE
3620,1815,billing,86502136,Rodovia Aparecida,90,,Caiçaras,Porto,AP,BR,FALSE
3621,1816,billing,42744-899,Setor de Campos,98,Apto 348,Barroca,Cavalcante das Pedras,CE,BR,TRUE
3622,1816,secondary,04118-556,Recanto Liz Brito,9,Apto 288,Flavio Marques Lisboa,Lima Verde,AL,BR,FALSE
3623,1816,secondary,69554563,Largo Cassiano,72,,Boa União 1ª Seção,Oliveira da Prata,SC,BR,FALSE
3624,1817,billing,68105625,Praça Garcia,703,,Cidade Nova,Cavalcante,PA,BR,TRUE
3625,1817,billing,16353-732,Lago Cirino,100,Apto 476,Vila Real 1ª Seção,Pimenta Paulista,MT,BR,FALSE
3626,1818,billing,68087309,Travessa Pires,42,Apto 363,Vila Tirol,da Cunha,MT,BR,TRUE
3627,1819,billing,61522-555,Trecho Rezende,67,Apto 776,Boa Vista,da Mata do Galho,AL,BR,TRUE
3628,1819,secondary,21000-621,Sítio de Cavalcanti,95,,Novo Das Industrias,Gonçalves,ES,BR,FALSE
3629,1819,billing,89314-890,Ladeira Camila Cirino,76,,Jardim América,Fonseca dos Dourados,AL,BR,FALSE
3630,1820,billing,69148040,Jardim Gustavo Cassiano,43,,Jardim Atlântico,Aragão da Praia,MG,BR,TRUE
3631,1820,billing,53847623,Distrito Leandro Moreira,729,Apto 071,Flamengo,Melo das Flores,PA,BR,FALSE
3632,1820,secondary,35695-139,Quadra Aurora Peixoto,53,,Vila Aeroporto,Machado dos Dourados,SE,BR,FALSE
3633,1821,billing,37152-733,Via Sousa,7,Apto 277,Comiteco,Borges de Azevedo,RS,BR,TRUE
3634,1821,billing,56947126,Fazenda Laura Farias,8,Apto 331,Vila Independencia 3ª Seção,Alves do Amparo,GO,BR,FALSE
3635,1821,billing,06832620,Viaduto Caldeira,13,Apto 908,Novo Glória,Castro,AC,BR,FALSE
3636,1822,billing,83065-633,Núcleo de Costa,68,Apto 302,Vila Esplanada,Barbosa da Prata,PA,BR,TRUE
3637,1822,secondary,72364-030,Parque de Mendonça,20,,Castelo,Farias de Dias,MT,BR,FALSE
3638,1823,billing,90476-639,Morro Sales,35,,Tirol,Cavalcanti das Flores,DF,BR,TRUE
3639,1823,secondary,90434-207,Praia Maria Julia Gonçalves,41,,Aarão Reis,Almeida,PA,BR,FALSE
3640,1823,billing,19567731,Sítio de da Mota,52,,Santa Helena,Araújo,MG,BR,FALSE
3641,1824,billing,90554381,Sítio Siqueira,38,Apto 943,Belvedere,Albuquerque,CE,BR,TRUE
3642,1824,secondary,12603-542,Vereda Elisa Rodrigues,158,,Ouro Preto,Correia,BA,BR,FALSE
3643,1824,billing,44739-847,Vale Melo,78,,Vila Boa Vista,Cunha do Campo,CE,BR,FALSE
3644,1825,billing,52799-366,Morro da Rosa,101,,Eymard,Marques,RO,BR,TRUE
3645,1825,secondary,87041-877,Parque de da Cruz,8,,Santa Maria,Moura,AC,BR,FALSE
3646,1826,billing,59733-814,Feira de Dias,473,,Marajó,Barros,MT,BR,TRUE
3647,1826,secondary,24157-792,Loteamento de Nogueira,13,,Savassi,Castro,PA,BR,FALSE
3648,1826,secondary,58238-144,Estrada de Cirino,695,,Paulo Vi,Moreira,RO,BR,FALSE
3649,1827,billing,53378512,Estação Siqueira,459,,Vila Suzana Segunda Seção,Rezende das Pedras,GO,BR,TRUE
3650,1827,billing,00561-410,Sítio Mirella Garcia,696,,Ouro Minas,Rodrigues,GO,BR,FALSE
3651,1827,secondary,84728-963,Setor Campos,71,,Paulo Vi,Pires,RN,BR,FALSE
3652,1828,billing,12637-727,Aeroporto Ramos,5,Apto 085,Álvaro Camargos,Aparecida de Moraes,MT,BR,TRUE
3653,1829,billing,76751610,Residencial Porto,99,Apto 853,Estrela,Borges do Oeste,RO,BR,TRUE
3654,1830,billing,07828367,Pátio de Sampaio,3,Apto 079,Marieta 1ª Seção,Almeida de Pinto,DF,BR,TRUE
3655,1830,secondary,14181843,Recanto de Sales,801,Apto 403,Vila Barragem Santa Lúcia,Cirino de Sousa,CE,BR,FALSE
3656,1831,billing,42154380,Quadra Cardoso,723,,Marçola,Vargas de Pereira,PE,BR,TRUE
3657,1831,secondary,46856492,Praça Araújo,22,Apto 725,Vila Olhos D'água,Sousa do Norte,AM,BR,FALSE
3658,1832,billing,86127-139,Loteamento Correia,72,,Biquinhas,Monteiro de Viana,AP,BR,TRUE
3659,1832,billing,53899096,Trecho de Fogaça,746,,Conjunto Bonsucesso,da Rosa,AC,BR,FALSE
3660,1832,billing,80736-561,Rodovia Ramos,14,,Vila Nova Cachoeirinha 3ª Seção,Sales de da Luz,RN,BR,FALSE
3661,1833,billing,15539015,Vale de Macedo,56,,Luxemburgo,Vieira,MT,BR,TRUE
3662,1834,billing,70192950,Morro de Aparecida,266,,Ademar Maldonado,Siqueira,RR,BR,TRUE
3663,1835,billing,50493-980,Aeroporto Ana Julia Vieira,22,,Nova Suíça,Camargo Grande,AL,BR,TRUE
3664,1835,secondary,62653365,Lago Ryan Lopes,142,,Parque São José,da Paz Grande,MT,BR,FALSE
3665,1836,billing,23493-241,Viela Heloísa Montenegro,307,,São Tomaz,Lopes do Sul,AC,BR,TRUE
3666,1836,secondary,38895-018,Viaduto Farias,1,,Vila Santa Monica 2ª Seção,Camargo de Minas,RJ,BR,FALSE
3667,1837,billing,14504115,Conjunto de Carvalho,925,,Maria Virgínia,Santos de Machado,TO,BR,TRUE
3668,1837,billing,29807195,Alameda Catarina Cardoso,356,Apto 558,Boa União 2ª Seção,Souza,PA,BR,FALSE
3669,1837,secondary,61880-097,Ladeira Freitas,355,Apto 122,Califórnia,Freitas das Flores,RO,BR,FALSE
3670,1838,billing,14404568,Residencial Maria Alice Duarte,72,,Vila Bandeirantes,da Paz,CE,BR,TRUE
3671,1839,billing,92710697,Praia Ana Vitória Siqueira,48,Apto 110,São João,Cavalcante,DF,BR,TRUE
3672,1839,secondary,89323-645,Viela Camargo,965,Apto 176,Alto Barroca,Novaes,SC,BR,FALSE
3673,1840,billing,79466130,Alameda Siqueira,75,,Cônego Pinheiro 1ª Seção,Barros,DF,BR,TRUE
3674,1840,billing,06472-095,Recanto de Guerra,2,Apto 213,Vila Madre Gertrudes 1ª Seção,Aragão,SC,BR,FALSE
3675,1840,billing,71519-593,Recanto Carvalho,41,Apto 386,Vila Santa Monica 1ª Seção,Oliveira,RN,BR,FALSE
3676,1841,billing,54682-385,Estrada Isaque Cardoso,47,Apto 340,São Lucas,Correia de Goiás,RJ,BR,TRUE
3677,1841,secondary,26592665,Travessa da Costa,13,,Barão Homem De Melo 3ª Seção,Jesus,DF,BR,FALSE
3678,1841,secondary,77220103,Rodovia Câmara,2,,Belmonte,Correia,RN,BR,FALSE
3679,1842,billing,47295-646,Travessa de Porto,27,,Goiania,Marques,SE,BR,TRUE
3680,1842,secondary,06102834,Praça de Porto,7,Apto 164,Vila Mantiqueira,Camargo,CE,BR,FALSE
3681,1842,secondary,06812587,Condomínio de Ramos,1,,Vila União,Fernandes,CE,BR,FALSE
3682,1843,billing,06122-606,Colônia de da Paz,64,Apto 864,Boa Vista,Fernandes do Galho,CE,BR,TRUE
3683,1844,billing,13842873,Estrada Almeida,47,Apto 753,João Paulo Ii,da Mata de Martins,GO,BR,TRUE
3684,1845,billing,40230-554,Chácara de Cardoso,3,,João Alfredo,Moreira,DF,BR,TRUE
3685,1845,billing,94610-601,avenida rodrigo da conceição,77,,União,Carvalho,ES,BR,FALSE
3686,1845,secondary,79100-331,Praia Esther Santos,306,,Antonio Ribeiro De Abreu 1ª Seção,Albuquerque de Oliveira,SC,BR,FALSE
3687,1846,billing,79514-316,Vila Milena Fonseca,87,Apto 544,Itaipu,Pires,SC,BR,TRUE
3688,1847,billing,07172-156,Estrada Liz Cavalcanti,69,,Indaiá,Araújo,MA,BR,TRUE
3689,1848,billing,64871027,Aeroporto de da Mata,739,Apto 411,Pongelupe,Rezende de da Luz,MA,BR,TRUE
3690,1848,secondary,01361-607,Travessa Igor Brito,1,,Vila Nova Dos Milionarios,Azevedo,SE,BR,FALSE
3691,1848,billing,83702562,Distrito Sampaio,735,,Cdi Jatoba,da Rosa,ES,BR,FALSE
3692,1849,billing,00541-316,Rua Maria Fernanda Viana,3,Apto 050,Camponesa 1ª Seção,Casa Grande,RO,BR,TRUE
3693,1849,secondary,27132090,Parque Helena Sales,3,,Vila Antena Montanhês,da Cruz de Minas,AP,BR,FALSE
3694,1850,billing,69717-162,Residencial José Pedro Barros,75,,Piratininga,Silva dos Dourados,MT,BR,TRUE
3695,1850,billing,26158618,Parque de Barbosa,84,,Betânia,Guerra de Pires,AP,BR,FALSE
3696,1851,billing,79886744,Morro de Peixoto,83,Apto 862,Nossa Senhora De Fátima,Sales Verde,AM,BR,TRUE
3697,1852,billing,79963911,Trevo Luiz Felipe Ramos,98,?,Alta Tensão 2ª Seção,Ribeiro,RS,BR,TRUE
3698,1853,billing,86263-808,Trevo Lucas Marques,22,,Alpes,da Costa de Melo,PB,BR,TRUE
3699,1854,billing,24435-648,Recanto Montenegro,740,Apto 279,Estrela,Fernandes,PB,BR,TRUE
3700,1855,billing,43887-334,Parque de Castro,74,Apto 442,São Jorge 1ª Seção,Vargas de Vasconcelos,CE,BR,TRUE
3701,1855,billing,31304005,Esplanada Sousa,748,,Vila Antena,Farias,SE,BR,FALSE
3702,1856,billing,49536403,Esplanada Luna Andrade,12,,Dom Bosco,Pires de Minas,ES,BR,TRUE
3703,1856,secondary,26398-384,Estação de da Rocha,112,,Aarão Reis,da Mata de Minas,ES,BR,FALSE
3704,1857,billing,26228-981,Sítio Fogaça,1,,Andiroba,Siqueira,RN,BR,TRUE
3705,1858,billing,65794-105,Estrada Brito,271,,Canadá,Rezende de Abreu,PI,BR,TRUE
3706,1858,billing,82238-554,Pátio Natália da Luz,86,,Juliana,Sales,RS,BR,FALSE
3707,1859,billing,34470-944,Estação Maya da Luz,8,,Nossa Senhora De Fátima,da Mota da Mata,MA,BR,TRUE
3708,1860,billing,06192084,Conjunto Casa Grande,40,Apto 876,Pedreira Padro Lopes,Rodrigues,PI,BR,TRUE
3709,1860,billing,29184-612,Feira Pacheco,9,test,Cidade Jardim Taquaril,Souza da Praia,RO,BR,FALSE
3710,1860,secondary,40653402,Estação de Gonçalves,47,,Camargos,Machado da Prata,TO,BR,FALSE
3711,1861,billing,04374-431,Trevo de Machado,34,,Etelvina Carneiro,Cassiano de Moraes,AC,BR,TRUE
3712,1862,billing,87052845,Viaduto Borges,6,,Vila São Dimas,Aparecida de Marques,RN,BR,TRUE
3713,1862,secondary,48139829,Campo de Pires,9,Apto 604,Inconfidência,Ferreira,RJ,BR,FALSE
3714,1863,billing,85098181,Trecho Gabriela Sampaio,664,,Engenho Nogueira,Siqueira,PB,BR,TRUE
3715,1864,billing,59743334,Ladeira Barbosa,9,,Conjunto São Francisco De Assis,Ramos do Campo,SE,BR,TRUE
3716,1865,billing,86402-294,Rodovia de da Costa,3,Apto 204,São Cristóvão,Cavalcante de Moura,PB,BR,TRUE
3717,1865,secondary,39435-862,Feira Pires,9,Apto 418,Barroca,Silveira,PR,BR,FALSE
3718,1865,billing,78098865,Rua de Fogaça,81,Apto 323,Jardim Leblon,Farias,AM,BR,FALSE
3719,1866,billing,86175565,Quadra Costela,742,Apto 206,Nova Vista,Oliveira,MA,BR,TRUE
3720,1867,billing,48520584,Vila Alexandre Nogueira,24,,Vila Jardim São José,da Paz,RR,BR,TRUE
3721,1868,billing,78843-005,Alameda de Martins,45,,Leticia,Cavalcanti,GO,BR,TRUE
3722,1868,secondary,49295-797,Parque de Porto,3,Apto 860,Barão Homem De Melo 3ª Seção,da Cunha,BA,BR,FALSE
3723,1869,billing,25624677,Campo Isabela Gonçalves,13,,Garças,Monteiro,RO,BR,TRUE
3724,1869,billing,11624421,Viela Giovanna Azevedo,16,Apto 004,Barreiro,Vargas,RJ,BR,FALSE
3725,1869,secondary,66666260,Vale de Fernandes,98,,Bandeirantes,Pires,PR,BR,FALSE
3726,1870,billing,03558453,Residencial Maria Luiza da Costa,81,,João Paulo Ii,da Cunha,PR,BR,TRUE
3727,1870,secondary,59291213,Morro de Montenegro,570,,Dom Silverio,Andrade,PI,BR,FALSE
3728,1871,billing,46899009,Setor de Pires,75,Apto 733,Vila Piratininga Venda Nova,Rezende da Praia,RJ,BR,TRUE
3729,1871,billing,07175-247,Praça de Peixoto,68,,Alta Tensão 1ª Seção,Abreu,AC,BR,FALSE
3730,1872,billing,29564-262,Viela Camila Nogueira,41,,Itatiaia,Garcia de Barbosa,SE,BR,TRUE
3731,1872,billing,40012-880,Lago da Costa,91,,Vila Inestan,da Paz,MS,BR,FALSE
3732,1873,billing,88067722,Estrada Ravi Lucca Oliveira,7,,Serrano,Siqueira da Mata,RS,BR,TRUE
3733,1873,secondary,23101251,Sítio Câmara,17,,Vila Minaslandia,Pimenta de Araújo,AL,BR,FALSE
3734,1873,billing,02242793,Passarela Gonçalves,52,,Bonfim,Moraes,AP,BR,FALSE
3735,1874,billing,78415-235,Sítio de Cassiano,203,Apto 243,São Geraldo,Viana de Araújo,AP,BR,TRUE
3736,1874,billing,69314-027,Jardim de Pereira,3,,União,Cunha,PR,BR,FALSE
3737,1875,billing,97459355,Via Vieira,52,Apto 204,Vila Betânia,Jesus de Costela,ES,BR,TRUE
3738,1875,billing,11205144,Viaduto de Porto,384,,Piratininga,Novaes de Novais,MS,BR,FALSE
3739,1875,secondary,10127-397,Pátio de da Luz,71,,Santa Amelia,Souza do Sul,MS,BR,FALSE
3740,1876,billing,80970131,Alameda Vitória Vasconcelos,7,,Conjunto Floramar,Cavalcante de Oliveira,PR,BR,TRUE
3741,1876,secondary,12782-223,Estação Raul Cavalcante,13,,Trevo,Pires de Araújo,RR,BR,FALSE
3742,1876,billing,26821334,Estrada Machado,73,,Vila Nova Gameleira 2ª Seção,Sá,BA,BR,FALSE
3743,1877,billing,98270066,Vale da Mota,89,,Vila Califórnia,da Luz,BA,BR,TRUE
3744,1877,secondary,79346290,Loteamento Leandro Cavalcante,67,Apto 888,Pedreira Padro Lopes,da Paz,ES,BR,FALSE
3745,1877,secondary,53934-797,Estrada Cardoso,184,Apto 446,Buritis,Lopes Alegre,RJ,BR,FALSE
3746,1878,billing,83679-208,Lago de Fogaça,31,Apto 107,Madre Gertrudes,Oliveira de Azevedo,RS,BR,TRUE
3747,1878,secondary,66170136,Morro Câmara,1,,Guarani,Fogaça da Serra,CE,BR,FALSE
3748,1879,billing,82807-535,Trevo de da Mata,227,,Vila Santa Rosa,Novais Grande,AP,BR,TRUE
3749,1880,billing,38516631,Jardim de Oliveira,234,,Delta,Freitas do Amparo,TO,BR,TRUE
3750,1880,billing,81775343,Recanto da Paz,59,,Vila Real 1ª Seção,Fonseca de Goiás,AC,BR,FALSE
3751,1881,billing,27613-800,Núcleo de Jesus,84,,Itapoa,Nascimento,BA,BR,TRUE
3752,1881,billing,59978545,Largo Arthur Miguel das Neves,6,Apto 879,Vila Suzana Segunda Seção,Viana,GO,BR,FALSE
3753,1881,secondary,60679244,Vila de da Conceição,223,Apto 820,Liberdade,da Rosa,MG,BR,FALSE
3754,1882,billing,08940-943,Residencial Vitor Mendonça,879,Apto 826,Santana Do Cafezal,Cassiano da Mata,MT,BR,TRUE
3755,1883,billing,14091714,Estação Lunna Andrade,49,Apto 954,Vila Betânia,Duarte,DF,BR,TRUE
3756,1883,billing,62296775,Praça Costa,49,,Vila Real 2ª Seção,Santos,RS,BR,FALSE
3757,1883,secondary,54904-184,Rodovia Isabelly Castro,29,,Diamante,Monteiro dos Dourados,MA,BR,FALSE
3758,1884,billing,41467170,Praça da Rosa,82,,Embaúbas,Casa Grande do Sul,AP,BR,TRUE
3759,1884,billing,34369464,Travessa Allana da Cunha,10,,Jardim Vitoria,Caldeira,PB,BR,FALSE
3760,1885,billing,67520-034,Trevo de Siqueira,21,,Lagoa,Pereira,RJ,BR,TRUE
3761,1886,billing,64408410,Setor de Garcia,52,,Álvaro Camargos,Almeida,MT,BR,TRUE
3762,1886,secondary,65878-747,Rodovia Ana Sophia Barros,932,,Santa Rosa,Correia da Serra,PB,BR,FALSE
3763,1886,secondary,11298298,Feira de Moraes,5,,Camponesa 1ª Seção,Pereira do Oeste,PB,BR,FALSE
3764,1887,billing,97086-329,Passarela Maysa Farias,449,,Casa Branca,Santos de da Paz,ES,BR,TRUE
3765,1887,billing,27141-722,Sítio da Costa,5,Apto 867,Vila São Gabriel Jacui,Moura,PE,BR,FALSE
3766,1887,secondary,37838-149,Passarela de Cavalcanti,14,,VILA DAS OLIVEIRAS,Barbosa,MG,BR,FALSE
3767,1888,billing,66719-342,Setor de Leão,94,Apto 292,Copacabana,Câmara Grande,CE,BR,TRUE
3768,1889,billing,11523-578,Lago Novaes,9,Apto 020,Marilandia,Vargas do Sul,MT,BR,TRUE
3769,1889,billing,79914041,Sítio de Rodrigues,19,Apto 563,Santa Maria,da Rocha,AC,BR,FALSE
3770,1890,billing,45525265,Parque Daniel Guerra,39,,Nova America,da Cruz,MA,BR,TRUE
3771,1890,billing,80969-630,Largo de Souza,67,Apto 503,Paquetá,Ribeiro da Mata,SC,BR,FALSE
3772,1891,billing,89133-900,Lagoa Luara Castro,269,,Cardoso,Farias,AC,BR,TRUE
3773,1892,billing,83587-766,Colônia Lopes,9,,Vila Madre Gertrudes 1ª Seção,da Cunha do Norte,MS,BR,TRUE
3774,1892,billing,76704151,Passarela Borges,35,,Beira Linha,Araújo Alegre,PB,BR,FALSE
3775,1893,billing,41214885,Ladeira Fernandes,69,,Nossa Senhora Da Aparecida,Ferreira,PA,BR,TRUE
3776,1893,secondary,73771188,Via da Cunha,60,,Vitoria,Cirino,MS,BR,FALSE
3777,1894,billing,22061941,Fazenda Maria Laura Sá,5,,Vila Da Luz,Sales da Serra,AM,BR,TRUE
3778,1894,secondary,02092-102,Rodovia de da Cruz,78,Apto 355,Carmo,Rodrigues de Vasconcelos,RS,BR,FALSE
3779,1894,billing,54372-954,Viaduto Cavalcante,22,Apto 116,Tres Marias,Silva de Correia,MG,BR,FALSE
3780,1895,billing,54080-043,Passarela de Vargas,72,,Barroca,Barros da Prata,SC,BR,TRUE
3781,1895,billing,05390-090,Sítio Yuri Moura,4,Apto 695,Nova Gameleira,Jesus Alegre,PA,BR,FALSE
3782,1896,billing,63308-025,Favela Maria Helena Costela,7,Apto 769,aSnta Maria,Dias de Campos,SC,BR,TRUE
3783,1896,billing,64606-251,Ladeira Nogueira,18,Apto 174,Maravilha,Lopes das Flores,MG,BR,FALSE
3784,1896,billing,64897301,Favela Teixeira,6,,Vila Batik,Gomes da Serra,MG,BR,FALSE
3785,1897,billing,95536-064,Passarela de Ramos,81,Apto 658,São Gabriel,Ribeiro do Sul,RR,BR,TRUE
3786,1897,secondary,25113398,Residencial de Melo,17,,Suzana,Azevedo das Flores,PI,BR,FALSE
3787,1897,secondary,06157-363,Pátio Emanuel Pereira,7,Apto 283,Vila São João Batista,Albuquerque do Norte,MG,BR,FALSE
3788,1898,billing,11680-314,Feira Ramos,35,Apto 612,Novo Glória,Araújo Paulista,AL,BR,TRUE
3789,1899,billing,98206-331,Viaduto Dante Jesus,39,Apto 642,Aguas Claras,Barros de Cavalcanti,AP,BR,TRUE
3790,1899,billing,38712708,Trecho Marques,6,,Sagrada Família,Teixeira,SC,BR,FALSE
3791,1899,secondary,87134-083,Quadra de Fogaça,41,,Vila Nova Gameleira 1ª Seção,Pinto da Praia,MS,BR,FALSE
3792,1900,billing,25765007,Ladeira Gael Henrique da Paz,42,,Vila Betânia,Martins de Minas,RJ,BR,TRUE
3793,1900,billing,57417932,Via Ferreira,14,Apto 987,Guarani,Moraes,BA,BR,FALSE
3794,1900,billing,19989-052,Travessa Gael da Paz,287,,Aguas Claras,Pastor Alegre,RR,BR,FALSE
3795,1901,billing,25146-589,Estação de Rodrigues,79,Apto 317,Providenica,Sampaio de Campos,PE,BR,TRUE
3796,1901,secondary,30612126,Feira de da Cuunha,23,,Fernão Dias,Lima do Norte,AL,BR,FALSE
3797,1902,billing,87499-453,Colônia Alves,19,Apto 366,Santa Rita,Abreu do Amparo,MA,BR,TRUE
3798,1902,billing,98387731,Recanto de Nunes,278,,Boa União 1ª Seção,Cunha,CE,BR,FALSE
3799,1903,billing,85821-062,Chácara José Miguel Gomes,14,,Santa Maria,Rodrigues,MG,BR,TRUE
3800,1903,billing,26249872,Trecho Anna Liz Montenegro,7,Apto 953,Aguas Claras,Aragão,RS,BR,FALSE
3801,1903,billing,31541393,Morro de Alves,87,,Vila Santa Monica 1ª Seção,Correia,MT,BR,FALSE
3802,1904,billing,91575-140,Jardim Ana Júlia Vargas,83,,Morro Dos Macacos,Viana,RO,BR,TRUE
3803,1904,secondary,67733066,Morro Laura Cirino,3,Apto 613,Piratininga,Gonçalves,MA,BR,FALSE
3804,1905,billing,32487357,Área Andrade,21,Apto 691,Pedreira Padro Lopes,Brito da Prata,PB,BR,TRUE
3805,1906,billing,14873-146,Condomínio Aragão,67,,SSanta Branca,Correia de Minas,SE,BR,TRUE
3806,1906,secondary,30171-106,Rodovia Marcos Vinicius Moura ,82,Apto 728,Copacabana,Viana de Teixeira,MT,BR,FALSE
3807,1906,secondary,51224-494,Vila de Montenegro,40,,Jaqueline,Machado da Mata,RS,BR,FALSE
3808,1907,billing,84690-936,Feira de Gomes,12,Apto 570,Outro,Cavalcante dos Dourados,PI,BR,TRUE
3809,1908,billing,71127-816,Estrada Caldeira,98,Apto 813,Universitário,Camargo,RO,BR,TRUE
3810,1908,billing,85566-572,Alameda Machado,3,,Vila Santa Monica 1ª Seção,Montenegro,AP,BR,FALSE
3811,1909,billing,32412549,Aeroporto Gabriel Silveira,53,,São Jorge 1ª Seção,Vargas do Oeste,MG,BR,TRUE
3812,1909,billing,90987767,Travessa Júlia Machado,5,Apto 712,Marieta 3ª Seção,Sales,RJ,BR,FALSE
3813,1910,billing,70091116,Largo de Costa,67,,Jardim Alvorada,Cavalcanti da Prata,MA,BR,TRUE
3814,1910,billing,61632839,Residencial Lívia Freitas,92,,Castelo,da Cunha do Sul,PB,BR,FALSE
3815,1910,secondary,49918916,Chácara Fonseca,49,,São Francisco Das Chagas,Câmara,SE,BR,FALSE
3816,1911,billing,41046871,Pátio Fernando Casa Grande,70,,Novo Santa Cecilia,Barbosa de Duarte,MS,BR,TRUE
3817,1911,secondary,65046-765,Área Catarina Lopes,6,,Vila Maria,Carvalho de Cunha,MG,BR,FALSE
3818,1912,billing,74830-929,Recanto Lima,51,,Vila Maloca,Castro do Oeste,MT,BR,TRUE
3819,1913,billing,18222488,Loteamento Sophie Campos,852,Apto 711,Santa Efigênia,Barbosa,MS,BR,TRUE
3820,1913,secondary,76788235,Campo Pedro Lucas Fogaça,82,Apto 592,Estrela Do Oriente,Barros Verde,MA,BR,FALSE
3821,1914,billing,38097878,Campo Ana Clara Ribeiro,93,,Vista Alegre,Cavalcanti do Galho,DF,BR,TRUE
3822,1914,secondary,64709-863,Quadra Thomas Cunha,69,Apto 956,Ipe,Casa Grande,ES,BR,FALSE
3823,1914,billing,44908172,Núcleo Moreira,4,,Vila Paquetá,Cardoso de Mendes,PE,BR,FALSE
3824,1915,billing,96236495,Trevo Fernando Martins,97,,Guarani,Barros,DF,BR,TRUE
3825,1915,billing,62206-336,Passarela Guerra,3,,Savassi,Fernandes de Peixoto,GO,BR,FALSE
3826,1916,billing,42533-798,Largo Vieira,90,,Vila Do Pombal,Lopes,RN,BR,TRUE
3827,1916,secondary,78723-074,Loteamento Melissa Costa,6,,Cachoeirinha,Cirino,AC,BR,FALSE
3828,1916,secondary,38707-815,Estação de Barbosa,816,Apto 752,Vila Paris,Pires dos Dourados,MA,BR,FALSE
3829,1917,billing,41574-808,Parque Mathias Barros,94,,Horto,Pimenta de Goiás,MT,BR,TRUE
3830,1917,secondary,61038748,Colônia Heloisa da Cunha,75,Apto 902,Belvedere,Aparecida,SE,BR,FALSE
3831,1918,billing,33164-007,Parque de Freitas,591,Apto 976,Marieta 2ª Seção,Nunes,AC,BR,TRUE
3832,1918,billing,74993837,Praia de Montenegro,17,test,Palmares,Mendes do Norte,PB,BR,FALSE
3833,1919,billing,70042-527,Parque de Pinto,69,Apto 341,Barão Homem De Melo 2ª Seção,Vargas de da Paz,MA,BR,TRUE
3834,1920,billing,03208140,Rua da Mota,9,Apto 642,Concórdia,Freitas,RJ,BR,TRUE
3835,1920,billing,05396-248,Residencial de Duarte,38,,Nova Granada,Moreira dos Dourados,AM,BR,FALSE
3836,1921,billing,63426724,Recanto Borges,90,,Coqueiros,Guerra de Goiás,RO,BR,TRUE
3837,1921,billing,89290154,Alameda Davi Miguel Sousa,20,Apto 525,São Luiz,Cunha,AL,BR,FALSE
3838,1921,billing,64641731,Estrada de Fernandes,509,,Vila Nossa Senhora Do Rosário,Vargas das Flores,PR,BR,FALSE
3839,1922,billing,68111041,Loteamento Eduardo Machado,19,,Nova Cintra,Vasconcelos das Pedras,DF,BR,TRUE
3840,1922,secondary,11401-908,Sítio Daniela Cunha,431,Apto 895,Marmiteiros,Barros de Rodrigues,PB,BR,FALSE
3841,1922,billing,36553-232,Fazenda Mathias Marques,118,Apto 250,Vila Boa Vista,Siqueira,RO,BR,FALSE
3842,1923,billing,66528264,Colônia de da Cruz,3,,Vila De Sá,da Cunha,DF,BR,TRUE
3843,1924,billing,49685644,Chácara de Santos,32,,Vila Novo São Lucas,Mendes,AP,BR,TRUE
3844,1924,billing,84256589,Setor da Paz,681,Apto 906,Vila Nova Gameleira 2ª Seção,Pacheco,BA,BR,FALSE
3845,1925,billing,21426484,Quadra de Sales,24,,Piratininga,Barros,GO,BR,TRUE
3846,1926,billing,08878346,Sítio Moraes,35,,Granja De Freitas,da Paz,RO,BR,TRUE
3847,1927,billing,24368-017,Sítio Costela,879,Apto 004,Vila Madre Gertrudes 1ª Seção,Nogueira,MT,BR,TRUE
3848,1927,billing,21757514,Passarela de Pimenta,74,,Alípio De Melo,Guerra de Rezende,SC,BR,FALSE
3849,1927,secondary,31457611,Distrito Cirino,51,,Jardim Leblon,da Mota da Prata,MA,BR,FALSE
3850,1928,billing,32697179,Estação Nascimento,78,,Independência,Mendonça,AP,BR,TRUE
3851,1928,billing,70163-943,Passarela Anna Liz Caldeira,3,Apto 274,Parque São Pedro,Azevedo,RN,BR,FALSE
3852,1928,secondary,40621-527,Setor Borges,755,,Serra Verde,Teixeira da Mata,MS,BR,FALSE
3853,1929,billing,17526-142,Área Macedo,882,Apto 307,Santa Monica,Casa Grande,RR,BR,TRUE
3854,1929,secondary,70534202,Fazenda Alexia Pires,860,,Alto Das Antenas,Brito Verde,MA,BR,FALSE
3855,1929,secondary,21031553,Estrada de Camargo,61,Apto 390,São Cristóvão,Aragão,CE,BR,FALSE
3856,1930,billing,37796443,Viela de Pires,3,Apto 092,Eymard,Viana de Camargo,PR,BR,TRUE
3857,1930,secondary,35480719,Trecho de da Costa,7,,Vila Vista Alegre,Araújo do Amparo,MG,BR,FALSE
3858,1931,billing,15004385,Estação de Moreira,29,,Heliopolis,Costela,BA,BR,TRUE
3859,1931,billing,04391-798,Área Correia,23,,Cardoso,Pinto,DF,BR,FALSE
3860,1932,billing,88129-565,Parque de Costa,89,,Conjunto Bonsucesso,Rodrigues,AP,BR,TRUE
3861,1932,billing,36892975,Trecho Pietra Nogueira,84,,Vila Puc,Porto,MA,BR,FALSE
3862,1933,billing,97469-237,Alameda Fernando Monteiro,543,,Outro,Vargas,DF,BR,TRUE
3863,1933,secondary,80489-072,Favela de Caldeira,92,Apto 683,Lagoa,Vieira,BA,BR,FALSE
3864,1933,secondary,42563443,Estação Campos,19,,Túnel De Ibirité,Martins,RJ,BR,FALSE
3865,1934,billing,96906828,Alameda Arthur Gabriel Sales,36,Apto 599,Centro,Cavalcanti do Campo,GO,BR,TRUE
3866,1935,billing,61425194,Rodovia de Jesus,75,Apto 836,Dom Silverio,da Cruz,AP,BR,TRUE
3867,1936,billing,33824660,Estrada de Mendonça,92,Apto 201,Lagoinha,Sales do Norte,PA,BR,TRUE
3868,1936,billing,52018-603,Distrito de Camargo,74,Apto 544,Venda Nova,Pastor do Norte,RR,BR,FALSE
3869,1936,billing,52272-043,Viaduto de Barbosa,31,,Belmonte,Fonseca Alegre,PA,BR,FALSE
3870,1937,billing,44577-200,Alameda de Freitas,9,,Atila De Paiva,Fogaça da Prata,RN,BR,TRUE
3871,1937,secondary,42852-315,Trecho de Pereira,332,,Jardim São José,Novaes,GO,BR,FALSE
3872,1938,billing,38666-160,Área Martins,145,,Vila Antena,da Luz Verde,AP,BR,TRUE
3873,1938,secondary,79561-957,Colônia Teixeira,58,,João Pinheiro,Vasconcelos,BA,BR,FALSE
3874,1938,billing,67654-388,Estrada Natália Andrade,43,Apto 432,Minas Brasil,Ramos do Galho,PI,BR,FALSE
3875,1939,billing,76881508,Morro de Aragão,3,,Xodo-Marize,Mendonça,PB,BR,TRUE
3876,1939,secondary,58280-727,Núcleo Nogueira,57,Apto 280,Vila Nova Gameleira 2ª Seção,Moreira do Galho,PA,BR,FALSE
3877,1939,billing,50309137,Esplanada Nascimento,17,,Atila De Paiva,Cassiano,PR,BR,FALSE
3878,1940,billing,63793589,Jardim Fernando da Luz,37,,Madri,Pacheco Paulista,SP,BR,TRUE
3879,1940,secondary,92289285,Área de Cavalcanti,54,,Barão Homem De Meol 1ª Seção,Santos do Norte,MG,BR,FALSE
3880,1940,secondary,83703-939,Sítio Marina Silveira,27,Apto 223,Pilar,Oliveira,BA,BR,FALSE
3881,1941,billing,03075057,Conjunto Lima,80,,São Bento,Cavalcanti,RN,BR,TRUE
3882,1942,billing,78121604,Trecho de Andrade,9,Apto 926,Bandeirantes,Aragão do Norte,ES,BR,TRUE
3883,1942,secondary,56834347,Viaduto Campos,25,,Delta,Santos Grande,TO,BR,FALSE
3884,1942,secondary,46816-202,Rua Milena Santos,27,Apto 571,Zilah Sposito,Almeida das Flores,RN,BR,FALSE
3885,1943,billing,47112351,Fazenda Camila Oliveira,37,Apto 449,Das Industrias I,Gomes de Ramos,DF,BR,TRUE
3886,1943,billing,31085560,Trecho Enzo Gabriel Monteiro,55,,Vila Ecológica,Azevedo dos Dourados,PR,BR,FALSE
3887,1944,billing,58231-658,Ladeira Maria Clara Aparecida,16,,Bonfim,Novaes do Norte,GO,BR,TRUE
3888,1944,billing,43694-680,Lago Isabelly da Conceição,24,,Leonina,Aparecida,MT,BR,FALSE
3889,1945,billing,86377253,Trevo de Ramos,29,Apto 469,Novo Das Industrias,Barbosa Grande,TO,BR,TRUE
3890,1946,billing,73908-694,Fazenda de Rezende,537,,Araguaia,Fonseca,RR,BR,TRUE
3891,1946,secondary,28400-353,Ladeira da Paz,77,,Santa Maria,Costela,MT,BR,FALSE
3892,1946,billing,66077386,Quadra Matheus Vieira,98,Apto 686,Pedreira Padro Lopes,Pereira,RR,BR,FALSE
3893,1947,billing,13209-232,Pátio de Mendonça,32,,Ribeiro De Abreu,Monteiro Grande,ES,BR,TRUE
3894,1947,secondary,32907568,Sítio Novais,6,,Laranjeiras,Machado de da Paz,GO,BR,FALSE
3895,1947,secondary,69619-016,Estação de Barbosa,9,Apto 309,Fernão Dias,da Rocha,MS,BR,FALSE
3896,1948,billing,04968708,Fazenda de Lopes,7,,Vitoria,Castro,CE,BR,TRUE
3897,1949,billing,00261-669,Favela Ana Cecília Câmara,69,,Beira Linha,Ribeiro Paulista,MG,BR,TRUE
3898,1950,billing,01551660,Estação Stephany Nunes,965,,Estoril,Aragão,RJ,BR,TRUE
3899,1951,billing,66416507,Parque de Fonseca,47,Apto 857,Marilandia,Machado,AP,BR,TRUE
3900,1951,billing,52241-491,Avenida de Oliveira,6,,Buritis,Oliveira,TO,BR,FALSE
3901,1952,billing,40044418,Quadra Lima,135,,São Vicente,Santos,PR,BR,TRUE
3902,1952,billing,06586892,Fazenda Mendonça,720,,Dom Bosco,Mendes,SE,BR,FALSE
3903,1953,billing,96972-900,Ladeira Rhavi Rocha,942,,Confisco,Pastor,SE,BR,TRUE
3904,1953,secondary,39163-888,Rodovia de Macedo,6,,Céu Azul,Gonçalves de Montenegro,DF,BR,FALSE
3905,1953,secondary,35486-691,Conjunto Ana Sophia Vieira,34,Apto 555,Vila Independencia 3ª Seção,Vieira,RR,BR,FALSE
3906,1954,billing,33876-575,Distrito de da Cunha,9,Apto 341,Maria Helena,Novais do Oeste,RJ,BR,TRUE
3907,1954,billing,66055378,Travessa Caldeira,69,Apto 071,Novo Das Industrias,Marques,PE,BR,FALSE
3908,1954,billing,47429-057,Trecho de Fogaça,642,Apto 249,Nova Cintra,Castro de Garcia,RJ,BR,FALSE
3909,1955,billing,19123-805,Rua Vasconcelos,63,Apto 042,Maravilha,Sampaio do Oeste,RS,BR,TRUE
3910,1955,secondary,83511-903,Morro de Nunes,67,,Nossa Senhora Da Aparecida,Moraes,PI,BR,FALSE
3911,1955,billing,68531-935,Via Letícia Rezende,32,,Pousada Santo Antonio,Nascimento de Cavalcanti,DF,BR,FALSE
3912,1956,billing,81314-342,Jardim Cavalcante,49,,Vila Ouro Minas,Vieira de Lopes,PE,BR,TRUE
3913,1956,billing,84900-060,Estrada de Casa Grande,79,,Tirol,Vasconcelos,SE,BR,FALSE
3914,1957,billing,45662528,Vereda Fogaça,7,Apto 465,Etelvina Carneiro,Borges,RN,BR,TRUE
3915,1957,billing,84404775,Núcleo Cavalcante,76,Apto 288,Lagoa,Fogaça,ES,BR,FALSE
3916,1957,billing,21673804,Pátio Marcela Sousa,48,Apto 901,Santa Rita,Sampaio,SE,BR,FALSE
3917,1958,billing,40390-103,Lago de Pimenta,3,,Conjunto São Francisco De Assis,Farias do Norte,SC,BR,TRUE
3918,1959,billing,18872-235,Fazenda de Sousa,4,,Estrela Do Oriente,Mendes Verde,PI,BR,TRUE
3919,1959,billing,28916612,Via Rebeca Caldeira,9,Apto 249,Vila Maloca,Silveira,BA,BR,FALSE
3920,1959,secondary,25574445,Pátio de Pacheco,95,Apto 354,Boa União 2ª Seção,Santos,DF,BR,FALSE
3921,1960,billing,67887966,Condomínio da Costa,2,,Vitoria Da Conquista,da Paz da Mata,MA,BR,TRUE
3922,1961,billing,04868906,Quadra Gonçalves,51,, Grota,Gomes,MT,BR,TRUE
3923,1961,secondary,79301310,Quadra Henrique Lopes,494,Apto 918,Vila Sesc,Vargas das Flores,PI,BR,FALSE
3924,1962,billing,74847-586,Distrito de Sá,9,,Santa Cruz,da Paz do Sul,RS,BR,TRUE
3925,1963,billing,57022-458,Distrito Maria Alice Monteiro,4,,Alípio De Melo,Pimenta do Amparo,PA,BR,TRUE
3926,1963,billing,80155133,Colônia Lucca Costa,6,,Baleia,da Cruz,PR,BR,FALSE
3927,1963,secondary,74746-738,Pátio de Silveira,1,,Bairro Das Indústrias Ii,Vasconcelos,BA,BR,FALSE
3928,1964,billing,66317712,Sítio Aragão,34,,Jaqueline,Garcia,PA,BR,TRUE
3929,1965,billing,72998955,Lago Farias,75,,São Gonçalo,da Rocha,TO,BR,TRUE
3930,1966,billing,27789348,Vereda Raul Costa,73,,Cônego Pinheiro 1ª Seção,Vargas do Galho,RJ,BR,TRUE
3931,1966,secondary,00190938,Via Joana Rocha,5,,Piraja,Costela,CE,BR,FALSE
3932,1966,billing,06339953,Colônia Anthony Gabriel da Costa,65,Apto 501,Havaí,Costela do Norte,RO,BR,FALSE
3933,1967,billing,30022-900,Praia de Macedo,77,Apto 555,Aparecida 7ª Seção,das Neves das Flores,SP,BR,TRUE
3934,1967,billing,20369995,Morro Samuel Moreira,3,,Ventosa,Silveira,SE,BR,FALSE
3935,1968,billing,02802132,Passarela de da Mota,2,,Vila Novo São Lucas,Gonçalves,PA,BR,TRUE
3936,1969,billing,89279308,Viela Fogaça,15,asdf,Pirineus,Brito de Goiás,RO,BR,TRUE
3937,1970,billing,85850017,Travessa Luigi Andrade,890,,Conjunto Capitão Eduardo,Nogueira de Abreu,RN,BR,TRUE
3938,1970,billing,85259463,Rua Oliveira,74,,Suzana,Cirino da Mata,DF,BR,FALSE
3939,1971,billing,13499-925,Lago Daniela Oliveira,92,,Vila De Sá,Borges,PA,BR,TRUE
3940,1971,billing,22340-287,Viaduto de Fonseca,73,Apto 375,Varzea Da Palma,Câmara Grande,GO,BR,FALSE
3941,1972,billing,68967-613,Chácara Maria Cecília da Conceição,79,,Madri,Araújo do Oeste,MT,BR,TRUE
3942,1972,billing,87429-129,Estrada de Almeida,23,,Boa Vista,Andrade,AP,BR,FALSE
3943,1972,secondary,15500179,Conjunto Duarte,56,Apto 187,Luxemburgo,Cassiano Paulista,RR,BR,FALSE
3944,1973,billing,64068580,Vereda de Gomes,484,Apto 495,Vale Do Jatoba,Peixoto de Fogaça,PE,BR,TRUE
3945,1974,billing,32471146,Vereda Machado,12,Apto 807,Vila Da Amizade,Nogueira do Oeste,MT,BR,TRUE
3946,1974,billing,38106-661,Sítio Vieira,7,,Itapoa,Câmara,CE,BR,FALSE
3947,1974,billing,96358792,Distrito Pinto,29,,Novo Das Industrias,da Conceição,TO,BR,FALSE
3948,1975,billing,52152574,Vale Cirino,29,Apto 534,Vila Batik,Barros de Minas,RN,BR,TRUE
3949,1975,secondary,87582-735,Pátio de Cavalcanti,72,Apto 100,Conjunto Taquaril,Andrade de Costa,AM,BR,FALSE
3950,1975,billing,42510-110,Aeroporto de Vargas,6,,Dom Silverio,Aragão de Ribeiro,SC,BR,FALSE
3951,1976,billing,17292-883,Conjunto Rezende,883,-,Conjunto Paulo Vi,Alves,PB,BR,TRUE
3952,1976,billing,73197175,Quadra de Gonçalves,48,,Ouro Minas,Monteiro da Praia,MG,BR,FALSE
3953,1976,secondary,37637-335,Quadra João Miguel Teixeira,20,,São Gabriel,Fonseca,RN,BR,FALSE
3954,1977,billing,08568861,Núcleo Ester Vieira,25,,Vila Puc,Duarte,RO,BR,TRUE
3955,1977,secondary,07667988,Trecho de Jesus,842,Apto 584,Vila Independencia 2ª Seção,Vasconcelos das Flores,RS,BR,FALSE
3956,1977,billing,34496227,Recanto de Gomes,9,Apto 705,Providencia,Moura,AM,BR,FALSE
3957,1978,billing,91343429,Pátio Ana Luiza Cunha,3,,Canadá,Camargo do Galho,BA,BR,TRUE
3958,1978,billing,64200090,Setor de Machado,869,,Conjunto Celso Machado,Pimenta,RN,BR,FALSE
3959,1979,billing,78101-035,Avenida da Luz,747,,União,Santos de Correia,RN,BR,TRUE
3960,1979,billing,16479-909,Lago João Miguel Sampaio,63,,Aparecida 7ª Seção,Nunes,AM,BR,FALSE
3961,1979,billing,93023929,Lagoa Nunes,47,,Savassi,Borges,AL,BR,FALSE
3962,1980,billing,00962-159,Vereda de da Mata,905,Apto 691,Vila Da Paz,Garcia de Goiás,RJ,BR,TRUE
3963,1980,secondary,86516048,Passarela de Oliveira,3,,Vila Aeroporto,Lima,MT,BR,FALSE
3964,1981,billing,82113591,Passarela de Caldeira,66,,Santa Cecilia,Duarte,SP,BR,TRUE
3965,1982,billing,82929-847,Estrada de Fernandes,2,,Nossa Senhora Do Rosário,Pereira,RO,BR,TRUE
3966,1983,billing,36159072,Praça Maria Luiza Azevedo,62,Apto 626,Buritis,Souza da Praia,PR,BR,TRUE
3967,1983,secondary,65745802,Via de Cardoso,30,Apto 101,Cidade Nova,Correia,SC,BR,FALSE
3968,1983,secondary,02669-191,Residencial Lucca Gomes,22,TODO,Vila Madre Gertrudes 2ª Seção,Lopes,MS,BR,FALSE
3969,1984,billing,43943568,Jardim de Santos,1,Apto 658,Minaslandia,Fernandes,TO,BR,TRUE
3970,1984,billing,35814-918,Vereda de Casa Grande,73,.,Vila União,Fogaça de Sales,RO,BR,FALSE
3971,1985,billing,06622771,Distrito de Caldeira,3,Apto 074,Glória,Viana,AP,BR,TRUE
3972,1985,secondary,56901716,Núcleo Yago da Rocha,2,Apto 251,Parque São Pedro,Viana,SP,BR,FALSE
3973,1986,billing,17502-278,Viaduto Caldeira,7,,Taquaril,Casa Grande de Goiás,MS,BR,TRUE
3974,1986,secondary,92209032,Avenida Benjamin Machado,31,,Calafate,Novaes de Souza,RR,BR,FALSE
3975,1986,billing,42702-094,Loteamento Maria da Cunha,13,,Vila Santo Antônio,Teixeira de Goiás,SC,BR,FALSE
3976,1987,billing,16820778,Esplanada Manuella Farias,12,,Monte Azul,Correia,MA,BR,TRUE
3977,1987,billing,92713397,Jardim de Fernandes,3,,Candelaria,Fonseca de Goiás,AM,BR,FALSE
3978,1987,billing,59749786,Vereda de Leão,23,Apto 326,Biquinhas,Fonseca Alegre,AL,BR,FALSE
3979,1988,billing,54083451,Travessa Brito,858,Apto 095,Conjunto Paulo Vi,Costela das Flores,SP,BR,TRUE
3980,1989,billing,74225853,Pátio de da Costa,30,Apto 998,Nova Vista,Rodrigues,RO,BR,TRUE
3981,1990,billing,57087-476,Conjunto Sabrina Guerra,538,,Dom Cabral,da Mota,PR,BR,TRUE
3982,1990,secondary,11434-383,Núcleo Alves,88,,Vila Independencia 2ª Seção,da Rocha Paulista,PA,BR,FALSE
3983,1990,secondary,17490-955,Vale Vargas,207,Apto 796,Vila Minaslandia,Costela da Serra,AP,BR,FALSE
3984,1991,billing,09117-786,Viaduto de da Paz,764,,Vila Pilar,Moreira do Galho,RN,BR,TRUE
3985,1992,billing,92147-585,Avenida Theodoro Alves,792,Apto 436,Vila Antena,Cardoso,RR,BR,TRUE
3986,1993,billing,85525-161,Trecho Duarte,20,Apto 795,Marieta 1ª Seção,da Cunha,DF,BR,TRUE
3987,1993,secondary,02410-528,Núcleo Pimenta,43,Apto 003,Jardim América,da Luz de Campos,PR,BR,FALSE
3988,1994,billing,71477809,Aeroporto Marcelo Sampaio,2,,Maria Tereza,Vasconcelos,CE,BR,TRUE
3989,1995,billing,04793-200,Ladeira Cassiano,73,Apto 326,Biquinhas,Marques das Pedras,SC,BR,TRUE
3990,1996,billing,69371218,Largo Viana,58,,Canaa,Macedo,ES,BR,TRUE
3991,1997,billing,06381518,Ladeira Pastor,83,,Rio Branco,Rios,CE,BR,TRUE
3992,1997,secondary,00210-058,Trecho Pereira,326,Apto 665,Nova Esperança,da Paz,BA,BR,FALSE
3993,1997,billing,03885-367,Quadra Gomes,53,,Primeiro De Maio,Moreira,ES,BR,FALSE
3994,1998,billing,21418-047,Rodovia Nogueira,40,,Vila Nova,Andrade,AM,BR,TRUE
3995,1998,billing,27470540,Trevo de Moura,86,,Apolonia,Sousa da Serra,AP,BR,FALSE
3996,1999,billing,44647-976,Setor Dias,44,Apto 866,Nova Suíça,Fogaça,AL,BR,TRUE
3997,1999,billing,84518185,Rodovia Azevedo,44,Apto 831,Esplanada,da Mata,AM,BR,FALSE
3998,2000,billing,09578294,Viela de Borges,797,Apto 530,Vila Do Pombal,Moura da Serra,PB,BR,TRUE
