id,product_id,sku,barcode_ean,sale_price,cost_price,weight_kg,icms_rate,ipi_rate,is_active,created_at,updated_at
1,1,LHN-353137,0812356442423,2452.69,1409.59,17.466,18.00,5.00,TRUE,2023-08-31 09:15:26,2026-07-29 01:56:22
2,1,LHN-424236,2876604560688,1057.68,482.96,38.9,18.00,10.00,TRUE,2020-04-29 21:48:21,2024-03-30 05:43:11
3,1,LHN-680793,4024712687768,36.65,27.15,27.526,17.00,5.00,TRUE,2024-02-03 07:46:25,2025-11-12 12:55:22
4,2,LHN-869444,6530427111637,2111.04,1486.65,10.215,12.00,10.00,TRUE,2021-02-22 18:16:39,2025-07-20 13:19:23
5,2,LHN-152723,8463512311255,1425.34,662.95,32.302,12.00,0.00,TRUE,2020-02-11 03:38:16,2025-06-20 12:14:15
6,2,LHN-833831,,2505.20,1897.88,11.387,17.00,10.00,TRUE,2026-04-19 16:01:55,2026-12-13 07:38:34
7,3,LHN-635877,,136.02,85.01,46.207,18.00,10.00,TRUE,2022-11-19 00:29:46,2023-02-08 11:34:08
8,3,LHN-825942,8874758361346,522.87,378.89,5,18.00,0.00,TRUE,2022-06-21 10:08:49,2022-10-03 04:40:29
9,4,LHN-149282,,3194.63,1655.25,16.735,18.00,10.00,TRUE,2026-02-13 17:43:22,2026-08-25 09:51:54
10,4,LHN-597798,0859294692350,1185.69,718.60,5.576,17.00,10.00,TRUE,2021-03-14 22:56:48,2023-04-02 19:38:53
11,5,LHN-139240,,1838.76,1114.40,42.148,12.00,10.00,TRUE,2022-11-14 17:04:47,2024-07-05 16:07:17
12,5,LHN-300634,,817.89,475.52,8.389,12.00,0.00,TRUE,2024-12-08 11:11:02,2026-01-11 11:56:55
13,5,LHN-673210,9543420136115,1114.92,644.46,9.03,12.00,10.00,TRUE,2022-03-28 10:25:56,2026-06-25 23:25:30
14,6,LHN-117236,6232970206722,4208.40,1994.50,26.979,18.00,5.00,TRUE,2020-12-23 10:58:08,2025-10-19 18:48:36
15,6,LHN-660514,8260397619861,725.45,352.16,18.126,12.00,5.00,TRUE,2025-11-01 10:53:40,2025-11-06 11:02:04
16,6,LHN-754714,1554679565456,1705.81,1254.27,32.164,18.00,10.00,TRUE,2025-08-27 17:06:45,2026-02-15 14:56:51
17,7,LHN-220347,6435258488210,1238.93,669.69,32.115,12.00,10.00,TRUE,2024-02-18 12:45:03,2026-09-28 01:32:56
18,7,LHN-510202,8300539548960,973.54,546.93,18.521,12.00,10.00,TRUE,2025-10-13 18:48:58,2025-12-05 04:18:09
19,8,LHN-457547,2337953164113,1517.55,1039.42,1.815,18.00,10.00,TRUE,2026-03-06 01:19:23,2026-11-19 12:12:18
20,9,LHN-016677,5880759743299,2315.50,1642.20,23.955,12.00,0.00,TRUE,2021-05-09 09:55:13,2023-03-30 08:22:39
21,9,LHN-444755,7645809984262,798.36,364.55,32.244,18.00,10.00,TRUE,2020-03-11 06:30:38,2026-09-25 01:06:32
22,9,LHN-256375,5981477681020,1541.60,752.00,18.481,18.00,0.00,TRUE,2023-01-28 21:44:13,2025-01-12 03:15:54
23,10,LHN-235717,1516517327237,1629.17,790.86,10.308,18.00,10.00,TRUE,2020-06-19 05:55:09,2023-11-01 22:57:48
24,11,LHN-162345,,2659.65,1555.35,11.337,12.00,10.00,TRUE,2021-12-19 13:42:27,2025-04-06 09:07:43
25,11,LHN-415543,0662631499525,516.75,335.55,21.786,17.00,5.00,TRUE,2023-10-06 05:23:43,2024-04-05 10:42:11
26,12,LHN-533184,,1726.63,1072.44,32.772,17.00,5.00,TRUE,2022-11-28 06:31:43,2026-09-24 12:04:42
27,13,LHN-811383,4026653408921,2928.08,1673.19,42.21,12.00,5.00,TRUE,2025-08-24 03:39:25,2026-11-06 14:06:25
28,14,LHN-224847,6371127117471,1614.87,961.23,9.626,18.00,0.00,TRUE,2024-07-16 12:45:29,2025-09-26 05:05:13
29,14,LHN-010981,6853279803629,3180.67,1445.76,24.48,12.00,5.00,TRUE,2024-02-21 15:54:02,2026-11-07 16:40:47
30,15,LHN-501122,3705987438361,1029.86,710.25,40.632,18.00,5.00,TRUE,2021-08-14 07:15:21,2024-06-19 01:56:18
31,16,LHN-355112,8951756446913,496.50,234.20,17.961,17.00,10.00,TRUE,2024-12-26 21:58:58,2025-08-24 19:06:12
32,16,LHN-893936,1041466784072,939.09,661.33,34.611,18.00,5.00,TRUE,2024-12-08 22:18:04,2025-05-02 22:31:40
33,16,LHN-302669,6859209682036,537.27,331.65,29.174,17.00,10.00,TRUE,2026-05-16 14:58:00,2026-09-27 00:07:24
34,17,LHN-968395,6617333843279,3058.37,1609.67,28.172,18.00,10.00,TRUE,2024-05-31 01:14:03,2026-10-01 14:48:32
35,17,LHN-702543,5806790112108,1255.65,848.41,33.802,18.00,5.00,TRUE,2023-11-09 15:25:09,2026-11-02 09:24:41
36,18,LHN-505195,1634077732930,2563.85,1401.01,6.639,17.00,0.00,TRUE,2022-08-04 21:52:57,2024-11-03 11:36:55
37,19,LHN-964357,0673451970170,117.93,79.15,17.175,18.00,0.00,TRUE,2025-10-25 09:58:19,2025-11-28 17:22:47
38,19,LHN-215053,0957913209122,2178.52,1492.14,15.677,18.00,10.00,TRUE,2021-02-16 07:45:09,2024-12-17 19:09:22
39,20,LHN-333265,1855492472243,3046.90,1620.69,28.339,12.00,10.00,TRUE,2023-08-03 02:22:52,2024-11-08 06:41:18
40,20,LHN-533548,,1813.06,851.20,6.063,12.00,5.00,TRUE,2025-07-11 20:14:00,2026-11-04 15:02:59
41,21,LHN-261123,,2069.89,1045.40,21.885,12.00,5.00,TRUE,2024-05-13 13:16:08,2026-06-04 21:58:55
42,21,LHN-907998,,1847.00,1020.44,21.883,17.00,0.00,TRUE,2021-05-30 21:36:42,2024-08-15 06:58:17
43,22,LHN-937442,0030772416334,1032.64,573.69,2.069,18.00,5.00,TRUE,2026-05-23 18:52:52,2026-09-22 19:51:16
44,22,LHN-119653,3349461777203,143.69,106.44,1.457,12.00,0.00,TRUE,2022-01-07 02:39:38,2026-07-27 03:58:35
45,23,LHN-920996,3369546530134,2765.04,1843.36,25.234,17.00,10.00,TRUE,2025-04-02 11:01:42,2025-04-28 18:56:14
46,23,LHN-504176,8689081382865,764.40,408.77,12.055,12.00,0.00,TRUE,2025-10-30 00:36:46,2026-11-26 10:59:36
47,24,LHN-424788,,3896.09,1882.17,12.657,12.00,0.00,TRUE,2023-04-11 01:58:49,2023-07-20 23:46:49
48,24,LHN-868199,,1605.18,768.03,8.81,12.00,10.00,TRUE,2024-11-14 20:52:24,2025-06-13 13:14:15
49,25,LHN-763314,4013445751730,2845.64,1429.97,38.923,17.00,5.00,TRUE,2025-02-18 06:24:42,2026-05-10 19:44:30
50,26,LHN-520276,7606234583024,547.88,320.40,28.501,12.00,0.00,TRUE,2026-08-17 04:38:21,2026-11-14 15:10:44
51,26,LHN-424258,7817584625160,1113.93,520.53,15.212,17.00,5.00,TRUE,2025-10-25 20:13:44,2026-11-27 23:01:00
52,27,LHN-781949,,585.80,334.74,41.264,17.00,10.00,TRUE,2022-12-15 14:38:34,2026-04-24 03:14:18
53,27,LHN-551848,5190815153000,1628.81,1064.58,4.334,12.00,10.00,TRUE,2020-04-19 06:48:22,2022-09-27 17:57:03
54,28,LHN-011955,,2767.51,1677.28,16.339,17.00,5.00,FALSE,2020-05-17 13:46:18,2026-05-15 13:37:27
55,28,LHN-616600,3492417032670,2780.63,1324.11,34.635,18.00,5.00,TRUE,2026-08-27 11:31:31,2026-10-02 09:33:02
56,29,LHN-116117,7543537908935,1923.39,1457.11,29.745,12.00,5.00,TRUE,2026-07-03 17:39:19,2026-10-01 11:37:58
57,29,LHN-639263,2470658924054,3035.13,1487.81,33.038,12.00,10.00,TRUE,2025-03-13 22:39:00,2026-10-31 14:11:37
58,29,LHN-163046,,717.98,498.60,21.821,17.00,5.00,TRUE,2024-04-02 04:26:01,2026-05-27 07:25:34
59,30,LHN-542984,3882632802415,3516.91,1651.13,21.232,18.00,0.00,FALSE,2026-08-18 19:13:13,2026-09-20 22:57:57
60,31,LHN-951367,1851920550774,1466.35,971.09,32.375,12.00,5.00,TRUE,2023-03-20 04:57:43,2023-12-06 01:02:59
61,31,LHN-032019,0753417869905,3122.72,1452.43,16.267,18.00,5.00,TRUE,2022-03-30 22:51:50,2026-08-29 22:59:56
62,32,LHN-174522,7774799407687,2219.20,1219.34,11.147,17.00,0.00,TRUE,2025-10-17 04:15:28,2026-07-05 15:39:08
63,32,LHN-146807,7850785310374,1025.37,648.97,42.23,12.00,0.00,TRUE,2021-07-27 17:04:58,2023-02-13 05:44:30
64,33,LHN-868728,4227524869562,2665.92,1655.85,12.872,17.00,10.00,TRUE,2022-04-26 03:03:17,2024-11-23 20:49:55
65,33,LHN-918092,5033416339575,1609.83,963.97,33.169,17.00,10.00,TRUE,2023-12-24 09:06:23,2024-02-27 19:21:46
66,34,LHN-698603,4567925868949,1541.68,820.04,41.001,17.00,10.00,TRUE,2023-09-23 01:13:42,2023-11-14 02:07:46
67,35,LHN-270917,3950332260009,2159.89,1213.42,37.606,18.00,10.00,TRUE,2025-10-07 08:25:52,2026-06-26 06:46:14
68,35,LHN-133378,7289651757966,381.63,231.29,19.23,18.00,10.00,TRUE,2026-07-13 08:20:09,2026-08-13 20:31:44
69,36,LHN-585213,3300607642120,301.17,152.88,33.419,18.00,10.00,TRUE,2026-02-12 12:36:00,2026-06-05 15:13:57
70,36,LHN-373626,0758369952156,118.69,64.86,22.214,17.00,0.00,TRUE,2022-11-29 00:03:12,2026-09-26 13:10:31
71,37,LHN-047570,2416565271423,1571.43,814.21,49.366,17.00,10.00,TRUE,2021-03-30 08:55:37,2023-01-20 00:22:45
72,37,LHN-561314,8581783250339,3194.59,1506.88,45.135,12.00,5.00,TRUE,2022-03-20 13:42:45,2025-11-30 06:36:57
73,37,LHN-611667,7964377969335,755.45,381.54,14.38,12.00,5.00,TRUE,2023-03-15 15:36:12,2024-02-16 09:26:08
74,38,LHN-448251,5369106807087,1603.57,1187.83,46.403,17.00,10.00,TRUE,2021-03-07 17:05:55,2021-11-07 03:21:34
75,39,LHN-305383,,212.31,118.61,29.974,18.00,10.00,TRUE,2024-05-01 17:58:00,2025-03-26 21:21:28
76,39,LHN-197081,0563060099990,1096.27,559.32,8.869,18.00,5.00,TRUE,2024-05-04 06:16:10,2025-12-17 22:28:58
77,40,LHN-847740,2258682926981,1516.00,725.36,42.18,17.00,5.00,TRUE,2022-05-27 20:16:38,2022-10-13 15:37:33
78,40,LHN-812993,,3365.40,1743.73,11.304,18.00,10.00,TRUE,2023-01-25 20:43:32,2024-11-15 20:42:47
79,41,LHN-377256,,983.07,484.27,1.395,12.00,10.00,TRUE,2024-01-09 02:53:27,2024-08-09 09:50:01
80,41,LHN-064671,6497473321956,67.81,41.86,37.577,17.00,0.00,TRUE,2024-04-04 22:47:03,2025-03-17 05:58:50
81,42,LHN-115023,2801590565621,2483.80,1188.42,24.943,17.00,0.00,TRUE,2026-04-20 20:00:55,2026-05-24 17:25:20
82,43,LHN-058147,3815875768675,1719.63,1177.83,4.589,17.00,10.00,TRUE,2020-11-02 03:09:20,2021-10-15 01:51:22
83,43,LHN-794810,4448991784930,3897.16,1958.37,13.508,12.00,0.00,TRUE,2025-11-26 07:01:36,2026-07-23 04:54:53
84,43,LHN-584495,,841.59,470.16,39.293,17.00,10.00,TRUE,2026-08-23 19:13:05,2026-09-06 03:27:36
85,44,LHN-414825,1118744236582,2235.99,1542.06,17.443,18.00,0.00,TRUE,2020-07-24 19:46:05,2022-05-15 15:09:54
86,44,LHN-171212,3167435113495,3751.57,1984.96,22.089,17.00,5.00,TRUE,2023-03-22 11:39:33,2023-08-06 03:20:01
87,45,LHN-529896,2691660585402,3471.18,1896.82,3.197,18.00,0.00,TRUE,2023-04-26 21:35:20,2026-06-06 23:02:50
88,46,LHN-010900,9266362880068,2590.58,1245.47,16.489,18.00,0.00,TRUE,2024-01-04 16:50:53,2025-07-08 15:09:49
89,46,LHN-604641,2792563312369,767.13,511.42,24.296,18.00,10.00,TRUE,2024-05-02 20:27:07,2025-03-09 09:24:11
90,47,LHN-964745,1003071918723,2102.11,1545.67,7.891,18.00,0.00,TRUE,2020-03-23 20:37:23,2021-12-15 13:01:58
91,47,LHN-693667,,3732.21,1768.82,30.401,17.00,5.00,TRUE,2026-01-10 00:10:14,2026-05-25 12:50:31
92,48,LHN-848751,,2084.19,1021.66,20.451,17.00,10.00,TRUE,2021-06-03 23:54:28,2023-11-26 03:26:54
93,49,LHN-380607,7176586368650,1972.36,1133.54,5.943,12.00,5.00,TRUE,2020-03-29 14:04:45,2023-10-18 12:15:35
94,49,LHN-100755,1553382975798,2291.44,1414.47,23.612,18.00,10.00,TRUE,2026-04-26 05:49:05,2026-09-27 18:23:36
95,49,LHN-528566,4789059804505,2928.70,1583.08,26.644,12.00,0.00,TRUE,2023-05-07 00:24:15,2026-07-02 10:51:28
96,50,LHN-609159,8935844921827,1553.87,898.19,12.68,12.00,10.00,TRUE,2025-01-18 11:30:20,2026-10-21 15:19:39
97,50,LHN-016397,1956394850501,3055.12,1407.89,43.058,12.00,5.00,TRUE,2026-02-25 00:55:34,2026-11-24 14:13:09
98,51,LHN-824534,7828882505689,2546.18,1664.17,49.357,17.00,10.00,TRUE,2026-12-04 00:00:09,2026-12-16 12:37:46
99,52,LHN-296374,5393099120243,1078.27,764.73,31.636,18.00,5.00,TRUE,2021-11-10 04:53:13,2022-03-12 06:20:32
100,53,LHN-084998,8997014725765,3529.00,1838.02,38.291,12.00,10.00,TRUE,2021-10-19 12:43:54,2025-02-27 21:02:12
101,53,LHN-261552,2763816728060,2412.74,1619.29,4.916,18.00,0.00,TRUE,2022-05-08 11:38:39,2024-05-05 08:33:51
102,53,LHN-821834,,380.46,233.41,2.612,12.00,10.00,TRUE,2024-10-08 07:38:59,2026-05-12 03:21:51
103,54,LHN-734418,2855778973623,642.52,486.76,47.769,17.00,10.00,FALSE,2021-03-13 11:37:03,2024-08-02 11:06:12
104,55,LHN-947731,2921646419620,821.14,536.69,34.35,18.00,0.00,TRUE,2025-08-25 06:51:34,2025-11-09 04:40:52
105,55,LHN-777708,2170117498903,2368.10,1178.16,41.79,18.00,10.00,TRUE,2025-07-17 09:32:25,2025-10-28 10:17:03
106,55,LHN-297432,,1185.50,654.97,9.068,18.00,10.00,TRUE,2026-09-02 19:37:32,2026-09-05 11:22:51
107,56,LHN-566787,5541403435181,2351.02,1433.55,22.152,12.00,0.00,TRUE,2026-03-24 05:41:31,2026-11-23 12:13:08
108,57,LHN-470138,,1501.07,829.32,45.951,18.00,5.00,TRUE,2026-05-06 05:10:00,2026-09-10 23:14:01
109,57,LHN-231402,1272642084185,824.56,425.03,16.547,12.00,0.00,TRUE,2021-02-10 21:17:24,2022-02-13 19:01:28
110,57,LHN-970128,,2749.57,1278.87,12.044,12.00,10.00,TRUE,2023-10-21 16:35:22,2024-06-23 22:03:51
111,58,LHN-668014,9878352274216,917.10,599.41,6.563,18.00,0.00,TRUE,2023-01-06 03:36:18,2024-05-24 02:20:57
112,58,LHN-872810,7554229265397,549.47,284.70,47.329,17.00,10.00,TRUE,2021-01-23 22:00:33,2025-11-07 04:59:34
113,59,LHN-173568,8880631145309,53.89,25.91,15.253,12.00,0.00,TRUE,2022-05-20 04:41:43,2023-03-15 02:03:04
114,59,LHN-761586,3490729448080,643.62,326.71,15.485,12.00,0.00,TRUE,2023-05-09 06:23:59,2025-12-24 22:49:56
115,59,LHN-027288,6763621412433,2459.21,1373.86,11.5,12.00,10.00,TRUE,2023-04-05 06:31:32,2025-06-29 00:36:07
116,60,LHN-475654,3516503113552,2748.90,1462.18,48.707,12.00,5.00,TRUE,2022-12-03 13:29:37,2023-01-19 18:36:15
117,61,LHN-144442,3427770987725,1262.96,625.23,21.238,17.00,0.00,TRUE,2025-03-08 01:24:09,2025-12-25 23:01:31
118,62,LHN-046155,7565750630585,885.32,427.69,2.266,12.00,0.00,TRUE,2021-12-17 10:55:52,2023-10-31 16:34:42
119,62,LHN-480793,0256578319116,1569.62,765.67,21.305,17.00,0.00,TRUE,2020-09-28 11:54:53,2022-05-12 12:50:35
120,62,LHN-592076,4954494942109,1677.29,864.58,10.082,18.00,5.00,TRUE,2026-05-19 23:25:08,2026-10-21 06:59:11
121,63,LHN-012465,1618877129374,2225.11,1578.09,45.189,12.00,10.00,TRUE,2020-12-27 04:38:13,2025-10-23 23:23:06
122,63,LHN-958088,4975128224132,887.99,460.10,4.536,18.00,5.00,TRUE,2026-05-30 15:31:14,2026-10-30 05:33:14
123,63,LHN-453992,5425790435019,2205.88,1260.50,9.488,17.00,10.00,TRUE,2021-08-09 13:28:11,2023-03-26 16:38:53
124,64,LHN-268605,,946.24,630.83,30.699,17.00,10.00,TRUE,2023-06-05 16:58:16,2026-09-21 05:58:05
125,64,LHN-183735,,3665.32,1851.17,35.76,17.00,5.00,TRUE,2022-05-06 18:14:24,2025-09-05 05:43:10
126,65,LHN-668518,7345301083783,1045.61,607.91,48.519,17.00,5.00,TRUE,2026-05-06 16:39:21,2026-10-06 21:37:22
127,65,LHN-188119,7907557441542,1524.52,696.13,13.56,17.00,0.00,TRUE,2024-06-17 10:13:26,2025-06-12 06:22:00
128,66,LHN-688074,1950825143682,1625.59,869.30,34.183,12.00,0.00,TRUE,2025-03-03 15:52:44,2025-11-26 21:24:56
129,66,LHN-077096,,2433.05,1366.88,23.078,18.00,5.00,TRUE,2023-12-09 01:25:54,2024-03-28 12:33:00
130,67,LHN-427420,4789562548248,669.60,410.80,33.866,12.00,5.00,TRUE,2021-11-14 22:33:38,2024-04-21 09:44:00
131,67,LHN-424093,2396265255568,874.41,624.58,48.001,17.00,10.00,TRUE,2021-06-14 03:42:09,2026-12-16 03:04:52
132,67,LHN-591244,4458705101328,1089.12,745.97,14.352,17.00,10.00,TRUE,2026-01-22 17:50:29,2026-10-23 00:52:11
133,68,LHN-340543,6054302695147,1475.54,696.01,8.052,18.00,5.00,TRUE,2020-12-15 19:13:13,2025-01-03 10:56:09
134,68,LHN-989335,1752092170220,993.85,552.14,6.551,18.00,5.00,TRUE,2020-12-29 00:39:21,2023-07-04 12:09:08
135,68,LHN-087764,8165766249147,1253.86,656.47,37.708,17.00,0.00,TRUE,2023-02-11 12:01:52,2023-11-14 19:39:30
136,69,LHN-299709,,1276.93,686.52,17.187,12.00,10.00,TRUE,2025-04-29 14:01:50,2026-01-06 12:07:13
137,70,LHN-225328,3277389566183,1038.34,726.11,42.171,18.00,0.00,TRUE,2021-12-13 01:39:47,2024-06-18 00:25:05
138,70,LHN-816660,2869275959790,2710.10,1472.88,10.183,18.00,10.00,TRUE,2026-03-27 19:04:45,2026-04-12 10:51:43
139,70,LHN-105599,7269373577035,3391.47,1721.56,28.887,17.00,5.00,TRUE,2026-01-21 09:25:14,2026-08-09 00:33:53
140,71,LHN-483007,0171737004842,658.74,414.30,29.435,17.00,5.00,TRUE,2023-11-02 01:26:12,2024-01-20 12:53:38
141,71,LHN-873513,3663811618313,2126.12,1610.70,25.024,18.00,5.00,TRUE,2023-01-16 17:40:59,2024-01-14 12:53:00
142,71,LHN-969942,5380963092515,2993.23,1534.99,8.906,17.00,5.00,TRUE,2024-02-28 11:42:43,2025-03-20 21:15:16
143,72,LHN-163377,,742.58,542.03,43.997,18.00,0.00,TRUE,2021-03-10 20:11:16,2024-07-22 22:31:08
144,73,LHN-822020,1794793249928,3426.88,1969.47,41.191,17.00,0.00,TRUE,2025-11-01 05:08:13,2026-09-23 14:59:36
145,73,LHN-279958,9201877846307,2690.81,1454.49,17.922,17.00,10.00,TRUE,2024-05-02 22:35:14,2026-02-28 13:53:50
146,73,LHN-923338,9115428218935,2100.65,954.84,9.898,12.00,5.00,TRUE,2022-03-03 15:09:42,2023-02-02 16:26:32
147,74,LHN-677223,8001227697099,3400.77,1899.87,41.792,17.00,5.00,TRUE,2026-12-18 10:09:50,2026-12-20 14:34:20
148,74,LHN-795790,3257482825424,1235.13,620.67,39.943,17.00,10.00,TRUE,2024-05-29 07:55:29,2024-06-21 10:25:16
149,75,LHN-947646,,406.56,290.40,30.846,17.00,10.00,TRUE,2022-05-17 20:01:02,2023-08-30 18:42:30
150,75,LHN-479510,,2606.32,1989.56,47.619,18.00,10.00,TRUE,2021-08-23 08:53:42,2025-12-03 11:03:44
151,75,LHN-210217,,1696.35,897.54,33.505,17.00,0.00,TRUE,2024-05-07 12:33:28,2026-10-09 14:39:44
152,76,LHN-432229,,1625.27,967.42,15.471,17.00,0.00,TRUE,2021-11-25 04:12:51,2022-01-27 12:20:15
153,76,LHN-868053,9939404978206,233.91,154.91,1.27,18.00,0.00,TRUE,2024-06-21 05:10:13,2026-04-12 01:59:38
154,76,LHN-078133,7251280517341,2700.16,1467.48,44.371,18.00,5.00,TRUE,2020-05-08 06:06:05,2025-02-01 14:47:48
155,77,LHN-039200,6931779519117,52.57,29.37,0.526,17.00,0.00,TRUE,2023-10-02 06:20:55,2023-11-08 23:34:47
156,77,LHN-791661,0062818881974,3004.20,1950.78,45.032,18.00,0.00,TRUE,2023-07-18 14:22:59,2024-02-20 17:00:35
157,77,LHN-174868,6322275636215,2382.63,1228.16,49.094,18.00,0.00,TRUE,2026-12-26 03:55:42,2026-12-29 06:41:14
158,78,LHN-259969,8117913657145,2219.71,1283.07,44.811,17.00,10.00,TRUE,2022-04-16 05:39:51,2025-05-19 02:41:05
159,78,LHN-999204,4162845733492,1425.15,1096.27,17.393,12.00,10.00,FALSE,2021-07-22 13:34:14,2022-04-01 18:12:09
160,78,LHN-320718,1580805182266,843.86,562.57,47.128,17.00,0.00,TRUE,2024-04-04 18:43:49,2024-08-13 04:54:55
161,79,LHN-205267,8291933843228,594.44,404.38,28.727,17.00,0.00,TRUE,2024-12-11 13:48:06,2026-08-13 05:21:53
162,80,LHN-017653,6643150552476,1137.61,697.92,5.371,12.00,10.00,TRUE,2025-01-23 10:12:20,2025-11-19 07:19:44
163,80,LHN-621903,0722059214572,1827.76,993.35,28.118,12.00,5.00,TRUE,2023-05-14 17:00:23,2024-10-17 22:38:50
164,80,LHN-809705,4439197489996,1761.91,843.02,13.706,12.00,10.00,TRUE,2024-06-06 08:25:41,2026-02-22 01:44:24
165,81,LHN-825451,8099682000264,529.88,321.14,45.232,17.00,10.00,TRUE,2024-04-11 22:31:53,2025-05-09 20:21:16
166,81,LHN-703072,9295927337839,3069.18,1942.52,12.975,17.00,10.00,TRUE,2021-04-03 08:54:09,2026-07-08 07:06:45
167,81,LHN-037844,7254863025011,414.66,260.79,3.659,18.00,0.00,TRUE,2021-01-20 17:45:11,2024-06-02 16:06:24
168,82,LHN-110984,0316224939942,1528.74,967.56,45.328,18.00,0.00,FALSE,2024-09-19 12:34:06,2025-02-19 13:22:29
169,82,LHN-856587,6272434697222,2148.39,1386.06,16.786,18.00,0.00,TRUE,2020-07-08 14:11:21,2020-12-14 17:09:46
170,83,LHN-273985,3224028845604,101.75,78.27,18.489,17.00,0.00,TRUE,2021-01-07 08:18:07,2026-09-23 07:58:21
171,83,LHN-322940,8373883672490,1866.08,1304.95,9.923,17.00,0.00,TRUE,2022-02-02 20:46:04,2022-10-29 18:49:01
172,84,LHN-968433,9096071403124,439.93,257.27,40.026,12.00,10.00,TRUE,2022-12-23 10:33:51,2025-03-08 15:06:48
173,84,LHN-034318,0954828018979,1352.38,634.92,24.79,12.00,5.00,TRUE,2023-06-04 12:07:39,2025-03-24 23:49:05
174,85,LHN-824993,5889848767796,3040.55,1778.10,48.831,17.00,10.00,TRUE,2024-11-20 09:30:48,2026-10-12 08:45:28
175,86,LHN-485526,5974734773804,916.04,558.56,1.369,12.00,5.00,TRUE,2022-11-19 04:17:50,2023-09-25 03:49:14
176,86,LHN-565796,5646614998545,2084.13,1521.26,3.297,12.00,5.00,TRUE,2023-12-23 06:49:17,2024-12-11 04:35:41
177,86,LHN-057708,4518030940419,959.76,666.50,13.813,12.00,0.00,TRUE,2020-04-03 15:35:27,2021-03-03 02:57:20
178,87,LHN-781024,7602632101686,2799.66,1385.97,42.916,17.00,5.00,TRUE,2024-01-21 08:10:27,2025-10-18 15:07:49
179,87,LHN-399102,8659447739084,1325.84,622.46,34.063,18.00,10.00,TRUE,2022-05-17 16:48:31,2024-08-30 16:34:42
180,88,LHN-725276,,2601.68,1461.62,38.136,12.00,0.00,TRUE,2021-05-24 21:37:58,2023-08-29 22:47:38
181,88,LHN-998857,,1476.72,777.22,25.281,17.00,5.00,TRUE,2023-09-24 15:51:31,2024-10-03 11:25:26
182,88,LHN-530028,4948270634173,1586.92,1102.03,20.935,17.00,10.00,TRUE,2026-11-22 21:41:50,2026-11-23 12:35:52
183,89,LHN-232031,5707961654598,818.75,433.20,7.965,12.00,0.00,TRUE,2022-11-28 18:14:53,2026-10-20 09:34:19
184,90,LHN-438749,4412173327727,269.50,158.53,32.832,17.00,0.00,TRUE,2025-06-24 19:27:49,2026-06-14 20:43:31
185,90,LHN-799932,1777764640955,686.55,371.11,7.595,18.00,10.00,TRUE,2020-06-16 23:19:05,2026-02-06 17:37:45
186,91,LHN-141733,2241521153006,1771.29,1000.73,7.372,17.00,5.00,TRUE,2026-05-27 09:11:41,2026-10-06 18:27:43
187,91,LHN-409534,1310291490213,3257.01,1732.45,17.004,17.00,10.00,TRUE,2026-08-01 04:56:20,2026-08-30 00:22:17
188,92,LHN-424293,2021243183037,360.16,166.74,4.219,17.00,5.00,TRUE,2025-02-21 20:29:12,2025-08-07 05:34:46
189,92,LHN-838174,4385621818026,2344.97,1274.44,43.979,17.00,0.00,TRUE,2024-03-12 00:57:50,2025-01-11 19:33:52
190,92,LHN-999365,,256.91,121.76,19.468,18.00,5.00,TRUE,2024-01-22 05:38:39,2024-09-05 09:12:30
191,93,LHN-468939,0441666390720,518.09,325.84,21.413,12.00,10.00,TRUE,2021-01-24 01:14:57,2026-05-02 13:09:13
192,93,LHN-061444,,3134.40,1996.43,32.378,18.00,10.00,TRUE,2021-09-15 20:48:19,2024-06-06 02:55:48
193,94,LHN-810046,9255673930494,2705.58,1946.46,41.338,18.00,5.00,FALSE,2021-01-21 02:35:13,2023-08-26 07:00:40
194,95,LHN-837338,2718384294479,3073.64,1592.56,12.854,17.00,0.00,TRUE,2026-07-30 07:57:41,2026-08-29 22:12:42
195,95,LHN-759108,6465448454992,2718.89,1408.75,38.894,18.00,5.00,TRUE,2022-01-12 10:53:04,2022-03-25 05:23:32
196,96,LHN-764566,9484190705951,1078.66,749.07,11.17,18.00,0.00,TRUE,2020-02-12 17:01:31,2026-03-22 23:57:04
197,96,LHN-566530,3482252263919,431.48,211.51,37.962,12.00,0.00,TRUE,2024-08-18 17:17:44,2024-10-27 03:59:09
198,96,LHN-344703,9162195171970,941.64,636.24,16.412,12.00,10.00,TRUE,2025-04-12 02:03:49,2025-06-18 04:00:07
199,97,LHN-387219,0171936002915,1845.98,1079.52,38.879,18.00,10.00,TRUE,2023-04-26 09:33:00,2024-11-11 15:17:50
200,97,LHN-684173,,2300.30,1597.43,37.581,17.00,5.00,TRUE,2021-01-30 05:44:08,2021-11-14 08:19:01
201,98,LHN-207207,2889644055724,240.37,178.05,21.07,17.00,10.00,TRUE,2025-06-07 02:16:10,2025-10-27 08:35:23
202,98,LHN-994648,5075163084674,2178.87,1379.03,17.35,18.00,5.00,TRUE,2023-05-28 05:34:15,2023-08-30 17:00:32
203,99,LHN-219083,2504162771603,1640.39,781.14,33.703,12.00,0.00,TRUE,2025-01-10 13:31:50,2026-04-26 00:38:44
204,100,LHN-296616,,62.69,35.62,14.013,18.00,10.00,TRUE,2021-02-20 18:15:36,2026-02-01 21:37:45
205,100,LHN-523996,4274280957491,2217.71,1468.68,47.414,17.00,0.00,TRUE,2022-01-13 17:23:31,2026-03-29 18:45:24
206,101,LHN-550481,8561927946519,253.79,182.58,39.694,17.00,5.00,TRUE,2022-01-10 16:24:40,2023-02-10 22:53:28
207,101,LHN-249879,6471059426280,3733.72,1839.27,30.336,17.00,5.00,TRUE,2026-04-27 04:11:57,2026-08-08 14:05:01
208,102,LHN-410602,0099637365682,711.87,497.81,1.227,17.00,0.00,TRUE,2020-11-13 15:54:05,2026-10-08 02:48:30
209,103,LHN-485834,7113708720088,1476.81,749.65,22.872,18.00,5.00,TRUE,2025-11-03 05:05:44,2026-06-17 15:07:46
210,103,LHN-259372,1784567090900,2795.79,1644.58,48.425,12.00,10.00,TRUE,2024-12-24 09:04:01,2026-08-31 04:24:03
211,103,LHN-583542,0380067038759,1981.38,1208.16,20.381,12.00,10.00,TRUE,2023-11-13 22:27:43,2025-09-15 04:22:50
212,104,LHN-012185,8285851950359,2138.38,1319.99,30.53,18.00,10.00,TRUE,2024-05-31 11:50:24,2025-01-04 21:03:11
213,105,LHN-417099,3750141175064,349.73,197.59,4.635,17.00,10.00,TRUE,2020-11-06 01:20:14,2024-08-28 16:00:48
214,106,LHN-531344,9360837639875,713.36,445.85,11.218,12.00,5.00,TRUE,2023-12-09 17:19:27,2026-08-21 19:15:56
215,106,LHN-639347,3635609942191,1052.21,706.18,17.719,18.00,10.00,TRUE,2024-01-11 03:32:12,2024-07-06 14:34:35
216,107,LHN-721988,7680923943368,3139.00,1814.45,2.466,18.00,5.00,TRUE,2025-12-24 12:28:32,2026-07-28 02:49:26
217,108,LHN-235392,4655073727291,531.03,266.85,25.469,17.00,10.00,TRUE,2025-03-18 09:55:07,2026-07-04 05:32:59
218,108,LHN-640623,1225736078089,208.08,115.60,49.266,18.00,5.00,TRUE,2023-08-24 04:32:50,2025-05-27 18:17:37
219,108,LHN-990985,6809286180741,2189.02,1359.64,9.502,12.00,5.00,TRUE,2022-10-12 06:19:01,2024-07-23 21:13:40
220,109,LHN-338809,,1370.50,665.29,33.327,18.00,0.00,TRUE,2022-09-28 17:58:22,2024-07-20 16:28:02
221,110,LHN-129715,5386715763443,1543.13,995.57,15.888,12.00,0.00,TRUE,2020-08-28 05:36:08,2026-07-28 14:32:08
222,110,LHN-828849,2340342651644,1843.68,1018.61,21.025,12.00,5.00,TRUE,2026-03-30 09:03:55,2026-04-09 18:51:26
223,110,LHN-800976,1882558574993,3033.43,1827.37,40.008,17.00,10.00,TRUE,2022-04-21 07:14:47,2026-02-15 06:41:19
224,111,LHN-462788,,3157.67,1636.10,19.04,17.00,10.00,TRUE,2022-09-03 19:58:52,2025-09-18 04:16:29
225,111,LHN-196507,,1568.66,772.74,17.771,18.00,10.00,TRUE,2025-05-07 03:11:48,2026-11-07 21:44:27
226,111,LHN-912435,5608263575249,1724.28,801.99,24.95,12.00,0.00,TRUE,2025-01-18 07:05:15,2025-06-28 02:14:44
227,112,LHN-334183,6374103204493,3893.89,1927.67,25.781,12.00,5.00,TRUE,2022-11-18 22:25:02,2024-09-15 11:37:55
228,113,LHN-258023,4765491279194,1458.18,1026.89,6.368,18.00,5.00,TRUE,2022-04-18 21:52:54,2023-12-07 19:55:37
229,114,LHN-485571,2987987693327,3854.29,1826.68,32.953,12.00,0.00,TRUE,2024-06-15 07:14:14,2025-04-06 02:40:13
230,114,LHN-156424,3527464699528,1744.87,953.48,26.916,18.00,10.00,TRUE,2026-10-18 04:30:19,2026-12-31 00:40:04
231,114,LHN-753573,4812695665190,2803.89,1832.61,28.85,17.00,0.00,TRUE,2024-05-30 16:44:56,2026-06-19 09:45:22
232,115,LHN-949615,9576458852603,2403.32,1195.68,29.095,12.00,0.00,TRUE,2022-06-01 19:48:23,2026-03-08 15:27:53
233,115,LHN-244263,,2415.40,1219.90,32.764,17.00,5.00,TRUE,2025-05-25 07:42:27,2026-08-09 15:14:21
234,115,LHN-740101,8805671854615,1089.75,637.28,48.419,17.00,0.00,TRUE,2025-08-09 14:02:18,2026-01-17 16:25:24
235,116,LHN-391937,9156606684807,947.52,430.69,5.172,12.00,5.00,TRUE,2026-01-16 15:45:24,2026-09-16 01:31:34
236,116,LHN-360466,5126385134767,465.47,236.28,34.04,17.00,0.00,TRUE,2020-03-28 15:05:20,2025-06-12 23:36:01
237,117,LHN-931901,0630138776289,3281.12,1562.44,36.442,17.00,10.00,TRUE,2022-08-15 02:42:37,2025-06-06 15:37:19
238,117,LHN-207525,6822300666953,477.39,304.07,24.808,17.00,5.00,TRUE,2021-07-11 01:42:00,2024-03-14 13:34:06
239,118,LHN-959770,3067592164623,624.14,304.46,3.988,18.00,10.00,TRUE,2024-01-29 15:33:03,2025-12-18 11:29:27
240,118,LHN-133301,,1433.22,1009.31,10.902,17.00,5.00,TRUE,2020-10-17 19:35:29,2026-03-03 10:50:51
241,118,LHN-543582,2061500180454,1048.92,659.70,0.72,17.00,5.00,TRUE,2021-08-20 07:04:42,2025-07-11 00:53:11
242,119,LHN-599210,1739975386619,542.80,325.03,15.308,18.00,0.00,TRUE,2020-10-12 10:49:30,2024-06-17 03:53:23
243,120,LHN-524024,7299569696769,400.85,213.22,11.12,18.00,10.00,TRUE,2026-04-07 07:32:32,2026-05-14 21:59:50
244,121,LHN-704201,7558827886657,3983.40,1971.98,43.667,17.00,5.00,FALSE,2020-01-09 23:31:05,2024-03-20 05:36:48
245,121,LHN-508411,2445236907576,2325.80,1426.87,36.994,12.00,5.00,TRUE,2020-06-19 16:36:23,2021-07-04 18:19:17
246,122,LHN-220102,6621071553543,2844.98,1521.38,2.433,17.00,0.00,TRUE,2025-04-14 07:54:50,2026-12-05 00:50:45
247,123,LHN-136796,9672126841303,3483.18,1893.03,30.853,17.00,10.00,TRUE,2021-06-22 11:40:30,2026-07-07 18:33:57
248,123,LHN-438034,7972369155963,1429.60,649.82,6.626,18.00,10.00,TRUE,2022-06-16 01:15:14,2024-05-07 10:51:53
249,124,LHN-392790,4556855419659,2147.93,1325.88,41.624,18.00,0.00,TRUE,2026-08-23 15:24:55,2026-10-04 10:25:20
250,124,LHN-644841,,347.44,246.41,36.944,17.00,0.00,TRUE,2025-03-12 11:40:15,2026-08-13 12:21:55
251,125,LHN-163314,,539.43,317.31,29.131,12.00,0.00,TRUE,2022-11-10 07:54:20,2025-08-13 01:31:40
252,125,LHN-399930,0611528036176,1266.06,719.35,21.864,17.00,10.00,TRUE,2025-06-27 04:58:22,2026-11-03 20:19:20
253,126,LHN-237052,7804743460625,3083.67,1519.05,6.303,12.00,10.00,TRUE,2023-01-11 13:17:26,2026-06-04 23:09:04
254,126,LHN-818024,3812279400927,1278.83,659.19,10.66,17.00,5.00,TRUE,2026-02-15 10:51:48,2026-11-03 22:28:42
255,127,LHN-513044,0128979094049,3662.67,1840.54,40.316,17.00,5.00,TRUE,2025-08-04 11:17:07,2026-07-21 21:28:13
256,127,LHN-812832,,1360.44,1007.73,20.352,18.00,10.00,TRUE,2020-12-05 19:36:49,2025-12-27 13:10:03
257,128,LHN-263950,8643397477202,69.33,41.27,41.884,18.00,10.00,TRUE,2021-04-28 03:25:26,2025-10-25 20:18:54
258,128,LHN-762559,9387401295336,2498.44,1747.16,19.572,18.00,10.00,TRUE,2020-08-30 19:18:45,2023-11-05 19:21:11
259,129,LHN-715346,9663624388056,356.80,233.20,48.7,17.00,5.00,TRUE,2023-06-16 09:30:21,2023-08-14 03:47:38
260,129,LHN-967929,4768446085369,1489.60,961.03,35.376,17.00,10.00,TRUE,2025-12-29 09:21:59,2026-02-25 04:06:13
261,130,LHN-744271,8062045188879,2489.83,1251.17,35.62,17.00,0.00,TRUE,2025-06-09 08:00:29,2025-08-10 01:40:47
262,130,LHN-141757,0387023463228,1403.13,783.87,25.648,12.00,5.00,TRUE,2020-07-06 04:54:48,2025-12-17 20:00:19
263,130,LHN-788016,3768154499510,2974.82,1859.26,7.245,12.00,0.00,TRUE,2022-12-25 12:06:48,2023-02-25 07:54:10
264,131,LHN-965938,,1981.04,925.72,14.807,17.00,0.00,TRUE,2021-10-02 02:24:56,2024-01-04 05:17:08
265,131,LHN-510659,9388217110455,2832.12,1966.75,31.082,17.00,0.00,TRUE,2025-07-29 13:03:09,2026-02-08 15:18:31
266,132,LHN-025829,3830861158209,3372.27,1863.13,13.534,17.00,10.00,TRUE,2020-05-25 05:00:29,2022-06-19 01:33:16
267,133,LHN-932582,9218867106150,839.41,505.67,20.615,12.00,0.00,TRUE,2025-10-30 05:15:18,2026-11-02 08:10:35
268,133,LHN-929459,,2402.23,1195.14,44.225,12.00,10.00,TRUE,2022-09-21 23:59:53,2025-07-03 10:12:44
269,134,LHN-917689,1532853184891,1022.89,581.19,45.623,17.00,5.00,TRUE,2025-06-05 07:53:55,2025-07-30 18:48:03
270,134,LHN-456796,4476188526308,103.60,58.53,28.267,17.00,0.00,TRUE,2025-05-18 00:00:14,2026-07-09 01:47:15
271,135,LHN-898040,5669514144195,46.79,35.18,2.07,18.00,10.00,TRUE,2020-10-19 19:52:37,2026-12-25 07:04:11
272,135,LHN-124007,,2485.36,1524.76,23.774,17.00,5.00,TRUE,2021-06-20 23:04:32,2026-04-06 10:51:59
273,136,LHN-878599,8392571256682,865.53,460.39,42.861,17.00,5.00,TRUE,2020-11-12 18:07:10,2024-06-28 03:55:05
274,137,LHN-626925,1129742732020,1636.39,1212.14,8.795,18.00,5.00,TRUE,2026-11-22 09:42:59,2026-12-19 17:05:27
275,138,LHN-542787,1841392532880,2249.39,1159.48,31.349,18.00,10.00,TRUE,2020-05-16 15:15:56,2020-11-03 13:15:22
276,138,LHN-714900,7602869068592,1828.85,900.91,32.269,18.00,5.00,TRUE,2025-07-06 19:05:52,2026-07-31 04:24:55
277,139,LHN-765491,2428091819901,1540.95,1000.62,3.972,17.00,10.00,TRUE,2022-02-15 15:39:40,2026-04-22 07:36:35
278,140,LHN-093091,9354803972820,1751.22,1006.45,12.44,12.00,5.00,TRUE,2025-01-03 18:27:17,2026-10-10 01:30:26
279,140,LHN-368563,3438473249959,3511.63,1664.28,24.111,17.00,0.00,TRUE,2020-11-07 00:07:13,2022-09-14 06:05:08
280,141,LHN-556664,0872880265424,2408.98,1771.31,14.357,12.00,10.00,TRUE,2023-08-30 20:36:32,2025-06-28 04:08:53
281,141,LHN-474181,0167265868940,1354.34,1041.80,13.985,18.00,10.00,TRUE,2023-05-29 04:21:17,2024-10-31 20:27:04
282,141,LHN-801931,9759201342075,612.32,325.70,18.357,12.00,5.00,TRUE,2024-10-20 08:56:15,2026-11-20 01:49:16
283,142,LHN-270820,3287867859973,2111.43,1426.64,9.765,17.00,5.00,FALSE,2020-07-21 10:09:55,2022-04-12 13:24:17
284,143,LHN-219421,0699008905587,2079.95,1333.30,47.438,18.00,10.00,TRUE,2021-10-21 22:29:51,2022-06-06 00:47:42
285,143,LHN-167095,6922396319679,380.09,281.55,0.108,12.00,5.00,TRUE,2020-06-29 02:03:26,2026-08-17 11:43:41
286,143,LHN-563391,0635727923099,2277.61,1150.31,43.244,17.00,0.00,TRUE,2023-08-09 09:04:09,2026-09-19 13:28:06
287,144,LHN-160223,9671139723507,996.89,493.51,26.019,17.00,0.00,TRUE,2025-01-01 03:26:21,2025-12-30 10:04:24
288,144,LHN-059232,9332866700086,45.56,21.39,24.734,12.00,5.00,TRUE,2023-09-06 01:21:11,2023-10-02 06:22:33
289,144,LHN-262711,5371561357465,3243.15,1715.95,33.966,18.00,0.00,TRUE,2022-10-11 05:17:06,2024-12-01 19:00:16
290,145,LHN-568743,2236269644398,1165.56,669.86,1.276,17.00,0.00,TRUE,2026-07-23 22:54:07,2026-11-26 21:27:41
291,145,LHN-768668,6634881163253,2264.25,1167.14,0.515,18.00,10.00,TRUE,2021-01-21 05:40:18,2023-01-28 07:56:09
292,146,LHN-331126,9760686010960,2409.31,1295.33,49.642,18.00,5.00,TRUE,2022-08-12 09:49:17,2025-12-19 12:08:01
293,146,LHN-019959,6702671959154,2398.41,1609.67,26.209,17.00,10.00,TRUE,2026-12-23 15:59:08,2026-12-29 22:13:23
294,147,LHN-945034,0765830894778,3564.11,1837.17,3.785,18.00,0.00,TRUE,2023-11-24 12:03:16,2024-01-22 01:34:13
295,147,LHN-237655,9966430460443,2261.84,1235.98,27.624,12.00,5.00,TRUE,2021-02-12 19:58:02,2022-09-05 07:11:22
296,148,LHN-244067,8664837169235,811.16,395.69,6.755,17.00,5.00,TRUE,2024-03-06 22:54:01,2026-06-12 13:05:28
297,149,LHN-406123,8717132254097,635.92,421.14,48.893,18.00,5.00,TRUE,2023-01-06 09:01:16,2023-03-29 10:22:43
298,149,LHN-224382,7403984742554,1028.21,761.64,24.974,17.00,10.00,TRUE,2020-02-02 07:09:26,2022-02-02 17:09:18
299,150,LHN-537793,5602853739196,266.31,149.61,39.424,12.00,0.00,TRUE,2023-09-25 19:20:17,2024-08-31 06:55:45
300,150,LHN-917754,0828582992960,764.21,534.41,26.779,12.00,0.00,TRUE,2023-12-10 03:05:42,2026-08-30 01:23:41
301,150,LHN-761774,0110117715121,1854.12,1116.94,29.513,17.00,0.00,TRUE,2025-08-15 11:26:02,2026-11-18 05:38:42
302,151,LHN-390007,3325714543375,2557.48,1588.50,1.346,17.00,10.00,TRUE,2023-07-19 00:55:54,2025-05-03 19:00:10
303,152,LHN-199903,2730414108006,2112.40,1295.95,36.314,12.00,10.00,TRUE,2024-06-24 16:01:46,2024-12-18 13:30:01
304,152,LHN-360573,5705066309795,2646.56,1512.32,17.138,18.00,10.00,TRUE,2023-06-27 18:59:31,2024-12-22 11:55:17
305,152,LHN-577354,,3102.51,1416.67,44.508,12.00,5.00,TRUE,2022-12-10 01:25:39,2023-02-19 22:56:58
306,153,LHN-189707,1685649801196,501.46,293.25,12.381,17.00,10.00,TRUE,2023-07-13 07:37:34,2024-02-13 08:51:25
307,153,LHN-383939,0161519627406,984.70,453.78,22.996,12.00,5.00,TRUE,2023-05-15 11:32:03,2024-02-15 18:26:02
308,153,LHN-018613,8442675119526,1905.32,1127.41,6.487,17.00,5.00,TRUE,2024-08-24 12:19:31,2024-12-13 18:19:22
309,154,LHN-267610,9452194334064,2422.30,1523.46,27.604,18.00,5.00,TRUE,2021-05-08 17:51:23,2026-08-09 02:06:54
310,154,LHN-301594,3517587496166,3447.79,1681.85,44.823,18.00,5.00,TRUE,2024-04-26 05:48:06,2026-09-06 03:13:35
311,154,LHN-774541,2280419448121,3755.98,1956.24,23.629,17.00,10.00,TRUE,2021-02-16 07:51:17,2026-12-09 05:42:28
312,155,LHN-353962,4339800498592,1186.18,637.73,38.573,17.00,10.00,TRUE,2022-02-14 20:07:48,2022-06-10 09:32:59
313,156,LHN-247083,7824582429423,2778.30,1560.84,28.598,12.00,10.00,TRUE,2026-03-16 16:48:22,2026-03-31 00:39:40
314,156,LHN-575869,8371021240419,2967.96,1658.08,22.814,17.00,0.00,TRUE,2020-03-18 02:01:38,2022-08-11 02:26:18
315,156,LHN-375360,7792177354019,3084.28,1742.53,28.232,18.00,0.00,TRUE,2025-09-24 10:09:23,2026-01-18 05:19:51
316,157,LHN-477634,8434301463837,4083.48,1982.27,46.653,17.00,0.00,TRUE,2024-06-18 13:49:50,2026-07-07 06:46:43
317,158,LHN-404411,9127092155775,253.19,188.95,17.727,17.00,5.00,TRUE,2024-04-01 15:18:38,2025-03-11 04:38:49
318,158,LHN-513250,1100746234932,1067.79,667.37,7.543,18.00,5.00,TRUE,2026-09-20 01:52:55,2026-12-08 16:11:39
319,158,LHN-302931,7871902750736,1890.29,871.10,20.436,18.00,5.00,TRUE,2026-03-31 04:00:28,2026-11-20 07:59:31
320,159,LHN-601489,,2487.22,1256.17,26.352,17.00,0.00,TRUE,2026-09-16 21:38:20,2026-12-21 01:37:04
321,159,LHN-278353,6755913253206,1972.57,1494.37,17.749,17.00,10.00,TRUE,2022-10-28 01:21:12,2025-05-09 16:54:46
322,160,LHN-029125,8524275787746,3581.44,1884.97,41.913,17.00,5.00,TRUE,2026-06-01 22:01:10,2026-07-23 17:36:50
323,160,LHN-617276,3913751365564,2902.38,1687.43,31.223,18.00,10.00,TRUE,2023-06-16 07:39:26,2024-07-19 06:43:38
324,160,LHN-561045,2099959103359,550.01,284.98,23.448,17.00,10.00,TRUE,2026-10-12 18:42:59,2026-12-16 23:56:51
325,161,LHN-720146,9905095049587,311.98,149.99,45.221,17.00,10.00,TRUE,2022-12-15 09:00:42,2024-12-19 09:34:19
326,161,LHN-320826,,2882.29,1322.15,21.805,17.00,0.00,TRUE,2026-04-07 22:28:57,2026-08-04 13:08:59
327,161,LHN-801131,5906847741432,2109.45,1146.44,33.924,12.00,5.00,TRUE,2023-05-31 15:54:46,2025-01-23 13:08:59
328,162,LHN-557467,7997913168787,2492.10,1557.56,33.814,18.00,10.00,TRUE,2025-03-12 11:42:10,2026-01-04 12:39:59
329,163,LHN-729636,2175541996797,2541.11,1358.88,4.914,12.00,5.00,TRUE,2024-12-24 21:44:09,2026-12-06 04:33:03
330,164,LHN-541810,9318720871093,1896.93,1193.04,34.495,12.00,5.00,TRUE,2026-11-19 20:11:26,2026-11-25 04:54:57
331,164,LHN-905808,6739073100808,1832.14,954.24,5.878,18.00,0.00,TRUE,2023-01-16 14:01:26,2026-02-10 21:14:39
332,165,LHN-759446,2743596002680,3680.63,1968.25,42.969,18.00,10.00,TRUE,2026-10-26 17:01:51,2026-10-28 13:38:13
333,165,LHN-149847,3655149773215,1071.58,595.32,44.759,18.00,0.00,TRUE,2026-01-22 09:09:42,2026-11-16 10:45:17
334,166,LHN-375294,1852500803846,1704.57,941.75,17.556,17.00,10.00,TRUE,2022-09-06 00:54:39,2025-08-16 09:58:05
335,167,LHN-982583,5651616226527,1034.23,754.91,33.956,12.00,10.00,TRUE,2023-06-28 13:40:04,2026-09-15 03:01:43
336,167,LHN-531503,7366355062005,3541.51,1935.25,0.125,17.00,5.00,TRUE,2026-02-01 10:20:47,2026-10-31 08:16:30
337,167,LHN-913107,1830267010370,1135.35,533.03,39.296,17.00,5.00,TRUE,2025-06-20 14:53:43,2026-03-31 08:34:10
338,168,LHN-368821,,311.37,184.24,9.273,17.00,10.00,TRUE,2020-10-08 00:19:17,2023-12-10 04:41:58
339,168,LHN-537386,3836621428964,2476.76,1226.12,26.787,17.00,5.00,TRUE,2026-12-07 14:45:05,2026-12-28 20:37:27
340,169,LHN-488524,4646566853047,1119.77,674.56,34.849,12.00,10.00,TRUE,2026-12-01 17:23:56,2026-12-18 19:43:12
341,170,LHN-042718,4541409567788,265.57,180.66,32.079,17.00,0.00,TRUE,2021-01-18 20:24:08,2025-05-11 23:58:47
342,170,LHN-201037,6490088301078,3063.56,1701.98,45.394,12.00,10.00,TRUE,2025-02-25 19:47:12,2026-06-24 11:41:29
343,171,LHN-616875,5704548549643,695.61,500.44,13.062,18.00,10.00,TRUE,2026-11-18 10:49:26,2026-12-13 07:08:55
344,171,LHN-757386,3682113485478,3685.42,1929.54,35.058,12.00,5.00,TRUE,2026-01-08 04:21:07,2026-02-19 17:56:19
345,171,LHN-605492,2152730712536,2661.46,1901.04,24.288,17.00,0.00,TRUE,2024-08-13 01:30:03,2025-05-12 12:43:31
346,172,LHN-564335,5411976131738,1779.66,988.70,2.724,12.00,5.00,TRUE,2021-05-18 15:45:23,2025-09-25 07:25:52
347,173,LHN-666608,5944466444587,2651.34,1244.76,42.09,12.00,0.00,TRUE,2021-01-15 11:00:29,2026-04-23 06:22:19
348,173,LHN-761270,2208054971149,2160.77,1028.94,37.278,12.00,0.00,TRUE,2026-07-08 09:36:55,2026-11-25 08:13:02
349,174,LHN-395321,2128042694624,770.28,397.05,29.542,12.00,5.00,TRUE,2025-11-06 02:02:02,2026-05-08 00:54:32
350,174,LHN-737351,6521274708118,3084.23,1623.28,49.967,18.00,10.00,TRUE,2025-01-06 10:11:46,2026-11-08 03:38:09
351,174,LHN-448636,3008317053471,3683.74,1991.21,11.693,17.00,5.00,TRUE,2025-12-05 14:23:27,2026-11-21 03:14:47
352,175,LHN-361210,6287588398079,2094.66,1301.03,24.494,18.00,5.00,TRUE,2020-10-09 17:19:17,2025-05-26 13:55:18
353,175,LHN-312680,5775994576552,371.77,217.41,17.533,18.00,5.00,TRUE,2021-11-01 01:40:12,2023-02-27 16:56:44
354,176,LHN-276763,8366555029364,543.46,286.03,10.396,17.00,10.00,TRUE,2024-01-07 12:21:54,2026-04-08 00:11:41
355,176,LHN-524292,,407.01,246.67,1.353,18.00,10.00,TRUE,2020-03-26 19:51:23,2026-11-09 05:16:17
356,176,LHN-721129,5000894353744,410.03,257.88,10.006,12.00,10.00,TRUE,2024-01-11 00:30:20,2025-05-31 13:50:31
357,177,LHN-509603,,323.50,158.58,27.801,17.00,10.00,TRUE,2025-10-24 21:23:49,2026-01-19 17:01:32
358,177,LHN-742849,5892467649015,274.35,157.67,33.362,18.00,0.00,TRUE,2023-08-27 05:29:19,2024-05-30 17:11:16
359,177,LHN-963869,9203665904114,2446.29,1867.40,32.545,12.00,10.00,TRUE,2021-05-19 19:25:03,2023-04-04 08:59:01
360,178,LHN-935624,6517503557596,1639.82,819.91,21.08,17.00,0.00,TRUE,2021-12-01 18:45:08,2024-06-01 10:38:32
361,178,LHN-906593,6691980328037,1153.05,674.30,1.469,18.00,0.00,TRUE,2026-10-09 22:04:20,2026-10-31 19:03:59
362,179,LHN-867120,2148559000626,1475.97,843.41,28.173,12.00,0.00,TRUE,2025-07-30 06:46:07,2026-04-07 07:29:04
363,179,LHN-182063,7321993454247,532.97,323.01,16.077,17.00,5.00,TRUE,2021-12-13 01:05:17,2024-10-06 19:19:47
364,180,LHN-132290,1571528855193,1049.51,610.18,37.93,18.00,0.00,TRUE,2021-05-26 23:39:23,2024-07-12 04:26:25
365,180,LHN-830083,8738551131516,131.14,81.96,8.087,17.00,0.00,TRUE,2024-04-06 19:13:36,2025-03-02 12:04:44
366,180,LHN-581742,3031582901963,2697.71,1226.23,31.939,17.00,10.00,TRUE,2021-07-13 00:29:29,2025-03-05 00:19:36
367,181,LHN-653353,5259160055848,1294.48,931.28,4.198,18.00,10.00,FALSE,2023-04-21 22:21:32,2026-12-20 09:02:13
368,181,LHN-929005,4820411553010,2939.24,1959.49,16.815,17.00,5.00,TRUE,2023-04-20 21:38:03,2024-07-03 04:26:41
369,182,LHN-581935,,3696.81,1680.37,28.518,18.00,10.00,TRUE,2023-02-03 00:14:03,2026-01-23 16:09:33
370,182,LHN-931968,7266494086477,1711.73,877.81,49.069,18.00,0.00,TRUE,2022-11-12 10:04:24,2025-04-16 19:37:35
371,183,LHN-455459,3605217263155,1309.93,779.72,18.287,17.00,10.00,TRUE,2021-02-04 15:17:59,2025-11-06 23:14:28
372,183,LHN-545542,3381585189388,2922.48,1826.55,22.461,18.00,5.00,TRUE,2024-03-10 21:33:23,2025-04-27 17:31:44
373,184,LHN-843761,5806760982069,2162.93,1368.94,47.031,17.00,5.00,TRUE,2026-11-10 05:33:34,2026-11-28 09:47:44
374,185,LHN-407465,7048809524634,873.94,526.47,19.984,12.00,10.00,TRUE,2024-12-31 07:22:41,2025-06-15 11:22:51
375,186,LHN-968944,2564250560564,2207.21,1321.68,31.564,17.00,5.00,TRUE,2020-04-28 06:21:07,2021-08-05 06:09:30
376,187,LHN-686992,,1276.82,591.12,43.269,17.00,5.00,FALSE,2021-03-16 04:37:02,2025-09-25 22:04:31
377,187,LHN-134712,5723499800009,1749.78,1335.71,21.753,12.00,5.00,TRUE,2023-01-13 06:22:07,2026-10-23 05:16:50
378,187,LHN-023205,8044246929062,3602.06,1757.10,6.672,17.00,0.00,TRUE,2021-03-30 07:55:50,2025-12-12 13:17:53
379,188,LHN-918614,5751387784957,3730.87,1828.86,12.248,17.00,5.00,TRUE,2023-11-20 01:22:17,2024-06-12 08:36:20
380,188,LHN-860529,1858693882026,1042.47,566.56,30.234,12.00,10.00,TRUE,2020-10-09 19:18:04,2022-11-18 09:00:57
381,188,LHN-770929,3435813959851,2111.00,1199.43,41.101,18.00,10.00,TRUE,2022-08-05 04:01:47,2022-11-08 21:30:13
382,189,LHN-617427,4678091853452,2579.96,1216.96,4.543,12.00,10.00,TRUE,2021-06-22 19:37:29,2025-10-13 17:06:01
383,190,LHN-727978,6610386514868,64.49,35.63,24.458,18.00,10.00,TRUE,2024-10-23 20:59:03,2024-12-24 06:45:08
384,190,LHN-799545,5691762082899,751.10,472.39,28.963,18.00,10.00,TRUE,2025-04-07 07:21:42,2025-11-02 09:27:16
385,190,LHN-686875,1940701647823,849.69,562.71,6.299,18.00,10.00,TRUE,2020-10-29 12:04:41,2021-03-06 23:30:45
386,191,LHN-684919,8365327768784,1069.38,763.84,4.735,18.00,0.00,TRUE,2025-01-20 04:09:28,2025-10-04 03:28:06
387,191,LHN-315705,,2704.24,1629.06,27.112,12.00,0.00,TRUE,2026-08-30 23:34:47,2026-11-07 12:25:13
388,191,LHN-503948,4758455236920,2589.27,1377.27,27.887,12.00,5.00,TRUE,2020-11-10 13:38:07,2021-05-26 15:35:52
389,192,LHN-786463,7455958700602,2211.43,1445.38,36.281,12.00,0.00,TRUE,2022-10-11 02:42:12,2026-03-16 02:57:48
390,192,LHN-193662,,308.23,237.10,0.34,18.00,10.00,TRUE,2025-04-10 03:09:52,2025-09-18 18:03:42
391,193,LHN-361341,5793629524228,1362.27,840.91,25.005,17.00,5.00,TRUE,2026-07-15 01:58:58,2026-08-26 02:46:32
392,194,LHN-364453,3916176425653,1043.87,656.52,27.646,12.00,0.00,TRUE,2020-12-20 03:22:56,2024-01-20 22:31:32
393,194,LHN-451869,5371993833513,1380.77,1022.79,14.648,18.00,10.00,TRUE,2023-02-05 17:28:07,2026-02-24 15:54:58
394,195,LHN-934253,,2510.54,1588.95,4.944,12.00,5.00,TRUE,2021-11-10 05:32:03,2026-10-05 05:13:56
395,195,LHN-410593,6722549347869,3373.90,1916.99,49.131,12.00,10.00,TRUE,2025-11-12 01:40:04,2026-01-20 14:49:05
396,195,LHN-182662,6960922925246,677.01,316.36,44.587,18.00,5.00,TRUE,2023-02-10 09:45:43,2026-10-08 10:33:37
397,196,LHN-010722,6873374798613,1211.36,761.86,31.679,18.00,5.00,TRUE,2023-10-05 21:06:25,2026-06-19 22:09:28
398,196,LHN-989289,8941756747752,960.29,508.09,1.692,12.00,10.00,TRUE,2025-01-19 18:35:40,2025-07-04 10:58:10
399,197,LHN-061300,3306800906199,807.78,416.38,30.772,17.00,10.00,TRUE,2021-02-28 04:39:12,2025-03-15 22:03:45
400,197,LHN-100901,0883493763047,2611.58,1492.33,7.648,17.00,5.00,TRUE,2026-02-24 06:08:20,2026-09-30 17:02:30
401,198,LHN-809076,8319544540029,2763.78,1695.57,30.628,18.00,5.00,TRUE,2024-11-24 12:36:01,2025-05-12 18:34:46
402,198,LHN-584100,6206517548194,1676.19,980.23,11.125,17.00,0.00,TRUE,2021-06-09 22:00:02,2021-12-09 16:16:56
403,199,LHN-481254,7554468404953,2942.90,1794.45,17.405,17.00,5.00,TRUE,2025-09-29 23:07:00,2026-10-25 05:47:13
404,200,LHN-350986,9755287928905,271.65,183.55,14.202,17.00,0.00,TRUE,2025-03-06 03:57:29,2026-11-12 14:40:01
405,201,LHN-852712,0544920829957,2954.61,1669.27,36.455,17.00,5.00,TRUE,2026-01-07 18:22:25,2026-04-24 10:00:47
406,201,LHN-758750,7903543077436,4130.15,1966.74,13.587,12.00,5.00,TRUE,2025-04-21 20:45:47,2026-06-16 07:38:46
407,202,LHN-151812,3083490232974,2324.71,1081.26,18.739,12.00,0.00,TRUE,2025-11-23 08:25:12,2026-08-23 19:34:16
408,202,LHN-057852,1745925268591,364.81,258.73,3.305,18.00,5.00,TRUE,2026-04-12 10:33:36,2026-10-17 11:54:18
409,203,LHN-568908,,869.52,404.43,3.962,17.00,0.00,TRUE,2020-09-03 22:41:26,2026-02-25 16:58:27
410,203,LHN-069697,,368.49,169.81,44.955,17.00,0.00,TRUE,2024-05-07 16:19:21,2025-04-14 20:56:57
411,203,LHN-353941,8176715553765,2640.24,1846.32,44.541,17.00,5.00,TRUE,2025-11-25 13:42:02,2026-10-28 09:06:25
412,204,LHN-488283,2801119053912,1770.44,1047.60,44.275,12.00,0.00,TRUE,2025-04-12 08:06:53,2025-09-27 10:54:20
413,204,LHN-185115,4263416463418,2164.79,1145.39,33.804,12.00,10.00,TRUE,2023-10-18 04:32:51,2026-03-02 13:49:33
414,204,LHN-581875,2071534200134,387.96,296.15,42.21,12.00,10.00,FALSE,2020-09-17 11:53:34,2026-03-28 00:59:13
415,205,LHN-510103,,2846.54,1375.14,40.421,17.00,10.00,TRUE,2023-06-11 20:45:21,2025-03-07 19:19:25
416,205,LHN-129604,0006448654126,1368.78,627.88,7.902,18.00,10.00,TRUE,2021-06-28 11:16:06,2022-01-20 21:07:30
417,206,LHN-560136,1508409870112,2063.82,1366.77,41.662,17.00,10.00,TRUE,2026-04-13 10:22:44,2026-07-04 07:14:02
418,206,LHN-604553,9246691066005,1487.89,817.52,42.903,12.00,5.00,TRUE,2023-06-03 04:41:11,2026-11-20 11:39:21
419,207,LHN-222588,1267142241305,1191.17,581.06,35.752,17.00,5.00,TRUE,2021-07-15 07:01:54,2024-01-21 19:43:48
420,208,LHN-975882,1369399508252,1752.23,1137.81,46.339,18.00,5.00,TRUE,2024-07-26 08:04:39,2025-09-13 22:42:10
421,208,LHN-837701,1427867618503,2199.80,1189.08,12.039,18.00,5.00,TRUE,2025-10-13 14:29:51,2026-08-25 23:32:20
422,209,LHN-321929,8946626963478,806.12,368.09,16.814,12.00,10.00,TRUE,2022-03-15 22:44:34,2026-11-08 05:24:37
423,210,LHN-661051,0191009117612,259.10,161.94,5.975,18.00,10.00,TRUE,2025-07-08 17:03:48,2026-10-26 11:14:17
424,210,LHN-144525,2769013132532,45.75,34.66,6.457,17.00,10.00,TRUE,2022-12-14 07:27:43,2025-09-04 19:59:05
425,211,LHN-419128,,2038.04,1367.81,48.59,12.00,10.00,TRUE,2021-03-10 14:35:15,2021-07-11 20:00:59
426,212,LHN-306120,2766615935196,1094.61,679.88,21.886,18.00,5.00,TRUE,2026-12-10 21:20:23,2026-12-17 01:21:19
427,212,LHN-884225,9068909303807,3734.46,1924.98,21.258,12.00,10.00,TRUE,2020-09-18 07:58:48,2026-07-24 01:08:39
428,213,LHN-900424,2894578207934,4017.39,1940.77,49.438,17.00,5.00,TRUE,2023-07-31 20:47:10,2026-08-24 16:28:33
429,213,LHN-732771,0884246642824,90.45,50.53,18.501,12.00,0.00,TRUE,2021-04-05 15:13:04,2024-01-03 15:08:19
430,214,LHN-601702,6330959434156,376.66,252.79,26.246,17.00,5.00,TRUE,2023-11-25 11:54:10,2024-01-30 03:31:58
431,214,LHN-861962,9207432240153,2554.55,1965.04,17.895,17.00,5.00,TRUE,2023-02-11 09:14:01,2023-07-29 17:14:50
432,215,LHN-642548,6994504263464,884.04,636.00,40.351,12.00,0.00,TRUE,2026-10-30 12:01:55,2026-12-22 13:14:36
433,216,LHN-909874,3381573933351,1860.26,1300.88,29.034,18.00,0.00,TRUE,2020-01-15 07:44:11,2021-02-08 12:51:01
434,216,LHN-560570,5079310669516,103.95,58.40,27.975,17.00,0.00,TRUE,2020-12-16 06:40:54,2025-06-06 15:45:12
435,216,LHN-581142,2955839677511,3107.16,1954.19,19.536,17.00,5.00,TRUE,2026-12-23 00:13:05,2026-12-31 19:32:27
436,217,LHN-567780,,2668.95,1253.03,33.505,18.00,10.00,TRUE,2026-07-24 13:20:58,2026-08-14 17:06:31
437,217,LHN-682884,2534406555980,860.44,415.67,10.126,12.00,10.00,TRUE,2024-10-10 01:11:31,2025-10-06 04:23:11
438,218,LHN-844633,6953424241563,1004.76,766.99,30.966,12.00,5.00,TRUE,2021-02-12 02:59:35,2021-09-23 15:49:16
439,219,LHN-368776,2484247331727,178.58,102.63,43.055,17.00,10.00,TRUE,2024-07-20 23:22:50,2026-11-07 09:49:30
440,219,LHN-417363,4125550853565,2540.37,1814.55,33.875,17.00,10.00,TRUE,2021-04-03 01:53:43,2021-08-14 16:44:19
441,219,LHN-971490,7396413212295,538.84,309.68,23.981,18.00,0.00,TRUE,2021-05-08 11:35:31,2023-08-15 15:23:44
442,220,LHN-715137,5849839769673,107.74,52.30,32.669,17.00,0.00,TRUE,2020-08-26 23:42:51,2023-04-28 18:19:12
443,220,LHN-983578,8823448472152,2293.63,1076.82,35.896,17.00,5.00,TRUE,2022-05-23 20:07:24,2025-04-04 03:53:24
444,221,LHN-113846,2499091699701,544.34,412.38,11.436,12.00,5.00,TRUE,2020-03-17 01:20:13,2026-03-16 08:28:46
445,222,LHN-655066,5430235896416,4125.08,1900.96,15.688,12.00,5.00,TRUE,2026-12-10 09:35:03,2026-12-11 14:23:30
446,222,LHN-058092,6745817515500,351.00,195.00,28.64,12.00,0.00,TRUE,2020-01-21 00:41:35,2026-03-25 15:23:35
447,222,LHN-028747,1349358524400,2117.41,1182.91,0.165,18.00,10.00,TRUE,2022-12-24 11:58:45,2025-03-13 17:22:43
448,223,LHN-618327,6748227191401,2792.57,1362.23,31.172,18.00,10.00,TRUE,2026-05-10 13:33:12,2026-09-14 13:09:58
449,223,LHN-721593,8677264202994,3486.24,1926.10,9.297,18.00,5.00,TRUE,2023-04-07 05:28:08,2026-09-02 21:19:45
450,223,LHN-014938,6369258005873,1585.13,1042.85,49.03,17.00,5.00,TRUE,2025-01-10 14:21:55,2025-01-15 03:05:40
451,224,LHN-199057,0305214844410,162.93,101.83,14.531,18.00,10.00,TRUE,2020-10-21 18:03:11,2022-04-15 22:36:34
452,224,LHN-019271,7938709781841,1251.11,679.95,16.023,17.00,5.00,TRUE,2021-09-04 16:25:02,2022-10-23 11:55:27
453,225,LHN-047567,6239328710238,1408.39,998.86,20.177,17.00,10.00,TRUE,2025-10-31 07:59:49,2026-02-13 21:27:57
454,226,LHN-746991,5992158018998,2770.40,1288.56,6.389,12.00,5.00,TRUE,2024-02-18 07:53:09,2025-04-03 14:45:48
455,227,LHN-165898,,1834.83,1231.43,30.607,17.00,0.00,TRUE,2023-01-23 13:26:01,2024-06-10 10:57:17
456,227,LHN-656937,7806528268495,1303.68,635.94,3.158,18.00,0.00,TRUE,2020-11-09 12:18:20,2024-03-08 01:03:29
457,227,LHN-169951,3904169905121,1414.55,680.07,12.703,12.00,0.00,TRUE,2020-10-29 19:02:51,2023-06-22 19:02:31
458,228,LHN-747816,6922657592063,495.33,309.58,1.815,12.00,10.00,TRUE,2023-12-11 15:44:15,2024-12-31 16:11:54
459,229,LHN-824824,6001692026099,381.17,173.26,10.692,18.00,5.00,TRUE,2025-06-19 18:43:44,2026-03-28 15:19:41
460,229,LHN-669414,3742636664160,2023.30,1280.57,32.311,17.00,5.00,TRUE,2025-11-21 15:26:54,2026-09-15 04:06:30
461,229,LHN-861725,5843503229944,1315.58,681.65,9.496,12.00,5.00,TRUE,2020-01-25 07:23:45,2022-03-10 05:12:55
462,230,LHN-466784,0138807440160,1700.56,1083.16,46.378,18.00,10.00,TRUE,2021-01-09 01:35:25,2021-06-03 16:21:29
463,231,LHN-058674,4220404957205,2512.58,1243.85,14.939,12.00,10.00,TRUE,2026-06-24 17:09:43,2026-12-01 23:34:31
464,231,LHN-413518,0544094738482,167.80,112.62,25.956,18.00,0.00,TRUE,2023-09-01 09:53:24,2025-04-15 10:35:19
465,231,LHN-920389,2896715839909,1776.02,1050.90,37.486,17.00,0.00,TRUE,2024-11-17 06:31:10,2026-03-05 09:44:53
466,232,LHN-982413,,1469.11,677.01,20.611,12.00,10.00,TRUE,2022-09-20 18:07:09,2023-02-22 19:15:04
467,232,LHN-915171,,718.42,415.27,30.837,12.00,5.00,TRUE,2021-05-29 05:27:55,2023-02-20 22:38:10
468,232,LHN-860026,,593.69,322.66,2.352,17.00,10.00,TRUE,2024-08-31 06:00:10,2024-12-22 05:27:41
469,233,LHN-437165,6126812297538,2123.83,1135.74,17.328,18.00,0.00,TRUE,2024-10-01 11:03:53,2026-04-26 10:52:36
470,233,LHN-492462,6820462047399,183.54,89.53,17.774,18.00,10.00,TRUE,2024-04-19 22:22:57,2025-10-08 19:20:57
471,233,LHN-564628,7120878530287,2897.06,1704.15,19.572,17.00,10.00,TRUE,2022-05-07 03:26:17,2025-08-22 23:24:38
472,234,LHN-967867,2016149792094,2364.36,1244.40,28.655,17.00,10.00,TRUE,2021-09-03 22:37:20,2026-08-04 19:42:22
473,234,LHN-395551,2068563371713,1364.36,745.55,37.038,17.00,10.00,TRUE,2025-11-23 09:46:41,2026-04-10 20:29:40
474,234,LHN-025411,3571738337333,2758.20,1523.87,2.96,17.00,5.00,TRUE,2023-12-25 02:07:29,2024-07-30 10:58:20
475,235,LHN-371965,1018039224181,2250.91,1643.00,1.125,17.00,0.00,TRUE,2026-08-18 04:35:24,2026-12-12 00:43:01
476,235,LHN-351398,,2951.54,1586.85,49.649,12.00,5.00,TRUE,2021-11-01 00:31:31,2022-10-05 07:44:59
477,236,LHN-340446,1928523762023,3785.94,1931.60,20.088,12.00,0.00,TRUE,2026-04-26 00:16:20,2026-08-05 18:17:34
478,237,LHN-392733,4873295269454,2565.48,1733.43,45.324,17.00,0.00,TRUE,2021-04-08 05:20:09,2025-02-24 16:17:02
479,237,LHN-684552,8284624186346,691.74,508.63,49.641,17.00,10.00,TRUE,2020-04-20 18:47:25,2022-11-30 15:26:16
480,237,LHN-454719,,850.69,574.79,34.176,12.00,10.00,TRUE,2021-01-19 05:03:14,2021-02-18 10:53:45
481,238,LHN-430132,5049411037644,3425.33,1695.71,28.626,12.00,0.00,TRUE,2022-01-24 17:51:13,2026-10-10 04:45:48
482,238,LHN-663270,6123570514389,1228.85,623.78,16.503,18.00,5.00,TRUE,2025-08-29 03:47:04,2025-11-14 23:57:30
483,238,LHN-019188,8573641757760,2044.03,1460.02,15.902,17.00,5.00,TRUE,2023-02-19 19:25:33,2023-03-24 17:51:40
484,239,LHN-499873,0093461248326,444.48,283.11,36.391,18.00,10.00,TRUE,2025-07-15 07:46:34,2025-07-18 11:28:29
485,239,LHN-093157,6522355016153,1610.84,915.25,25.812,17.00,0.00,TRUE,2021-02-20 15:00:59,2024-11-30 04:13:19
486,240,LHN-304058,0196974599302,1758.87,950.74,7.955,18.00,0.00,TRUE,2022-11-18 17:33:32,2024-03-04 10:27:47
487,241,LHN-483461,,2877.89,1417.68,4.374,18.00,10.00,TRUE,2023-06-16 21:07:19,2025-11-15 11:42:18
488,242,LHN-952998,0155878339797,3166.59,1445.93,44.706,18.00,5.00,TRUE,2021-07-07 12:57:26,2025-05-28 13:49:27
489,242,LHN-812881,4962158896545,1239.53,854.85,3.487,17.00,0.00,TRUE,2022-12-22 18:17:09,2025-10-01 07:28:24
490,242,LHN-507774,0329347868938,2428.81,1364.50,13.151,12.00,0.00,TRUE,2026-10-30 23:37:06,2026-12-07 09:07:49
491,243,LHN-233987,9121255603516,1655.69,991.43,5.29,18.00,10.00,TRUE,2022-04-27 12:05:52,2025-09-13 17:06:34
492,243,LHN-953756,6954272579181,2694.24,1952.35,25.707,17.00,0.00,FALSE,2021-12-26 10:15:58,2022-01-13 07:26:09
493,243,LHN-107544,9900130680275,1136.58,817.68,19.229,18.00,5.00,TRUE,2026-05-09 18:25:00,2026-06-10 07:28:46
494,244,LHN-961992,7780355027930,1707.10,879.95,37.91,12.00,10.00,TRUE,2023-01-07 12:31:22,2023-04-02 06:55:44
495,244,LHN-556782,8744247776398,2993.52,1379.50,11.599,17.00,10.00,TRUE,2022-12-20 13:08:53,2023-10-02 16:48:24
496,245,LHN-951102,4538912935852,1380.39,841.70,18.281,12.00,10.00,TRUE,2022-12-01 23:42:03,2026-05-11 19:29:25
497,245,LHN-644232,6980134462254,420.07,223.44,20.643,18.00,10.00,TRUE,2022-01-01 05:05:47,2023-07-03 05:04:02
498,246,LHN-033536,7266638941181,100.17,63.00,44.281,18.00,10.00,TRUE,2020-01-19 02:22:22,2023-07-04 19:00:43
499,247,LHN-125895,8973089635369,1958.94,1305.96,11.395,17.00,10.00,TRUE,2021-07-27 16:10:21,2023-06-10 01:05:42
500,247,LHN-743980,4190592623469,1654.94,924.55,26.595,18.00,5.00,TRUE,2026-12-03 08:05:36,2026-12-26 06:53:44
501,248,LHN-094597,,3045.41,1915.35,7.11,17.00,0.00,TRUE,2024-10-19 14:11:25,2026-02-17 19:12:12
502,249,LHN-840831,5359276384020,1653.20,768.93,25.397,17.00,0.00,TRUE,2026-04-23 00:09:59,2026-07-12 05:01:18
503,249,LHN-788708,8929470333628,2245.27,1328.56,37.825,17.00,5.00,TRUE,2023-11-09 23:45:54,2025-10-04 16:39:53
504,249,LHN-019871,4991092732497,509.32,252.14,13.412,17.00,0.00,TRUE,2020-04-27 01:12:46,2025-01-25 08:29:33
505,250,LHN-894118,8158468728065,3796.83,1749.69,20.177,18.00,10.00,TRUE,2020-10-21 16:20:21,2026-10-16 21:31:56
506,251,LHN-628818,8966654609025,1307.41,1005.70,46.575,17.00,5.00,TRUE,2025-02-20 20:45:45,2026-01-05 06:22:24
507,251,LHN-721639,,191.55,101.89,13.775,18.00,5.00,TRUE,2024-09-03 00:41:33,2026-02-10 17:58:11
508,251,LHN-659284,7891513236986,2240.19,1426.87,4.667,17.00,10.00,TRUE,2021-07-11 15:26:41,2021-10-11 02:04:08
509,252,LHN-545732,7491905950096,2858.04,1957.56,2.605,18.00,10.00,TRUE,2022-03-02 18:49:21,2022-06-04 02:15:20
510,253,LHN-381331,9247306982611,319.25,202.06,12.867,17.00,10.00,TRUE,2020-06-14 00:55:56,2023-04-19 11:52:54
511,253,LHN-811838,9793333775028,1729.09,1145.09,17.947,17.00,5.00,TRUE,2022-11-20 00:58:44,2023-10-02 15:03:01
512,254,LHN-612730,5171855033132,242.94,161.96,9.372,18.00,0.00,TRUE,2020-01-14 01:31:32,2026-09-26 22:19:51
513,254,LHN-924564,4178554283142,2632.87,1303.40,31.666,12.00,0.00,TRUE,2025-04-30 14:51:36,2025-06-08 04:56:03
514,254,LHN-692923,8047131300960,2369.19,1427.22,14.739,18.00,10.00,TRUE,2023-10-28 18:21:54,2026-04-09 13:31:03
515,255,LHN-719047,7879193677817,1166.89,627.36,36.127,17.00,5.00,TRUE,2024-06-12 15:37:09,2024-07-24 07:09:56
516,255,LHN-325710,0634212534994,410.74,225.68,22.24,17.00,10.00,TRUE,2023-11-26 18:58:34,2024-02-12 01:37:38
517,255,LHN-339593,,1000.34,521.01,16.598,12.00,10.00,FALSE,2020-02-22 06:36:29,2023-06-10 23:52:23
518,256,LHN-951480,2158226499684,1469.13,941.75,2.194,12.00,10.00,TRUE,2023-03-04 00:29:37,2025-02-06 20:36:03
519,256,LHN-872048,9135018570540,122.56,77.57,12.257,12.00,10.00,TRUE,2023-02-22 12:51:14,2024-06-30 06:33:51
520,256,LHN-911726,4914608090409,71.33,50.95,27.988,12.00,0.00,TRUE,2023-10-21 20:56:03,2026-05-29 16:25:28
521,257,LHN-105883,6537080962118,1707.44,1108.73,45.865,12.00,0.00,TRUE,2023-10-16 01:34:30,2024-10-01 20:15:01
522,257,LHN-639640,6299612876644,672.80,352.25,26.33,12.00,0.00,FALSE,2024-08-19 07:41:19,2026-01-08 20:32:27
523,258,LHN-730053,0953269994392,2812.60,1887.65,10.503,12.00,0.00,TRUE,2020-09-12 22:48:58,2025-02-01 01:20:53
524,258,LHN-838268,,3058.94,1593.20,22.838,17.00,10.00,TRUE,2025-03-24 23:59:33,2026-09-14 18:11:53
525,258,LHN-067210,4377610446587,4353.53,1997.03,20.608,12.00,5.00,TRUE,2026-04-15 17:19:13,2026-07-28 17:19:45
526,259,LHN-132378,8645342677507,2641.36,1591.18,44.817,17.00,0.00,TRUE,2020-08-05 08:24:09,2022-08-17 04:01:45
527,259,LHN-396779,5939982605499,1140.17,844.57,47.868,12.00,10.00,TRUE,2025-12-05 16:21:38,2026-09-22 20:57:47
528,260,LHN-437436,,2392.30,1485.90,46.841,17.00,5.00,TRUE,2026-09-07 09:24:59,2026-12-18 07:29:05
529,260,LHN-496708,1475510693841,1891.34,1220.22,41.435,12.00,0.00,TRUE,2024-09-26 00:40:48,2025-03-28 15:05:18
530,261,LHN-145691,5788761918493,1359.18,635.13,23.096,18.00,5.00,TRUE,2025-07-01 21:28:01,2026-08-04 12:15:39
531,261,LHN-412681,,1052.78,711.34,35.27,17.00,0.00,TRUE,2022-10-12 12:41:06,2025-08-17 15:06:25
532,262,LHN-611591,2265619574955,232.09,128.94,31.485,12.00,5.00,TRUE,2023-08-05 08:12:01,2025-09-21 11:25:22
533,263,LHN-476482,3736372647839,1796.67,950.62,12.907,18.00,10.00,TRUE,2024-03-29 17:42:32,2025-07-13 09:24:37
534,264,LHN-872306,,552.75,421.95,4.163,12.00,10.00,TRUE,2021-01-25 13:53:03,2021-09-22 23:14:27
535,264,LHN-710774,2433500359312,3650.91,1881.91,31.343,18.00,10.00,FALSE,2021-07-17 09:44:18,2022-12-24 20:25:48
536,264,LHN-866078,,3068.24,1526.49,15.583,12.00,10.00,TRUE,2026-09-20 15:41:52,2026-10-20 01:40:08
537,265,LHN-623775,1749101758067,1824.14,868.64,5.887,18.00,0.00,TRUE,2021-05-14 03:08:44,2022-10-24 22:40:22
538,265,LHN-389293,4856447782575,2358.30,1247.78,32.054,12.00,0.00,FALSE,2025-01-27 08:51:02,2026-09-22 00:19:09
539,266,LHN-934318,,2650.73,1293.04,40.77,18.00,10.00,FALSE,2026-09-08 03:12:41,2026-10-04 18:26:03
540,266,LHN-451355,5322763450065,2436.75,1392.43,17.615,17.00,5.00,TRUE,2023-02-12 05:25:25,2023-07-11 03:27:09
541,267,LHN-199507,1855286332586,335.92,241.67,30.116,18.00,5.00,FALSE,2020-12-18 23:19:05,2021-08-14 17:46:52
542,267,LHN-580775,8706787985012,419.41,199.72,3.575,17.00,5.00,TRUE,2020-02-20 12:10:53,2024-12-12 12:18:23
543,267,LHN-102355,1480431586806,1284.51,764.59,20.116,17.00,5.00,TRUE,2023-05-21 18:18:42,2026-01-08 22:27:32
544,268,LHN-717429,6371635368693,1536.13,991.05,24.508,17.00,10.00,TRUE,2020-12-21 04:52:35,2025-03-05 13:21:20
545,268,LHN-997213,4053180811887,518.00,299.42,13.414,18.00,10.00,TRUE,2022-03-25 02:22:10,2022-12-05 21:49:09
546,268,LHN-135511,9735271197319,2466.25,1347.68,43.392,12.00,5.00,TRUE,2020-04-30 15:29:15,2024-02-11 08:52:04
547,269,LHN-469107,7897700207203,2508.33,1529.47,1.311,17.00,0.00,TRUE,2023-03-24 15:05:03,2025-11-02 22:41:10
548,269,LHN-090721,3436632907610,924.90,553.83,14.259,17.00,0.00,TRUE,2020-01-16 11:37:12,2025-11-21 12:12:25
549,269,LHN-771162,6128141477865,2616.52,1645.61,16.368,18.00,0.00,TRUE,2022-11-12 21:31:01,2026-09-10 12:33:40
550,270,LHN-074098,5111107768818,538.89,318.87,19.605,12.00,0.00,FALSE,2020-08-12 05:58:18,2023-07-07 15:37:16
551,271,LHN-228257,,2758.75,1724.22,36.829,17.00,0.00,TRUE,2023-12-31 01:11:03,2026-10-07 15:07:56
552,272,LHN-750307,7504430334177,2692.10,1922.93,18.049,18.00,5.00,TRUE,2026-04-25 22:33:19,2026-11-29 12:01:27
553,272,LHN-703402,2917877535536,2778.62,1316.88,40.773,12.00,10.00,FALSE,2025-10-11 03:29:04,2026-04-21 23:17:41
554,272,LHN-031502,0754531119969,1121.67,606.31,15.855,12.00,0.00,TRUE,2026-01-19 15:28:51,2026-12-11 17:27:15
555,273,LHN-171003,,172.82,90.48,42.686,18.00,0.00,TRUE,2025-03-13 07:46:07,2026-06-21 08:10:00
556,273,LHN-081972,5703372413663,2254.06,1426.62,19.058,12.00,0.00,TRUE,2023-10-24 12:59:31,2024-03-07 17:06:29
557,274,LHN-392486,8973931174329,2378.94,1239.03,28.77,17.00,10.00,TRUE,2025-11-05 04:27:09,2026-04-15 21:08:24
558,274,LHN-427636,2844751637850,1757.24,1246.27,38.443,18.00,10.00,TRUE,2026-07-29 10:16:50,2026-10-03 23:48:03
559,274,LHN-871349,0066543356110,893.57,444.56,36.934,12.00,0.00,TRUE,2026-01-31 22:19:36,2026-02-27 15:44:23
560,275,LHN-075781,1230527385802,2092.58,1597.39,3.424,12.00,5.00,TRUE,2026-01-22 06:31:13,2026-12-29 13:58:50
561,275,LHN-886714,,3757.73,1833.04,28.534,18.00,0.00,TRUE,2025-08-06 01:52:59,2026-08-28 10:32:00
562,275,LHN-041332,,2350.61,1643.78,37.312,18.00,5.00,TRUE,2024-10-06 13:06:28,2025-03-07 10:51:47
563,276,LHN-790801,,726.72,474.98,41.887,17.00,10.00,TRUE,2022-07-02 00:54:05,2023-03-01 23:10:39
564,276,LHN-518587,2683194243170,2570.99,1374.86,14.588,18.00,5.00,TRUE,2021-05-21 22:18:17,2025-06-24 18:50:31
565,277,LHN-435746,,3816.76,1800.36,18.608,12.00,10.00,TRUE,2023-11-10 09:21:50,2024-02-15 11:04:11
566,277,LHN-719568,,283.33,143.82,28.278,17.00,0.00,TRUE,2020-08-29 18:09:31,2025-11-06 01:24:17
567,277,LHN-908775,4004920527155,146.48,108.50,39.629,12.00,5.00,TRUE,2021-03-09 19:50:07,2026-07-24 10:40:38
568,278,LHN-684856,,731.85,348.50,32.932,12.00,5.00,TRUE,2025-10-24 02:48:47,2025-12-19 06:10:13
569,279,LHN-917820,6627036974347,207.99,144.44,18.772,18.00,10.00,TRUE,2025-12-26 12:25:00,2026-12-15 03:04:28
570,279,LHN-491289,1029068821654,2364.78,1188.33,0.538,17.00,5.00,TRUE,2020-05-24 00:18:27,2021-04-22 14:05:58
571,279,LHN-676634,,3536.51,1676.07,10.036,17.00,0.00,TRUE,2024-05-13 21:32:01,2024-06-04 14:14:53
572,280,LHN-873226,,3372.44,1873.58,46.848,12.00,0.00,TRUE,2022-04-03 05:43:42,2026-09-16 05:30:38
573,281,LHN-015632,8069744552772,776.14,384.23,37.006,17.00,10.00,TRUE,2023-07-02 08:38:22,2025-06-29 17:37:21
574,282,LHN-854499,9963561996810,2342.19,1649.43,40.626,17.00,5.00,TRUE,2020-04-14 13:19:40,2022-09-27 12:41:04
575,283,LHN-721865,3997761524654,2522.95,1529.06,28.938,17.00,0.00,TRUE,2021-08-07 20:58:18,2022-02-18 18:27:12
576,283,LHN-292842,5133644435305,2430.46,1787.10,28.137,18.00,10.00,TRUE,2021-04-09 19:36:28,2022-02-24 18:58:02
577,283,LHN-408172,9962149680783,2670.70,1543.76,23.484,12.00,0.00,TRUE,2024-06-04 16:12:26,2024-11-21 00:58:10
578,284,LHN-645763,7264064420195,1420.38,759.56,44.19,12.00,0.00,TRUE,2021-04-27 16:56:40,2024-07-04 07:50:25
579,284,LHN-484545,2192107876607,1495.48,971.09,17.789,17.00,10.00,TRUE,2026-01-24 09:39:22,2026-12-16 15:58:59
580,285,LHN-195055,0860028918790,1589.69,806.95,32.053,18.00,10.00,TRUE,2026-07-24 05:16:30,2026-11-02 07:39:31
581,285,LHN-917244,5705221262873,1781.99,886.56,29.949,17.00,5.00,TRUE,2021-08-12 20:59:11,2023-06-17 12:11:45
582,286,LHN-412185,1644473523759,2156.00,1409.15,31.901,17.00,5.00,TRUE,2025-10-06 22:57:17,2025-12-27 21:01:03
583,286,LHN-359577,2102157186977,1532.52,928.80,3.67,17.00,5.00,TRUE,2025-04-01 02:16:36,2025-12-27 22:50:35
584,286,LHN-654340,3194831782154,1569.81,839.47,32.256,18.00,0.00,TRUE,2020-07-18 15:44:44,2024-01-25 01:25:26
585,287,LHN-583535,3496214158328,2013.71,1324.81,7.537,17.00,5.00,TRUE,2020-06-27 21:22:28,2024-06-27 18:33:03
586,288,LHN-916696,7546746405776,2142.50,1635.50,49.507,18.00,0.00,TRUE,2026-01-28 09:20:56,2026-06-13 17:30:39
587,288,LHN-980298,1828765317107,2399.92,1116.24,38.439,18.00,5.00,TRUE,2021-04-10 11:36:31,2023-03-04 13:40:45
588,289,LHN-913369,4567590592774,3211.23,1473.04,42.076,12.00,0.00,TRUE,2023-12-12 08:15:59,2025-09-15 14:29:23
589,289,LHN-129395,5700912558310,1148.81,883.70,33.136,12.00,10.00,TRUE,2021-06-23 14:35:13,2024-07-14 11:14:42
590,289,LHN-899497,,1446.19,835.95,40.574,12.00,5.00,TRUE,2025-07-06 12:12:15,2026-02-01 03:29:42
591,290,LHN-656185,9657995544180,2199.16,1349.18,34.458,12.00,0.00,TRUE,2020-07-21 21:45:43,2026-08-16 23:34:56
592,290,LHN-788662,7901684462715,589.87,310.46,14.161,18.00,5.00,TRUE,2021-10-24 22:01:28,2025-01-10 01:12:21
593,291,LHN-564110,,2583.58,1304.84,28.335,17.00,0.00,TRUE,2020-12-07 14:01:15,2026-07-04 02:43:57
594,291,LHN-420141,7003134820134,1601.47,964.74,36.002,17.00,0.00,TRUE,2021-01-30 03:27:42,2021-10-18 21:30:18
595,292,LHN-448212,7544395375419,1956.25,1270.29,5.698,12.00,10.00,TRUE,2022-11-09 02:00:27,2022-12-21 20:51:22
596,293,LHN-037674,0573591677734,2495.20,1450.70,33.587,18.00,10.00,TRUE,2022-04-26 16:28:25,2022-05-15 07:34:31
597,293,LHN-861308,7848779110857,1508.23,1160.18,36.737,17.00,10.00,TRUE,2025-06-19 16:55:41,2026-09-20 03:59:36
598,293,LHN-468573,6221415518872,1907.91,1247.00,34.252,17.00,0.00,TRUE,2025-05-29 01:24:06,2025-11-29 11:13:00
599,294,LHN-702214,3885683802366,1785.47,959.93,9.842,17.00,10.00,TRUE,2022-08-17 01:12:57,2022-11-11 06:27:51
600,294,LHN-618715,5148291819514,1056.69,590.33,34.859,12.00,10.00,TRUE,2021-07-01 20:16:01,2022-09-08 02:18:25
601,294,LHN-692364,9457990604366,2631.86,1196.30,38.866,12.00,5.00,TRUE,2023-08-11 07:18:44,2025-03-05 20:26:19
602,295,LHN-542912,6353107521850,2133.34,1557.18,19.463,18.00,5.00,TRUE,2021-02-07 18:17:23,2021-02-19 01:48:58
603,295,LHN-924386,,2282.68,1201.41,33.338,17.00,5.00,TRUE,2021-02-20 11:35:25,2021-03-04 18:58:19
604,295,LHN-131725,0042256326275,621.48,310.74,17.881,17.00,5.00,TRUE,2020-12-24 15:04:57,2024-06-05 01:30:02
605,296,LHN-718906,2335364364757,730.26,549.07,7.183,12.00,5.00,TRUE,2023-08-16 11:32:18,2024-01-03 04:39:29
606,297,LHN-408806,1058911840153,2160.03,1661.56,15.085,18.00,0.00,FALSE,2025-04-15 21:34:39,2026-06-26 14:31:17
607,297,LHN-347725,,2276.42,1115.89,4.476,12.00,10.00,TRUE,2021-09-15 10:55:53,2022-04-02 20:48:04
608,298,LHN-462189,1000850119326,1612.21,953.97,13.037,17.00,5.00,TRUE,2026-08-05 06:47:17,2026-12-28 09:51:29
609,298,LHN-899760,0693558343530,1498.60,948.48,17.585,17.00,5.00,TRUE,2022-07-17 03:01:34,2026-05-30 23:01:08
610,299,LHN-827758,0785927669416,1191.46,916.51,36.165,17.00,0.00,TRUE,2025-07-02 03:29:17,2026-09-18 08:31:39
611,299,LHN-062625,4583433136202,2127.18,1427.64,10.496,12.00,10.00,TRUE,2026-11-06 18:04:51,2026-11-21 17:49:18
612,299,LHN-687366,0780880367478,2363.80,1094.35,39.357,18.00,0.00,TRUE,2025-04-29 20:51:08,2025-06-18 19:59:11
613,300,LHN-292504,4387219651275,3651.21,1763.87,24.682,12.00,10.00,TRUE,2026-10-06 14:35:38,2026-11-30 02:56:17
614,301,LHN-806234,,2116.68,1022.55,45.513,18.00,5.00,TRUE,2020-03-10 10:52:23,2023-06-18 13:55:19
615,301,LHN-285203,4440647182343,2256.51,1343.16,27.666,18.00,10.00,TRUE,2021-08-06 07:13:42,2026-12-26 07:45:35
616,301,LHN-906906,1416662785299,1920.15,955.30,41.4,12.00,5.00,TRUE,2025-08-12 00:30:40,2026-03-06 01:24:57
617,302,LHN-492596,6677602017862,1506.58,1011.13,19.226,12.00,5.00,TRUE,2020-12-18 11:47:54,2022-04-05 09:51:28
618,302,LHN-117807,3550888423219,2177.25,1343.98,6.186,12.00,5.00,TRUE,2022-11-05 20:27:48,2024-12-30 16:47:46
619,303,LHN-871027,2123044322650,988.70,531.56,12.084,12.00,10.00,TRUE,2022-11-14 03:20:48,2024-11-13 15:22:48
620,303,LHN-604235,2189782159057,3138.93,1626.39,0.353,18.00,10.00,TRUE,2020-05-31 22:45:26,2025-08-29 04:00:14
621,303,LHN-122468,6782171765646,541.54,370.92,42.816,12.00,0.00,TRUE,2026-01-24 19:49:36,2026-02-27 13:55:05
622,304,LHN-140436,0045062396159,1252.68,707.73,34.566,18.00,10.00,TRUE,2021-02-20 18:42:50,2023-08-29 11:41:41
623,304,LHN-681853,8725841367885,1848.51,993.82,16.511,17.00,0.00,TRUE,2023-05-17 08:47:11,2026-09-08 05:14:14
624,304,LHN-582104,4444980054626,2409.28,1811.49,6.088,12.00,10.00,TRUE,2023-01-27 16:01:27,2025-12-24 22:29:48
625,305,LHN-192859,1611905263996,1556.72,798.32,20.645,18.00,10.00,TRUE,2024-04-18 06:43:40,2026-12-25 08:56:40
626,306,LHN-485454,,1705.10,1217.93,37.118,17.00,0.00,TRUE,2023-10-06 18:26:47,2026-01-31 21:48:23
627,306,LHN-817855,0284937295900,638.76,443.58,6.991,18.00,5.00,TRUE,2020-08-11 17:36:05,2023-08-21 13:41:57
628,307,LHN-035936,9408025789510,2933.46,1880.42,7.013,17.00,5.00,TRUE,2020-07-22 01:49:40,2025-10-19 16:45:36
629,308,LHN-134809,0015266016412,1049.34,628.35,30.334,12.00,0.00,TRUE,2026-12-26 12:51:27,2026-12-29 21:53:59
630,308,LHN-610716,6176534525211,2076.65,1033.16,6.266,18.00,0.00,TRUE,2022-03-17 07:41:53,2024-09-21 21:08:37
631,308,LHN-599912,2503738081504,2538.86,1908.92,22.889,17.00,0.00,TRUE,2026-08-20 02:44:06,2026-11-15 19:59:38
632,309,LHN-095344,3066864247699,1472.59,1059.42,7.245,18.00,5.00,TRUE,2023-07-28 14:43:01,2026-10-27 12:12:11
633,310,LHN-816734,2835174631105,1598.51,757.59,11.559,17.00,10.00,TRUE,2022-01-14 23:48:40,2022-07-02 06:48:22
634,310,LHN-670653,8877300227183,2123.91,1352.81,1.195,18.00,5.00,TRUE,2024-11-28 09:25:46,2025-04-25 01:30:14
635,311,LHN-206789,6347865642568,2637.92,1983.40,46.307,17.00,10.00,TRUE,2021-07-30 19:06:05,2021-12-04 22:21:41
636,311,LHN-031013,7979589458508,704.36,323.10,8.329,18.00,10.00,TRUE,2023-03-18 11:59:38,2026-04-17 07:36:00
637,311,LHN-014296,5681721139795,1006.34,666.45,14.18,18.00,0.00,TRUE,2025-12-10 04:19:00,2026-07-20 21:17:55
638,312,LHN-698979,0798495580281,2334.45,1235.16,14.107,18.00,5.00,TRUE,2021-12-07 01:00:24,2026-04-11 05:08:17
639,312,LHN-574927,0198887416547,2542.44,1522.42,2.699,12.00,10.00,TRUE,2026-08-02 04:04:56,2026-09-30 05:11:52
640,312,LHN-843637,7833778184749,2003.96,1214.52,47.506,18.00,10.00,TRUE,2020-04-12 09:47:13,2022-03-05 20:41:36
641,313,LHN-544876,1107205417981,409.45,310.19,49.03,12.00,5.00,TRUE,2026-09-24 00:10:45,2026-10-07 16:02:29
642,313,LHN-250832,9639267183020,2706.27,1919.34,47.616,18.00,0.00,TRUE,2022-09-02 08:11:38,2023-12-08 11:29:16
643,313,LHN-020586,2347022088752,2612.86,1979.44,27.405,12.00,0.00,TRUE,2025-03-25 19:06:10,2026-01-11 17:09:33
644,314,LHN-915311,8594400231451,2127.27,1372.43,26.137,17.00,0.00,TRUE,2026-07-25 12:50:25,2026-10-13 02:32:18
645,315,LHN-284589,,2300.24,1285.05,42.175,12.00,5.00,TRUE,2024-03-25 02:51:05,2024-12-16 22:08:05
646,315,LHN-347611,5172347376485,3118.42,1484.96,29.048,12.00,10.00,TRUE,2025-10-16 10:06:48,2026-05-06 13:42:15
647,316,LHN-131621,4363598801913,432.55,302.48,43.208,17.00,10.00,TRUE,2024-02-22 11:02:33,2025-04-07 17:07:37
648,316,LHN-381336,3210597514188,2309.21,1382.76,49.871,12.00,5.00,TRUE,2021-11-19 01:59:43,2022-06-21 21:48:16
649,317,LHN-682824,2720411377796,3063.60,1750.63,6.388,12.00,0.00,TRUE,2025-01-19 20:13:34,2025-06-12 22:37:52
650,318,LHN-026498,9004341784484,637.52,303.58,15.402,17.00,10.00,TRUE,2026-06-16 19:58:52,2026-10-25 10:20:12
651,318,LHN-281319,3667815079903,1317.12,813.04,34.717,18.00,5.00,TRUE,2026-06-02 21:01:25,2026-10-31 10:31:35
652,318,LHN-850651,6443670688446,3265.94,1701.01,26.524,18.00,10.00,FALSE,2020-10-13 06:07:07,2022-03-10 18:57:00
653,319,LHN-494029,2367485637144,1821.20,1017.43,31.473,18.00,5.00,TRUE,2024-06-16 23:19:39,2024-09-25 15:08:39
654,320,LHN-291655,4956902305551,689.26,475.35,8.806,12.00,0.00,TRUE,2024-01-04 10:04:11,2024-11-20 13:30:17
655,320,LHN-752236,1294752646480,1089.64,656.41,11.571,17.00,10.00,TRUE,2023-06-08 05:52:36,2026-01-13 07:44:57
656,321,LHN-609811,4118063400906,3170.64,1447.78,27.935,17.00,0.00,TRUE,2025-03-19 02:26:45,2026-11-12 20:50:45
657,321,LHN-678117,4334934127424,909.81,483.94,0.824,12.00,0.00,TRUE,2025-04-29 01:50:05,2026-03-27 03:35:24
658,322,LHN-479470,2730181782225,3840.35,1777.94,47.894,12.00,0.00,TRUE,2023-06-09 23:11:46,2023-06-17 07:38:49
659,322,LHN-816287,7521364214658,1282.94,903.48,40.286,17.00,5.00,TRUE,2023-04-08 21:02:44,2024-08-06 08:07:16
660,322,LHN-749348,8459671270281,1997.92,1003.98,21.983,12.00,10.00,TRUE,2025-07-25 14:45:48,2026-02-22 05:31:52
661,323,LHN-387803,8809426341153,2526.33,1609.13,7.035,17.00,0.00,TRUE,2020-07-28 18:32:51,2022-08-08 10:09:41
662,323,LHN-449939,7810614252657,2501.65,1158.17,33.981,18.00,5.00,TRUE,2025-01-09 20:31:01,2026-07-23 20:54:36
663,324,LHN-277318,7831349147698,2491.36,1660.91,48.682,18.00,10.00,TRUE,2023-11-22 16:59:07,2024-07-04 13:19:57
664,325,LHN-217887,3162680691217,272.66,132.36,28.325,12.00,10.00,TRUE,2025-01-12 01:49:17,2026-02-20 10:16:45
665,326,LHN-173874,8158516444688,406.78,229.82,4.228,17.00,5.00,TRUE,2024-02-02 09:29:35,2025-10-15 01:22:57
666,327,LHN-554419,1237999860202,1960.57,1352.12,29.608,12.00,5.00,TRUE,2026-05-19 19:23:03,2026-10-18 19:11:28
667,327,LHN-422108,1732501151293,1611.17,866.22,22.081,12.00,10.00,TRUE,2024-04-14 08:53:53,2026-07-10 21:41:13
668,327,LHN-626693,9316186431868,872.52,407.72,4.5,17.00,0.00,TRUE,2021-11-10 15:22:52,2026-08-08 21:03:59
669,328,LHN-584528,3199879788236,2612.73,1964.46,23.069,18.00,10.00,TRUE,2024-11-28 04:18:24,2026-02-20 12:51:15
670,328,LHN-261846,6633490185755,1483.18,982.24,31.874,17.00,0.00,TRUE,2022-07-27 21:02:33,2024-08-09 07:24:02
671,328,LHN-877214,7072138813152,1603.95,729.07,23.466,12.00,10.00,TRUE,2023-08-08 18:45:40,2025-05-17 08:20:26
672,329,LHN-113894,,172.41,127.71,27.433,12.00,5.00,TRUE,2026-06-24 11:24:10,2026-10-06 10:27:47
673,329,LHN-047540,0494333137340,2866.84,1309.06,22.087,17.00,0.00,TRUE,2023-02-11 23:15:29,2024-03-27 05:06:39
674,330,LHN-965695,8304060505676,1350.67,918.82,46.081,12.00,10.00,TRUE,2020-11-12 18:19:18,2022-11-18 01:27:15
675,331,LHN-260560,4750246008198,3588.36,1741.92,40.697,17.00,10.00,TRUE,2021-10-26 03:52:05,2024-08-19 02:13:12
676,331,LHN-843270,6085686438884,2979.20,1460.39,46.534,18.00,5.00,TRUE,2025-03-01 08:48:43,2025-10-01 18:22:13
677,332,LHN-470781,4275800378871,586.74,351.34,48.234,12.00,0.00,TRUE,2021-12-27 21:57:55,2023-11-18 22:11:01
678,333,LHN-854199,1113057495596,977.01,578.11,27.857,18.00,10.00,TRUE,2020-04-17 04:12:32,2024-12-13 08:11:22
679,333,LHN-548265,9176580874032,2249.45,1229.21,44.162,18.00,10.00,TRUE,2023-06-16 08:54:05,2025-10-14 03:49:26
680,333,LHN-471942,4164973291400,1389.22,985.26,17.71,12.00,5.00,TRUE,2023-06-20 18:16:40,2023-07-31 09:29:55
681,334,LHN-390665,4307060267586,1066.34,725.40,25.461,12.00,0.00,TRUE,2024-03-27 12:53:46,2026-01-13 06:48:15
682,334,LHN-122922,4103581620820,3599.89,1865.23,36.472,17.00,10.00,TRUE,2020-04-01 21:57:33,2023-06-30 01:47:21
683,335,LHN-246918,2129121775395,2956.19,1944.86,31.629,17.00,0.00,TRUE,2020-05-10 23:34:06,2020-12-08 19:36:37
684,335,LHN-581685,3413508779854,720.71,554.39,46.615,12.00,0.00,TRUE,2023-09-17 10:52:22,2024-05-12 14:13:47
685,335,LHN-430949,,616.77,408.46,16.393,12.00,10.00,TRUE,2023-04-07 08:56:21,2026-08-01 06:01:30
686,336,LHN-569640,1217087506465,2970.94,1941.79,13.765,12.00,5.00,TRUE,2026-08-25 03:17:36,2026-10-25 16:25:54
687,337,LHN-862057,,1168.61,758.84,19.554,17.00,5.00,TRUE,2021-08-23 22:20:50,2024-07-12 17:46:54
688,337,LHN-021213,,3648.57,1871.06,28.065,17.00,10.00,TRUE,2024-08-31 18:42:45,2026-11-05 04:21:32
689,337,LHN-841359,,2844.46,1422.23,34.775,18.00,10.00,TRUE,2020-02-20 23:43:09,2024-04-11 02:53:55
690,338,LHN-478550,4050916600777,2340.26,1206.32,14.311,17.00,10.00,TRUE,2021-09-11 11:00:06,2024-01-03 01:36:38
691,338,LHN-102830,6648096045860,2328.88,1595.12,6.662,17.00,0.00,TRUE,2025-08-30 23:00:06,2026-05-25 05:32:45
692,339,LHN-727967,4848494841909,1636.08,1090.72,18.889,12.00,10.00,TRUE,2026-12-10 08:52:18,2026-12-13 06:05:18
693,340,LHN-793303,1150619926778,2719.62,1825.25,25.058,12.00,10.00,TRUE,2024-06-18 01:58:27,2026-12-10 01:31:11
694,340,LHN-954975,4729594776905,1330.20,847.26,23.342,18.00,0.00,TRUE,2026-04-03 07:57:39,2026-05-20 08:16:21
695,340,LHN-271246,4221976711561,2518.29,1455.66,43.557,18.00,10.00,TRUE,2023-06-05 13:27:48,2025-02-04 07:31:00
696,341,LHN-556102,1862771577568,2868.84,1687.55,32.003,17.00,0.00,TRUE,2021-01-25 13:09:21,2022-06-08 17:53:50
697,341,LHN-937664,6945254210192,2643.33,1762.22,8.355,12.00,0.00,TRUE,2024-11-27 01:54:26,2026-08-26 07:07:28
698,342,LHN-138558,4903876543236,1208.32,805.55,13.506,12.00,5.00,TRUE,2020-06-17 23:13:59,2021-12-16 08:40:36
699,342,LHN-466226,2317866419944,2481.23,1908.64,27.601,17.00,0.00,TRUE,2024-06-03 12:42:40,2024-08-15 11:50:34
700,342,LHN-073013,1857471870255,1282.91,782.26,45.16,17.00,0.00,TRUE,2023-01-10 04:57:03,2023-02-16 01:20:34
701,343,LHN-288157,1065503854641,1036.97,656.31,45.505,12.00,0.00,TRUE,2023-03-27 04:09:24,2025-01-18 06:54:41
702,344,LHN-037625,2081311327978,1993.48,1159.00,49.229,18.00,5.00,FALSE,2024-10-30 09:36:40,2026-08-08 14:27:00
703,344,LHN-233989,,2002.01,1053.69,5.293,18.00,10.00,TRUE,2023-12-30 22:58:19,2025-01-31 21:45:36
704,345,LHN-320688,6953973385961,1458.32,934.82,32.211,17.00,5.00,TRUE,2025-08-30 07:52:46,2026-12-29 00:03:05
705,345,LHN-189341,,1034.58,783.77,27.865,12.00,0.00,TRUE,2023-02-18 15:46:20,2026-02-12 15:21:19
706,345,LHN-704061,1819955167336,2734.36,1446.75,3.299,17.00,0.00,TRUE,2020-03-06 00:25:19,2025-07-17 16:26:28
707,346,LHN-413832,0767216253971,314.18,213.73,30.255,17.00,0.00,TRUE,2025-11-15 14:33:56,2026-03-29 21:38:23
708,346,LHN-759550,2617727972930,556.23,325.28,4.572,18.00,5.00,TRUE,2025-01-01 07:39:28,2026-07-25 12:24:02
709,347,LHN-445446,1141912623884,1408.60,670.76,8.254,12.00,5.00,TRUE,2020-12-16 11:03:40,2022-06-07 23:49:27
710,348,LHN-649334,2682188444296,3513.13,1973.67,47.618,18.00,5.00,TRUE,2022-12-10 14:23:08,2026-12-11 15:59:15
711,348,LHN-242413,3412292328880,1200.87,591.56,46.715,12.00,0.00,TRUE,2023-06-04 04:16:12,2023-07-13 02:31:35
712,349,LHN-242043,7275229486789,1839.49,943.33,32.187,17.00,5.00,TRUE,2025-12-15 06:29:28,2026-05-10 14:51:47
713,350,LHN-471920,,2771.91,1259.96,38.961,18.00,5.00,TRUE,2020-01-09 05:18:18,2020-04-26 23:47:32
714,350,LHN-777146,,1370.36,702.75,25.795,12.00,0.00,TRUE,2024-05-27 16:07:25,2024-06-21 12:29:20
715,350,LHN-049529,3247644290344,2036.26,1497.25,43.19,12.00,5.00,TRUE,2021-05-02 12:47:34,2022-04-22 03:12:18
716,351,LHN-829187,0541956871899,715.35,480.10,5.931,18.00,5.00,TRUE,2022-04-23 10:24:37,2022-05-12 01:28:02
717,351,LHN-305434,,555.33,391.08,40.782,18.00,10.00,TRUE,2023-12-31 18:21:27,2025-12-07 01:24:39
718,352,LHN-448842,2050260757259,2091.57,1349.40,0.948,12.00,0.00,TRUE,2022-07-07 16:50:10,2023-10-16 20:51:16
719,352,LHN-573243,2056314883448,590.95,413.25,40.875,17.00,10.00,TRUE,2022-02-17 16:40:14,2025-01-10 06:16:20
720,352,LHN-975312,1181660903265,3314.63,1534.55,7.476,18.00,10.00,TRUE,2020-06-21 06:42:45,2023-10-06 22:17:37
721,353,LHN-119475,9645035660341,1947.46,1119.23,3.527,17.00,10.00,TRUE,2024-10-18 10:10:50,2026-07-31 06:04:45
722,354,LHN-541482,8011791987410,696.24,449.19,37.757,18.00,10.00,TRUE,2021-07-28 22:50:51,2023-06-09 09:45:25
723,355,LHN-075276,3998186660088,1586.88,770.33,13.741,12.00,0.00,TRUE,2021-08-23 22:13:36,2024-05-13 08:33:00
724,356,LHN-447440,0034690741165,2622.09,1425.05,19.103,18.00,5.00,TRUE,2023-12-16 09:43:08,2025-02-05 18:55:07
725,356,LHN-980966,6496067681926,1102.60,835.30,48.347,12.00,10.00,TRUE,2023-01-24 15:52:38,2025-04-04 10:12:36
726,356,LHN-338726,3151571552904,218.97,110.59,13.187,12.00,5.00,TRUE,2022-12-27 15:23:27,2026-01-29 01:51:09
727,357,LHN-310750,8674722369626,1343.06,664.88,47.752,12.00,10.00,TRUE,2022-02-23 04:06:30,2025-01-21 15:01:34
728,357,LHN-558736,6419982660869,2407.35,1151.84,13.32,17.00,0.00,TRUE,2025-04-20 01:51:15,2025-06-29 13:50:17
729,357,LHN-035301,7325757915746,970.92,466.79,18.959,17.00,0.00,TRUE,2020-10-16 17:13:50,2025-04-04 06:34:12
730,358,LHN-302416,,391.94,281.97,17.272,18.00,5.00,TRUE,2022-10-14 03:53:42,2026-03-23 20:58:21
731,359,LHN-925781,9215353090078,2414.72,1428.83,27.184,12.00,0.00,TRUE,2023-10-30 09:58:36,2025-01-14 02:01:05
732,360,LHN-051460,1692545652722,1274.13,972.62,19.024,18.00,10.00,TRUE,2020-06-02 22:14:44,2024-06-30 15:10:25
733,361,LHN-766292,7177622708034,1533.55,1161.78,49.438,17.00,0.00,TRUE,2026-10-28 11:22:06,2026-12-27 19:30:40
734,361,LHN-429246,3683945864127,3479.81,1748.65,17.199,12.00,5.00,FALSE,2025-12-10 05:43:29,2026-12-22 13:22:08
735,361,LHN-835642,5253836237163,617.90,298.50,14.447,17.00,5.00,TRUE,2020-03-06 04:53:10,2024-02-03 01:35:38
736,362,LHN-876961,,174.99,85.78,48.403,12.00,5.00,TRUE,2026-01-02 15:58:23,2026-08-14 13:17:53
737,362,LHN-109562,4488615590974,2907.49,1875.80,20.008,18.00,10.00,TRUE,2020-02-25 17:40:16,2024-10-03 04:55:27
738,363,LHN-862487,4240898714191,769.68,370.04,30.538,17.00,5.00,TRUE,2021-10-08 17:37:12,2026-08-18 15:00:33
739,363,LHN-610194,7037082600951,1621.91,1134.20,1.417,17.00,10.00,TRUE,2020-08-18 22:57:42,2022-07-22 13:24:42
740,364,LHN-423180,7115484872043,2350.30,1487.53,27.776,18.00,5.00,TRUE,2024-04-08 06:36:04,2026-04-29 22:18:27
741,364,LHN-501612,7279047414672,2464.82,1283.76,14.205,17.00,10.00,TRUE,2024-11-11 01:39:16,2025-07-29 13:14:01
742,365,LHN-375163,5905674447067,2179.03,1245.16,38.856,12.00,10.00,TRUE,2026-08-28 12:43:13,2026-12-16 21:44:06
743,366,LHN-805041,7820988189299,2785.44,1667.93,19.788,18.00,10.00,TRUE,2025-07-12 14:08:46,2026-11-12 22:43:33
744,366,LHN-180163,8887322578071,2928.56,1626.98,24.637,18.00,10.00,TRUE,2022-03-04 01:12:03,2024-10-19 22:18:25
745,366,LHN-545453,1774348339311,89.51,56.65,42.32,18.00,0.00,TRUE,2024-02-23 00:09:52,2025-04-28 01:29:26
746,367,LHN-383027,8427025319412,1759.82,977.68,10.913,12.00,10.00,TRUE,2024-03-13 04:33:31,2025-07-03 18:22:50
747,368,LHN-770782,0096799751360,3184.94,1592.47,24.968,17.00,0.00,TRUE,2024-09-17 18:41:38,2025-10-10 10:28:40
748,368,LHN-621446,7646220406203,1049.06,639.67,41.029,18.00,0.00,TRUE,2020-04-13 20:37:04,2025-12-01 11:29:56
749,368,LHN-278783,5431926332282,1364.77,1041.81,29.666,17.00,0.00,TRUE,2023-03-26 21:48:34,2024-07-05 21:33:18
750,369,LHN-467801,4667371251415,868.09,476.97,16.239,12.00,0.00,TRUE,2023-11-25 23:39:31,2026-05-17 00:30:23
751,369,LHN-279704,9312236970172,1956.29,1105.25,23.88,17.00,5.00,TRUE,2023-08-28 11:29:02,2026-05-12 09:49:29
752,370,LHN-315245,7365179004277,1997.91,1331.94,25.122,12.00,0.00,TRUE,2024-01-24 10:49:11,2024-01-30 06:07:40
753,370,LHN-940190,7979814218525,3250.05,1555.05,33.118,18.00,0.00,TRUE,2021-10-23 20:15:13,2022-01-29 15:22:20
754,371,LHN-535388,5514325719615,2879.74,1684.06,29.977,17.00,0.00,TRUE,2026-04-06 10:34:13,2026-05-17 23:36:20
755,372,LHN-743134,4479676261484,2481.91,1909.16,2.772,12.00,10.00,TRUE,2023-04-18 18:59:17,2026-05-19 10:52:29
756,373,LHN-200618,3110771972523,2189.05,1671.03,35.102,18.00,10.00,TRUE,2024-02-27 07:22:54,2024-09-20 17:59:28
757,373,LHN-106677,2583630217171,894.72,494.32,3.331,17.00,10.00,TRUE,2022-05-04 07:22:18,2024-10-04 19:09:58
758,373,LHN-759729,6230688672815,2929.87,1940.31,46.172,18.00,10.00,TRUE,2020-11-06 04:44:25,2024-10-31 09:48:10
759,374,LHN-035116,6781307452627,1563.67,827.34,32.874,17.00,10.00,TRUE,2026-04-21 08:53:04,2026-10-23 22:08:32
760,374,LHN-546099,4682952722955,3179.38,1682.21,13.282,12.00,10.00,TRUE,2022-12-20 20:28:53,2023-09-01 11:00:52
761,374,LHN-156891,8288138173793,1825.32,1404.09,34.718,17.00,10.00,TRUE,2025-04-23 00:41:29,2025-08-23 13:31:57
762,375,LHN-345841,0491477230128,3721.66,1969.13,18.159,12.00,10.00,TRUE,2026-03-22 07:37:15,2026-11-05 19:48:08
763,375,LHN-870744,9579404248499,1730.64,887.51,17.663,12.00,10.00,TRUE,2026-11-19 20:12:14,2026-12-10 07:48:47
764,376,LHN-395492,,1391.74,752.29,9.908,17.00,10.00,TRUE,2026-09-22 08:02:55,2026-09-25 02:37:07
765,377,LHN-403349,8565498948743,3936.09,1892.35,0.409,17.00,5.00,TRUE,2023-05-16 22:10:53,2025-07-09 19:22:49
766,377,LHN-866836,2916428018191,4026.81,1890.52,5.338,18.00,10.00,TRUE,2022-10-22 20:10:37,2023-12-08 12:37:59
767,377,LHN-942463,8542292850830,736.94,354.30,49.996,12.00,5.00,TRUE,2020-01-15 18:10:46,2024-06-17 02:08:15
768,378,LHN-699082,5345459599411,1759.02,1134.85,0.291,17.00,10.00,TRUE,2020-07-20 03:13:21,2023-02-27 06:15:12
769,378,LHN-965787,,113.10,53.10,37.063,12.00,0.00,TRUE,2026-03-09 05:31:50,2026-09-14 14:37:34
770,379,LHN-636680,2166900654748,36.99,24.66,19.043,18.00,0.00,TRUE,2021-10-02 15:35:47,2026-10-07 01:37:05
771,379,LHN-824348,,699.53,362.45,16.911,18.00,0.00,TRUE,2020-08-31 21:24:11,2024-06-29 07:26:18
772,379,LHN-994013,4007655180992,2546.56,1552.78,9.254,17.00,0.00,TRUE,2020-08-06 01:15:22,2020-10-25 05:54:34
773,380,LHN-784860,6173781950131,1486.53,678.78,5.979,18.00,0.00,TRUE,2023-02-02 03:28:00,2026-09-03 10:42:14
774,381,LHN-829588,9578600298161,1042.25,783.65,44.873,18.00,10.00,FALSE,2021-03-21 17:48:27,2023-12-04 19:34:03
775,381,LHN-643594,,1432.75,961.58,22.689,17.00,10.00,TRUE,2023-02-01 17:05:57,2023-06-11 05:53:01
776,382,LHN-357278,0816144213073,2342.94,1673.53,31.407,18.00,5.00,FALSE,2022-03-18 22:07:42,2023-08-20 14:47:50
777,382,LHN-044999,7742020132226,54.38,32.76,38.115,17.00,10.00,TRUE,2023-11-25 10:24:54,2025-12-26 14:51:33
778,382,LHN-044085,2161555743380,222.88,122.46,25.348,12.00,5.00,TRUE,2020-05-09 02:00:08,2021-09-15 21:04:12
779,383,LHN-604492,3066081425016,61.22,46.73,5.055,12.00,10.00,TRUE,2020-11-15 02:24:42,2026-08-12 22:58:43
780,383,LHN-065674,,190.17,145.17,32.97,12.00,5.00,TRUE,2022-04-24 11:53:34,2022-11-09 05:18:45
781,384,LHN-834456,,705.44,461.07,32.548,17.00,0.00,TRUE,2023-06-21 09:07:38,2025-08-03 02:15:45
782,384,LHN-048879,2173034606161,1205.82,726.40,23.154,17.00,0.00,TRUE,2021-12-21 18:12:07,2023-05-13 16:42:13
783,385,LHN-400600,7061132236975,2301.52,1438.45,41.285,12.00,10.00,TRUE,2022-01-18 05:29:46,2024-06-20 21:39:07
784,386,LHN-810696,7998484979338,1752.63,1243.00,26.771,18.00,10.00,TRUE,2026-06-26 16:46:57,2026-12-22 16:50:13
785,386,LHN-881098,1589080101306,450.85,333.96,21.362,18.00,5.00,TRUE,2021-02-03 01:46:32,2024-11-19 12:27:35
786,387,LHN-186798,1417997277220,269.82,195.52,34.668,17.00,0.00,TRUE,2022-09-26 22:20:46,2024-01-03 12:37:51
787,387,LHN-872089,,304.40,164.54,49.795,18.00,10.00,TRUE,2020-08-01 05:34:11,2021-12-27 14:53:54
788,387,LHN-749820,0267624226982,736.62,515.12,16.93,17.00,5.00,TRUE,2021-11-30 17:09:14,2026-06-10 08:27:15
789,388,LHN-932798,,815.67,397.89,0.652,17.00,5.00,TRUE,2020-06-25 17:41:52,2024-06-09 07:54:33
790,388,LHN-253749,7042506241221,3901.40,1990.51,7.387,17.00,10.00,TRUE,2024-03-11 23:43:31,2025-11-07 09:26:48
791,388,LHN-518409,4418312175808,3334.43,1626.55,18.391,18.00,10.00,TRUE,2025-05-21 11:36:04,2026-11-24 06:04:00
792,389,LHN-533747,3539595156061,388.03,275.20,41.463,18.00,0.00,TRUE,2026-12-01 04:57:20,2026-12-12 21:40:35
793,389,LHN-741648,7058518376059,1310.13,818.83,42.769,18.00,0.00,TRUE,2025-05-11 09:21:23,2026-10-11 11:44:11
794,389,LHN-683367,6813652636480,1970.92,920.99,10.849,17.00,5.00,TRUE,2022-10-12 13:30:21,2024-04-02 20:39:43
795,390,LHN-429428,3754836961109,1245.37,813.97,23.966,17.00,5.00,TRUE,2022-12-03 06:24:51,2024-01-30 11:43:39
796,391,LHN-462198,7401170301851,1572.87,1008.25,49.513,18.00,10.00,TRUE,2021-03-20 13:53:19,2022-06-11 00:45:18
797,391,LHN-196330,,103.11,64.85,41.601,17.00,5.00,TRUE,2024-11-24 01:13:47,2025-10-16 13:48:04
798,392,LHN-800943,,2161.76,1403.74,13.093,12.00,10.00,FALSE,2020-01-07 16:09:58,2022-09-03 00:19:33
799,392,LHN-354919,5801356503826,487.86,266.59,11.304,18.00,0.00,TRUE,2020-06-06 14:14:50,2024-10-06 02:34:22
800,392,LHN-672540,9404976972049,153.59,75.29,26.686,17.00,5.00,TRUE,2024-08-20 01:39:47,2025-02-24 09:56:47
801,393,LHN-517796,9259757886073,1075.09,529.60,6.55,18.00,5.00,TRUE,2021-08-22 02:19:53,2023-08-15 01:52:17
802,394,LHN-560155,2618774248610,1686.84,969.45,25.909,12.00,0.00,TRUE,2020-02-06 21:07:50,2020-11-22 06:42:03
803,394,LHN-237835,1711231819703,2809.14,1633.22,35.248,12.00,0.00,TRUE,2021-06-30 09:07:07,2023-12-27 23:00:41
804,394,LHN-629884,0082005840850,1183.89,794.56,1.302,17.00,0.00,TRUE,2026-05-17 22:39:22,2026-12-22 13:54:28
805,395,LHN-076205,,2540.41,1910.08,22.946,18.00,10.00,FALSE,2024-07-19 16:39:01,2026-11-14 07:15:28
806,396,LHN-981462,8768814514251,964.88,694.16,8.591,17.00,5.00,TRUE,2026-03-18 13:12:05,2026-08-20 20:51:49
807,397,LHN-743815,9893261437071,431.13,301.49,42.698,12.00,0.00,TRUE,2024-04-15 09:50:40,2026-08-12 22:58:40
808,398,LHN-174227,4436335269519,353.21,255.95,4.832,17.00,10.00,TRUE,2023-09-10 11:55:33,2024-09-09 12:11:40
809,399,LHN-559862,3704202051620,3143.80,1603.98,8.805,18.00,10.00,TRUE,2023-12-10 04:47:15,2026-02-04 15:04:33
810,399,LHN-017277,8467211604212,1371.86,718.25,12.927,17.00,10.00,TRUE,2025-02-20 13:39:52,2025-05-04 00:00:45
811,400,LHN-697411,6457232645815,2527.10,1754.93,39.012,12.00,5.00,TRUE,2023-05-28 07:09:38,2026-06-21 08:15:06
812,401,LHN-486654,8553867209755,151.29,91.69,43.606,18.00,10.00,FALSE,2026-03-30 05:43:25,2026-11-13 17:21:52
813,401,LHN-234166,4404865402041,3479.45,1757.30,14.153,17.00,0.00,TRUE,2022-04-18 05:08:37,2025-07-06 03:11:55
814,402,LHN-676092,3630068994828,2696.67,1912.53,9.243,18.00,10.00,TRUE,2022-04-25 00:05:41,2023-09-26 16:29:37
815,403,LHN-587279,8649714102246,2213.00,1146.63,30.542,17.00,5.00,TRUE,2020-03-09 22:11:59,2022-04-14 07:40:26
816,404,LHN-432994,2319526574642,3142.72,1525.59,21.952,17.00,10.00,TRUE,2021-06-26 00:38:17,2025-08-28 15:58:49
817,405,LHN-973753,,1954.94,1448.10,42.271,17.00,5.00,TRUE,2025-06-20 17:44:28,2026-09-10 14:54:39
818,405,LHN-214973,7864981871089,2561.11,1196.78,11.753,12.00,10.00,TRUE,2023-01-12 07:11:13,2024-01-02 08:33:42
819,406,LHN-614423,7079317833765,2643.99,1218.43,21.364,12.00,5.00,TRUE,2020-11-17 20:30:16,2023-11-02 21:47:03
820,406,LHN-249387,,1735.78,1325.02,12.162,12.00,0.00,TRUE,2021-06-17 13:12:51,2026-09-04 01:11:48
821,406,LHN-359056,,2513.67,1478.63,23.348,18.00,5.00,TRUE,2026-10-17 02:25:03,2026-11-17 21:53:14
822,407,LHN-339516,7740832854794,257.87,157.24,41.555,17.00,5.00,TRUE,2024-12-30 09:34:20,2026-11-26 15:56:54
823,408,LHN-775039,1508920190775,2460.16,1464.38,18.394,18.00,0.00,TRUE,2026-04-18 11:48:41,2026-09-10 23:28:12
824,408,LHN-127008,,500.79,343.01,20.171,18.00,0.00,TRUE,2021-02-19 15:30:17,2024-11-29 00:50:19
825,408,LHN-511507,2038868336717,1742.58,1290.80,42.505,12.00,5.00,TRUE,2021-03-20 14:14:24,2026-06-16 23:32:05
826,409,LHN-115271,,1042.39,672.51,32.871,18.00,0.00,TRUE,2021-08-30 17:42:01,2026-05-08 15:50:30
827,409,LHN-368112,4348331652854,3554.57,1963.85,27.138,18.00,0.00,TRUE,2020-01-27 01:04:57,2022-04-04 03:01:56
828,410,LHN-391369,9420754084988,3368.43,1727.40,9.622,17.00,5.00,TRUE,2022-05-29 03:03:11,2025-09-26 01:25:14
829,410,LHN-194601,7510187385294,2736.28,1328.29,23.675,17.00,10.00,TRUE,2022-08-15 21:11:17,2023-04-24 11:36:10
830,411,LHN-134362,9707380418883,2149.95,1493.02,36.474,12.00,0.00,TRUE,2025-04-24 23:26:19,2026-04-27 12:50:01
831,411,LHN-615511,6645321474075,1462.39,865.32,8.434,12.00,10.00,TRUE,2021-08-30 08:21:20,2026-03-13 01:09:38
832,411,LHN-112073,1604098081775,1858.79,860.55,8.045,17.00,0.00,TRUE,2025-04-24 19:48:13,2026-03-24 17:04:25
833,412,LHN-693851,1257481663678,54.33,27.44,8.017,17.00,10.00,TRUE,2026-03-23 13:23:02,2026-11-18 13:51:00
834,412,LHN-984957,9239121441497,98.79,72.11,11.679,18.00,0.00,TRUE,2025-02-11 04:50:52,2025-08-23 23:36:41
835,413,LHN-568799,1386770465768,656.94,490.25,0.616,12.00,0.00,TRUE,2022-10-31 02:25:30,2025-11-18 00:18:23
836,413,LHN-790634,0461920387181,3757.03,1907.12,23.548,17.00,0.00,TRUE,2021-03-23 18:37:58,2025-06-30 04:20:46
837,414,LHN-622042,8204169214809,848.55,652.73,35.883,18.00,5.00,TRUE,2023-10-23 02:26:24,2025-07-19 21:23:52
838,414,LHN-825943,0991093308817,2379.75,1286.35,37.951,18.00,10.00,TRUE,2025-01-27 16:47:24,2025-03-18 05:45:25
839,415,LHN-952863,7606644572205,3036.68,1488.57,42.728,18.00,0.00,TRUE,2024-10-17 03:40:15,2026-06-29 20:17:49
840,416,LHN-630683,7300336219736,3049.10,1929.81,3.957,17.00,10.00,TRUE,2025-04-24 20:31:17,2026-09-08 22:43:13
841,416,LHN-141578,1866118362343,3516.69,1942.92,10.886,18.00,10.00,TRUE,2021-02-21 14:25:46,2021-10-22 12:14:31
842,417,LHN-256482,8270775466918,912.45,581.18,13.59,18.00,10.00,TRUE,2021-06-22 22:34:06,2025-07-31 07:48:53
843,417,LHN-218363,8089876605894,2953.89,1869.55,20.869,18.00,10.00,TRUE,2022-06-01 21:42:28,2023-10-25 07:47:31
844,417,LHN-874108,2094754608191,2462.33,1367.96,45.682,12.00,0.00,TRUE,2022-08-16 14:52:37,2022-11-12 11:02:15
845,418,LHN-433136,,1753.95,1270.98,41.357,12.00,5.00,TRUE,2023-03-11 08:46:45,2023-10-29 23:08:30
846,419,LHN-571657,4701659708113,1326.12,844.66,32.786,12.00,0.00,TRUE,2020-09-02 11:02:45,2025-02-22 21:20:55
847,420,LHN-719451,8338482293231,390.46,273.05,20.356,12.00,10.00,TRUE,2020-06-25 14:49:49,2026-12-22 20:25:49
848,420,LHN-638762,1060860987995,1760.00,1189.19,12.882,12.00,10.00,TRUE,2025-06-09 19:41:05,2025-08-08 19:52:35
849,421,LHN-934721,6213430876181,383.90,264.76,11.779,12.00,10.00,TRUE,2020-06-02 06:46:11,2024-09-29 01:59:55
850,421,LHN-960672,8971844611986,450.94,280.09,46.011,17.00,0.00,TRUE,2025-08-02 12:23:58,2026-05-23 15:38:08
851,422,LHN-662962,8574450642940,2392.16,1584.21,34.744,18.00,5.00,TRUE,2020-01-16 23:18:21,2021-07-22 14:44:37
852,422,LHN-300953,5745905296879,2066.47,1160.94,49.506,17.00,5.00,TRUE,2024-05-06 16:24:27,2024-06-17 09:48:42
853,423,LHN-578645,,258.05,121.15,30.886,18.00,10.00,TRUE,2022-09-24 17:29:47,2023-02-04 05:19:46
854,424,LHN-825766,3366372041513,3163.03,1437.74,29.33,18.00,5.00,TRUE,2020-02-24 12:20:14,2023-04-24 04:34:00
855,424,LHN-658377,0872667615930,256.62,135.78,44.736,12.00,5.00,TRUE,2025-04-03 01:17:02,2026-12-10 21:13:02
856,425,LHN-760445,8102643315793,2787.35,1639.62,4.574,17.00,0.00,TRUE,2020-04-23 21:18:45,2021-08-24 22:02:04
857,425,LHN-743801,1613888655034,2426.65,1318.83,9.96,17.00,5.00,TRUE,2022-10-20 04:21:58,2024-02-23 19:33:55
858,426,LHN-516947,2904846636578,1953.89,1293.97,33.159,12.00,0.00,TRUE,2023-04-29 17:17:27,2023-07-08 20:21:27
859,426,LHN-195215,,1826.88,1038.00,39.744,12.00,10.00,TRUE,2023-07-30 22:54:30,2025-09-26 23:44:11
860,426,LHN-334696,3501243844835,1771.14,1157.61,14.879,12.00,5.00,TRUE,2025-05-30 01:56:55,2025-11-13 19:19:11
861,427,LHN-708270,5698368469949,948.48,486.40,47.734,18.00,10.00,TRUE,2021-11-24 14:07:52,2026-01-19 21:12:11
862,428,LHN-028460,5307559350330,3102.21,1470.24,28.238,18.00,5.00,TRUE,2026-05-09 16:43:27,2026-10-04 03:51:49
863,428,LHN-926760,9887697687506,2108.46,980.68,21.147,18.00,0.00,FALSE,2022-12-13 04:30:18,2025-02-14 09:43:25
864,428,LHN-949202,9441767103220,2552.53,1372.33,8.851,18.00,0.00,TRUE,2023-08-23 17:24:01,2025-04-27 15:36:47
865,429,LHN-721969,3782529704450,1629.36,764.96,38.56,17.00,10.00,TRUE,2026-03-01 17:23:03,2026-06-28 23:32:14
866,430,LHN-620395,2787187253211,738.01,396.78,28.786,12.00,0.00,TRUE,2020-08-22 20:58:55,2025-10-07 23:42:13
867,430,LHN-029203,7885759126606,2382.34,1577.71,35.686,18.00,5.00,TRUE,2024-05-09 19:26:50,2025-04-06 13:52:04
868,430,LHN-414152,1630010954476,246.02,150.93,29.496,17.00,10.00,TRUE,2020-12-13 12:47:49,2021-04-18 14:21:56
869,431,LHN-937943,,3742.28,1980.04,49.313,17.00,5.00,TRUE,2022-10-19 23:13:38,2025-01-10 21:07:38
870,431,LHN-333768,6052635961557,1480.82,813.64,4.64,12.00,10.00,TRUE,2020-04-10 00:55:40,2024-11-17 01:19:58
871,431,LHN-679441,,2753.33,1629.19,24.772,18.00,0.00,TRUE,2020-06-29 15:29:50,2020-08-16 14:34:00
872,432,LHN-588613,7839528900492,4128.07,1938.06,22.024,17.00,5.00,TRUE,2024-01-05 23:51:13,2024-06-17 23:31:58
873,432,LHN-325504,4599207099864,1077.71,552.67,33.248,12.00,5.00,TRUE,2024-09-15 14:29:25,2025-08-19 04:18:04
874,432,LHN-504244,3825550310242,3157.69,1846.60,16.401,12.00,10.00,TRUE,2022-10-14 23:14:56,2024-08-05 04:02:49
875,433,LHN-422153,0640701746120,951.05,556.17,47.892,17.00,5.00,TRUE,2024-07-25 07:52:12,2026-04-13 17:47:14
876,434,LHN-251147,3827445740950,1041.97,486.90,28.253,18.00,10.00,TRUE,2022-11-13 22:26:35,2024-02-09 06:43:24
877,435,LHN-794140,1292830912441,1019.75,560.30,14.456,17.00,0.00,TRUE,2024-09-12 18:34:55,2025-03-27 01:06:13
878,435,LHN-487687,6994328909142,2291.00,1128.57,35.699,18.00,0.00,TRUE,2026-10-26 15:40:20,2026-11-22 02:33:26
879,435,LHN-063004,8616262190599,2619.07,1999.29,30.461,18.00,5.00,TRUE,2025-02-01 03:51:29,2026-03-01 03:24:50
880,436,LHN-593481,0773050736419,1251.47,595.94,37.463,17.00,10.00,TRUE,2026-03-03 15:16:14,2026-04-18 22:03:05
881,436,LHN-023896,4347102180107,2109.81,1310.44,46.608,12.00,10.00,TRUE,2025-03-20 16:51:57,2026-04-20 08:09:31
882,436,LHN-996656,,333.59,180.32,30.092,17.00,0.00,FALSE,2021-05-13 01:36:04,2022-12-16 16:23:22
883,437,LHN-019954,0275849960635,401.36,276.80,13.634,18.00,10.00,TRUE,2025-08-02 00:38:58,2026-07-10 03:44:26
884,438,LHN-870565,4418049448459,1955.26,977.63,35.195,17.00,5.00,TRUE,2025-10-24 08:46:46,2025-11-09 08:10:43
885,438,LHN-221467,,718.84,438.32,27.728,17.00,10.00,TRUE,2020-11-07 07:11:51,2024-08-01 03:17:44
886,439,LHN-068507,5486810591412,2642.82,1887.73,23.395,12.00,0.00,TRUE,2024-09-03 06:35:30,2025-04-30 00:17:48
887,439,LHN-065420,,1982.59,944.09,28.982,17.00,5.00,TRUE,2026-12-25 04:03:44,2026-12-28 08:33:20
888,439,LHN-685807,2601216918684,539.47,369.50,43.498,12.00,5.00,TRUE,2021-06-15 14:19:30,2024-09-13 06:22:28
889,440,LHN-145249,5387436252865,2722.55,1432.92,7.524,17.00,0.00,TRUE,2025-10-10 22:33:44,2026-10-01 00:43:29
890,440,LHN-230372,4926439227718,864.70,502.73,8.303,17.00,0.00,TRUE,2025-04-30 01:09:11,2025-05-08 07:31:45
891,441,LHN-639630,1110786335117,3014.79,1382.93,9.667,12.00,5.00,TRUE,2025-10-30 23:23:06,2026-01-04 16:19:47
892,441,LHN-496410,7385458628154,1896.85,890.54,37.441,12.00,0.00,TRUE,2024-05-27 01:20:18,2025-11-24 17:26:48
893,441,LHN-902059,3994286250099,2690.48,1868.39,28.656,12.00,0.00,TRUE,2026-11-15 17:10:58,2026-12-07 17:05:39
894,442,LHN-778844,6624737476781,78.69,36.60,39.319,17.00,5.00,TRUE,2026-04-19 03:16:49,2026-06-25 10:11:43
895,442,LHN-288929,7066913867423,2440.23,1807.58,18.316,17.00,10.00,TRUE,2020-03-25 01:12:58,2026-04-20 23:05:26
896,442,LHN-083783,7195639828149,2916.30,1746.29,14.462,12.00,5.00,FALSE,2023-01-14 04:22:02,2026-03-06 07:36:58
897,443,LHN-912214,3551688967996,135.04,91.24,21.578,17.00,5.00,TRUE,2022-05-18 03:08:39,2024-10-14 23:35:59
898,443,LHN-870824,2698936922497,967.61,608.56,40.284,12.00,0.00,TRUE,2025-10-13 03:17:36,2026-10-04 10:02:37
899,444,LHN-297390,0538422673743,2153.35,1619.06,23.316,17.00,10.00,TRUE,2026-11-07 22:26:23,2026-11-09 06:48:55
900,444,LHN-716219,7860556913864,1485.46,1031.57,35.041,12.00,5.00,TRUE,2026-10-27 19:45:37,2026-12-21 05:15:49
901,445,LHN-949064,1293936531024,2152.22,1209.11,41.307,18.00,5.00,TRUE,2023-01-02 10:04:34,2024-08-13 21:27:11
902,445,LHN-652850,,2843.46,1421.73,45.45,12.00,5.00,TRUE,2024-01-24 20:25:14,2026-01-26 11:01:26
903,446,LHN-260177,,2783.63,1572.67,37.613,17.00,10.00,TRUE,2025-01-11 15:21:12,2025-09-20 10:50:59
904,447,LHN-759508,6914505471071,1196.51,623.18,17.725,12.00,5.00,TRUE,2024-12-30 07:19:23,2025-09-28 15:36:48
905,447,LHN-910322,0196739867189,1120.66,687.52,20.737,18.00,0.00,TRUE,2025-01-21 13:30:59,2025-04-28 09:21:10
906,448,LHN-614906,1427145425588,2223.68,1407.39,39.871,17.00,5.00,TRUE,2026-03-17 16:38:00,2026-07-22 09:31:24
907,449,LHN-725444,,3892.05,1985.74,10.865,18.00,10.00,TRUE,2023-06-16 05:00:50,2024-10-03 03:02:59
908,450,LHN-814367,,1959.04,1145.64,12.887,18.00,10.00,TRUE,2023-10-03 23:06:57,2024-05-31 14:43:37
909,450,LHN-061470,3677506296717,2990.59,1371.83,13.939,18.00,0.00,TRUE,2022-04-12 17:15:53,2025-09-17 08:42:39
910,451,LHN-182276,4158153513079,3990.65,1975.57,11.41,18.00,0.00,TRUE,2021-01-30 16:54:23,2022-01-31 00:29:10
911,451,LHN-384824,9507872699048,1711.49,882.21,49.104,18.00,0.00,TRUE,2021-10-06 12:57:53,2025-07-05 19:31:01
912,451,LHN-294684,7548202531753,1038.60,706.53,45.111,12.00,10.00,TRUE,2024-11-09 01:53:57,2025-02-08 19:57:42
913,452,LHN-805388,6078352834479,391.96,241.95,17.101,18.00,5.00,TRUE,2024-09-11 17:23:45,2025-01-31 04:10:58
914,453,LHN-587206,3729702537160,2393.05,1202.54,25.679,12.00,5.00,TRUE,2023-01-07 04:56:09,2023-08-29 18:43:04
915,453,LHN-252843,,654.46,302.99,4.668,12.00,0.00,TRUE,2022-01-01 09:17:11,2022-11-17 15:29:44
916,453,LHN-363999,9240353780506,1243.36,781.99,0.612,17.00,0.00,TRUE,2023-11-04 07:39:23,2025-06-28 16:32:38
917,454,LHN-288752,0029920944973,588.80,372.66,36.915,12.00,5.00,TRUE,2021-02-01 21:01:45,2023-03-15 21:19:18
918,455,LHN-231399,3716220118087,1109.29,648.71,4.544,18.00,0.00,TRUE,2022-04-03 23:23:59,2025-09-19 20:44:36
919,455,LHN-958622,8178147286747,685.52,527.32,31.53,18.00,5.00,TRUE,2023-02-13 06:22:04,2024-09-01 05:34:19
920,455,LHN-973275,,1998.31,1062.93,41.525,18.00,0.00,TRUE,2025-09-30 20:16:01,2026-05-15 14:13:59
921,456,LHN-353117,1800214546030,3321.81,1545.03,5.81,18.00,10.00,TRUE,2022-05-24 09:42:19,2024-12-08 00:59:11
922,456,LHN-375373,,2839.11,1808.35,29.899,12.00,5.00,TRUE,2022-11-23 17:04:51,2024-12-28 14:06:56
923,456,LHN-797147,4399236799007,2495.19,1919.38,40.851,18.00,0.00,TRUE,2022-04-19 20:21:37,2026-06-15 12:28:03
924,457,LHN-099402,3482456756408,2247.91,1354.16,7.597,12.00,10.00,TRUE,2021-07-19 14:11:21,2026-06-22 22:32:31
925,458,LHN-017068,5357522103500,134.34,71.84,17.333,17.00,10.00,TRUE,2026-09-08 20:29:49,2026-10-13 17:52:53
926,459,LHN-076893,0161897238812,824.94,506.10,10.02,18.00,10.00,FALSE,2024-12-15 14:11:22,2026-06-24 16:11:21
927,459,LHN-310424,3410946752203,2506.19,1362.06,27.985,18.00,0.00,TRUE,2023-04-02 07:29:27,2023-04-10 13:29:33
928,459,LHN-662817,1687627416354,2760.41,1320.77,41.353,17.00,10.00,TRUE,2021-08-26 22:28:25,2025-07-06 20:08:24
929,460,LHN-863469,8869321553037,145.81,106.43,14.175,12.00,0.00,TRUE,2021-04-11 02:13:04,2024-02-07 09:37:09
930,460,LHN-711086,3886895085486,2398.56,1578.00,19.567,12.00,0.00,TRUE,2022-12-07 17:12:56,2024-05-04 04:31:44
931,461,LHN-408073,,2833.30,1609.83,34.946,12.00,10.00,TRUE,2022-12-06 06:49:51,2026-03-30 11:06:07
932,462,LHN-421623,5522291108982,2417.32,1145.65,5.13,12.00,0.00,TRUE,2026-10-14 11:28:21,2026-11-09 07:11:17
933,463,LHN-731009,6446594093211,1189.10,687.34,20.455,12.00,5.00,FALSE,2020-07-12 08:42:55,2023-08-29 16:21:33
934,464,LHN-845166,5413538871298,2495.73,1610.15,15.274,18.00,10.00,TRUE,2025-10-11 05:09:57,2026-02-02 01:26:40
935,464,LHN-272277,3434882877318,286.64,151.66,39.546,12.00,10.00,TRUE,2025-02-01 17:03:46,2026-07-16 05:49:17
936,464,LHN-090109,2477718634823,2970.61,1892.11,8.87,12.00,0.00,TRUE,2024-02-19 02:25:41,2026-10-15 03:56:10
937,465,LHN-580628,6792713939572,1785.78,1130.24,25.062,17.00,0.00,TRUE,2025-03-21 02:56:27,2026-01-22 01:09:45
938,465,LHN-476197,,568.93,301.02,30.992,17.00,0.00,TRUE,2020-01-23 19:15:16,2020-12-11 22:37:04
939,465,LHN-443458,1348960338313,1430.53,1014.56,4.108,17.00,0.00,TRUE,2023-12-03 08:01:59,2025-05-25 15:46:49
940,466,LHN-940850,,1035.00,631.10,21.582,17.00,0.00,FALSE,2026-07-30 20:26:40,2026-11-07 21:35:42
941,466,LHN-412438,5313208188292,1826.97,1217.98,28.319,18.00,5.00,TRUE,2023-10-03 11:42:34,2026-03-03 14:45:50
942,466,LHN-117122,0283901247228,2326.21,1444.85,19.68,17.00,10.00,TRUE,2022-04-04 06:49:20,2023-07-22 16:56:24
943,467,LHN-269619,0694562064336,1880.22,1245.18,31.276,17.00,10.00,TRUE,2021-04-14 13:20:35,2026-07-14 01:56:00
944,468,LHN-626370,1235537253783,2247.99,1729.22,35.448,18.00,0.00,TRUE,2024-11-21 12:34:37,2026-05-05 01:07:28
945,468,LHN-771654,8652872491862,2508.07,1327.02,26.962,12.00,10.00,FALSE,2023-07-05 14:18:18,2024-02-04 08:02:38
946,468,LHN-604564,3986790692601,2963.37,1576.26,18.607,17.00,5.00,TRUE,2023-08-29 19:02:39,2026-05-26 19:44:03
947,469,LHN-478857,7740451184197,1463.75,1076.29,1.303,17.00,0.00,TRUE,2020-09-22 02:26:13,2021-04-06 05:22:26
948,469,LHN-159194,5422890519649,1461.93,727.33,16.654,12.00,10.00,TRUE,2024-12-29 12:40:26,2026-08-28 13:04:07
949,470,LHN-595227,,2433.21,1181.17,32.11,12.00,5.00,TRUE,2023-06-30 19:46:40,2026-09-03 16:51:58
950,470,LHN-069027,6078601860778,920.67,434.28,31.136,12.00,5.00,TRUE,2020-09-28 22:00:48,2026-12-07 16:06:14
951,470,LHN-987450,4664730942502,3708.51,1983.16,33.016,17.00,0.00,TRUE,2022-04-11 13:43:26,2023-07-21 13:04:32
952,471,LHN-696775,2017988176182,296.78,146.92,5.194,18.00,5.00,TRUE,2025-12-15 19:34:30,2026-10-17 03:39:53
953,472,LHN-189084,7657647774752,2336.52,1797.32,39.536,12.00,10.00,TRUE,2022-10-25 15:58:25,2026-03-04 11:17:04
954,473,LHN-397581,7914560561563,729.85,540.63,21.335,17.00,0.00,TRUE,2026-05-02 22:12:25,2026-11-02 03:27:33
955,473,LHN-038883,8985536736963,2335.22,1076.14,17.77,17.00,0.00,TRUE,2021-06-08 04:47:36,2025-01-06 12:08:26
956,473,LHN-293866,4594506414608,2369.21,1190.56,42.874,18.00,10.00,TRUE,2021-03-11 21:09:31,2025-04-06 14:36:00
957,474,LHN-925301,3292479487001,1915.60,1052.53,19.85,12.00,5.00,TRUE,2025-06-17 22:18:18,2025-11-29 07:59:00
958,474,LHN-702711,,919.27,439.84,16.89,12.00,0.00,TRUE,2024-08-07 21:43:51,2026-07-23 21:01:04
959,475,LHN-092886,9722097401423,1674.37,1046.48,6.115,18.00,10.00,TRUE,2020-12-08 11:29:01,2025-07-11 01:58:21
960,475,LHN-777479,,3547.99,1982.12,0.883,17.00,10.00,TRUE,2020-12-31 07:24:05,2024-04-11 09:27:07
961,475,LHN-966561,2353652036780,1484.93,853.41,30.583,18.00,0.00,TRUE,2023-06-05 23:39:06,2024-04-09 07:59:34
962,476,LHN-237451,6488627491847,2309.76,1673.74,44.587,12.00,5.00,TRUE,2026-11-23 20:13:25,2026-12-25 17:05:52
963,476,LHN-299592,7586376647498,279.53,149.48,14.916,17.00,0.00,TRUE,2021-04-10 22:53:54,2023-11-16 10:12:39
964,477,LHN-926521,3101710845305,1178.62,589.31,5.283,17.00,5.00,TRUE,2025-03-13 04:23:46,2026-11-24 11:26:48
965,477,LHN-627021,8294848986387,1023.33,730.95,46.54,18.00,10.00,FALSE,2026-03-10 22:53:02,2026-10-26 01:27:57
966,478,LHN-579567,,1491.70,742.14,3.185,18.00,10.00,TRUE,2026-05-07 08:25:24,2026-06-16 21:54:55
967,479,LHN-091652,4299143045009,1151.37,584.45,39.963,12.00,5.00,TRUE,2021-09-12 17:52:00,2024-02-29 08:14:17
968,479,LHN-652582,7698755387700,1874.85,1013.43,29.51,12.00,5.00,TRUE,2020-12-23 21:41:15,2022-11-10 15:42:07
969,479,LHN-767184,,1232.20,565.23,9.238,18.00,10.00,TRUE,2021-05-15 04:49:44,2025-07-16 04:43:47
970,480,LHN-508159,4720509479737,2535.80,1878.37,41.108,12.00,10.00,TRUE,2022-09-02 10:46:30,2024-01-09 10:24:31
971,481,LHN-022857,8378287565867,1149.60,870.91,17.439,12.00,10.00,TRUE,2020-09-15 13:13:04,2025-08-01 20:23:03
972,481,LHN-983603,0274302676007,828.52,465.46,26.178,18.00,10.00,TRUE,2024-08-08 13:46:44,2026-07-26 12:44:42
973,481,LHN-761757,6357065466789,2677.23,1287.13,37.611,12.00,10.00,TRUE,2023-10-26 05:24:10,2025-07-17 17:21:15
974,482,LHN-694598,0738696630835,1737.68,868.84,10.405,12.00,10.00,TRUE,2020-08-06 05:24:47,2025-10-20 00:55:45
975,482,LHN-817322,9332553567589,1936.17,1265.47,32.775,17.00,0.00,TRUE,2023-03-13 11:29:57,2026-01-19 14:52:33
976,483,LHN-887002,,503.30,276.54,10.824,12.00,0.00,TRUE,2022-06-21 02:30:59,2022-07-04 08:49:43
977,483,LHN-279736,,2124.36,1562.03,28.268,12.00,5.00,TRUE,2021-02-12 19:41:08,2022-12-02 09:21:29
978,484,LHN-651524,,2637.77,1690.88,48.776,18.00,0.00,TRUE,2023-03-25 13:30:14,2024-09-24 14:10:14
979,484,LHN-162247,3361339469461,2115.76,1107.73,36.919,18.00,0.00,TRUE,2022-07-04 12:32:47,2023-04-01 18:49:56
980,485,LHN-576997,4748903753116,3065.65,1835.72,30.1,18.00,5.00,TRUE,2024-12-20 03:04:40,2026-04-16 07:44:48
981,485,LHN-074615,,277.89,201.37,12.558,12.00,0.00,TRUE,2024-09-20 17:12:44,2025-12-29 15:52:17
982,486,LHN-660602,9323831014833,588.46,452.66,25.46,17.00,5.00,TRUE,2025-10-08 02:21:01,2025-10-25 04:20:50
983,486,LHN-885258,7787628916618,2908.41,1900.92,43.641,17.00,5.00,TRUE,2020-10-06 03:34:06,2020-11-12 09:18:05
984,486,LHN-866273,0891197675023,515.43,286.35,2.382,12.00,10.00,TRUE,2025-03-05 05:55:15,2026-01-23 16:44:49
985,487,LHN-888421,8639701345602,3175.88,1443.58,15.09,12.00,10.00,TRUE,2020-12-30 13:12:08,2024-08-12 11:44:28
986,488,LHN-208087,6207538521265,293.35,189.26,40.149,17.00,0.00,TRUE,2023-05-06 21:46:24,2026-01-06 16:55:21
987,488,LHN-149020,6195932115282,3507.03,1836.14,47.615,17.00,10.00,TRUE,2021-10-19 11:41:12,2024-01-10 02:52:54
988,489,LHN-763408,7791947795793,130.89,63.85,43.406,12.00,10.00,TRUE,2020-10-02 17:40:42,2026-09-25 15:34:03
989,490,LHN-252094,8784721178942,3285.82,1542.64,45.651,12.00,0.00,FALSE,2020-03-01 07:42:29,2023-08-06 19:07:10
990,490,LHN-630399,9095654153425,836.28,529.29,44.487,12.00,10.00,TRUE,2023-08-21 09:55:07,2024-06-15 12:49:42
991,491,LHN-193780,4682457749068,3266.89,1505.48,0.51,18.00,0.00,TRUE,2024-12-02 20:47:01,2026-05-02 22:05:52
992,492,LHN-401037,1180562981500,1149.14,781.73,30.287,12.00,10.00,TRUE,2025-11-15 15:30:23,2026-06-12 14:27:51
993,492,LHN-258791,6592013189703,2476.49,1179.28,32.324,12.00,0.00,TRUE,2024-01-29 03:18:55,2025-06-24 02:03:41
994,493,LHN-571777,0075865165980,130.33,72.81,38.064,12.00,10.00,TRUE,2023-01-07 02:08:17,2025-08-15 11:29:29
995,493,LHN-632518,9378305120756,1564.09,770.49,39.311,18.00,10.00,TRUE,2025-04-09 06:36:06,2026-02-25 02:50:31
996,493,LHN-518595,8327458486395,1225.38,887.96,27.026,12.00,5.00,TRUE,2026-03-29 23:36:21,2026-11-28 12:14:03
997,494,LHN-833261,6868249006344,3495.43,1899.69,49.067,12.00,10.00,TRUE,2020-06-14 01:07:06,2024-01-09 08:20:25
998,495,LHN-988025,,2874.99,1969.17,17.035,18.00,10.00,TRUE,2025-02-07 08:01:56,2025-03-11 14:44:46
999,496,LHN-473756,8622322454990,3280.48,1964.36,29.315,17.00,5.00,TRUE,2023-02-20 12:12:27,2026-08-29 04:52:17
1000,496,LHN-823011,2978163912424,2822.45,1288.79,28.984,18.00,5.00,TRUE,2026-11-25 21:54:25,2026-11-30 20:10:30
1001,497,LHN-453118,3349737883027,1687.22,1074.66,7.972,18.00,5.00,FALSE,2025-08-13 19:12:15,2026-04-04 18:18:17
1002,497,LHN-191329,8651155740505,2757.24,1712.57,44.674,17.00,0.00,TRUE,2020-09-27 17:36:10,2021-10-13 15:48:25
1003,497,LHN-606209,0180868816828,2068.61,1004.18,14.111,17.00,10.00,TRUE,2025-07-08 22:20:21,2025-09-12 13:18:34
1004,498,LHN-958871,3986868274500,3533.76,1985.26,45.799,17.00,0.00,TRUE,2025-04-17 07:48:18,2026-04-23 14:42:35
1005,498,LHN-099784,6107424955603,1320.30,992.71,49.625,12.00,5.00,TRUE,2025-11-08 10:33:50,2025-11-20 01:39:52
1006,498,LHN-210485,3139082745367,2315.01,1429.02,22.589,12.00,10.00,FALSE,2024-10-24 07:01:45,2026-08-12 01:38:14
1007,499,LHN-556836,0525554160043,3154.28,1686.78,43.963,12.00,5.00,TRUE,2024-03-30 17:13:23,2024-12-12 16:23:25
1008,500,LHN-579323,,3252.70,1498.94,17.295,17.00,5.00,TRUE,2025-08-05 04:44:40,2025-12-10 13:18:08
1009,500,LHN-676176,8602590265290,2118.14,1114.81,28.152,12.00,0.00,TRUE,2022-05-13 01:02:56,2023-05-09 07:09:45
