product_variant_id,supplier_id,supplier_sku,last_quoted_cost,lead_time_days,is_preferred,created_at,updated_at
1,10,SUP-010-00001,1268.63,20,TRUE,2025-09-08 05:18:56,2025-10-10 09:00:14
2,10,SUP-010-00002,434.66,36,TRUE,2024-05-07 12:26:37,2026-04-15 22:05:44
3,3,SUP-003-00003,28.24,42,TRUE,2022-12-11 03:23:24,2023-08-12 02:25:41
4,18,SUP-018-00004,1620.45,45,FALSE,2023-10-07 20:09:58,2024-08-28 17:23:08
4,24,SUP-024-00004,1456.92,30,TRUE,2020-02-03 08:42:50,2025-11-09 08:34:15
5,7,TODO,636.43,7,TRUE,2026-05-25 12:13:33,2026-08-25 09:09:16
6,25,SUP-025-00006,1916.86,25,TRUE,2023-08-27 04:22:07,2024-04-23 04:27:35
7,25,SUP-025-00007,93.51,8,FALSE,2023-02-07 00:44:25,2025-01-30 19:51:12
7,18,SUP-018-00007,92.66,29,TRUE,2022-11-12 13:12:58,2023-11-26 02:26:03
8,11,SUP-011-00008,405.41,11,FALSE,2020-06-23 09:12:20,2025-04-01 21:59:59
8,7,SUP-007-00008,412.99,13,TRUE,2021-08-29 15:28:11,2021-12-13 18:45:03
9,19,SUP-019-00009,1820.78,44,TRUE,2023-10-16 09:30:01,2025-12-20 19:14:18
9,10,SUP-010-00009,1655.25,20,FALSE,2024-09-03 01:16:13,2025-01-06 09:35:59
10,22,SUP-022-00010,725.79,45,TRUE,2024-10-14 22:25:09,2025-02-01 18:26:23
10,2,SUP-002-00010,689.86,13,FALSE,2020-11-13 19:57:14,2021-12-28 07:25:21
11,5,SUP-005-00011,1136.69,8,TRUE,2021-06-11 01:33:37,2021-07-15 21:37:06
12,8,SUP-008-00012,499.30,13,TRUE,2020-05-09 12:28:49,2021-12-04 09:28:24
13,6,SUP-006-00013,605.79,23,TRUE,2025-04-11 05:36:35,2025-11-09 14:20:10
13,21,SUP-021-00013,586.46,43,FALSE,2020-09-15 08:28:18,2021-05-21 06:50:14
14,17,SUP-017-00014,2054.34,26,TRUE,2020-12-10 18:56:43,2023-07-03 05:34:50
14,16,SUP-016-00014,2114.17,5,FALSE,2025-10-10 00:52:10,2025-12-22 13:51:01
15,5,SUP-005-00015,345.12,41,TRUE,2025-11-13 13:27:21,2026-10-19 22:18:54
16,6,SUP-006-00016,1254.27,28,TRUE,2022-03-03 13:05:19,2023-06-17 09:26:44
16,4,SUP-004-00016,1279.36,28,FALSE,2024-01-28 05:36:55,2026-08-23 09:42:17
17,9,SUP-009-00017,609.42,45,TRUE,2025-08-27 17:22:08,2026-07-14 07:30:59
18,23,—,535.99,5,TRUE,2020-08-24 06:25:43,2021-01-03 01:04:44
19,1,SUP-001-00019,1049.81,25,TRUE,2022-01-13 13:33:54,2024-12-14 13:11:15
20,11,SUP-011-00020,1609.36,14,TRUE,2020-12-26 07:45:18,2025-05-30 14:31:32
21,14,SUP-014-00021,335.39,14,TRUE,2026-01-24 20:53:10,2026-06-03 02:15:31
22,12,SUP-012-00022,827.20,11,TRUE,2025-01-07 08:14:44,2026-06-19 11:58:46
22,25,SUP-025-00022,752.00,32,FALSE,2022-04-09 16:08:29,2022-12-25 10:36:05
23,7,SUP-007-00023,806.68,24,TRUE,2025-12-23 23:39:04,2026-02-11 12:19:10
24,17,SUP-017-00024,1555.35,4,TRUE,2025-07-27 05:22:13,2026-07-28 18:47:01
25,23,SUP-023-00025,335.55,19,FALSE,2022-12-20 14:35:48,2023-03-23 02:48:02
25,9,SUP-009-00025,325.48,22,TRUE,2024-11-21 00:42:11,2026-08-30 01:56:30
26,25,SUP-025-00026,1104.61,20,TRUE,2026-01-19 05:38:58,2026-06-19 19:03:03
26,16,SUP-016-00026,1040.27,28,FALSE,2021-06-28 04:08:18,2025-07-30 03:54:05
27,9,SUP-009-00027,1539.33,41,TRUE,2022-05-08 12:26:30,2024-09-07 00:38:35
28,7,SUP-007-00028,1047.74,41,TRUE,2026-08-05 23:40:23,2026-12-27 11:45:34
29,25,SUP-025-00029,1575.88,21,FALSE,2025-01-27 12:30:26,2026-01-20 23:08:13
29,2,SUP-002-00029,1330.10,24,TRUE,2023-01-20 21:08:37,2025-12-29 05:11:20
30,17,SUP-017-00030,667.64,31,FALSE,2022-10-19 11:19:21,2026-02-19 19:55:23
30,15,SUP-015-00030,703.15,5,TRUE,2021-07-15 19:57:00,2024-08-16 04:35:58
31,15,SUP-015-00031,245.91,42,TRUE,2023-07-01 06:08:58,2026-09-25 06:49:24
32,4,SUP-004-00032,641.49,8,TRUE,2026-08-15 09:27:38,2026-11-12 10:03:18
33,4,SUP-004-00033,301.80,42,FALSE,2025-04-04 20:42:37,2026-11-19 09:42:14
33,21,SUP-021-00033,325.02,24,TRUE,2020-07-02 18:58:59,2022-06-30 17:24:22
34,6,SUP-006-00034,1722.35,18,TRUE,2025-08-03 17:18:32,2025-08-10 19:56:05
34,12,SUP-012-00034,1496.99,24,FALSE,2021-11-12 10:39:43,2026-08-28 07:44:45
35,2,SUP-002-00035,924.77,17,TRUE,2024-01-10 13:26:40,2024-12-15 13:05:08
36,8,SUP-008-00036,1260.91,23,TRUE,2024-09-20 17:43:58,2025-04-29 19:28:12
37,25,SUP-025-00037,81.52,15,TRUE,2023-12-12 10:54:50,2026-09-29 09:09:57
37,14,SUP-014-00037,72.82,17,FALSE,2020-03-30 05:14:41,2021-03-06 17:47:21
38,24,SUP-024-00038,1372.77,29,FALSE,2025-07-24 08:37:52,2025-10-14 18:33:30
38,23,SUP-023-00038,1536.90,31,TRUE,2020-08-29 21:38:52,2026-03-25 18:28:49
39,14,SUP-014-00039,1685.52,45,TRUE,2021-01-29 13:31:04,2023-03-23 03:40:03
40,7,SUP-007-00040,927.81,28,TRUE,2020-01-08 13:46:45,2020-03-08 20:38:01
41,4,SUP-004-00041,1129.03,44,TRUE,2025-12-25 10:55:44,2026-07-15 19:36:12
42,12,SUP-012-00042,1051.05,27,FALSE,2021-09-21 20:38:26,2022-01-01 02:59:24
42,3,SUP-003-00042,928.60,17,TRUE,2020-09-06 21:27:22,2025-01-16 11:57:21
43,14,SUP-014-00043,602.37,17,TRUE,2020-07-30 05:27:09,2023-05-13 15:50:51
44,14,SUP-014-00044,113.89,39,FALSE,2021-06-18 07:31:43,2023-12-27 10:25:00
44,2,SUP-002-00044,105.38,38,TRUE,2021-07-01 20:03:51,2021-12-27 13:49:24
45,11,SUP-011-00045,1806.49,22,TRUE,2022-10-28 07:29:14,2024-08-18 23:16:44
46,4,SUP-004-00046,380.16,21,TRUE,2026-01-06 18:24:08,2026-02-07 21:55:06
47,19,SUP-019-00047,1731.60,37,FALSE,2025-03-12 23:08:18,2025-08-17 07:32:34
47,17,TBD,2070.39,26,TRUE,2023-02-20 21:23:36,2024-02-19 20:44:05
48,1,SUP-001-00048,737.31,15,FALSE,2020-05-16 22:41:20,2026-07-04 06:34:49
48,6,SUP-006-00048,737.31,37,TRUE,2024-09-26 09:16:03,2025-09-15 23:34:59
49,7,SUP-007-00049,1415.67,19,TRUE,2025-07-31 19:28:54,2026-06-07 19:59:40
50,15,SUP-015-00050,310.79,13,TRUE,2024-06-17 10:56:14,2026-06-05 00:42:22
50,13,SUP-013-00050,313.99,36,FALSE,2023-10-25 14:51:20,2026-12-20 06:01:33
51,24,SUP-024-00051,567.38,7,TRUE,2024-05-23 01:53:13,2025-09-02 06:46:49
52,20,SUP-020-00052,334.74,15,TRUE,2023-07-29 20:53:53,2024-02-02 17:55:02
52,12,SUP-012-00052,331.39,15,FALSE,2025-02-20 08:47:50,2025-02-22 00:46:08
53,12,SUP-012-00053,1096.52,6,FALSE,2020-06-20 09:10:37,2024-01-27 00:43:15
53,15,SUP-015-00053,1075.23,13,TRUE,2021-06-02 21:48:38,2021-12-31 15:32:21
54,17,SUP-017-00054,1593.42,22,TRUE,2026-01-30 18:06:09,2026-08-30 16:34:11
55,9,SUP-009-00055,1363.83,44,FALSE,2025-09-11 08:57:02,2025-12-23 06:13:22
55,14,SUP-014-00055,1297.63,26,TRUE,2026-12-27 02:22:03,2026-12-30 06:57:44
56,1,SUP-001-00056,1529.97,29,TRUE,2025-08-08 08:03:18,2025-09-05 18:58:53
57,21,SUP-021-00057,1368.79,45,FALSE,2020-08-26 07:48:21,2024-01-08 23:36:32
57,24,SUP-024-00057,1339.03,45,TRUE,2024-09-29 18:23:52,2025-03-09 21:14:36
58,25,SUP-025-00058,543.47,15,TRUE,2023-06-30 02:56:30,2025-02-11 12:50:08
58,23,SUP-023-00058,478.66,41,FALSE,2020-02-05 23:09:58,2024-04-19 19:49:03
59,17,SUP-017-00059,1733.69,41,TRUE,2026-02-26 15:31:04,2026-07-02 11:41:07
60,9,SUP-009-00060,1039.07,33,TRUE,2020-09-08 02:39:56,2024-09-10 22:21:25
60,19,SUP-019-00060,990.51,30,FALSE,2021-06-26 14:39:56,2025-01-20 10:55:17
61,5,SUP-005-00061,1336.24,23,FALSE,2026-01-23 07:22:27,2026-06-02 05:26:04
61,24,SUP-024-00061,1307.19,37,TRUE,2024-04-07 17:07:40,2026-09-18 13:44:23
62,3,SUP-003-00062,1146.18,34,TRUE,2023-09-07 05:21:52,2024-06-30 08:52:58
62,12,SUP-012-00062,1316.89,23,FALSE,2021-04-10 00:29:12,2024-02-28 11:52:21
63,24,SUP-024-00063,590.56,9,TRUE,2024-03-27 05:00:19,2025-03-02 20:32:55
64,15,SUP-015-00064,1622.73,8,TRUE,2023-12-14 07:40:24,2024-10-09 10:33:04
64,22,SUP-022-00064,1821.44,37,FALSE,2020-11-18 21:44:18,2022-10-28 13:45:40
65,17,SUP-017-00065,973.61,31,TRUE,2021-02-11 07:52:56,2024-06-18 11:07:59
66,3,SUP-003-00066,885.64,16,TRUE,2026-12-05 08:32:44,2026-12-18 05:27:31
66,19,SUP-019-00066,836.44,20,FALSE,2024-10-25 05:17:38,2026-07-28 06:17:34
67,25,SUP-025-00067,1298.36,23,TRUE,2026-12-01 02:02:05,2026-12-17 02:05:38
68,14,SUP-014-00068,231.29,7,TRUE,2021-01-21 01:35:22,2021-07-18 19:37:01
69,3,SUP-003-00069,139.12,37,TRUE,2025-01-08 08:06:24,2025-08-24 08:31:46
70,24,SUP-024-00070,66.81,18,TRUE,2020-12-27 15:19:26,2025-05-10 02:36:40
71,20,SUP-020-00071,797.93,17,TRUE,2023-06-22 21:03:43,2025-06-08 23:19:50
72,8,SUP-008-00072,1476.74,4,TRUE,2024-08-30 23:23:58,2024-12-03 09:23:01
72,10,SUP-010-00072,1627.43,34,FALSE,2025-07-10 11:17:02,2026-06-09 18:36:28
73,23,,396.80,35,TRUE,2026-09-20 02:02:22,2026-12-04 19:31:28
74,22,SUP-022-00074,1116.56,36,TRUE,2024-03-18 09:48:43,2025-10-07 16:05:31
75,1,SUP-001-00075,128.10,19,TRUE,2023-11-16 09:50:34,2024-08-24 17:47:52
76,5,SUP-005-00076,581.69,16,TRUE,2021-03-15 03:01:44,2022-02-09 18:23:59
77,12,—,652.82,33,TRUE,2025-02-11 14:32:01,2025-11-19 15:32:18
77,6,SUP-006-00077,667.33,36,FALSE,2022-06-10 21:34:49,2024-11-07 07:01:47
78,11,SUP-011-00078,1918.10,38,TRUE,2022-11-20 08:01:47,2022-12-19 06:47:01
78,6,SUP-006-00078,1848.35,21,FALSE,2021-01-03 02:55:23,2025-08-25 19:08:52
79,24,SUP-024-00079,503.64,34,FALSE,2022-03-14 15:03:38,2024-10-15 12:55:20
79,17,SUP-017-00079,518.17,16,TRUE,2022-08-07 04:06:34,2025-10-08 04:35:49
80,12,SUP-012-00080,39.77,11,TRUE,2021-12-21 04:23:56,2025-03-17 04:15:12
81,4,SUP-004-00081,1307.26,14,FALSE,2026-12-23 07:40:33,2026-12-23 12:42:55
81,21,SUP-021-00081,1295.38,29,TRUE,2024-11-12 16:34:01,2025-04-10 06:04:52
82,8,SUP-008-00082,1272.06,36,TRUE,2026-11-07 18:07:36,2026-12-30 21:34:18
83,23,SUP-023-00083,1880.04,21,TRUE,2026-01-19 20:29:44,2026-03-07 02:33:35
84,6,SUP-006-00084,456.06,31,FALSE,2021-02-24 17:01:41,2023-08-04 02:03:14
84,19,SUP-019-00084,507.77,26,TRUE,2026-06-02 06:10:06,2026-10-01 00:06:38
85,10,SUP-010-00085,1680.85,28,TRUE,2021-04-04 11:07:53,2021-04-27 04:06:23
85,25,,1572.90,26,FALSE,2026-01-21 01:51:56,2026-07-17 05:27:36
86,2,SUP-002-00086,2104.06,41,TRUE,2021-04-21 22:08:41,2024-05-13 19:51:05
87,4,SUP-004-00087,2010.63,18,TRUE,2020-08-04 05:08:49,2025-11-06 06:36:07
87,7,SUP-007-00087,2029.60,41,FALSE,2025-06-16 05:42:33,2025-08-15 10:56:48
88,5,SUP-005-00088,1120.92,25,FALSE,2024-02-24 04:35:31,2024-09-03 15:19:43
88,16,SUP-016-00088,1233.02,24,TRUE,2021-01-16 04:19:49,2025-07-27 02:25:01
89,25,SUP-025-00089,475.62,8,TRUE,2024-11-08 02:19:38,2024-11-11 17:29:12
90,23,SUP-023-00090,1406.56,18,FALSE,2023-09-10 22:16:11,2026-03-27 11:15:53
90,22,SUP-022-00090,1607.50,42,TRUE,2024-10-30 15:00:08,2026-01-09 11:58:54
91,23,SUP-023-00091,1874.95,19,TRUE,2020-07-19 20:54:12,2025-05-22 21:41:03
91,18,,1910.33,11,FALSE,2023-06-19 13:25:01,2023-11-20 11:19:58
92,1,SUP-001-00092,1113.61,20,TRUE,2022-03-22 01:17:31,2022-08-20 22:37:28
92,15,SUP-015-00092,1082.96,14,FALSE,2025-12-12 14:45:53,2026-05-23 02:29:22
93,10,SUP-010-00093,1031.52,18,FALSE,2020-10-04 14:40:48,2021-04-01 00:50:19
93,4,SUP-004-00093,1224.22,19,TRUE,2022-03-20 09:46:14,2023-06-28 14:27:03
94,3,SUP-003-00094,1386.18,17,FALSE,2022-05-17 07:31:32,2023-06-17 00:10:00
94,7,SUP-007-00094,1386.18,12,TRUE,2026-10-14 07:19:26,2026-11-28 07:31:45
95,7,SUP-007-00095,1678.06,7,TRUE,2023-08-20 19:17:35,2024-01-17 23:58:49
96,2,SUP-002-00096,898.19,28,FALSE,2024-04-02 14:21:37,2024-12-16 01:23:34
96,14,SUP-014-00096,880.23,38,TRUE,2025-04-02 02:11:16,2026-08-13 11:30:53
97,23,SUP-023-00097,1323.42,36,FALSE,2023-12-03 11:18:55,2026-02-18 08:07:01
97,19,SUP-019-00097,1548.68,28,TRUE,2022-01-18 17:13:35,2026-11-20 02:18:41
98,2,,1564.32,6,TRUE,2024-05-03 05:29:43,2026-05-14 23:24:44
98,10,SUP-010-00098,1714.10,11,FALSE,2020-12-14 18:54:38,2024-10-05 15:21:01
99,21,SUP-021-00099,757.08,43,FALSE,2020-08-06 11:56:06,2024-01-31 19:57:56
99,10,SUP-010-00099,810.61,26,TRUE,2022-10-17 15:27:02,2026-01-08 01:17:13
100,8,SUP-008-00100,1893.16,14,TRUE,2023-12-24 00:01:36,2025-04-18 20:06:40
101,8,SUP-008-00101,1619.29,40,TRUE,2023-07-05 21:37:13,2025-07-10 22:52:11
102,17,TBD,233.41,19,TRUE,2021-03-08 12:09:13,2025-03-09 05:00:52
103,14,SUP-014-00103,438.08,39,FALSE,2022-04-14 05:40:07,2025-03-20 11:35:48
103,9,,520.83,7,TRUE,2025-11-23 03:52:29,2026-05-10 09:53:18
104,19,SUP-019-00104,584.99,11,TRUE,2020-08-06 20:55:08,2025-07-29 10:24:01
104,23,SUP-023-00104,542.06,28,FALSE,2024-02-09 08:34:49,2024-08-07 18:35:11
105,10,SUP-010-00105,1284.19,7,TRUE,2020-04-03 17:02:40,2021-07-26 01:35:22
105,11,SUP-011-00105,1119.25,12,FALSE,2022-12-27 10:15:26,2026-01-27 09:09:31
106,10,SUP-010-00106,648.42,11,TRUE,2025-02-07 13:52:13,2026-03-13 20:16:56
107,11,SUP-011-00107,1562.57,34,TRUE,2023-08-06 03:44:15,2023-09-02 02:45:34
108,23,SUP-023-00108,862.49,26,TRUE,2026-12-23 11:26:16,2026-12-27 15:13:27
109,12,SUP-012-00109,450.53,36,FALSE,2023-10-04 20:38:44,2025-06-24 15:35:33
109,18,SUP-018-00109,459.03,35,TRUE,2022-08-22 01:29:09,2025-10-07 17:54:27
110,3,SUP-003-00110,1381.18,9,FALSE,2024-01-02 10:07:26,2025-06-17 01:17:02
110,11,SUP-011-00110,1278.87,22,TRUE,2024-11-05 10:42:37,2025-09-04 23:33:53
111,23,SUP-023-00111,575.43,3,FALSE,2021-02-09 16:20:54,2026-03-07 23:57:24
111,6,,575.43,28,TRUE,2022-12-27 14:11:41,2024-05-05 10:17:50
112,18,SUP-018-00112,310.32,28,TRUE,2024-06-28 14:26:48,2025-08-04 13:21:51
113,25,SUP-025-00113,28.24,29,FALSE,2025-08-07 07:27:44,2026-06-15 15:49:34
113,13,SUP-013-00113,25.91,19,TRUE,2026-10-19 20:33:43,2026-12-11 10:15:19
114,4,SUP-004-00114,352.85,21,TRUE,2024-02-13 06:25:44,2025-04-16 11:22:06
115,10,SUP-010-00115,1250.21,11,TRUE,2020-04-11 16:43:11,2021-09-23 17:58:30
116,10,SUP-010-00116,1593.78,38,TRUE,2023-11-25 20:16:51,2026-06-24 06:48:27
117,10,SUP-010-00117,612.73,3,TRUE,2026-12-17 14:52:12,2026-12-27 20:09:42
118,10,TBD,406.31,37,TRUE,2022-07-20 10:25:39,2025-06-15 23:20:01
119,8,SUP-008-00119,834.58,23,TRUE,2024-12-14 15:45:51,2025-02-25 05:51:32
120,9,SUP-009-00120,855.93,25,TRUE,2021-04-01 01:34:02,2024-05-22 12:23:20
121,11,SUP-011-00121,1720.12,13,TRUE,2022-04-16 22:54:14,2026-11-25 20:30:17
121,8,SUP-008-00121,1467.62,5,FALSE,2021-03-23 11:52:55,2021-12-13 23:55:17
122,10,SUP-010-00122,427.89,37,FALSE,2024-10-12 13:55:21,2026-10-08 02:03:05
122,18,SUP-018-00122,427.89,26,TRUE,2026-03-22 19:47:52,2026-12-10 05:40:28
123,12,SUP-012-00123,1235.29,12,FALSE,2022-10-15 20:58:05,2026-05-07 11:20:44
123,2,SUP-002-00123,1235.29,4,TRUE,2024-03-01 17:14:10,2026-06-27 10:10:37
124,13,SUP-013-00124,693.91,18,TRUE,2020-06-19 17:36:35,2023-03-18 16:00:38
125,19,SUP-019-00125,1980.75,9,TRUE,2023-04-15 11:56:43,2025-12-01 15:28:24
125,4,SUP-004-00125,1832.66,33,FALSE,2024-07-05 21:03:41,2026-07-18 07:35:01
126,23,SUP-023-00126,559.28,34,TRUE,2022-03-01 23:11:37,2026-06-21 14:09:22
127,23,SUP-023-00127,703.09,17,FALSE,2025-01-15 01:21:15,2026-01-12 11:50:56
127,22,SUP-022-00127,689.17,34,TRUE,2022-05-26 08:33:13,2024-02-23 03:58:29
128,6,SUP-006-00128,886.69,12,TRUE,2023-04-20 16:20:24,2026-06-02 02:26:09
128,5,SUP-005-00128,817.14,25,FALSE,2026-06-29 00:13:16,2026-07-14 22:53:37
129,18,SUP-018-00129,1421.56,23,TRUE,2026-08-26 19:35:56,2026-10-16 17:29:58
129,3,SUP-003-00129,1421.56,26,FALSE,2026-06-30 16:57:45,2026-08-19 13:10:43
130,20,SUP-020-00130,406.69,27,TRUE,2024-06-18 18:20:44,2025-08-25 02:22:06
131,4,SUP-004-00131,624.58,35,FALSE,2023-07-13 07:43:45,2026-04-03 14:58:52
131,25,SUP-025-00131,649.56,41,TRUE,2021-08-21 08:43:36,2026-02-02 08:28:06
132,7,SUP-007-00132,738.51,32,TRUE,2021-11-30 16:49:06,2024-06-29 04:11:34
132,2,SUP-002-00132,678.83,37,FALSE,2024-06-25 17:16:38,2025-03-01 10:14:37
133,5,SUP-005-00133,675.13,15,TRUE,2025-10-20 04:09:48,2026-10-27 20:47:51
134,18,SUP-018-00134,524.53,8,TRUE,2020-06-09 03:35:37,2024-03-18 15:53:46
135,18,SUP-018-00135,715.55,38,TRUE,2025-12-17 23:15:58,2026-05-17 15:14:42
136,21,SUP-021-00136,631.60,14,TRUE,2024-04-03 12:03:07,2025-05-28 17:15:00
136,25,SUP-025-00136,665.92,43,FALSE,2023-03-14 02:51:34,2024-02-16 20:42:31
137,20,—,784.20,38,TRUE,2023-09-06 03:24:31,2026-12-15 09:51:51
137,4,SUP-004-00137,784.20,18,FALSE,2021-10-10 11:22:58,2023-10-25 13:43:40
138,15,SUP-015-00138,1340.32,21,TRUE,2023-01-31 23:53:52,2024-11-13 16:39:46
139,8,SUP-008-00139,1738.78,25,TRUE,2024-04-03 15:29:38,2024-08-22 13:55:25
139,5,SUP-005-00139,1773.21,23,FALSE,2022-12-05 09:40:22,2026-10-28 06:59:16
140,20,SUP-020-00140,451.59,25,TRUE,2020-09-12 21:20:24,2025-12-18 12:15:15
141,3,SUP-003-00141,1562.38,29,TRUE,2026-03-04 07:24:29,2026-11-07 05:08:17
141,13,TBD,1739.56,28,FALSE,2025-01-26 04:26:01,2025-09-30 04:53:35
142,25,SUP-025-00142,1688.49,34,FALSE,2026-01-19 07:45:59,2026-12-20 23:00:46
142,14,SUP-014-00142,1519.64,6,TRUE,2023-01-11 23:59:21,2024-04-19 13:02:53
143,13,SUP-013-00143,498.67,23,FALSE,2020-04-22 09:56:58,2024-11-07 08:01:35
143,12,SUP-012-00143,509.51,18,TRUE,2024-02-26 14:33:18,2025-06-23 19:25:26
144,3,SUP-003-00144,2127.03,11,TRUE,2025-09-05 03:09:52,2026-09-21 14:19:08
145,19,SUP-019-00145,1323.59,44,TRUE,2020-02-06 08:50:56,2021-04-28 21:15:34
145,15,SUP-015-00145,1309.04,24,FALSE,2026-03-15 08:04:26,2026-10-22 08:46:49
146,11,SUP-011-00146,1031.23,16,TRUE,2021-05-11 16:03:53,2024-11-26 21:42:01
147,8,SUP-008-00147,1918.87,40,TRUE,2026-05-27 18:28:02,2026-09-29 11:33:59
148,7,SUP-007-00148,564.81,7,FALSE,2025-12-22 23:14:31,2026-11-04 23:52:39
148,11,SUP-011-00148,608.26,26,TRUE,2020-04-20 14:56:34,2020-08-24 13:59:05
149,16,SUP-016-00149,272.98,23,TRUE,2020-04-29 23:10:44,2021-03-09 11:04:27
150,11,SUP-011-00150,1830.40,10,FALSE,2021-07-31 20:42:20,2022-09-22 23:37:49
150,14,SUP-014-00150,2069.14,27,TRUE,2024-07-22 18:41:35,2024-11-02 18:15:50
151,7,SUP-007-00151,951.39,42,FALSE,2022-10-08 15:56:15,2025-02-19 11:40:19
151,19,SUP-019-00151,924.47,40,TRUE,2021-08-20 10:31:31,2024-11-03 15:29:26
152,11,SUP-011-00152,996.44,40,TRUE,2020-07-01 05:13:21,2022-02-24 18:39:45
153,14,SUP-014-00153,151.81,22,FALSE,2020-06-19 13:39:08,2022-12-18 05:18:21
153,13,SUP-013-00153,151.81,20,TRUE,2023-10-27 17:09:31,2026-06-15 14:08:59
154,14,SUP-014-00154,1614.23,25,FALSE,2022-04-04 15:04:07,2026-09-21 20:39:07
154,5,SUP-005-00154,1584.88,42,TRUE,2021-10-16 00:17:19,2021-11-04 22:21:08
155,24,SUP-024-00155,31.72,11,TRUE,2026-02-02 18:49:37,2026-08-22 03:48:45
155,1,,27.31,38,FALSE,2021-07-08 13:31:04,2023-08-12 18:22:46
156,16,SUP-016-00156,1755.70,39,FALSE,2023-06-05 17:54:55,2026-09-26 08:19:16
156,14,SUP-014-00156,1814.23,13,TRUE,2020-09-06 15:18:55,2025-08-24 13:39:13
157,10,SUP-010-00157,1191.32,24,TRUE,2026-04-09 18:48:52,2026-10-29 03:30:23
158,12,SUP-012-00158,1231.75,11,FALSE,2023-04-19 07:19:03,2025-12-27 18:50:41
158,23,SUP-023-00158,1385.72,29,TRUE,2024-02-09 14:11:52,2025-11-11 02:01:07
159,13,SUP-013-00159,1205.90,37,FALSE,2025-02-11 19:43:08,2026-04-08 14:04:38
159,24,SUP-024-00159,1052.42,14,TRUE,2021-03-15 13:58:24,2026-02-09 18:48:17
160,3,SUP-003-00160,562.57,25,TRUE,2026-06-07 20:55:38,2026-09-22 13:48:42
161,6,,404.38,11,FALSE,2025-02-27 13:38:13,2026-04-07 13:24:38
161,21,SUP-021-00161,428.64,5,TRUE,2022-05-20 23:09:57,2024-05-19 11:25:26
162,25,SUP-025-00162,718.86,24,TRUE,2025-12-01 09:17:17,2026-09-08 19:57:08
162,1,SUP-001-00162,690.94,15,FALSE,2022-06-15 16:13:23,2025-09-22 03:17:13
163,13,SUP-013-00163,943.68,43,FALSE,2025-06-22 16:30:43,2026-03-28 06:00:05
163,22,SUP-022-00163,923.82,19,TRUE,2026-01-04 12:23:15,2026-06-02 14:27:06
164,10,SUP-010-00164,758.72,18,TRUE,2020-11-21 02:48:31,2026-01-14 05:43:47
165,24,SUP-024-00165,311.51,22,TRUE,2022-05-29 05:28:46,2025-09-07 14:30:21
165,17,SUP-017-00165,350.04,24,FALSE,2023-04-07 07:09:52,2025-03-18 04:33:11
166,6,SUP-006-00166,1942.52,4,TRUE,2020-08-04 05:23:28,2025-03-19 05:36:15
166,18,SUP-018-00166,2000.80,19,FALSE,2020-10-01 08:27:07,2026-03-19 16:16:00
167,9,SUP-009-00167,268.61,23,TRUE,2025-01-24 17:58:02,2026-01-09 19:35:10
167,8,SUP-008-00167,263.40,19,FALSE,2023-01-24 00:51:02,2023-04-10 15:35:02
168,15,SUP-015-00168,919.18,13,FALSE,2022-09-23 11:09:11,2022-11-05 10:19:49
168,10,SUP-010-00168,1006.26,37,TRUE,2024-04-15 04:01:54,2025-01-22 15:02:15
169,12,SUP-012-00169,1344.48,41,TRUE,2023-10-13 16:13:15,2024-05-31 00:41:19
170,3,SUP-003-00170,84.53,11,TRUE,2020-03-05 00:30:03,2024-06-14 00:48:42
171,10,SUP-010-00171,1357.15,38,TRUE,2023-05-19 21:31:48,2024-07-04 09:27:21
171,4,SUP-004-00171,1409.35,19,FALSE,2026-08-16 21:46:59,2026-09-15 09:25:07
172,4,SUP-004-00172,275.28,17,TRUE,2024-01-20 11:26:27,2025-03-07 12:26:33
172,14,SUP-014-00172,275.28,35,FALSE,2023-11-07 19:03:07,2026-09-25 16:53:49
173,18,SUP-018-00173,609.52,21,TRUE,2020-11-23 23:58:37,2021-04-05 09:15:41
174,22,SUP-022-00174,1671.41,19,TRUE,2024-01-01 23:06:40,2025-08-08 12:24:09
174,11,SUP-011-00174,1724.76,17,FALSE,2021-07-12 19:18:50,2022-08-18 11:29:29
175,20,SUP-020-00175,502.70,16,FALSE,2024-03-24 19:18:29,2025-01-03 16:10:16
175,13,SUP-013-00175,536.22,31,TRUE,2023-04-03 12:40:38,2025-06-25 15:09:03
176,8,SUP-008-00176,1658.17,6,TRUE,2023-08-14 10:49:21,2023-10-22 02:49:08
176,12,SUP-012-00176,1612.54,33,FALSE,2022-08-11 00:49:59,2026-08-21 21:11:35
177,16,SUP-016-00177,726.48,39,TRUE,2022-06-06 15:29:57,2026-10-01 03:53:47
178,14,SUP-014-00178,1385.97,34,TRUE,2023-03-26 00:47:21,2026-01-03 21:43:45
178,9,SUP-009-00178,1455.27,13,FALSE,2020-07-27 02:24:10,2021-06-09 09:24:11
179,13,SUP-013-00179,572.66,3,TRUE,2026-07-18 06:06:12,2026-11-30 21:28:31
180,20,SUP-020-00180,1344.69,22,TRUE,2020-08-21 04:51:25,2022-03-15 04:28:33
180,3,SUP-003-00180,1330.07,19,FALSE,2022-03-29 09:17:05,2026-11-13 23:06:51
181,13,SUP-013-00181,699.50,39,TRUE,2024-10-28 22:58:22,2025-07-25 09:58:07
181,21,SUP-021-00181,753.90,10,FALSE,2021-01-13 19:52:41,2026-11-04 05:32:03
182,19,SUP-019-00182,1146.11,11,TRUE,2025-09-13 06:24:19,2026-09-16 16:00:46
183,21,SUP-021-00183,441.86,20,FALSE,2025-03-26 19:56:26,2025-09-01 17:10:24
183,6,SUP-006-00183,441.86,31,TRUE,2021-01-06 11:44:16,2022-02-05 23:02:15
184,10,SUP-010-00184,169.63,11,TRUE,2023-01-14 21:08:21,2026-02-06 16:10:25
184,25,SUP-025-00184,142.68,15,FALSE,2026-11-08 18:03:52,2026-12-07 13:39:37
185,12,SUP-012-00185,363.69,37,FALSE,2021-07-13 02:17:38,2023-12-04 22:35:05
185,9,SUP-009-00185,341.42,16,TRUE,2024-04-21 05:56:40,2024-09-03 17:38:41
186,8,SUP-008-00186,930.68,10,TRUE,2026-10-29 07:45:35,2026-10-31 13:57:33
187,1,SUP-001-00187,1645.83,5,TRUE,2021-06-03 07:42:22,2024-09-06 17:32:40
188,7,SUP-007-00188,170.07,26,TRUE,2023-01-24 23:57:05,2023-11-05 23:30:59
189,2,SUP-002-00189,1261.70,18,TRUE,2023-01-06 03:41:34,2025-07-28 05:50:48
190,18,SUP-018-00190,125.41,8,FALSE,2020-11-20 15:52:09,2021-06-08 19:11:01
190,10,SUP-010-00190,113.24,8,TRUE,2021-08-02 02:25:50,2026-05-26 12:27:50
191,16,SUP-016-00191,309.55,4,TRUE,2022-12-15 03:51:27,2024-04-30 15:00:55
191,22,SUP-022-00191,319.32,37,FALSE,2020-12-18 16:39:01,2021-09-11 16:10:02
192,9,SUP-009-00192,2116.22,5,TRUE,2023-08-17 17:44:30,2024-06-11 01:00:20
192,6,SUP-006-00192,1856.68,12,FALSE,2021-09-06 17:47:10,2022-02-01 02:57:04
193,9,SUP-009-00193,2141.11,15,TRUE,2021-03-09 15:50:44,2024-06-10 07:31:34
194,13,SUP-013-00194,1735.89,6,TRUE,2022-10-17 14:49:09,2026-05-25 11:54:14
195,5,SUP-005-00195,1338.31,21,TRUE,2026-01-29 17:14:22,2026-05-10 13:44:51
196,10,SUP-010-00196,786.52,34,TRUE,2021-10-30 01:31:15,2025-02-21 13:19:25
197,16,SUP-016-00197,226.32,7,TRUE,2020-01-29 11:32:08,2023-12-25 03:15:13
198,13,SUP-013-00198,661.69,32,TRUE,2025-01-24 04:26:43,2026-03-31 05:20:19
199,6,SUP-006-00199,1176.68,14,FALSE,2025-07-25 11:50:35,2025-11-07 14:05:35
199,19,SUP-019-00199,1025.54,27,TRUE,2023-07-01 13:04:43,2026-11-18 11:54:48
200,2,SUP-002-00200,1741.20,30,FALSE,2022-03-01 02:51:08,2025-05-13 04:25:12
200,21,SUP-021-00200,1533.53,39,TRUE,2024-01-19 13:19:38,2026-05-26 15:17:23
201,5,TBD,167.37,3,TRUE,2020-02-05 16:38:49,2022-05-01 17:50:40
201,19,SUP-019-00201,172.71,13,FALSE,2025-10-22 05:36:29,2026-06-06 14:56:11
202,15,SUP-015-00202,1420.40,35,TRUE,2023-08-26 20:26:51,2024-07-05 05:58:59
202,8,SUP-008-00202,1516.93,3,FALSE,2026-04-18 01:08:08,2026-05-08 13:47:05
203,18,SUP-018-00203,812.39,30,TRUE,2021-11-25 03:46:51,2023-03-05 12:06:34
204,23,,33.84,21,TRUE,2024-02-05 16:34:28,2026-08-08 17:23:43
204,15,SUP-015-00204,38.47,15,FALSE,2020-10-18 09:03:15,2025-01-19 11:25:01
205,25,SUP-025-00205,1365.87,3,TRUE,2022-11-09 20:30:02,2026-06-02 23:41:17
206,17,SUP-017-00206,189.88,3,FALSE,2025-12-16 11:51:44,2026-06-30 09:20:31
206,18,SUP-018-00206,166.15,13,TRUE,2025-12-08 02:36:44,2026-07-04 00:00:35
207,1,SUP-001-00207,1986.41,44,TRUE,2020-08-08 00:27:02,2022-07-26 01:56:01
208,3,SUP-003-00208,512.74,32,TRUE,2021-02-22 09:23:32,2021-04-29 22:24:11
209,15,SUP-015-00209,674.68,28,FALSE,2024-02-17 16:50:57,2024-07-12 18:33:04
209,14,SUP-014-00209,809.62,45,TRUE,2020-01-10 03:27:59,2021-06-05 10:38:37
210,11,SUP-011-00210,1726.81,4,TRUE,2020-04-08 15:28:29,2026-05-30 06:42:40
211,5,,1147.75,33,TRUE,2023-04-03 05:32:17,2024-11-14 17:41:51
212,3,SEM-CODIGO,1214.39,36,TRUE,2026-03-13 07:47:33,2026-12-16 08:33:53
212,1,SUP-001-00212,1399.19,7,FALSE,2022-11-08 01:37:04,2023-03-02 13:41:39
213,15,SUP-015-00213,213.40,6,FALSE,2023-07-31 00:19:04,2025-05-26 17:57:02
213,20,SUP-020-00213,181.78,17,TRUE,2022-11-11 06:51:35,2025-10-02 01:12:54
214,19,SUP-019-00214,481.52,21,FALSE,2026-10-28 06:19:21,2026-11-28 22:21:03
214,10,SUP-010-00214,468.14,39,TRUE,2025-07-09 07:02:08,2026-06-16 23:42:29
215,14,SUP-014-00215,677.93,44,FALSE,2025-10-07 21:01:17,2026-03-12 18:34:50
215,19,SUP-019-00215,649.69,39,TRUE,2023-04-02 03:20:14,2026-06-30 15:49:52
216,21,SUP-021-00216,1814.45,45,FALSE,2024-04-28 00:15:03,2026-02-07 11:26:12
216,13,SUP-013-00216,1995.90,15,TRUE,2023-10-18 07:05:42,2026-05-13 05:59:03
217,18,SUP-018-00217,277.52,22,TRUE,2020-09-07 07:18:25,2021-11-07 11:46:19
217,19,SUP-019-00217,245.50,38,FALSE,2020-08-26 05:07:59,2022-07-20 19:21:41
218,1,SUP-001-00218,112.13,40,TRUE,2020-10-22 06:44:06,2023-08-29 04:12:30
219,20,SUP-020-00219,1318.85,10,TRUE,2022-05-01 20:12:02,2023-11-17 22:04:34
219,16,SUP-016-00219,1441.22,14,FALSE,2025-11-01 04:00:29,2026-10-29 11:34:29
220,13,SUP-013-00220,725.17,17,TRUE,2020-03-16 18:36:40,2024-11-07 06:51:51
220,6,SUP-006-00220,612.07,27,FALSE,2024-03-06 18:53:07,2026-11-08 20:26:21
221,22,SUP-022-00221,1055.30,35,TRUE,2022-03-03 15:33:21,2025-05-07 16:12:19
221,8,SUP-008-00221,955.75,9,FALSE,2020-04-22 07:29:09,2023-07-26 23:09:48
222,10,SUP-010-00222,1069.54,22,TRUE,2022-09-10 23:17:08,2023-10-01 01:30:10
223,21,SUP-021-00223,1681.18,13,FALSE,2020-06-24 03:55:10,2026-11-17 10:23:02
223,6,SUP-006-00223,2010.11,21,TRUE,2023-04-23 11:41:20,2025-08-07 23:40:10
224,14,SUP-014-00224,1636.10,18,FALSE,2026-12-01 11:54:22,2026-12-08 18:06:44
224,7,SUP-007-00224,1668.82,30,TRUE,2025-11-23 11:25:29,2026-06-15 07:54:22
225,25,SUP-025-00225,695.47,44,TRUE,2022-09-14 20:20:09,2025-07-11 06:31:27
226,23,SUP-023-00226,785.95,45,TRUE,2022-07-25 17:57:26,2023-01-11 14:20:19
227,1,SUP-001-00227,1966.22,41,FALSE,2026-07-24 14:08:12,2026-09-19 00:28:30
227,16,SUP-016-00227,1908.39,25,TRUE,2024-12-16 11:45:03,2026-06-26 08:44:04
228,12,SUP-012-00228,985.81,23,TRUE,2021-08-31 08:00:09,2025-02-11 17:50:17
229,17,SUP-017-00229,1790.15,4,TRUE,2024-12-06 05:58:25,2026-08-18 23:55:29
229,11,SUP-011-00229,1680.55,44,FALSE,2023-02-09 13:09:31,2026-09-30 07:06:43
230,4,SUP-004-00230,1048.83,43,TRUE,2025-10-08 18:24:23,2026-04-21 12:03:34
230,8,SUP-008-00230,924.88,26,FALSE,2026-01-23 09:34:20,2026-09-20 08:17:19
231,13,SUP-013-00231,1997.54,3,FALSE,2020-01-29 06:27:05,2024-01-01 15:29:56
231,1,SEM-CODIGO,1869.26,30,TRUE,2023-01-17 20:59:18,2026-01-06 16:42:07
232,14,SUP-014-00232,1279.38,31,TRUE,2026-09-07 22:37:56,2026-10-29 05:46:15
233,24,SUP-024-00233,1195.50,4,TRUE,2021-03-20 02:18:01,2022-11-17 19:23:31
234,12,SUP-012-00234,586.30,27,TRUE,2023-12-02 03:41:08,2026-04-19 13:19:43
234,1,SUP-001-00234,681.89,20,FALSE,2023-01-28 09:32:28,2025-03-08 03:51:19
235,19,SUP-019-00235,422.08,42,TRUE,2021-06-16 14:33:57,2025-10-16 01:39:49
236,21,SUP-021-00236,222.10,34,FALSE,2023-01-03 20:03:48,2025-10-29 01:56:59
236,6,SUP-006-00236,233.92,26,TRUE,2024-11-17 10:19:13,2025-05-17 09:35:48
237,12,SUP-012-00237,1421.82,26,TRUE,2026-03-26 01:09:03,2026-08-15 13:55:28
237,2,SUP-002-00237,1437.44,22,FALSE,2024-01-11 15:31:44,2026-10-25 10:45:25
238,15,SUP-015-00238,294.95,40,TRUE,2021-04-16 05:17:11,2022-08-01 15:58:46
239,21,SUP-021-00239,313.59,20,FALSE,2021-09-09 11:57:50,2024-10-31 09:04:03
239,10,SUP-010-00239,325.77,38,TRUE,2021-07-03 23:03:30,2023-12-03 20:18:51
240,24,SUP-024-00240,1019.40,9,TRUE,2024-12-21 07:30:57,2026-04-21 19:42:39
240,12,SUP-012-00240,968.94,30,FALSE,2024-12-24 14:37:46,2025-02-26 23:11:20
241,10,SUP-010-00241,705.88,32,TRUE,2024-06-24 17:19:34,2025-05-15 15:20:09
241,1,SUP-001-00241,686.09,39,FALSE,2023-04-16 16:06:27,2026-04-26 04:38:55
242,23,SUP-023-00242,299.03,14,TRUE,2024-02-11 09:00:27,2024-10-10 11:05:49
242,13,SUP-013-00242,295.78,44,FALSE,2024-12-01 04:14:40,2025-07-26 19:19:04
243,11,SUP-011-00243,202.56,8,TRUE,2025-11-03 23:43:14,2026-07-27 08:44:34
244,11,SUP-011-00244,2129.74,23,TRUE,2021-12-05 21:10:39,2024-10-30 22:24:42
244,2,SUP-002-00244,1912.82,25,FALSE,2021-11-13 00:28:08,2025-09-16 03:05:28
245,10,TBD,1498.21,25,TRUE,2026-06-13 14:52:30,2026-06-16 23:57:56
246,8,SUP-008-00246,1643.09,4,TRUE,2023-05-30 07:19:35,2023-06-07 23:24:42
247,11,SUP-011-00247,1779.45,35,FALSE,2022-04-30 02:20:24,2023-07-23 15:08:19
247,10,SUP-010-00247,1836.24,38,TRUE,2023-03-04 00:42:48,2025-02-09 22:49:26
248,10,SUP-010-00248,714.80,40,TRUE,2021-09-24 00:10:01,2024-09-25 18:54:21
249,18,SUP-018-00249,1206.55,20,FALSE,2024-01-03 13:01:26,2025-08-14 06:08:02
249,4,SUP-004-00249,1272.84,14,TRUE,2020-06-19 07:42:33,2024-10-14 10:40:14
250,1,SUP-001-00250,251.34,7,TRUE,2022-03-24 09:21:12,2024-10-20 18:29:49
250,17,SUP-017-00250,239.02,37,FALSE,2024-04-02 10:54:09,2024-07-15 03:17:38
251,18,SUP-018-00251,333.18,22,TRUE,2022-11-20 18:55:52,2022-12-25 05:35:56
251,17,SUP-017-00251,288.75,5,FALSE,2024-10-19 08:38:56,2024-11-17 01:55:09
252,15,SUP-015-00252,733.74,23,FALSE,2025-03-05 08:46:56,2026-02-16 05:20:02
252,23,SUP-023-00252,719.35,17,TRUE,2026-08-19 19:59:27,2026-09-30 23:29:30
253,22,SUP-022-00253,1534.24,4,FALSE,2024-12-08 01:58:11,2026-10-23 10:52:57
253,9,SUP-009-00253,1625.38,14,TRUE,2025-01-04 14:42:43,2025-07-11 07:29:11
254,13,SUP-013-00254,659.19,10,TRUE,2021-05-06 16:30:43,2023-06-14 05:15:46
254,1,SUP-001-00254,613.05,25,FALSE,2026-05-22 14:48:07,2026-11-30 14:19:03
255,25,SUP-025-00255,1730.11,45,TRUE,2026-07-11 21:21:48,2026-07-20 01:06:04
255,21,SUP-021-00255,1711.70,44,FALSE,2025-11-28 21:21:05,2026-08-27 17:27:59
256,8,SUP-008-00256,1027.88,3,TRUE,2025-12-26 22:30:17,2026-05-25 11:50:15
256,11,SUP-011-00256,1108.50,18,FALSE,2020-05-08 17:29:43,2024-11-17 10:41:33
257,20,SUP-020-00257,37.14,39,FALSE,2021-03-13 06:08:33,2022-06-12 21:42:16
257,12,SUP-012-00257,45.40,36,TRUE,2025-02-03 22:29:44,2025-08-02 21:52:47
258,25,SUP-025-00258,1694.75,33,TRUE,2024-03-05 18:14:12,2026-02-01 04:42:39
259,6,SUP-006-00259,209.88,30,TRUE,2023-11-20 10:04:42,2024-10-08 04:32:31
260,7,SUP-007-00260,1047.52,38,TRUE,2026-02-04 03:46:51,2026-02-27 18:13:21
261,7,SUP-007-00261,1188.61,5,FALSE,2023-07-29 21:09:19,2026-09-19 02:02:41
261,1,SUP-001-00261,1263.68,33,TRUE,2026-01-25 00:43:11,2026-12-31 08:35:39
262,6,SUP-006-00262,799.55,33,TRUE,2023-08-03 08:07:54,2026-03-05 12:01:17
263,20,SUP-020-00263,1822.07,7,FALSE,2021-01-05 12:52:06,2025-07-02 13:02:48
263,23,SUP-023-00263,1691.93,35,TRUE,2024-08-25 01:12:17,2025-03-06 08:56:44
264,13,SUP-013-00264,1009.03,24,TRUE,2021-05-13 19:10:37,2022-06-17 10:28:51
265,16,SUP-016-00265,2104.42,8,TRUE,2023-05-21 12:01:00,2025-11-29 16:42:59
266,24,SUP-024-00266,1807.24,14,TRUE,2022-05-05 12:06:10,2022-08-07 16:15:23
266,17,SUP-017-00266,1844.50,19,FALSE,2021-11-05 21:06:50,2024-10-25 18:54:38
267,14,SUP-014-00267,515.78,13,TRUE,2026-04-27 21:11:02,2026-06-05 03:19:27
268,12,SUP-012-00268,1290.75,6,TRUE,2024-02-26 02:59:16,2026-10-12 10:41:34
269,13,SUP-013-00269,633.50,20,TRUE,2021-06-19 00:23:04,2025-11-15 09:44:46
270,22,SUP-022-00270,55.60,15,TRUE,2023-09-16 06:26:49,2025-11-22 08:59:48
271,7,SUP-007-00271,35.53,45,FALSE,2021-10-12 05:41:55,2023-10-31 14:09:54
271,23,SUP-023-00271,37.64,28,TRUE,2023-11-28 23:35:38,2026-04-02 15:30:42
272,1,SUP-001-00272,1494.26,30,TRUE,2026-06-26 09:55:49,2026-08-15 02:31:22
273,2,SUP-002-00273,460.39,38,TRUE,2022-08-30 15:00:15,2022-11-03 07:02:59
274,20,SUP-020-00274,1139.41,18,FALSE,2021-11-28 06:17:22,2024-09-02 17:21:13
274,23,SUP-023-00274,1224.26,6,TRUE,2025-07-31 07:59:32,2026-11-09 08:53:34
275,20,SUP-020-00275,1089.91,33,TRUE,2025-02-14 04:52:22,2025-10-30 05:14:59
276,10,SUP-010-00276,963.97,10,TRUE,2021-04-23 20:44:18,2026-08-11 02:29:39
277,13,SUP-013-00277,1090.68,20,TRUE,2022-07-20 18:15:00,2026-04-13 13:54:54
277,3,SEM-CODIGO,990.61,28,FALSE,2026-11-30 00:05:23,2026-12-05 11:42:44
278,22,SUP-022-00278,1076.90,18,TRUE,2024-06-29 08:44:13,2024-12-31 12:47:43
279,21,SUP-021-00279,1714.21,7,TRUE,2023-10-05 17:20:22,2026-05-07 22:02:16
279,14,SUP-014-00279,1597.71,17,FALSE,2024-05-18 19:40:28,2026-01-13 18:55:34
280,16,SUP-016-00280,1771.31,42,FALSE,2022-02-14 23:21:21,2024-01-19 09:54:20
280,2,SUP-002-00280,1895.30,22,TRUE,2024-09-07 09:52:10,2024-09-19 20:15:31
281,12,SUP-012-00281,1020.96,33,TRUE,2022-03-21 21:40:24,2024-07-01 17:04:06
281,15,SEM-CODIGO,1083.47,17,FALSE,2023-07-24 13:09:45,2023-07-31 13:19:49
282,23,SUP-023-00282,302.90,17,FALSE,2024-11-14 07:53:34,2025-07-21 22:07:22
282,9,SUP-009-00282,325.70,15,TRUE,2023-12-24 14:14:16,2024-08-15 13:41:55
283,17,SUP-017-00283,1312.51,25,TRUE,2020-11-08 15:50:23,2024-05-11 07:23:35
283,3,SUP-003-00283,1512.24,5,FALSE,2024-11-18 18:31:58,2026-08-13 07:23:46
284,18,SUP-018-00284,1199.97,32,TRUE,2026-06-19 19:50:44,2026-11-13 16:04:39
285,7,SUP-007-00285,270.29,8,TRUE,2021-08-27 01:09:25,2021-09-05 12:11:06
286,3,SUP-003-00286,1081.29,7,TRUE,2024-10-20 08:43:41,2026-01-13 18:38:22
287,17,SUP-017-00287,523.12,26,FALSE,2020-03-17 16:01:16,2025-10-11 02:50:01
287,10,SUP-010-00287,542.86,9,TRUE,2023-07-14 17:25:27,2025-01-26 16:02:11
288,20,SUP-020-00288,22.67,16,TRUE,2021-09-11 10:27:40,2023-05-14 19:50:24
288,12,SUP-012-00288,23.32,20,FALSE,2025-09-17 15:37:23,2026-12-09 11:15:42
289,10,SUP-010-00289,1698.79,34,TRUE,2023-11-07 16:24:11,2023-12-06 20:48:46
290,20,SUP-020-00290,649.76,27,FALSE,2022-05-22 00:04:44,2023-05-25 18:33:43
290,25,SUP-025-00290,730.15,45,TRUE,2023-10-06 02:40:01,2024-01-08 23:56:53
291,12,SUP-012-00291,1155.47,33,FALSE,2022-12-20 02:26:13,2025-06-08 20:20:43
291,6,SUP-006-00291,1073.77,15,TRUE,2025-10-13 06:55:24,2026-05-26 15:42:26
292,2,SUP-002-00292,1347.14,8,FALSE,2020-02-06 00:21:22,2020-11-27 21:36:05
292,9,SUP-009-00292,1295.33,44,TRUE,2023-10-28 04:37:34,2024-05-25 18:29:08
293,17,SUP-017-00293,1690.15,44,TRUE,2024-04-24 12:50:21,2026-09-27 23:06:20
294,8,SUP-008-00294,1947.40,5,TRUE,2023-05-10 08:13:41,2026-02-01 20:40:44
295,21,SUP-021-00295,1112.38,34,FALSE,2022-11-24 06:30:26,2025-08-19 20:13:54
295,23,SUP-023-00295,1174.18,37,TRUE,2022-10-17 21:10:00,2023-08-04 11:23:14
296,8,SUP-008-00296,431.30,8,FALSE,2025-05-22 23:35:23,2025-10-17 14:03:12
296,24,SUP-024-00296,435.26,19,TRUE,2020-03-13 06:09:01,2022-12-04 02:30:04
297,12,SUP-012-00297,412.72,25,TRUE,2025-07-15 23:58:36,2025-09-10 08:24:34
297,18,SUP-018-00297,454.83,3,FALSE,2022-04-13 02:45:28,2022-08-23 16:50:19
298,18,SUP-018-00298,685.48,23,FALSE,2022-04-16 22:01:48,2025-12-24 06:11:10
298,21,SUP-021-00298,792.11,16,TRUE,2024-07-02 01:25:52,2026-07-31 10:36:34
299,8,SUP-008-00299,140.63,43,TRUE,2020-08-26 00:48:51,2021-07-10 06:21:41
300,10,TBD,582.51,40,TRUE,2024-11-25 11:27:32,2025-05-21 18:45:05
300,17,SUP-017-00300,491.66,34,FALSE,2024-08-13 05:05:53,2025-01-23 04:00:09
301,24,SUP-024-00301,1128.11,33,TRUE,2022-02-12 22:26:38,2023-10-06 05:57:49
302,11,SUP-011-00302,1509.08,39,TRUE,2022-01-16 10:28:09,2022-08-16 11:57:21
302,20,SUP-020-00302,1731.46,44,FALSE,2026-06-12 17:18:01,2026-06-25 12:21:43
303,1,SUP-001-00303,1270.03,15,TRUE,2024-03-23 00:14:26,2026-09-04 19:12:29
304,19,SUP-019-00304,1542.57,14,TRUE,2022-01-08 00:26:39,2023-06-18 07:47:17
305,24,SUP-024-00305,1473.34,34,TRUE,2026-04-27 18:54:11,2026-11-29 08:34:54
306,4,SUP-004-00306,263.92,21,TRUE,2024-04-21 12:46:21,2024-12-15 09:25:29
307,5,SUP-005-00307,481.01,30,TRUE,2022-02-17 21:56:39,2026-04-19 20:21:21
307,12,SUP-012-00307,431.09,3,FALSE,2022-07-21 11:03:15,2023-08-31 05:43:02
308,17,SUP-017-00308,1149.96,45,TRUE,2021-10-05 20:37:38,2023-02-18 10:13:23
308,18,?,1206.33,14,FALSE,2023-09-24 10:26:22,2024-01-27 11:18:24
309,11,SUP-011-00309,1630.10,34,TRUE,2025-07-13 17:42:18,2026-03-29 01:35:17
310,1,SUP-001-00310,1799.58,3,TRUE,2021-01-07 03:12:29,2021-01-24 14:16:10
311,23,SUP-023-00311,2151.86,19,TRUE,2022-12-05 22:03:59,2025-05-13 16:40:19
312,11,SUP-011-00312,695.13,3,FALSE,2020-07-22 20:14:17,2021-01-28 03:13:03
312,20,SUP-020-00312,624.98,37,TRUE,2025-03-14 22:04:13,2026-07-17 23:37:35
313,3,SUP-003-00313,1451.58,4,FALSE,2023-11-11 01:22:47,2024-01-29 08:01:26
313,18,SUP-018-00313,1435.97,30,TRUE,2020-05-30 09:19:23,2024-12-17 21:21:53
314,3,SUP-003-00314,1807.31,14,TRUE,2026-08-29 22:19:08,2026-11-17 03:40:10
315,19,SUP-019-00315,1585.70,37,FALSE,2022-05-18 14:29:11,2026-12-02 10:25:28
315,2,SUP-002-00315,1568.28,28,TRUE,2025-10-16 04:40:56,2026-11-30 17:48:43
316,16,SUP-016-00316,2041.74,21,TRUE,2022-03-10 20:39:50,2025-08-24 11:39:04
316,19,SUP-019-00316,2041.74,35,FALSE,2021-08-07 23:29:51,2023-10-11 01:47:37
317,20,SUP-020-00317,200.29,31,FALSE,2024-11-18 07:39:59,2025-09-23 11:18:01
317,18,SUP-018-00317,194.62,10,TRUE,2022-01-09 14:12:58,2023-09-26 08:40:09
318,9,SUP-009-00318,727.43,9,TRUE,2025-05-02 03:49:10,2026-04-11 13:21:21
319,4,SUP-004-00319,958.21,12,TRUE,2020-04-01 07:59:29,2023-01-31 22:53:37
319,10,SEM-CODIGO,792.70,34,FALSE,2021-01-26 07:40:27,2024-01-28 19:17:41
320,16,SUP-016-00320,1218.48,11,TRUE,2024-05-16 02:09:08,2025-02-08 03:05:43
321,22,SUP-022-00321,1344.93,31,TRUE,2020-10-26 17:56:27,2023-06-20 04:18:00
322,11,SUP-011-00322,1753.02,15,TRUE,2025-02-02 07:57:32,2026-08-05 14:12:39
323,21,SUP-021-00323,1788.68,38,TRUE,2023-09-30 21:44:43,2025-10-09 08:01:52
324,5,SUP-005-00324,282.13,13,TRUE,2023-09-17 17:42:22,2025-09-03 14:18:13
325,15,SUP-015-00325,157.49,37,FALSE,2026-02-26 14:32:59,2026-07-23 15:34:59
325,12,SUP-012-00325,157.49,36,TRUE,2021-11-13 12:34:16,2022-10-13 13:10:53
326,7,SUP-007-00326,1454.36,26,TRUE,2023-06-07 20:32:22,2024-05-13 13:07:13
327,12,SUP-012-00327,1077.65,13,FALSE,2026-09-03 00:38:44,2026-12-15 02:55:10
327,19,SUP-019-00327,1203.76,23,TRUE,2025-09-28 12:19:35,2026-08-27 17:44:45
328,10,SUP-010-00328,1557.56,20,FALSE,2020-05-03 01:28:09,2023-11-05 00:48:08
328,11,SUP-011-00328,1432.96,11,TRUE,2020-10-31 01:58:37,2023-12-13 03:28:49
329,21,SUP-021-00329,1263.76,10,TRUE,2022-09-07 23:12:03,2026-12-06 10:14:19
329,15,SUP-015-00329,1386.06,41,FALSE,2024-09-27 17:15:02,2024-10-19 18:53:26
330,8,SUP-008-00330,1204.97,17,FALSE,2020-08-19 20:12:42,2025-09-09 01:47:35
330,7,SUP-007-00330,1300.41,4,TRUE,2021-02-20 15:17:55,2021-04-27 11:10:42
331,24,,1040.12,14,FALSE,2026-08-23 23:34:51,2026-09-13 17:38:27
331,22,SUP-022-00331,925.61,30,TRUE,2024-12-10 04:42:45,2026-12-07 01:57:40
332,17,SUP-017-00332,2165.08,30,TRUE,2023-07-31 04:45:44,2025-03-29 14:46:04
333,23,SUP-023-00333,589.37,32,TRUE,2020-05-10 19:37:37,2021-02-14 10:20:52
334,17,SUP-017-00334,894.66,8,TRUE,2021-11-30 23:14:24,2022-05-14 21:45:50
335,22,SUP-022-00335,792.66,40,TRUE,2020-01-04 23:25:20,2020-11-28 13:03:50
335,1,SUP-001-00335,724.71,26,FALSE,2020-06-11 02:08:52,2023-06-02 09:40:53
336,18,SUP-018-00336,1954.60,41,TRUE,2025-10-04 22:39:47,2025-11-26 19:32:40
336,16,SUP-016-00336,1780.43,33,FALSE,2020-01-09 01:42:48,2025-06-07 08:16:22
337,18,,517.04,28,FALSE,2021-06-08 11:44:58,2022-08-13 21:14:35
337,22,SUP-022-00337,511.71,17,TRUE,2024-05-16 14:55:51,2026-03-24 20:04:22
338,14,SUP-014-00338,202.66,45,TRUE,2020-06-08 04:21:17,2021-02-07 17:36:04
339,22,SUP-022-00339,1152.55,24,TRUE,2024-04-25 02:12:02,2024-09-02 21:09:08
340,3,SUP-003-00340,613.85,14,TRUE,2022-11-14 13:19:52,2024-10-19 08:38:52
340,25,SUP-025-00340,607.10,3,FALSE,2023-04-05 19:54:23,2025-09-25 04:24:54
341,2,SUP-002-00341,168.01,13,TRUE,2023-04-03 06:30:55,2024-11-29 16:53:21
342,16,SUP-016-00342,1821.12,30,TRUE,2023-01-26 07:41:44,2024-05-09 03:24:38
343,14,SUP-014-00343,495.44,3,TRUE,2023-07-02 12:29:12,2026-06-21 19:24:19
344,7,SUP-007-00344,1929.54,38,TRUE,2022-02-23 12:01:16,2023-01-06 18:25:18
345,25,SUP-025-00345,1882.03,8,FALSE,2026-10-29 18:30:49,2026-11-20 12:25:28
345,2,SUP-002-00345,2091.14,12,TRUE,2021-03-22 00:15:58,2025-08-16 01:57:08
346,5,SUP-005-00346,978.81,13,FALSE,2026-09-07 21:08:51,2026-10-16 10:53:05
346,9,SUP-009-00346,1057.91,3,TRUE,2021-08-14 22:21:18,2025-10-22 22:34:07
347,22,SUP-022-00347,1182.52,17,TRUE,2020-05-25 04:14:05,2023-06-25 11:05:58
348,15,SUP-015-00348,1049.52,12,TRUE,2022-09-15 07:54:05,2025-10-17 20:13:43
349,21,SUP-021-00349,381.17,10,FALSE,2025-07-19 03:41:59,2026-10-14 08:42:39
349,10,SUP-010-00349,416.90,31,TRUE,2024-04-11 09:02:55,2025-09-14 03:27:03
350,16,SUP-016-00350,1688.21,17,TRUE,2021-11-27 08:42:29,2023-06-11 15:53:38
351,17,SUP-017-00351,2190.33,13,TRUE,2022-03-30 09:55:36,2023-01-31 04:26:18
351,9,SUP-009-00351,2070.86,44,FALSE,2024-06-06 02:06:57,2025-11-30 23:31:21
352,19,SUP-019-00352,1222.97,29,TRUE,2021-12-30 23:59:11,2022-04-13 11:44:13
353,10,SUP-010-00353,234.80,40,TRUE,2024-09-12 16:31:09,2025-10-29 22:27:43
353,21,SUP-021-00353,221.76,19,FALSE,2021-07-14 12:16:58,2021-09-20 15:01:43
354,19,?,266.01,29,TRUE,2025-07-15 05:47:04,2026-08-03 18:40:48
355,12,SUP-012-00355,229.40,35,FALSE,2024-12-12 11:41:35,2025-04-29 23:11:09
355,19,SUP-019-00355,256.54,27,TRUE,2021-08-06 23:47:02,2026-03-01 02:18:02
356,8,SUP-008-00356,263.04,45,TRUE,2023-06-19 11:34:14,2023-08-11 14:09:11
356,17,SUP-017-00356,244.99,16,FALSE,2021-05-01 19:55:03,2022-12-24 09:44:06
357,13,SUP-013-00357,142.72,9,TRUE,2026-10-19 12:50:50,2026-11-08 03:39:32
357,9,SUP-009-00357,164.92,16,FALSE,2022-04-26 11:00:18,2025-05-17 13:38:35
358,8,SUP-008-00358,146.63,32,TRUE,2023-05-21 20:09:25,2024-09-13 06:23:30
359,10,SUP-010-00359,1886.07,8,FALSE,2023-08-14 17:42:17,2026-10-17 21:26:08
359,7,SUP-007-00359,1886.07,11,TRUE,2024-11-25 18:45:07,2025-06-17 06:25:11
360,15,SUP-015-00360,869.10,15,FALSE,2025-12-07 09:08:22,2026-08-03 19:51:45
360,9,SUP-009-00360,803.51,16,TRUE,2021-08-22 23:05:23,2024-05-14 08:14:30
361,20,SUP-020-00361,633.84,32,FALSE,2023-08-30 06:37:38,2025-08-29 07:05:31
361,4,SUP-004-00361,633.84,15,TRUE,2026-03-14 11:04:21,2026-12-07 23:13:40
362,8,SUP-008-00362,792.81,3,TRUE,2020-10-26 17:57:11,2025-03-05 13:01:09
363,2,SUP-002-00363,319.78,44,FALSE,2022-12-15 12:23:26,2026-04-29 16:42:36
363,3,SUP-003-00363,316.55,14,TRUE,2022-09-09 11:22:39,2023-01-06 15:40:34
364,10,SUP-010-00364,616.28,3,FALSE,2021-01-09 19:38:27,2023-07-23 19:47:14
364,18,SUP-018-00364,640.69,32,TRUE,2020-05-12 06:35:48,2023-01-11 10:42:39
365,8,SUP-008-00365,77.86,14,FALSE,2023-11-13 10:22:33,2024-01-26 16:33:21
365,22,SUP-022-00365,78.68,14,TRUE,2023-09-21 04:09:28,2024-03-27 22:09:50
366,22,SUP-022-00366,1115.87,37,TRUE,2023-10-05 18:15:22,2026-08-05 17:59:08
366,8,SUP-008-00366,1312.07,31,FALSE,2024-04-18 21:02:36,2026-12-03 09:17:45
367,15,SUP-015-00367,968.53,10,TRUE,2022-01-29 12:04:51,2025-11-25 10:30:09
368,18,SUP-018-00368,1861.52,13,TRUE,2020-12-22 05:07:32,2023-02-08 21:52:09
368,2,SUP-002-00368,2037.87,45,FALSE,2022-08-05 07:19:24,2026-06-14 11:32:23
369,21,SUP-021-00369,1545.94,27,TRUE,2022-07-19 00:16:30,2025-02-05 18:54:25
370,4,SUP-004-00370,904.14,14,TRUE,2026-04-14 18:08:26,2026-10-19 02:24:07
371,13,SUP-013-00371,748.53,43,TRUE,2023-07-03 20:56:36,2025-10-08 15:17:05
372,10,SUP-010-00372,1771.75,4,TRUE,2025-10-02 08:44:41,2026-02-22 21:07:23
373,8,SUP-008-00373,1245.74,43,TRUE,2025-10-28 19:22:39,2026-11-27 09:24:19
374,16,SUP-016-00374,568.59,15,TRUE,2024-06-09 19:05:39,2026-05-29 05:32:13
374,1,SUP-001-00374,579.12,27,FALSE,2026-10-12 04:16:39,2026-12-27 16:47:47
375,21,SUP-021-00375,1189.51,33,TRUE,2022-07-15 07:47:26,2022-08-15 03:25:28
376,16,SUP-016-00376,614.76,9,FALSE,2024-06-19 22:02:15,2025-07-28 14:23:55
376,13,SUP-013-00376,567.48,22,TRUE,2026-07-13 18:10:35,2026-09-11 14:00:08
377,13,SUP-013-00377,1242.21,41,TRUE,2020-07-12 00:21:26,2023-04-17 14:04:04
378,14,SUP-014-00378,1598.96,24,TRUE,2025-02-22 15:52:12,2026-01-17 08:34:10
379,8,TODO,1664.26,40,TRUE,2023-12-01 09:49:05,2024-12-01 17:47:02
380,22,SUP-022-00380,623.22,43,FALSE,2023-12-16 11:26:37,2026-06-24 05:48:53
380,10,SUP-010-00380,521.24,14,TRUE,2022-01-28 09:02:52,2026-02-26 03:56:49
381,4,SEM-CODIGO,1175.44,22,FALSE,2026-01-22 11:11:26,2026-11-21 13:48:48
381,2,SUP-002-00381,1211.42,11,TRUE,2024-11-23 11:54:42,2026-10-03 17:16:10
382,22,SUP-022-00382,1216.96,8,TRUE,2024-03-30 06:57:35,2024-08-05 12:50:22
382,18,SUP-018-00382,1277.81,29,FALSE,2022-08-14 16:54:09,2023-04-02 10:39:13
383,21,SUP-021-00383,35.27,15,TRUE,2021-05-13 11:49:01,2022-01-11 16:40:56
384,15,SUP-015-00384,434.60,41,TRUE,2025-11-12 19:57:13,2026-10-02 23:29:56
385,20,SUP-020-00385,545.83,43,TRUE,2022-03-02 06:33:24,2025-07-23 15:11:35
386,22,SUP-022-00386,840.22,45,FALSE,2025-08-20 08:50:55,2026-08-21 04:08:40
386,6,,725.65,12,TRUE,2022-09-17 01:58:31,2024-09-29 23:30:17
387,19,SUP-019-00387,1645.35,45,TRUE,2023-10-29 00:57:17,2025-08-26 20:38:11
387,9,SUP-009-00387,1710.51,7,FALSE,2020-02-14 23:44:15,2022-02-14 21:36:08
388,13,SUP-013-00388,1432.36,34,TRUE,2020-08-01 18:26:28,2023-10-17 20:29:23
388,23,SUP-023-00388,1280.86,28,FALSE,2026-01-16 08:47:01,2026-05-27 07:21:34
389,11,SUP-011-00389,1474.29,25,TRUE,2026-03-17 08:23:13,2026-04-20 07:57:15
389,21,TODO,1329.75,40,FALSE,2025-01-17 00:19:51,2026-12-13 13:33:26
390,16,SUP-016-00390,248.96,5,TRUE,2025-05-13 16:56:17,2026-12-17 20:28:43
391,18,SUP-018-00391,832.50,35,FALSE,2021-11-03 10:18:52,2024-03-02 04:49:30
391,12,SUP-012-00391,925.00,30,TRUE,2021-06-25 16:40:24,2022-10-25 03:53:38
392,19,SUP-019-00392,689.35,4,TRUE,2026-02-15 18:25:41,2026-06-11 11:18:36
392,11,SUP-011-00392,663.09,40,FALSE,2023-10-09 15:31:37,2025-03-20 11:42:55
393,20,SUP-020-00393,920.51,22,TRUE,2020-03-22 02:08:07,2020-05-06 15:25:59
394,20,SUP-020-00394,1525.39,43,TRUE,2021-06-01 11:15:14,2021-07-10 14:59:52
395,16,SUP-016-00395,1897.82,40,TRUE,2023-04-07 00:20:16,2026-06-04 11:47:12
396,17,SUP-017-00396,329.01,12,FALSE,2024-07-27 20:55:46,2024-10-05 18:40:56
396,20,SUP-020-00396,344.83,19,TRUE,2022-07-12 03:43:16,2024-02-13 02:31:35
397,20,SUP-020-00397,777.10,28,TRUE,2025-09-28 20:19:46,2026-11-16 23:03:37
398,11,,528.41,5,FALSE,2026-02-20 21:41:16,2026-07-13 16:37:16
398,4,SUP-004-00398,513.17,28,TRUE,2022-06-14 16:35:25,2023-06-01 05:17:06
399,15,SUP-015-00399,408.05,4,TRUE,2021-12-11 12:21:57,2022-08-26 14:20:32
399,21,SUP-021-00399,441.36,25,FALSE,2025-08-22 17:38:50,2026-01-22 20:04:05
400,17,SUP-017-00400,1581.87,44,TRUE,2023-03-25 14:02:01,2024-07-15 06:27:51
400,7,SUP-007-00400,1358.02,25,FALSE,2025-01-08 06:31:55,2026-10-28 07:16:54
401,23,SUP-023-00401,1661.66,21,TRUE,2026-04-02 17:01:07,2026-07-03 08:41:18
402,3,SUP-003-00402,1029.24,21,TRUE,2025-10-11 08:00:14,2026-03-19 03:51:07
403,9,SUP-009-00403,1794.45,30,TRUE,2023-04-08 12:21:18,2025-09-01 06:16:02
404,11,SUP-011-00404,179.88,26,TRUE,2020-07-02 15:52:03,2023-06-20 09:00:41
404,7,SUP-007-00404,172.54,9,FALSE,2024-10-09 08:15:02,2026-03-29 06:04:01
405,8,SUP-008-00405,1535.73,17,TRUE,2023-02-17 07:42:35,2025-09-09 10:16:49
406,13,SUP-013-00406,2025.74,12,TRUE,2026-10-23 12:40:52,2026-12-31 22:35:47
406,23,SUP-023-00406,2045.41,27,FALSE,2026-03-18 12:44:10,2026-11-23 03:44:06
407,22,—,1189.39,31,FALSE,2021-11-27 23:31:05,2022-05-08 15:53:36
407,15,SUP-015-00407,1189.39,10,TRUE,2025-04-30 01:00:02,2025-08-19 17:19:28
408,23,SUP-023-00408,238.03,33,TRUE,2025-08-18 19:22:13,2026-09-11 10:12:58
409,11,SEM-CODIGO,400.39,24,FALSE,2026-10-30 18:43:22,2026-12-25 04:25:21
409,7,SUP-007-00409,400.39,23,TRUE,2022-08-21 08:09:11,2026-09-21 17:32:36
410,18,SUP-018-00410,159.62,21,TRUE,2024-01-09 21:36:33,2024-06-13 09:52:27
411,18,SUP-018-00411,2012.49,16,FALSE,2020-03-19 02:55:37,2020-05-27 10:30:34
411,25,SUP-025-00411,1901.71,39,TRUE,2021-04-09 06:51:07,2024-02-12 17:15:16
412,4,SUP-004-00412,984.74,35,FALSE,2024-07-20 17:27:36,2026-12-26 08:56:30
412,3,SUP-003-00412,1110.46,39,TRUE,2022-09-28 20:04:57,2023-07-20 13:25:16
413,9,SUP-009-00413,1122.48,30,TRUE,2020-04-01 06:10:46,2022-02-12 22:21:11
414,17,SUP-017-00414,299.11,42,TRUE,2025-09-30 08:30:19,2026-12-29 23:10:59
415,5,SUP-005-00415,1237.63,32,TRUE,2021-04-27 07:56:04,2021-05-12 21:04:16
416,1,SUP-001-00416,653.00,25,TRUE,2021-05-01 01:22:17,2026-07-16 09:31:33
416,16,SUP-016-00416,690.67,26,FALSE,2022-01-15 10:09:01,2022-01-22 13:55:02
417,8,SUP-008-00417,1271.10,29,FALSE,2025-08-14 08:40:08,2026-08-04 19:10:06
417,2,SUP-002-00417,1271.10,39,TRUE,2021-09-03 17:45:56,2022-08-12 07:43:43
418,17,SUP-017-00418,784.82,38,TRUE,2022-09-19 11:44:26,2025-08-30 02:49:35
419,14,SUP-014-00419,528.76,16,TRUE,2024-05-12 13:51:14,2025-01-12 10:13:40
420,18,SUP-018-00420,1206.08,5,TRUE,2025-02-20 09:05:31,2026-11-03 23:36:17
421,11,SUP-011-00421,1141.52,12,TRUE,2021-10-20 17:04:24,2024-02-10 19:43:38
421,25,SUP-025-00421,1200.97,17,FALSE,2022-12-04 12:24:37,2024-03-09 10:40:46
422,25,SUP-025-00422,375.45,18,FALSE,2025-03-07 22:37:39,2026-05-31 00:53:05
422,3,SUP-003-00422,397.54,22,TRUE,2020-04-18 14:22:08,2020-10-20 09:32:43
423,3,SUP-003-00423,171.66,17,TRUE,2020-11-28 22:16:16,2025-08-22 07:20:39
424,6,SUP-006-00424,31.54,9,TRUE,2023-08-10 20:48:22,2025-05-20 16:44:01
424,15,SUP-015-00424,32.93,16,FALSE,2020-07-11 23:19:56,2021-04-15 03:01:40
425,10,SUP-010-00425,1436.20,41,TRUE,2024-03-28 04:34:36,2026-05-15 18:45:09
426,10,SUP-010-00426,679.88,3,FALSE,2021-04-16 20:42:35,2021-10-03 06:32:29
426,7,SUP-007-00426,659.48,25,TRUE,2021-03-06 18:58:16,2025-04-18 22:36:52
427,18,SUP-018-00427,1867.23,29,TRUE,2024-08-16 10:59:49,2026-11-24 20:53:11
428,1,SUP-001-00428,2115.44,29,TRUE,2023-01-21 10:00:28,2025-12-26 00:11:58
429,11,SUP-011-00429,52.55,32,FALSE,2022-02-20 11:20:47,2023-11-26 20:48:55
429,22,SUP-022-00429,50.02,21,TRUE,2021-10-01 17:19:46,2025-02-24 03:40:11
430,8,SUP-008-00430,242.68,10,FALSE,2021-05-17 09:33:38,2023-01-24 23:22:20
430,13,SUP-013-00430,255.32,35,TRUE,2020-03-25 07:20:56,2021-09-30 16:43:53
431,23,SUP-023-00431,2004.34,36,TRUE,2025-05-18 17:19:08,2025-07-29 05:09:38
432,17,SUP-017-00432,642.36,8,TRUE,2022-05-12 21:40:57,2024-05-28 01:52:02
432,14,SUP-014-00432,636.00,8,FALSE,2025-11-27 18:01:38,2026-11-24 13:42:50
433,1,SUP-001-00433,1196.81,31,TRUE,2025-06-23 12:12:26,2026-12-28 04:48:40
434,20,SUP-020-00434,53.73,32,FALSE,2023-12-06 16:26:02,2026-08-05 12:00:09
434,22,SUP-022-00434,57.23,13,TRUE,2024-02-18 08:12:45,2025-08-09 22:32:06
435,12,SUP-012-00435,2090.98,22,TRUE,2026-01-05 02:15:46,2026-12-24 14:37:24
436,25,SUP-025-00436,1215.44,9,FALSE,2026-11-05 05:06:14,2026-11-28 09:38:09
436,3,SUP-003-00436,1215.44,22,TRUE,2020-06-03 06:43:34,2026-09-19 00:02:41
437,6,SUP-006-00437,436.45,32,TRUE,2020-02-06 09:09:33,2026-08-22 01:36:26
438,13,SUP-013-00438,836.02,35,FALSE,2026-10-04 21:09:28,2026-12-15 18:02:09
438,5,SUP-005-00438,782.33,17,TRUE,2026-06-20 13:14:58,2026-09-25 11:49:33
439,2,SUP-002-00439,92.37,37,TRUE,2023-07-24 03:03:40,2024-05-22 22:47:14
440,12,SUP-012-00440,1814.55,17,TRUE,2021-09-06 03:49:09,2022-02-12 05:41:30
441,5,SUP-005-00441,331.36,41,FALSE,2022-01-12 20:29:14,2025-09-13 21:45:13
441,15,SUP-015-00441,328.26,42,TRUE,2025-12-09 11:12:24,2026-11-22 01:44:39
442,11,SUP-011-00442,53.87,45,TRUE,2022-12-30 06:24:08,2025-10-05 23:06:54
443,22,SUP-022-00443,1001.44,16,FALSE,2025-06-09 06:38:33,2026-05-28 19:14:00
443,25,SUP-025-00443,1044.52,36,TRUE,2024-01-05 04:24:58,2025-12-15 10:55:36
444,6,SUP-006-00444,416.50,13,FALSE,2020-11-28 23:21:10,2024-10-05 17:05:04
444,8,SUP-008-00444,424.75,40,TRUE,2022-08-19 01:35:08,2025-07-30 02:11:30
445,17,SUP-017-00445,1900.96,17,FALSE,2025-05-01 12:49:15,2026-06-20 02:04:28
445,25,SUP-025-00445,2091.06,29,TRUE,2021-01-03 12:56:23,2023-12-10 17:41:07
446,22,SUP-022-00446,183.30,18,TRUE,2021-11-18 23:06:11,2022-02-13 21:18:40
446,7,SUP-007-00446,177.45,5,FALSE,2021-03-02 05:24:14,2021-05-04 07:57:15
447,22,SUP-022-00447,1064.62,27,TRUE,2026-12-23 15:17:50,2026-12-26 05:27:20
448,7,SUP-007-00448,1443.96,5,TRUE,2024-04-25 02:31:39,2025-11-29 13:07:58
449,9,SUP-009-00449,2118.71,26,TRUE,2024-10-02 03:39:28,2026-04-05 14:39:04
450,14,SUP-014-00450,1147.14,21,TRUE,2026-07-27 03:09:57,2026-08-29 11:44:34
450,3,SUP-003-00450,1147.14,38,FALSE,2023-09-24 09:35:59,2026-05-25 22:46:56
451,2,SUP-002-00451,95.72,15,TRUE,2021-09-08 14:02:43,2021-10-12 16:33:46
452,8,SUP-008-00452,720.75,17,TRUE,2022-03-11 07:36:23,2023-08-09 07:51:00
452,23,SUP-023-00452,720.75,36,FALSE,2026-09-19 17:56:50,2026-11-20 11:16:48
453,24,SUP-024-00453,1028.83,27,TRUE,2020-08-12 03:12:51,2026-07-20 05:09:02
454,2,SUP-002-00454,1352.99,28,TRUE,2024-07-31 19:18:41,2025-12-20 00:56:50
455,22,SUP-022-00455,1182.17,6,FALSE,2025-01-29 01:04:30,2025-10-06 14:45:21
455,25,SUP-025-00455,1268.37,14,TRUE,2023-10-23 05:01:47,2025-03-14 05:10:38
456,13,SUP-013-00456,597.78,13,TRUE,2026-12-28 14:43:31,2026-12-30 17:55:59
457,5,SUP-005-00457,618.86,8,TRUE,2024-10-20 16:19:44,2026-01-10 00:38:44
458,25,TBD,294.10,7,TRUE,2022-05-03 02:07:05,2024-07-26 03:01:30
459,11,SUP-011-00459,185.39,45,TRUE,2026-08-20 22:04:13,2026-10-12 13:32:12
459,14,SUP-014-00459,173.26,18,FALSE,2020-03-06 23:35:18,2025-09-01 10:35:36
460,6,SUP-006-00460,1242.15,35,TRUE,2023-02-28 06:28:15,2023-03-21 22:43:28
461,13,SUP-013-00461,729.37,35,TRUE,2026-09-24 09:43:45,2026-11-21 20:26:13
462,22,SUP-022-00462,1191.48,7,TRUE,2020-11-30 17:37:11,2024-05-24 21:10:37
463,3,SUP-003-00463,1206.53,26,FALSE,2022-08-05 21:05:20,2025-01-19 16:32:57
463,8,SUP-008-00463,1256.29,10,TRUE,2022-08-10 00:36:28,2026-09-01 14:13:20
464,13,SUP-013-00464,122.76,21,TRUE,2024-03-18 11:34:26,2024-10-23 21:58:33
465,3,SUP-003-00465,1134.97,16,TRUE,2026-12-17 23:11:09,2026-12-20 08:59:33
466,22,SUP-022-00466,643.16,20,TRUE,2024-11-15 14:03:37,2026-07-13 05:48:34
466,5,SUP-005-00466,656.70,13,FALSE,2025-03-10 14:45:28,2026-02-10 17:06:23
467,11,SUP-011-00467,431.88,37,TRUE,2025-02-03 20:12:30,2025-02-17 04:33:19
468,3,SUP-003-00468,348.47,31,TRUE,2023-12-10 12:35:25,2023-12-25 00:22:15
469,7,SUP-007-00469,1181.17,34,TRUE,2025-04-18 08:56:03,2026-10-30 06:03:27
470,13,SUP-013-00470,97.59,21,TRUE,2025-09-03 08:03:34,2026-09-04 21:43:33
471,16,SUP-016-00471,1704.15,16,FALSE,2021-10-01 06:26:11,2024-01-30 08:59:49
471,3,SUP-003-00471,1721.19,42,TRUE,2023-12-16 11:17:13,2026-07-02 18:24:12
472,3,SUP-003-00472,1194.62,9,TRUE,2022-12-06 00:58:44,2023-08-03 01:15:45
473,12,SUP-012-00473,790.28,24,TRUE,2022-12-08 00:26:18,2023-03-18 04:56:11
474,16,SUP-016-00474,1401.96,25,TRUE,2022-06-18 18:29:35,2025-03-19 13:34:13
474,17,SUP-017-00474,1645.78,25,FALSE,2024-11-02 05:11:52,2025-03-10 18:48:31
475,25,SUP-025-00475,1774.44,17,FALSE,2023-12-17 20:46:19,2026-10-26 19:20:30
475,7,SUP-007-00475,1708.72,14,TRUE,2022-05-13 17:24:21,2025-01-17 17:53:51
476,6,SUP-006-00476,1507.51,17,TRUE,2025-03-09 14:58:02,2026-11-20 03:50:36
477,24,SUP-024-00477,1931.60,31,TRUE,2021-03-23 09:56:09,2025-06-12 12:04:20
478,3,SUP-003-00478,1612.09,7,TRUE,2026-08-25 13:34:41,2026-12-08 13:30:36
479,23,SUP-023-00479,554.41,40,FALSE,2025-12-18 21:27:57,2026-07-30 07:04:40
479,12,SUP-012-00479,513.72,10,TRUE,2023-02-15 23:38:18,2025-08-02 19:55:11
480,3,SUP-003-00480,586.29,14,TRUE,2021-04-06 20:37:37,2022-01-24 17:13:02
481,16,SUP-016-00481,1593.97,4,TRUE,2026-04-25 05:44:34,2026-06-21 00:57:05
482,20,SUP-020-00482,636.26,23,FALSE,2023-01-24 14:49:22,2026-10-14 19:42:28
482,17,SUP-017-00482,598.83,20,TRUE,2021-10-30 10:44:26,2023-02-04 21:32:43
483,25,SUP-025-00483,1576.82,8,TRUE,2022-12-24 04:36:27,2025-03-23 00:39:51
484,11,SUP-011-00484,311.42,7,TRUE,2026-03-26 17:41:39,2026-11-24 05:41:35
484,2,SUP-002-00484,288.77,9,FALSE,2023-01-27 11:34:19,2024-07-01 17:06:10
485,25,SUP-025-00485,878.64,22,TRUE,2022-06-16 09:58:56,2023-12-20 08:46:16
486,8,SUP-008-00486,1045.81,9,TRUE,2022-04-18 05:48:37,2025-07-04 02:17:55
487,2,SUP-002-00487,1474.39,17,TRUE,2020-07-24 01:00:15,2026-10-02 19:05:25
488,8,SUP-008-00488,1330.26,24,TRUE,2024-06-07 22:03:35,2026-03-22 03:19:38
489,10,SUP-010-00489,769.36,26,FALSE,2025-06-26 09:04:09,2025-07-28 00:40:25
489,5,SUP-005-00489,820.66,31,TRUE,2021-05-28 05:47:24,2022-05-06 04:11:23
490,11,SUP-011-00490,1268.98,4,FALSE,2023-09-07 08:38:20,2024-09-18 06:48:24
490,22,SUP-022-00490,1323.56,30,TRUE,2020-11-02 00:25:54,2022-02-16 14:10:08
491,1,SUP-001-00491,981.52,23,TRUE,2021-08-14 23:27:27,2026-11-30 23:16:36
491,17,SUP-017-00491,981.52,19,FALSE,2021-03-25 20:27:13,2022-12-12 13:24:19
492,21,SUP-021-00492,2108.54,3,TRUE,2025-06-04 21:09:36,2026-07-28 18:03:32
492,1,SUP-001-00492,1815.69,24,FALSE,2023-09-17 00:11:53,2026-07-23 02:44:07
493,19,SUP-019-00493,752.27,20,TRUE,2020-04-19 11:59:24,2021-06-25 15:17:26
494,15,SUP-015-00494,941.55,29,TRUE,2020-05-06 17:28:30,2022-03-10 10:30:10
495,20,SUP-020-00495,1282.94,32,FALSE,2022-06-30 10:50:41,2026-10-02 12:45:03
495,9,SUP-009-00495,1434.68,12,TRUE,2020-09-15 09:43:46,2026-09-12 07:06:26
496,14,SUP-014-00496,833.28,18,TRUE,2022-04-26 16:22:01,2023-10-12 10:14:31
497,6,SUP-006-00497,230.14,13,TRUE,2020-12-03 05:14:49,2026-09-05 03:44:59
498,8,SUP-008-00498,66.15,13,TRUE,2021-11-15 04:20:39,2022-05-10 17:56:23
499,7,SUP-007-00499,1175.36,31,TRUE,2021-08-21 05:36:55,2023-09-25 04:36:53
499,1,SUP-001-00499,1240.66,5,FALSE,2021-02-22 22:07:23,2023-11-27 10:32:50
500,6,SUP-006-00500,850.59,23,TRUE,2022-05-28 11:54:08,2026-11-12 23:29:34
501,20,SUP-020-00501,1934.50,25,TRUE,2022-09-25 14:44:19,2025-05-28 19:48:08
501,19,SUP-019-00501,1819.58,32,FALSE,2026-12-30 21:44:53,2026-12-31 19:46:46
502,3,SUP-003-00502,745.86,6,FALSE,2022-10-29 16:27:36,2024-08-26 23:41:29
502,16,SUP-016-00502,768.93,15,TRUE,2026-12-03 08:01:48,2026-12-15 00:45:01
503,22,SUP-022-00503,1222.28,44,TRUE,2024-06-16 13:29:39,2024-10-14 08:58:53
504,9,SUP-009-00504,239.53,33,FALSE,2024-08-09 16:31:15,2025-10-27 22:42:50
504,5,SUP-005-00504,257.18,12,TRUE,2026-11-22 20:34:46,2026-12-19 16:35:56
505,16,SUP-016-00505,1907.16,19,TRUE,2024-12-28 05:10:28,2025-03-12 10:41:39
506,5,SUP-005-00506,935.30,3,TRUE,2025-08-08 09:29:36,2025-11-28 04:04:36
507,23,SUP-023-00507,108.00,19,TRUE,2025-03-14 01:50:35,2025-04-28 06:14:20
508,14,SUP-014-00508,1498.21,26,TRUE,2025-12-17 07:42:43,2026-09-23 06:00:06
508,18,SUP-018-00508,1312.72,42,FALSE,2024-09-19 05:02:44,2026-12-20 09:37:23
509,1,SUP-001-00509,2153.32,6,TRUE,2020-04-08 23:11:06,2025-07-31 07:18:57
509,12,SUP-012-00509,2114.16,31,FALSE,2024-12-14 15:45:33,2025-07-03 18:09:51
510,16,SUP-016-00510,191.96,41,TRUE,2026-07-06 03:06:33,2026-10-04 11:01:07
511,4,SUP-004-00511,1099.29,19,FALSE,2021-05-14 17:13:13,2023-11-29 13:56:20
511,24,SUP-024-00511,1236.70,5,TRUE,2022-08-22 00:43:06,2024-09-26 07:02:50
512,7,SUP-007-00512,173.30,30,TRUE,2024-03-20 23:06:23,2026-09-24 04:17:10
512,13,SUP-013-00512,145.76,6,FALSE,2026-12-30 07:30:59,2026-12-31 20:44:30
513,4,SUP-004-00513,1251.26,43,TRUE,2025-10-21 01:30:19,2025-12-11 21:56:47
514,2,SUP-002-00514,1327.31,39,TRUE,2021-03-12 10:47:45,2023-05-16 13:52:52
514,21,SUP-021-00514,1341.59,21,FALSE,2024-08-28 18:50:13,2026-11-14 02:32:23
515,13,SUP-013-00515,671.28,22,TRUE,2022-05-27 22:08:02,2026-07-17 04:12:44
516,20,SUP-020-00516,212.14,21,FALSE,2024-10-29 21:15:53,2025-10-03 03:24:30
516,7,,227.94,18,TRUE,2024-04-12 23:34:30,2026-03-20 10:36:01
517,23,SUP-023-00517,552.27,41,FALSE,2025-11-02 22:58:26,2026-06-05 14:36:09
517,8,SUP-008-00517,536.64,27,TRUE,2023-02-07 08:33:21,2023-07-21 05:29:06
518,7,SUP-007-00518,1017.09,44,TRUE,2022-12-19 23:23:20,2023-09-04 02:49:18
519,3,SUP-003-00519,74.47,7,FALSE,2020-10-05 02:36:23,2023-10-30 08:58:05
519,25,SUP-025-00519,78.35,15,TRUE,2020-11-02 10:10:28,2025-12-22 07:18:03
520,25,SUP-025-00520,48.40,3,TRUE,2021-12-26 06:28:44,2025-11-02 16:11:10
521,9,SUP-009-00521,1020.03,11,TRUE,2022-10-12 07:11:45,2024-04-16 20:27:49
522,11,SUP-011-00522,380.43,16,TRUE,2020-09-11 12:16:59,2025-08-02 00:17:58
522,24,SUP-024-00522,369.86,8,FALSE,2025-05-17 17:34:31,2026-01-20 05:35:49
523,12,SUP-012-00523,2000.91,42,TRUE,2026-07-12 05:19:57,2026-11-27 04:07:18
523,17,SUP-017-00523,1887.65,14,FALSE,2023-05-26 22:06:28,2023-08-13 01:08:47
524,24,SUP-024-00524,1672.86,12,TRUE,2025-08-03 16:08:56,2026-02-04 21:26:57
524,1,SUP-001-00524,1672.86,20,FALSE,2022-05-24 00:24:44,2022-11-11 13:01:43
525,7,SUP-007-00525,2176.76,4,FALSE,2021-08-09 21:54:09,2022-07-19 07:24:18
525,3,SUP-003-00525,1977.06,20,TRUE,2026-06-10 03:16:23,2026-08-16 20:04:33
526,13,SUP-013-00526,1495.71,38,TRUE,2025-11-22 11:42:40,2026-08-28 02:11:36
527,6,SUP-006-00527,912.14,23,FALSE,2020-07-29 10:03:56,2020-09-05 22:57:59
527,1,SUP-001-00527,861.46,39,TRUE,2022-03-06 13:05:24,2025-06-21 23:40:36
528,4,SUP-004-00528,1515.62,28,TRUE,2026-09-03 07:23:08,2026-12-07 06:02:46
529,20,SUP-020-00529,1147.01,20,FALSE,2021-07-28 15:07:20,2023-12-18 17:51:23
529,4,SUP-004-00529,1098.20,6,TRUE,2022-04-08 06:11:25,2023-02-06 11:42:27
530,10,SUP-010-00530,673.24,21,TRUE,2022-03-11 17:31:26,2025-11-19 15:20:45
531,24,SUP-024-00531,690.00,25,TRUE,2023-07-30 01:08:28,2024-05-13 10:24:59
531,10,SUP-010-00531,647.32,35,FALSE,2023-12-08 20:24:43,2026-05-19 09:45:36
532,22,SUP-022-00532,141.83,45,TRUE,2025-10-08 10:11:57,2025-11-14 00:58:12
533,13,SUP-013-00533,855.56,7,TRUE,2023-03-14 08:54:41,2023-12-31 15:48:40
534,12,SUP-012-00534,413.51,16,FALSE,2025-03-15 10:56:41,2025-05-06 16:01:06
534,23,SUP-023-00534,430.39,6,TRUE,2022-03-29 00:15:34,2022-07-18 00:11:23
535,13,SUP-013-00535,1863.09,6,FALSE,2024-02-27 08:16:58,2025-03-07 12:23:18
535,24,SUP-024-00535,1938.37,20,TRUE,2025-08-12 21:29:23,2025-08-16 06:41:32
536,19,SUP-019-00536,1511.23,35,TRUE,2022-01-24 14:33:30,2024-09-06 06:46:09
536,14,SUP-014-00536,1541.75,11,FALSE,2024-04-29 15:27:05,2025-10-20 03:22:10
537,20,SUP-020-00537,790.46,6,TRUE,2026-06-14 09:42:36,2026-09-11 04:53:25
537,23,SUP-023-00537,868.64,40,FALSE,2023-01-07 08:37:58,2024-09-01 03:45:54
538,21,SUP-021-00538,1222.82,33,TRUE,2020-07-27 10:16:17,2026-03-23 01:30:19
539,25,SUP-025-00539,1241.32,15,FALSE,2024-03-21 07:09:52,2024-06-24 13:53:25
539,12,SUP-012-00539,1344.76,36,TRUE,2026-12-06 09:23:47,2026-12-21 23:11:06
540,4,SUP-004-00540,1281.04,27,TRUE,2023-08-10 01:14:34,2026-07-22 19:23:45
541,4,SUP-004-00541,217.50,44,TRUE,2023-02-25 15:22:00,2026-12-03 01:21:00
542,4,SUP-004-00542,187.74,41,FALSE,2026-03-13 04:52:08,2026-08-26 17:07:19
542,21,,199.72,34,TRUE,2022-06-18 16:24:15,2022-08-08 14:01:02
543,17,SUP-017-00543,833.40,23,TRUE,2025-03-31 08:03:59,2025-05-14 18:41:45
543,4,SUP-004-00543,764.59,21,FALSE,2023-07-08 11:16:52,2025-08-15 12:09:13
544,15,SUP-015-00544,891.94,3,TRUE,2025-04-19 05:48:58,2025-05-01 20:52:53
545,20,SUP-020-00545,329.36,24,TRUE,2022-09-14 12:39:29,2024-09-01 03:15:13
546,14,SUP-014-00546,1347.68,15,TRUE,2021-09-17 13:18:31,2022-03-02 03:47:28
547,20,SUP-020-00547,1560.06,22,TRUE,2021-12-29 09:22:00,2023-12-01 21:49:52
548,18,SUP-018-00548,559.37,38,TRUE,2024-04-30 03:57:31,2025-02-09 03:20:03
549,16,SUP-016-00549,1744.35,44,TRUE,2020-08-27 19:20:32,2023-10-19 17:35:28
550,5,SUP-005-00550,325.25,18,TRUE,2024-07-02 00:22:08,2025-03-03 00:14:21
551,22,SUP-022-00551,1689.74,30,FALSE,2026-12-07 23:47:22,2026-12-23 23:44:01
551,3,SUP-003-00551,1724.22,4,TRUE,2025-12-21 01:16:46,2026-05-21 13:58:30
552,8,SUP-008-00552,1788.32,32,TRUE,2021-08-05 16:43:11,2024-02-26 14:44:00
552,4,SUP-004-00552,2115.22,17,FALSE,2021-03-08 22:37:42,2026-08-01 19:07:28
553,1,SUP-001-00553,1343.22,14,TRUE,2022-02-24 23:03:29,2022-12-25 16:10:40
554,11,SUP-011-00554,588.12,3,TRUE,2022-06-03 21:33:45,2025-12-07 16:09:29
555,3,—,96.81,37,TRUE,2025-06-14 04:24:18,2025-09-29 03:42:04
556,4,SUP-004-00556,1526.48,40,TRUE,2024-06-15 21:01:40,2026-10-21 08:00:28
557,23,SUP-023-00557,1164.69,24,TRUE,2026-03-14 19:15:47,2026-09-14 09:56:07
558,8,SUP-008-00558,1321.05,11,FALSE,2021-12-15 17:24:37,2023-07-29 12:18:32
558,25,SUP-025-00558,1146.57,7,TRUE,2020-02-22 20:41:40,2022-01-03 20:58:38
559,11,SUP-011-00559,400.10,39,FALSE,2023-06-07 17:09:05,2026-09-05 13:24:49
559,19,SUP-019-00559,489.02,42,TRUE,2025-05-21 04:58:01,2025-10-19 14:39:06
560,2,SUP-002-00560,1485.57,43,TRUE,2020-10-24 22:30:27,2023-05-15 16:19:37
560,10,SUP-010-00560,1757.13,24,FALSE,2020-09-16 17:08:07,2026-05-27 10:22:30
561,21,SUP-021-00561,1924.69,39,FALSE,2022-12-19 06:31:24,2023-07-28 03:57:42
561,17,SUP-017-00561,1814.71,24,TRUE,2021-10-03 20:43:43,2024-11-16 12:58:06
562,19,SUP-019-00562,1808.16,25,FALSE,2025-02-06 19:59:32,2026-02-10 10:39:20
562,12,SUP-012-00562,1660.22,10,TRUE,2024-08-07 21:55:59,2025-09-29 08:33:28
563,5,SUP-005-00563,517.73,38,FALSE,2022-12-20 14:19:39,2024-11-28 20:33:51
563,8,SUP-008-00563,436.98,12,TRUE,2022-03-05 22:32:13,2025-10-18 09:47:57
564,9,SUP-009-00564,1278.62,25,TRUE,2021-07-19 12:18:22,2022-07-14 22:05:32
565,19,,1908.38,43,TRUE,2020-02-28 18:34:13,2024-05-02 13:27:39
565,2,SUP-002-00565,1872.37,7,FALSE,2025-05-16 09:46:50,2025-05-29 09:05:13
566,24,SUP-024-00566,149.57,38,TRUE,2020-09-20 17:44:56,2020-10-08 06:37:54
567,7,SUP-007-00567,108.50,20,TRUE,2023-05-15 00:25:46,2026-03-21 03:22:33
568,18,SUP-018-00568,324.10,14,TRUE,2023-02-05 14:12:47,2024-01-25 22:32:18
569,1,SUP-001-00569,153.11,34,TRUE,2024-11-23 03:06:13,2024-12-03 12:42:24
570,11,SUP-011-00570,1271.51,22,TRUE,2021-11-28 13:32:36,2024-08-10 15:38:25
571,2,SUP-002-00571,1525.22,29,TRUE,2023-01-10 17:35:41,2026-06-23 11:07:15
572,24,SUP-024-00572,1892.32,40,TRUE,2025-04-30 12:12:47,2025-06-25 02:48:30
573,10,SUP-010-00573,414.97,13,TRUE,2024-07-01 17:08:29,2025-05-01 20:09:10
574,4,SUP-004-00574,1797.88,7,TRUE,2024-01-21 13:13:39,2025-03-27 19:02:49
575,24,SUP-024-00575,1681.97,42,TRUE,2022-03-05 10:07:31,2026-05-23 08:03:41
576,7,SUP-007-00576,1626.26,17,FALSE,2026-08-02 06:15:31,2026-10-09 21:23:49
576,16,SUP-016-00576,1947.94,37,TRUE,2022-04-09 02:00:29,2026-07-16 04:31:04
577,21,SUP-021-00577,1528.32,3,FALSE,2023-12-27 04:15:08,2026-12-30 05:17:13
577,13,SUP-013-00577,1605.51,12,TRUE,2025-07-16 13:49:06,2025-12-16 13:31:52
578,23,SUP-023-00578,820.32,22,TRUE,2023-06-03 10:39:21,2023-11-02 12:49:36
579,9,SUP-009-00579,1000.22,8,TRUE,2021-01-23 21:20:47,2023-02-11 10:54:55
579,16,SUP-016-00579,971.09,16,FALSE,2022-11-16 08:50:27,2024-02-22 12:21:41
580,19,SUP-019-00580,742.39,8,FALSE,2020-06-05 12:17:37,2026-01-26 17:15:19
580,1,SUP-001-00580,847.30,10,TRUE,2024-11-25 12:49:34,2025-12-11 10:09:06
581,20,SUP-020-00581,842.23,43,TRUE,2023-10-29 10:04:49,2025-10-31 14:19:48
582,7,SUP-007-00582,1507.79,15,TRUE,2023-11-20 02:40:01,2025-09-20 22:35:51
582,6,SUP-006-00582,1395.06,29,FALSE,2026-08-01 22:57:43,2026-10-19 12:20:21
583,8,SUP-008-00583,993.82,33,TRUE,2023-02-08 07:22:46,2023-03-24 05:18:55
584,11,SUP-011-00584,864.65,27,FALSE,2024-11-24 14:56:07,2025-02-11 17:32:13
584,8,SEM-CODIGO,856.26,43,TRUE,2025-08-05 06:19:00,2026-10-25 05:51:54
585,4,SUP-004-00585,1232.07,45,TRUE,2022-12-29 19:08:44,2024-03-22 04:25:24
585,7,SUP-007-00585,1285.07,34,FALSE,2023-01-09 23:29:02,2025-05-16 07:53:30
586,14,SUP-014-00586,1521.02,20,TRUE,2023-03-21 10:00:58,2026-09-18 08:00:19
586,21,SUP-021-00586,1471.95,28,FALSE,2025-12-27 21:43:59,2026-03-11 03:50:03
587,3,SUP-003-00587,1071.59,6,FALSE,2020-12-17 14:45:25,2025-03-10 09:55:26
587,14,SUP-014-00587,1205.54,20,TRUE,2025-11-03 14:13:51,2026-03-13 10:48:22
588,21,SUP-021-00588,1517.23,7,TRUE,2024-07-08 18:00:33,2025-10-15 17:07:20
588,10,SUP-010-00588,1369.93,5,FALSE,2022-04-22 14:15:13,2023-05-16 01:02:57
589,24,SUP-024-00589,804.17,31,TRUE,2023-12-09 15:56:03,2025-07-12 19:00:38
590,23,SUP-023-00590,810.87,12,TRUE,2024-08-21 10:41:12,2026-05-25 16:44:28
591,22,SUP-022-00591,1376.16,42,TRUE,2025-09-29 15:39:07,2026-01-09 19:59:08
591,8,SUP-008-00591,1214.26,7,FALSE,2023-03-14 16:37:26,2024-10-30 19:59:25
592,14,SUP-014-00592,291.83,45,FALSE,2025-04-25 12:44:41,2026-04-28 01:11:00
592,24,SUP-024-00592,332.19,39,TRUE,2020-07-24 04:43:25,2026-09-01 06:19:34
593,20,SUP-020-00593,1174.36,10,TRUE,2024-11-05 03:34:57,2025-09-14 14:28:43
593,22,SUP-022-00593,1265.69,25,FALSE,2024-01-31 09:17:19,2026-10-06 19:19:14
594,20,SUP-020-00594,935.80,10,TRUE,2023-02-13 03:15:44,2026-07-22 08:04:55
595,25,SUP-025-00595,1155.96,14,TRUE,2021-04-14 17:19:05,2021-11-05 14:04:31
596,24,SUP-024-00596,1494.22,10,TRUE,2024-03-20 23:57:38,2025-06-29 17:50:14
597,1,SUP-001-00597,1218.19,30,TRUE,2025-10-20 03:05:50,2026-09-01 10:39:54
598,5,SUP-005-00598,1134.77,44,TRUE,2021-10-13 22:11:44,2022-02-21 20:56:05
598,1,SUP-001-00598,1247.00,36,FALSE,2021-03-09 18:13:40,2024-04-25 00:25:11
599,25,SUP-025-00599,1017.53,43,TRUE,2020-02-25 14:12:04,2025-12-13 16:42:07
599,14,,988.73,13,FALSE,2023-07-08 21:48:31,2025-09-20 09:35:09
600,23,SUP-023-00600,537.20,9,TRUE,2024-10-21 01:40:53,2026-02-05 20:18:36
601,16,SUP-016-00601,1148.45,43,TRUE,2026-01-04 05:27:50,2026-07-09 03:45:15
601,2,SUP-002-00601,1160.41,35,FALSE,2024-04-13 09:57:54,2026-02-16 20:54:44
602,13,TBD,1697.33,14,TRUE,2022-09-22 23:48:21,2024-03-23 23:35:42
603,13,SUP-013-00603,1081.27,19,TRUE,2021-03-27 02:40:26,2022-01-27 10:47:22
604,12,SUP-012-00604,320.06,41,FALSE,2026-10-17 18:20:28,2026-10-26 09:23:06
604,19,SUP-019-00604,316.95,33,TRUE,2020-09-05 23:59:20,2021-06-04 14:31:05
605,17,SUP-017-00605,532.60,31,TRUE,2020-08-19 15:11:50,2025-08-28 16:54:49
605,6,SUP-006-00605,505.14,10,FALSE,2022-09-12 13:52:10,2024-11-18 17:03:04
606,5,SUP-005-00606,1728.02,33,TRUE,2020-08-10 12:12:52,2022-01-28 22:19:46
607,17,SUP-017-00607,1048.94,41,FALSE,2025-03-30 15:00:44,2025-07-06 17:49:07
607,7,SUP-007-00607,1115.89,26,TRUE,2021-02-27 08:25:21,2026-09-06 06:05:21
608,3,SUP-003-00608,877.65,36,TRUE,2025-09-23 11:07:32,2025-11-05 09:32:17
608,22,SUP-022-00608,1049.37,34,FALSE,2022-05-20 01:26:53,2024-02-18 21:12:15
609,8,SUP-008-00609,957.96,30,TRUE,2025-06-02 17:09:42,2026-01-05 21:28:56
609,12,SUP-012-00609,967.45,45,FALSE,2024-12-16 16:03:07,2025-08-26 09:36:57
610,23,SUP-023-00610,962.34,39,TRUE,2025-02-12 22:46:25,2025-10-06 22:50:10
611,4,SUP-004-00611,1556.13,9,TRUE,2021-10-12 11:52:51,2023-08-10 09:14:45
612,13,SUP-013-00612,984.92,36,TRUE,2023-05-21 15:01:11,2026-08-17 05:33:46
613,24,,1816.79,25,TRUE,2022-08-28 19:18:22,2023-01-12 00:32:06
614,18,SUP-018-00614,950.97,29,TRUE,2021-03-20 06:41:09,2022-11-15 08:30:44
615,21,SUP-021-00615,1249.14,22,TRUE,2025-09-12 05:37:30,2026-04-04 00:52:29
616,1,SUP-001-00616,869.32,3,FALSE,2022-11-21 08:08:55,2026-09-26 20:38:59
616,4,SUP-004-00616,993.51,32,TRUE,2024-07-23 12:05:10,2026-08-18 19:05:19
617,23,SUP-023-00617,920.13,38,TRUE,2023-11-10 08:14:08,2026-01-07 14:28:58
618,5,SUP-005-00618,1384.30,33,TRUE,2021-01-17 00:16:03,2026-06-12 22:49:26
618,14,,1384.30,33,FALSE,2024-06-21 09:20:12,2025-02-04 08:15:40
619,25,SUP-025-00619,536.88,45,TRUE,2021-02-09 03:21:12,2024-05-17 05:05:18
620,16,SUP-016-00620,1691.45,12,FALSE,2024-09-09 13:55:51,2025-03-13 13:26:58
620,18,SUP-018-00620,1707.71,25,TRUE,2022-02-16 18:16:58,2025-07-06 17:57:08
621,19,SUP-019-00621,370.92,29,FALSE,2026-09-06 00:15:30,2026-09-08 16:05:36
621,25,SUP-025-00621,344.96,6,TRUE,2026-06-22 09:53:44,2026-08-10 14:30:49
622,11,SUP-011-00622,686.50,27,FALSE,2022-07-14 22:27:03,2023-04-19 10:14:11
622,1,SUP-001-00622,778.50,24,TRUE,2025-12-07 00:55:54,2026-04-01 04:10:37
623,11,SUP-011-00623,924.25,11,FALSE,2023-04-10 19:20:28,2024-05-27 00:34:52
623,7,SUP-007-00623,1043.51,36,TRUE,2025-03-21 00:31:30,2026-09-13 09:39:53
624,20,SUP-020-00624,1793.38,31,TRUE,2021-01-05 15:36:39,2025-03-22 23:50:27
625,24,SUP-024-00625,742.44,35,TRUE,2025-05-01 20:33:50,2025-06-22 23:20:30
626,10,SUP-010-00626,1181.39,24,TRUE,2026-07-13 07:55:56,2026-08-28 15:00:39
627,21,SUP-021-00627,452.45,15,TRUE,2021-07-25 06:59:45,2021-08-13 02:10:29
628,12,SUP-012-00628,1918.03,30,TRUE,2020-08-06 02:54:55,2023-03-18 20:13:14
628,3,SUP-003-00628,2012.05,32,FALSE,2026-01-19 21:52:08,2026-05-10 01:38:41
629,1,SUP-001-00629,672.33,41,TRUE,2024-08-31 21:23:20,2026-07-10 11:56:36
629,18,SUP-018-00629,628.35,42,FALSE,2023-11-22 17:37:46,2026-03-19 12:21:05
630,25,SUP-025-00630,960.84,37,TRUE,2021-04-25 07:48:17,2022-12-31 19:37:24
631,23,SUP-023-00631,1775.30,20,TRUE,2024-08-20 23:42:59,2026-11-27 08:22:28
632,15,SUP-015-00632,1070.01,34,TRUE,2024-07-27 19:21:50,2024-10-21 09:01:59
633,15,SUP-015-00633,734.86,30,TRUE,2022-12-02 21:55:37,2024-03-10 07:00:53
633,7,SUP-007-00633,772.74,29,FALSE,2022-03-01 13:59:33,2023-12-30 03:53:55
634,18,SUP-018-00634,1352.81,24,TRUE,2021-08-02 03:13:33,2025-03-01 13:04:22
634,21,SUP-021-00634,1217.53,13,FALSE,2022-10-18 19:00:51,2025-07-28 14:12:27
635,11,SUP-011-00635,1864.40,15,FALSE,2020-06-23 14:12:28,2020-09-19 10:00:03
635,17,SUP-017-00635,2181.74,31,TRUE,2021-07-04 02:59:13,2024-12-03 23:35:00
636,15,SUP-015-00636,310.18,4,TRUE,2024-09-15 05:40:44,2024-12-06 00:23:33
636,11,SUP-011-00636,303.71,8,FALSE,2021-11-17 00:45:05,2023-02-10 06:43:39
637,1,SUP-001-00637,599.80,30,TRUE,2025-10-06 04:11:33,2026-11-12 00:13:03
638,13,SUP-013-00638,1124.00,35,TRUE,2020-04-11 13:10:25,2021-12-07 20:53:12
638,21,SUP-021-00638,1173.40,43,FALSE,2020-04-04 12:29:49,2023-09-09 05:43:07
639,23,,1370.18,27,TRUE,2024-08-03 00:30:25,2026-09-14 22:31:04
640,22,—,1335.97,6,TRUE,2023-06-06 21:52:09,2025-10-19 01:11:59
640,10,SUP-010-00640,1190.23,15,FALSE,2022-02-26 02:37:03,2023-07-27 13:30:21
641,6,SUP-006-00641,325.70,15,TRUE,2024-05-13 11:14:43,2025-05-21 23:20:37
642,21,SUP-021-00642,1996.11,3,TRUE,2023-10-27 19:13:36,2024-10-15 18:13:58
643,7,SUP-007-00643,2058.62,15,TRUE,2021-08-22 13:04:49,2025-05-22 09:28:56
644,24,SUP-024-00644,1468.50,14,TRUE,2026-06-09 11:53:41,2026-07-21 23:57:10
645,23,SUP-023-00645,1259.35,44,TRUE,2022-05-09 20:59:47,2023-06-26 09:57:59
646,6,SUP-006-00646,1514.66,6,TRUE,2021-04-05 15:04:18,2026-12-11 15:52:39
646,4,SUP-004-00646,1633.46,14,FALSE,2024-04-19 01:51:18,2026-10-09 17:27:00
647,3,SUP-003-00647,320.63,17,FALSE,2020-06-22 17:47:11,2026-01-26 19:59:18
647,15,SUP-015-00647,290.38,27,TRUE,2021-06-15 08:39:54,2023-06-05 21:51:51
648,6,SUP-006-00648,1465.73,24,FALSE,2021-04-14 12:44:47,2021-08-23 09:10:41
648,18,SUP-018-00648,1368.93,40,TRUE,2021-09-26 21:20:11,2022-10-10 21:18:38
649,14,SUP-014-00649,1908.19,34,TRUE,2022-10-01 05:23:06,2023-09-24 02:40:17
649,17,SUP-017-00649,1890.68,22,FALSE,2025-07-29 15:37:58,2025-11-15 20:00:02
650,22,SUP-022-00650,297.51,45,FALSE,2026-10-31 04:49:11,2026-11-01 10:07:00
650,23,—,306.62,9,TRUE,2022-01-05 13:44:38,2022-05-24 11:30:25
651,18,SUP-018-00651,821.17,18,TRUE,2020-05-30 14:09:25,2026-06-29 05:06:20
652,21,TBD,1735.03,15,TRUE,2025-06-29 22:20:33,2025-09-25 22:16:13
653,22,SUP-022-00653,936.04,39,FALSE,2020-03-16 02:30:35,2025-11-12 23:16:19
653,23,SUP-023-00653,925.86,20,TRUE,2022-08-08 03:16:12,2024-03-06 14:04:26
654,4,SUP-004-00654,461.09,13,TRUE,2025-10-04 04:28:14,2026-10-11 00:42:07
654,5,SUP-005-00654,437.32,16,FALSE,2023-01-26 17:35:17,2025-08-15 21:32:43
655,2,SUP-002-00655,676.10,9,TRUE,2026-01-16 10:21:32,2026-04-09 14:17:47
656,15,SUP-015-00656,1447.78,33,TRUE,2021-12-09 05:00:07,2024-11-09 07:06:48
656,11,SUP-011-00656,1360.91,12,FALSE,2024-11-15 00:32:12,2026-04-04 14:32:57
657,3,SUP-003-00657,454.90,36,FALSE,2025-12-25 12:06:50,2026-01-06 04:51:09
657,14,SUP-014-00657,459.74,45,TRUE,2020-11-03 13:16:16,2021-04-29 19:33:50
658,11,SUP-011-00658,1653.48,4,TRUE,2021-04-13 12:58:17,2022-12-10 16:07:31
659,10,SUP-010-00659,975.76,41,TRUE,2025-03-23 04:23:51,2026-07-04 12:23:07
660,11,SUP-011-00660,953.78,10,FALSE,2021-07-11 02:51:03,2026-01-24 14:11:58
660,3,SUP-003-00660,933.70,16,TRUE,2026-05-16 04:21:06,2026-08-28 20:41:06
661,1,SUP-001-00661,1625.22,3,TRUE,2024-05-23 14:42:31,2025-11-28 03:32:36
661,22,SUP-022-00661,1528.67,38,FALSE,2024-01-15 22:16:31,2025-04-04 14:32:49
662,18,SUP-018-00662,1077.10,21,TRUE,2026-02-12 13:34:03,2026-06-12 16:11:39
663,8,SUP-008-00663,1627.69,30,TRUE,2025-09-24 16:06:19,2025-10-06 10:11:37
664,10,SUP-010-00664,124.42,14,TRUE,2022-08-12 19:47:45,2024-08-13 07:41:30
665,24,SUP-024-00665,216.03,22,TRUE,2026-10-04 23:14:12,2026-11-08 18:23:00
665,3,SUP-003-00665,216.03,9,FALSE,2024-10-20 11:46:27,2026-02-18 09:29:33
666,25,SUP-025-00666,1284.51,25,TRUE,2023-11-28 20:51:33,2025-07-17 23:22:08
667,23,SUP-023-00667,805.58,41,TRUE,2023-02-09 13:27:27,2025-03-08 10:17:28
668,11,SUP-011-00668,403.64,19,TRUE,2021-07-05 19:59:46,2022-03-22 13:57:41
669,13,SUP-013-00669,1826.95,8,TRUE,2023-12-27 08:26:29,2026-06-20 00:18:26
669,25,?,2101.97,10,FALSE,2021-10-22 16:56:25,2022-03-07 16:40:45
670,4,SUP-004-00670,1011.71,3,FALSE,2022-01-06 11:44:20,2026-10-16 03:45:09
670,3,?,1070.64,27,TRUE,2022-07-15 10:01:05,2023-04-01 19:57:52
671,2,SUP-002-00671,765.52,27,TRUE,2020-10-28 09:17:12,2022-06-24 14:53:36
672,22,SUP-022-00672,116.22,11,FALSE,2025-08-28 08:26:43,2025-09-27 23:23:09
672,20,SUP-020-00672,137.93,28,TRUE,2020-12-26 12:37:58,2026-07-16 17:34:09
673,23,SUP-023-00673,1295.97,44,TRUE,2025-10-25 02:11:35,2026-12-19 08:53:57
673,11,SUP-011-00673,1439.97,35,FALSE,2021-05-22 13:52:47,2021-07-20 09:08:46
674,12,SUP-012-00674,891.26,43,TRUE,2026-01-10 07:30:10,2026-09-17 08:14:43
675,13,SUP-013-00675,1759.34,34,TRUE,2025-11-06 19:18:11,2026-12-14 22:44:58
676,25,SUP-025-00676,1445.79,18,FALSE,2021-03-14 00:31:54,2026-11-18 06:17:11
676,23,SUP-023-00676,1489.60,9,TRUE,2022-04-19 11:13:31,2026-05-29 11:02:01
677,3,SUP-003-00677,326.75,37,TRUE,2020-09-07 10:03:22,2022-03-23 10:30:33
677,8,SUP-008-00677,337.29,14,FALSE,2020-08-31 23:57:03,2024-10-30 03:22:23
678,18,SUP-018-00678,554.99,24,FALSE,2021-07-20 21:42:59,2026-05-13 23:20:29
678,5,SUP-005-00678,618.58,39,TRUE,2021-10-23 11:13:35,2021-11-12 17:28:58
679,11,SUP-011-00679,1315.25,31,TRUE,2024-02-13 00:29:01,2026-12-29 20:14:33
679,13,SUP-013-00679,1204.63,6,FALSE,2025-08-12 13:36:05,2026-03-17 11:35:21
680,11,SUP-011-00680,945.85,20,TRUE,2023-01-24 21:22:05,2023-04-01 00:18:55
680,12,SUP-012-00680,886.73,23,FALSE,2026-05-17 01:24:45,2026-07-16 07:51:21
681,22,SUP-022-00681,652.86,42,TRUE,2022-02-13 15:14:33,2025-05-19 19:51:36
682,25,SUP-025-00682,1865.23,27,TRUE,2022-09-02 08:36:44,2024-12-15 05:07:29
683,7,SUP-007-00683,1867.07,30,TRUE,2025-06-23 19:38:10,2026-05-11 04:22:11
683,25,SUP-025-00683,2139.35,6,FALSE,2025-09-02 03:42:14,2025-10-03 12:35:39
684,8,SUP-008-00684,521.13,16,TRUE,2025-12-25 02:25:09,2026-06-22 03:29:14
685,18,SUP-018-00685,367.61,42,TRUE,2023-07-27 21:04:13,2024-08-22 14:57:00
686,16,SUP-016-00686,2135.97,31,TRUE,2022-01-16 16:12:30,2023-09-28 11:12:56
686,1,SUP-001-00686,1767.03,10,FALSE,2020-06-20 23:50:26,2026-11-13 12:13:48
687,22,SUP-022-00687,827.14,34,TRUE,2024-05-16 06:42:54,2025-05-10 10:37:40
688,6,SUP-006-00688,1927.19,5,TRUE,2023-11-04 20:41:51,2026-02-07 17:49:57
689,4,SUP-004-00689,1521.79,29,FALSE,2021-08-10 09:03:01,2023-10-23 16:44:28
689,20,SUP-020-00689,1379.56,44,TRUE,2022-08-21 07:29:47,2026-11-29 09:38:21
690,24,SUP-024-00690,1254.57,35,TRUE,2025-03-18 04:03:12,2025-04-25 07:53:39
691,24,SUP-024-00691,1467.51,24,TRUE,2026-12-09 23:26:00,2026-12-29 02:52:46
692,3,SUP-003-00692,1199.79,22,TRUE,2021-03-25 14:53:13,2021-04-17 01:55:09
693,6,SUP-006-00693,1989.52,4,FALSE,2023-01-06 22:48:35,2024-07-16 20:56:27
693,19,SUP-019-00693,1807.00,14,TRUE,2025-12-27 22:03:07,2026-01-04 21:36:29
694,12,SUP-012-00694,855.73,29,TRUE,2025-10-28 09:10:42,2026-12-12 16:49:10
695,11,SUP-011-00695,1441.10,10,TRUE,2021-02-19 17:10:48,2022-10-07 19:54:46
696,22,SUP-022-00696,1721.30,7,TRUE,2024-10-27 00:12:53,2026-01-28 18:35:43
697,16,SUP-016-00697,1920.82,19,TRUE,2024-02-14 05:33:37,2025-12-30 00:34:12
697,1,SUP-001-00697,1920.82,16,FALSE,2021-06-11 11:57:28,2026-09-15 11:25:43
698,20,SUP-020-00698,813.61,11,TRUE,2020-02-16 13:48:29,2026-08-19 23:35:23
699,25,SUP-025-00699,2023.16,29,TRUE,2022-01-22 11:37:39,2022-07-05 08:15:16
700,2,SUP-002-00700,790.08,3,TRUE,2023-11-07 23:27:32,2024-07-27 00:42:07
700,22,SUP-022-00700,743.15,8,FALSE,2025-12-24 16:40:47,2026-12-01 04:03:48
701,12,SUP-012-00701,643.18,38,FALSE,2021-08-29 10:17:03,2022-04-14 08:02:39
701,4,SUP-004-00701,610.37,23,TRUE,2022-04-17 15:51:34,2023-08-26 15:13:11
702,12,SUP-012-00702,1170.59,45,TRUE,2023-09-06 09:35:29,2026-04-01 14:44:04
702,3,SUP-003-00702,1124.23,36,FALSE,2021-09-17 10:27:07,2026-10-10 14:07:23
703,16,SUP-016-00703,1106.37,23,TRUE,2023-06-11 02:22:17,2026-05-03 06:07:37
704,9,SUP-009-00704,916.12,22,TRUE,2020-07-03 23:27:10,2021-10-05 05:40:59
704,4,SUP-004-00704,1018.95,40,FALSE,2025-10-04 03:04:02,2026-03-29 12:11:33
705,16,SUP-016-00705,760.26,45,TRUE,2023-06-01 06:01:06,2024-12-13 03:06:52
706,17,SUP-017-00706,1591.42,12,TRUE,2022-12-31 19:57:12,2026-08-28 10:01:01
707,20,SUP-020-00707,215.87,32,FALSE,2023-07-11 02:05:49,2026-06-12 20:23:17
707,6,SUP-006-00707,224.42,18,TRUE,2023-05-27 21:22:08,2025-08-31 11:28:14
708,18,SUP-018-00708,354.56,6,TRUE,2025-03-01 08:54:53,2025-10-22 22:12:58
709,3,SUP-003-00709,637.22,34,TRUE,2021-06-21 06:25:44,2024-11-27 06:49:01
710,4,SUP-004-00710,1934.20,10,TRUE,2020-05-05 16:48:58,2025-12-17 23:16:57
711,7,SUP-007-00711,591.56,27,TRUE,2021-12-29 12:25:43,2023-09-10 03:23:06
712,25,SUP-025-00712,1028.23,8,TRUE,2024-12-20 00:53:11,2025-04-16 21:47:31
713,7,SUP-007-00713,1373.36,10,TRUE,2021-05-03 18:14:16,2021-10-29 10:52:43
714,4,SUP-004-00714,695.72,26,TRUE,2021-11-17 02:45:13,2022-05-25 11:51:39
715,4,SUP-004-00715,1512.22,31,FALSE,2023-06-13 13:10:44,2025-05-13 18:08:24
715,20,,1527.20,45,TRUE,2023-07-15 20:53:41,2024-10-18 10:07:22
716,13,SUP-013-00716,432.09,35,FALSE,2025-01-30 07:16:49,2026-01-23 21:25:47
716,7,SUP-007-00716,494.50,38,TRUE,2021-05-12 13:33:05,2022-12-10 06:41:36
717,6,SUP-006-00717,383.26,44,TRUE,2021-07-24 00:51:47,2022-05-27 19:39:35
718,5,SUP-005-00718,1268.44,33,TRUE,2022-10-29 12:04:42,2026-06-28 10:32:00
719,2,SUP-002-00719,421.52,22,TRUE,2023-03-05 08:14:31,2025-08-17 01:30:27
720,21,SUP-021-00720,1565.24,44,TRUE,2023-03-16 14:44:17,2025-06-22 02:01:50
721,9,SUP-009-00721,1052.08,12,FALSE,2026-12-28 01:44:11,2026-12-29 10:12:24
721,15,SUP-015-00721,1119.23,43,TRUE,2021-09-22 19:39:09,2022-11-21 00:46:54
722,13,SUP-013-00722,440.21,11,TRUE,2025-01-13 19:40:11,2026-10-24 22:51:06
723,7,SUP-007-00723,824.25,14,TRUE,2023-05-11 04:54:06,2026-05-09 12:10:25
723,9,SUP-009-00723,762.63,34,FALSE,2020-09-19 17:34:08,2025-02-21 12:24:37
724,1,SUP-001-00724,1282.54,38,TRUE,2025-01-24 16:24:30,2025-11-05 18:07:25
724,2,SUP-002-00724,1325.30,8,FALSE,2026-10-24 05:02:41,2026-11-12 21:04:50
725,18,SUP-018-00725,810.24,14,TRUE,2022-07-12 04:49:15,2026-06-19 03:04:48
726,13,SUP-013-00726,108.38,40,TRUE,2025-09-29 05:56:32,2026-09-12 19:38:43
727,17,SUP-017-00727,664.88,11,TRUE,2021-07-15 16:18:42,2024-12-20 17:48:11
728,18,SUP-018-00728,1036.66,22,FALSE,2020-04-30 17:44:38,2020-09-17 18:10:03
728,8,SUP-008-00728,1036.66,3,TRUE,2025-09-09 20:08:13,2026-05-05 18:27:16
729,25,SUP-025-00729,443.45,16,TRUE,2025-09-20 03:11:46,2026-05-18 03:24:51
729,8,SUP-008-00729,462.12,20,FALSE,2022-11-22 17:34:46,2023-02-03 15:58:49
730,12,SUP-012-00730,253.77,38,FALSE,2020-05-09 20:54:42,2024-03-17 17:02:01
730,25,SUP-025-00730,262.23,26,TRUE,2022-05-27 10:15:49,2024-11-10 20:00:20
731,19,SUP-019-00731,1300.24,3,FALSE,2021-08-24 04:26:24,2024-09-14 07:11:07
731,10,SUP-010-00731,1528.85,23,TRUE,2022-07-11 02:46:52,2024-02-20 18:18:59
732,1,SUP-001-00732,1030.98,10,FALSE,2021-06-29 16:07:48,2022-09-13 06:51:28
732,9,SUP-009-00732,1001.80,22,TRUE,2024-06-15 11:52:42,2025-09-13 23:10:43
733,16,SUP-016-00733,1219.87,45,TRUE,2021-04-27 08:39:27,2024-04-30 03:33:01
733,5,SUP-005-00733,1138.54,28,FALSE,2023-03-26 13:05:24,2024-11-15 09:20:38
734,6,SUP-006-00734,1608.76,31,TRUE,2022-04-25 07:22:40,2024-09-12 05:07:46
735,10,SUP-010-00735,280.59,36,FALSE,2021-05-21 21:11:59,2021-07-21 23:50:19
735,21,SUP-021-00735,313.42,9,TRUE,2024-09-24 00:41:52,2025-08-02 17:54:52
736,23,SUP-023-00736,92.64,21,TRUE,2023-01-26 18:18:37,2023-08-16 11:03:46
736,24,SUP-024-00736,85.78,43,FALSE,2025-10-22 13:12:40,2026-09-29 06:44:10
737,6,SUP-006-00737,1950.83,42,TRUE,2022-11-21 01:40:56,2023-09-03 05:58:48
737,14,SUP-014-00737,1932.07,36,FALSE,2020-11-28 08:01:28,2025-04-10 03:52:19
738,4,SUP-004-00738,403.34,40,FALSE,2022-05-07 09:47:05,2025-08-22 18:06:55
738,24,SUP-024-00738,373.74,45,TRUE,2025-12-16 23:50:31,2026-02-25 03:50:38
739,4,SUP-004-00739,1247.62,7,TRUE,2024-02-25 16:03:26,2026-02-26 13:11:50
739,15,SUP-015-00739,1213.59,27,FALSE,2026-04-01 12:13:40,2026-11-20 01:42:20
740,17,SUP-017-00740,1472.65,13,TRUE,2020-04-07 05:57:55,2024-07-26 17:00:12
741,17,SUP-017-00741,1399.30,40,FALSE,2020-01-29 11:55:15,2022-09-19 16:47:28
741,15,SUP-015-00741,1322.27,35,TRUE,2022-10-07 23:10:11,2025-02-15 20:17:55
742,11,SUP-011-00742,1158.00,21,TRUE,2024-10-27 22:00:46,2025-12-14 13:57:31
743,11,SUP-011-00743,1734.65,13,FALSE,2023-10-20 20:14:07,2024-12-20 16:59:38
743,3,SUP-003-00743,1634.57,27,TRUE,2024-07-12 12:06:04,2026-09-20 17:18:01
744,7,SUP-007-00744,1708.33,33,FALSE,2022-01-03 05:11:53,2022-08-14 18:11:43
744,12,SUP-012-00744,1561.90,6,TRUE,2023-06-06 16:02:14,2025-11-10 13:48:38
745,6,SUP-006-00745,57.78,10,TRUE,2021-04-10 14:37:45,2023-06-13 05:57:06
746,10,SUP-010-00746,987.46,15,TRUE,2020-02-17 19:04:48,2021-12-31 16:13:22
747,4,SUP-004-00747,1656.17,37,TRUE,2022-07-16 22:47:41,2023-02-26 09:21:20
748,4,SUP-004-00748,665.26,15,TRUE,2025-05-11 04:12:21,2026-08-08 18:07:14
748,13,SUP-013-00748,607.69,22,FALSE,2024-06-08 13:36:37,2024-07-01 22:51:09
749,19,SUP-019-00749,1041.81,5,FALSE,2021-09-03 11:59:44,2025-06-14 12:14:47
749,10,SUP-010-00749,1041.81,18,TRUE,2026-08-31 13:07:49,2026-11-14 03:38:43
750,25,SUP-025-00750,472.20,32,TRUE,2021-11-29 21:17:26,2026-06-12 18:58:45
751,17,SUP-017-00751,1127.36,33,FALSE,2020-09-15 04:38:29,2023-02-14 05:45:27
751,14,SUP-014-00751,1027.88,41,TRUE,2022-12-07 12:38:07,2025-08-26 05:39:13
752,20,SUP-020-00752,1425.18,16,TRUE,2021-02-18 11:06:04,2023-09-15 01:50:46
753,19,SUP-019-00753,1632.80,15,TRUE,2024-04-12 10:41:36,2025-12-22 23:51:54
754,1,TBD,1751.42,18,TRUE,2022-04-05 23:52:47,2026-09-04 09:20:11
755,4,SUP-004-00755,1966.43,21,FALSE,2022-03-22 04:35:06,2023-09-30 18:24:56
755,8,SUP-008-00755,1756.43,44,TRUE,2021-02-18 06:12:09,2026-06-16 17:48:04
756,23,SUP-023-00756,1554.06,29,TRUE,2025-07-06 16:16:02,2026-12-27 15:46:44
757,16,SUP-016-00757,504.21,25,TRUE,2023-03-21 21:39:27,2025-03-31 07:11:59
758,11,SUP-011-00758,1862.70,27,TRUE,2023-09-21 11:21:03,2025-09-15 12:24:11
759,24,SUP-024-00759,794.25,25,TRUE,2022-07-23 17:11:07,2023-11-08 21:54:27
760,21,SUP-021-00760,1833.61,20,TRUE,2024-01-11 06:04:26,2025-11-14 12:33:50
760,10,SUP-010-00760,1665.39,26,FALSE,2024-01-09 07:29:49,2025-09-23 16:24:41
761,22,SUP-022-00761,1418.13,29,TRUE,2023-12-29 03:47:13,2024-01-24 06:33:24
761,4,SUP-004-00761,1418.13,30,FALSE,2024-11-12 01:44:44,2025-06-08 17:13:03
762,3,SUP-003-00762,1988.82,20,FALSE,2023-10-11 23:50:40,2026-10-21 23:11:34
762,18,,1831.29,26,TRUE,2024-12-27 05:09:12,2026-07-20 17:55:28
763,16,SUP-016-00763,976.26,14,TRUE,2023-04-25 02:28:11,2026-03-08 14:46:53
764,4,SUP-004-00764,752.29,44,TRUE,2024-08-26 22:24:06,2025-04-25 09:12:07
765,10,SUP-010-00765,1703.12,9,TRUE,2023-08-18 22:45:16,2024-07-02 16:10:02
765,7,SUP-007-00765,1911.27,31,FALSE,2022-06-13 22:55:15,2026-08-15 11:13:13
766,21,SUP-021-00766,2041.76,41,TRUE,2023-07-10 23:10:38,2024-12-05 16:06:27
766,11,SUP-011-00766,1966.14,18,FALSE,2026-05-09 08:25:43,2026-08-22 03:12:57
767,13,SUP-013-00767,364.93,32,TRUE,2020-09-04 06:53:28,2025-03-09 16:39:31
768,12,SUP-012-00768,1123.50,18,TRUE,2026-04-23 07:52:37,2026-06-05 17:05:12
769,20,SUP-020-00769,56.82,33,TRUE,2025-06-29 23:18:12,2026-11-25 07:30:25
770,4,TODO,26.14,22,TRUE,2023-10-28 01:32:49,2024-10-23 14:37:36
771,22,SUP-022-00771,333.45,7,FALSE,2026-04-12 14:36:45,2026-12-21 21:47:56
771,5,SUP-005-00771,326.20,45,TRUE,2022-08-17 02:56:44,2026-05-04 00:19:08
772,13,SUP-013-00772,1475.14,12,TRUE,2021-10-16 07:36:34,2022-09-19 12:49:59
772,1,SUP-001-00772,1677.00,3,FALSE,2022-05-22 02:10:32,2022-09-23 07:54:13
773,10,SUP-010-00773,726.29,8,TRUE,2021-06-19 19:06:47,2024-09-20 02:42:16
773,9,SUP-009-00773,638.05,40,FALSE,2021-09-06 16:59:47,2022-10-28 14:36:13
774,24,SUP-024-00774,807.16,34,FALSE,2021-04-29 21:13:30,2023-09-16 03:12:32
774,25,SUP-025-00774,705.28,15,TRUE,2026-01-22 14:12:31,2026-01-30 21:23:27
775,1,SUP-001-00775,894.27,12,TRUE,2022-12-17 09:05:05,2026-04-16 06:40:42
776,8,SUP-008-00776,1522.91,10,TRUE,2020-01-03 04:27:45,2026-05-05 18:43:44
777,24,SUP-024-00777,32.76,4,TRUE,2026-07-01 14:58:12,2026-08-05 14:37:03
777,20,?,35.05,41,FALSE,2025-09-21 21:14:50,2025-11-08 18:16:34
778,10,SUP-010-00778,113.89,17,FALSE,2020-04-11 21:43:20,2020-12-23 20:21:31
778,14,SUP-014-00778,134.71,20,TRUE,2021-11-07 23:42:57,2025-08-14 09:03:04
779,8,SUP-008-00779,47.20,4,TRUE,2025-04-24 22:23:57,2026-04-23 15:09:09
780,22,SUP-022-00780,137.91,6,FALSE,2022-02-28 15:50:17,2024-01-12 20:18:42
780,17,SUP-017-00780,142.27,9,TRUE,2021-03-20 06:50:56,2025-06-01 15:33:35
781,23,SUP-023-00781,465.68,36,TRUE,2020-10-24 10:15:57,2024-07-15 18:14:35
782,4,SUP-004-00782,653.76,42,TRUE,2023-12-10 05:26:54,2026-08-08 13:59:53
782,12,SUP-012-00782,748.19,45,FALSE,2026-01-28 08:05:46,2026-12-07 21:44:24
783,16,SUP-016-00783,1539.14,27,TRUE,2023-02-27 14:22:04,2026-02-19 20:53:22
783,3,SUP-003-00783,1467.22,30,FALSE,2020-08-24 02:54:29,2020-09-11 01:52:58
784,10,TBD,1243.00,14,TRUE,2020-09-29 19:33:44,2026-04-24 19:10:05
785,9,SUP-009-00785,347.32,34,FALSE,2023-08-25 18:49:38,2025-12-21 12:14:34
785,24,SUP-024-00785,317.26,44,TRUE,2022-08-09 21:54:39,2026-05-25 19:07:14
786,22,SUP-022-00786,199.43,5,TRUE,2026-07-17 10:47:25,2026-12-05 12:33:15
787,13,SUP-013-00787,154.67,17,TRUE,2025-02-07 14:02:20,2025-11-28 00:45:43
788,14,SUP-014-00788,530.57,33,FALSE,2023-08-04 14:47:36,2024-12-04 07:27:03
788,7,,509.97,44,TRUE,2021-11-18 08:26:54,2026-04-20 21:22:30
789,6,SUP-006-00789,393.91,30,FALSE,2026-09-18 11:43:00,2026-10-24 16:08:47
789,8,SUP-008-00789,437.68,6,TRUE,2023-06-09 02:46:20,2026-05-06 01:19:03
790,1,SUP-001-00790,1990.51,25,TRUE,2026-12-27 17:35:44,2026-12-28 23:12:26
791,24,SUP-024-00791,1561.49,24,TRUE,2023-08-29 09:42:01,2025-01-19 20:59:29
792,3,SUP-003-00792,275.20,32,TRUE,2022-02-24 01:52:44,2022-08-07 11:30:08
792,21,SUP-021-00792,255.94,7,FALSE,2020-09-03 10:29:02,2023-01-15 14:43:35
793,25,SUP-025-00793,794.27,40,TRUE,2026-03-16 23:32:00,2026-07-10 22:47:18
794,2,SUP-002-00794,967.04,12,TRUE,2024-02-21 10:26:51,2026-10-16 21:48:52
795,8,SUP-008-00795,756.99,23,TRUE,2025-11-05 12:28:19,2026-01-13 13:14:39
796,9,SUP-009-00796,988.08,22,FALSE,2022-06-21 20:40:41,2026-06-15 04:54:20
796,19,SUP-019-00796,1008.25,23,TRUE,2026-03-25 02:31:29,2026-08-03 02:59:10
797,2,SUP-002-00797,65.50,40,FALSE,2022-09-12 11:43:51,2023-03-14 05:43:15
797,21,SUP-021-00797,71.34,18,TRUE,2023-10-01 12:14:27,2026-10-10 06:44:07
798,25,SUP-025-00798,1361.63,37,TRUE,2020-02-24 10:47:31,2023-11-19 16:57:35
799,18,SUP-018-00799,253.26,44,TRUE,2026-12-06 16:22:44,2026-12-16 19:05:26
800,18,SUP-018-00800,74.54,45,FALSE,2026-12-18 08:50:31,2026-12-22 23:33:11
800,23,SUP-023-00800,74.54,5,TRUE,2020-08-07 11:18:06,2021-07-30 04:30:36
801,1,SUP-001-00801,503.12,10,TRUE,2020-07-18 12:09:43,2021-05-13 09:38:57
802,2,SUP-002-00802,969.45,39,TRUE,2025-09-04 09:09:36,2025-11-19 11:10:13
803,4,SUP-004-00803,1486.23,9,TRUE,2023-02-05 16:40:25,2026-12-05 14:22:32
803,15,SUP-015-00803,1698.55,8,FALSE,2021-02-04 11:23:38,2021-10-08 00:39:28
804,13,SUP-013-00804,762.78,35,TRUE,2022-12-14 09:13:50,2025-01-17 05:28:08
804,11,SUP-011-00804,826.34,5,FALSE,2025-07-24 06:22:27,2026-12-21 15:55:17
805,3,SEM-CODIGO,1871.88,26,TRUE,2024-06-27 08:29:09,2026-07-17 19:12:35
806,9,SUP-009-00806,714.98,25,TRUE,2023-06-18 13:02:15,2026-10-10 09:53:26
806,5,SUP-005-00806,694.16,28,FALSE,2022-09-11 04:55:32,2025-06-17 19:46:06
807,22,SUP-022-00807,331.64,35,TRUE,2023-11-25 04:16:57,2026-06-10 02:11:50
807,23,SUP-023-00807,325.61,19,FALSE,2024-05-10 08:18:05,2026-10-13 12:16:49
808,1,SUP-001-00808,232.91,19,FALSE,2023-06-24 17:51:52,2023-07-17 14:32:15
808,2,SUP-002-00808,230.36,19,TRUE,2020-10-21 05:31:17,2025-03-13 12:05:26
809,17,SUP-017-00809,1732.30,30,TRUE,2025-05-27 20:22:24,2026-04-24 16:04:18
809,14,SUP-014-00809,1459.62,34,FALSE,2021-05-15 14:55:58,2023-04-28 15:00:31
810,15,SUP-015-00810,682.34,14,TRUE,2020-04-14 15:34:28,2024-09-28 14:20:43
811,17,SUP-017-00811,1754.93,44,TRUE,2021-02-07 19:12:32,2022-09-21 14:59:49
812,17,TBD,87.11,19,TRUE,2024-02-13 01:09:39,2024-05-06 14:33:02
812,7,SUP-007-00812,99.03,40,FALSE,2026-04-10 17:03:28,2026-04-11 13:52:48
813,4,SUP-004-00813,1897.88,45,FALSE,2025-07-04 13:14:47,2025-09-28 07:06:01
813,22,SUP-022-00813,1774.87,13,TRUE,2021-08-25 17:46:00,2025-06-17 23:27:00
814,5,,2027.28,23,TRUE,2021-07-24 22:05:03,2021-11-08 23:11:04
814,17,SUP-017-00814,1931.66,29,FALSE,2020-02-12 04:52:03,2026-05-16 21:19:16
815,16,SUP-016-00815,1238.36,8,FALSE,2021-06-16 14:11:34,2026-08-14 15:04:06
815,3,SUP-003-00815,1158.10,34,TRUE,2025-03-17 15:40:48,2026-11-12 09:24:08
816,4,SUP-004-00816,1540.85,33,TRUE,2024-04-12 07:33:44,2026-03-08 21:56:54
817,16,SUP-016-00817,1592.91,11,FALSE,2026-09-20 23:20:28,2026-09-25 00:43:54
817,13,SUP-013-00817,1592.91,36,TRUE,2024-08-26 08:54:06,2025-07-27 22:22:04
818,15,SUP-015-00818,1160.88,39,FALSE,2022-01-07 20:55:56,2025-10-01 03:34:41
818,24,SUP-024-00818,1208.75,19,TRUE,2025-01-26 13:23:17,2026-05-27 11:51:16
819,4,SUP-004-00819,1328.09,14,FALSE,2020-11-03 07:53:39,2023-08-01 22:43:25
819,10,SUP-010-00819,1145.32,19,TRUE,2023-10-11 03:48:31,2023-12-26 13:28:58
820,10,SUP-010-00820,1391.27,43,FALSE,2026-09-14 14:49:54,2026-10-23 19:17:38
820,18,SUP-018-00820,1245.52,44,TRUE,2020-03-15 12:11:47,2026-08-15 21:37:38
821,18,SUP-018-00821,1360.34,16,TRUE,2020-07-12 03:12:26,2024-08-28 15:57:16
822,3,SUP-003-00822,160.38,11,TRUE,2021-07-14 06:05:40,2025-01-11 04:28:20
822,5,SUP-005-00822,143.09,17,FALSE,2025-04-04 16:48:49,2026-09-03 07:11:01
823,4,SUP-004-00823,1361.87,41,TRUE,2020-08-15 14:02:19,2022-03-15 01:05:22
823,8,SUP-008-00823,1347.23,31,FALSE,2024-07-06 09:57:55,2025-12-29 07:01:13
824,9,SUP-009-00824,343.01,44,TRUE,2025-07-09 05:50:07,2025-08-15 13:27:21
825,15,SUP-015-00825,1406.97,35,TRUE,2022-06-16 14:54:06,2026-06-23 03:26:22
826,23,SUP-023-00826,665.78,6,FALSE,2026-07-27 17:50:38,2026-09-07 23:37:04
826,10,?,685.96,35,TRUE,2023-07-06 18:40:51,2024-04-01 20:00:01
827,13,SUP-013-00827,1904.93,34,FALSE,2022-10-23 14:34:46,2025-07-21 18:26:55
827,18,SUP-018-00827,1826.38,12,TRUE,2023-07-19 21:50:52,2023-09-08 15:15:43
828,20,SUP-020-00828,1623.76,18,FALSE,2025-07-02 13:36:17,2025-09-25 03:10:46
828,1,SUP-001-00828,1831.04,32,TRUE,2022-11-04 23:24:31,2025-01-06 16:27:04
829,4,SUP-004-00829,1301.72,45,TRUE,2021-07-13 04:24:32,2025-02-25 21:08:20
829,18,SUP-018-00829,1301.72,10,FALSE,2024-10-07 23:01:10,2024-12-25 02:56:32
830,3,TBD,1582.60,26,FALSE,2023-01-22 19:49:08,2025-10-25 16:10:08
830,17,SUP-017-00830,1388.51,37,TRUE,2026-04-19 11:30:59,2026-06-30 11:06:40
831,15,SUP-015-00831,908.59,38,FALSE,2022-02-13 13:13:09,2023-07-01 14:54:51
831,9,SUP-009-00831,778.79,23,TRUE,2021-08-15 08:47:22,2021-10-31 00:01:14
832,12,SUP-012-00832,938.00,41,TRUE,2020-07-03 00:03:23,2022-04-21 14:14:37
832,5,SUP-005-00832,800.31,3,FALSE,2021-09-17 03:13:05,2025-10-23 07:36:08
833,17,SUP-017-00833,29.09,12,TRUE,2021-09-27 15:03:20,2026-02-22 19:26:12
834,8,SUP-008-00834,67.06,30,FALSE,2026-06-21 18:37:02,2026-10-17 23:21:48
834,12,SUP-012-00834,67.06,15,TRUE,2023-04-29 05:30:08,2023-08-05 17:00:41
835,22,SUP-022-00835,514.76,38,FALSE,2021-12-05 11:19:22,2026-03-10 05:43:29
835,20,SUP-020-00835,500.06,44,TRUE,2022-06-01 00:52:07,2026-01-22 16:49:10
836,16,SUP-016-00836,1907.12,3,FALSE,2021-01-24 14:45:28,2025-11-21 20:38:20
836,4,SUP-004-00836,2002.48,27,TRUE,2023-04-09 00:29:23,2025-11-21 06:03:59
837,5,SUP-005-00837,691.89,18,TRUE,2026-12-26 21:08:23,2026-12-31 20:47:43
838,18,SUP-018-00838,1324.94,22,FALSE,2024-01-24 03:10:31,2026-10-26 14:18:00
838,11,SUP-011-00838,1273.49,26,TRUE,2022-11-25 03:47:10,2025-05-19 20:32:14
839,20,SUP-020-00839,1399.26,13,TRUE,2025-04-30 07:31:20,2026-10-06 12:12:44
839,24,SUP-024-00839,1563.00,17,FALSE,2026-03-26 19:10:20,2026-07-20 16:52:02
840,10,SEM-CODIGO,2064.90,45,TRUE,2022-04-20 13:55:32,2024-06-09 14:11:05
841,13,SUP-013-00841,2117.78,6,TRUE,2026-10-19 22:02:54,2026-11-04 09:47:07
842,11,SUP-011-00842,592.80,25,TRUE,2024-08-10 18:39:53,2024-10-30 20:58:58
843,25,SUP-025-00843,1925.64,6,TRUE,2022-03-11 20:01:52,2023-05-24 06:17:19
843,16,SUP-016-00843,2019.11,3,FALSE,2022-10-02 19:02:48,2023-08-07 17:48:48
844,24,SEM-CODIGO,1299.56,37,TRUE,2023-08-10 17:59:05,2024-03-17 14:04:10
844,23,SUP-023-00844,1436.36,38,FALSE,2023-04-09 10:46:49,2023-07-20 13:28:17
845,2,SUP-002-00845,1334.53,14,TRUE,2023-07-03 07:40:33,2025-10-12 10:18:45
845,12,SUP-012-00845,1258.27,15,FALSE,2020-06-21 20:39:34,2023-12-29 08:40:33
846,18,SUP-018-00846,827.77,26,FALSE,2023-07-17 02:55:11,2026-10-27 23:29:41
846,3,SUP-003-00846,861.55,5,TRUE,2021-09-11 23:15:07,2025-10-27 04:07:52
847,12,SUP-012-00847,256.67,9,FALSE,2026-10-02 05:09:50,2026-10-05 11:00:49
847,13,SUP-013-00847,259.40,43,TRUE,2022-05-04 20:19:51,2024-06-20 14:51:39
848,1,SUP-001-00848,1308.11,15,TRUE,2022-08-31 00:01:40,2023-08-02 06:34:06
849,4,SUP-004-00849,283.29,6,TRUE,2023-06-23 08:37:23,2026-07-17 00:20:51
849,18,SEM-CODIGO,280.65,11,FALSE,2020-07-30 22:24:25,2023-01-01 12:11:57
850,25,SUP-025-00850,260.48,36,TRUE,2026-12-25 21:31:03,2026-12-30 01:37:55
851,21,SUP-021-00851,1631.74,13,TRUE,2025-05-29 05:02:35,2026-06-04 23:12:22
851,17,SUP-017-00851,1568.37,26,FALSE,2024-03-14 00:01:18,2025-07-11 10:25:34
852,24,SUP-024-00852,1218.99,40,TRUE,2022-06-20 03:56:26,2026-09-21 17:36:37
853,7,SUP-007-00853,110.25,24,TRUE,2022-09-22 03:34:15,2023-01-25 00:04:51
853,10,SUP-010-00853,118.73,23,FALSE,2020-01-21 11:13:49,2026-02-28 02:04:14
854,6,SUP-006-00854,1567.14,41,TRUE,2023-03-19 19:46:20,2024-02-29 13:41:07
855,24,,149.36,44,TRUE,2024-08-07 21:43:11,2024-09-25 17:42:16
856,10,SUP-010-00856,1574.04,40,FALSE,2022-11-16 16:25:22,2025-09-11 06:45:53
856,25,SUP-025-00856,1475.66,24,TRUE,2021-05-02 19:59:15,2022-01-24 13:22:07
857,11,SUP-011-00857,1437.52,43,FALSE,2022-10-25 01:30:20,2026-11-30 20:21:59
857,15,SUP-015-00857,1292.45,32,TRUE,2022-10-04 21:14:34,2026-05-10 20:48:45
858,14,SUP-014-00858,1358.67,31,TRUE,2021-11-15 13:24:01,2023-12-30 01:43:44
859,5,SUP-005-00859,1006.86,15,TRUE,2020-09-05 12:04:12,2021-06-22 01:58:09
860,20,SUP-020-00860,1261.79,21,TRUE,2023-08-14 19:24:23,2025-07-06 23:21:30
860,22,SUP-022-00860,1157.61,41,FALSE,2026-02-10 07:56:24,2026-07-25 09:57:40
861,25,SUP-025-00861,515.58,27,TRUE,2025-05-08 15:41:35,2025-12-18 13:37:26
862,10,SUP-010-00862,1499.64,28,TRUE,2026-12-11 18:09:31,2026-12-14 00:02:07
863,10,SUP-010-00863,1059.13,36,TRUE,2021-10-01 20:38:19,2023-05-18 14:34:15
863,9,SUP-009-00863,980.68,28,FALSE,2026-07-31 11:05:46,2026-10-01 04:09:21
864,3,SUP-003-00864,1344.88,13,TRUE,2022-04-11 04:15:31,2023-10-06 12:56:09
865,11,SUP-011-00865,726.71,33,TRUE,2021-05-08 04:21:31,2025-09-06 02:47:42
866,12,SUP-012-00866,372.97,26,TRUE,2023-03-21 05:24:43,2026-01-22 16:37:27
867,8,SUP-008-00867,1703.93,11,FALSE,2026-01-05 03:26:52,2026-12-06 16:23:59
867,12,TBD,1656.60,26,TRUE,2026-01-19 13:07:36,2026-05-21 00:09:23
868,1,SUP-001-00868,141.87,29,TRUE,2023-11-06 04:54:51,2024-01-29 18:21:38
869,18,SUP-018-00869,1881.04,45,TRUE,2020-04-21 19:37:56,2025-11-07 18:22:19
870,5,SUP-005-00870,756.69,8,TRUE,2022-09-11 03:39:53,2024-12-10 19:24:34
870,25,SUP-025-00870,821.78,6,FALSE,2023-06-05 03:33:34,2023-11-18 00:00:18
871,15,SUP-015-00871,1645.48,40,TRUE,2023-12-12 06:02:52,2026-04-19 18:00:34
872,1,SUP-001-00872,2112.49,28,TRUE,2021-09-10 02:41:27,2026-05-11 18:49:05
873,25,SUP-025-00873,519.51,31,TRUE,2020-02-04 20:18:32,2025-07-11 01:39:48
874,6,SUP-006-00874,2031.26,38,TRUE,2026-12-08 18:03:23,2026-12-22 21:06:59
875,15,SUP-015-00875,500.55,33,TRUE,2023-09-10 08:18:33,2026-03-11 07:07:43
875,17,SUP-017-00875,583.98,45,FALSE,2022-06-22 02:37:04,2026-05-03 15:18:06
876,17,SUP-017-00876,447.95,11,TRUE,2024-10-31 05:07:08,2025-06-04 11:30:47
877,22,SUP-022-00877,599.52,22,TRUE,2021-03-24 09:15:39,2026-10-31 10:55:58
877,19,SUP-019-00877,599.52,34,FALSE,2020-10-12 18:59:34,2021-02-20 04:04:51
878,18,SUP-018-00878,1027.00,8,TRUE,2026-04-21 09:49:01,2026-12-18 16:58:14
878,14,SUP-014-00878,1015.71,31,FALSE,2022-10-18 08:53:30,2024-05-04 07:50:43
879,16,SUP-016-00879,2179.23,10,FALSE,2020-08-01 11:25:01,2021-08-28 14:44:01
879,10,SUP-010-00879,1879.33,39,TRUE,2026-05-02 15:25:19,2026-06-03 06:51:28
880,20,SUP-020-00880,589.98,34,FALSE,2021-01-29 18:43:55,2021-06-25 12:40:38
880,21,SUP-021-00880,595.94,3,TRUE,2021-05-14 01:51:28,2021-05-14 11:11:45
881,7,SUP-007-00881,1310.44,27,TRUE,2023-12-27 21:18:17,2026-09-15 23:09:33
881,10,SUP-010-00881,1284.23,31,FALSE,2025-04-03 12:11:39,2025-06-08 06:19:50
882,4,SUP-004-00882,167.70,28,TRUE,2023-12-11 23:31:08,2026-05-13 02:37:40
882,3,SUP-003-00882,180.32,28,FALSE,2024-12-09 06:25:36,2025-09-27 11:22:56
883,12,SUP-012-00883,285.10,22,FALSE,2022-04-28 05:12:45,2026-11-26 05:50:52
883,11,SUP-011-00883,304.48,30,TRUE,2026-12-08 18:19:59,2026-12-20 10:48:06
884,13,SUP-013-00884,1055.84,29,FALSE,2026-09-23 06:01:24,2026-12-27 17:19:56
884,6,SUP-006-00884,899.42,35,TRUE,2021-10-04 00:42:12,2025-09-16 11:55:16
885,9,SUP-009-00885,447.09,45,FALSE,2023-07-04 03:11:52,2025-11-23 14:29:53
885,7,SUP-007-00885,464.62,29,TRUE,2024-05-27 20:43:23,2026-08-29 03:03:57
886,7,SUP-007-00886,1717.83,14,TRUE,2026-06-16 08:44:18,2026-10-05 17:08:41
886,6,SUP-006-00886,2000.99,3,FALSE,2020-07-10 15:59:56,2026-11-12 19:36:09
887,17,SUP-017-00887,887.44,17,TRUE,2022-01-31 09:21:11,2025-05-19 00:06:36
888,3,SUP-003-00888,376.89,4,FALSE,2024-03-10 04:43:50,2026-09-11 10:49:01
888,19,SUP-019-00888,406.45,4,TRUE,2023-03-08 08:47:04,2023-03-21 10:26:02
889,20,SUP-020-00889,1418.59,39,FALSE,2020-04-29 20:03:18,2024-06-30 09:39:09
889,18,SUP-018-00889,1375.60,18,TRUE,2025-05-12 12:02:49,2025-05-24 11:34:49
890,2,SUP-002-00890,462.51,28,TRUE,2022-09-12 05:06:09,2023-11-23 10:03:56
890,14,SUP-014-00890,532.89,12,FALSE,2020-02-24 04:58:11,2023-10-20 18:55:08
891,1,SUP-001-00891,1438.25,11,TRUE,2023-05-02 20:30:12,2026-11-27 14:53:25
892,12,SUP-012-00892,970.69,8,TRUE,2025-02-22 04:32:31,2026-09-24 12:04:31
892,6,SUP-006-00892,917.26,14,FALSE,2024-12-11 10:04:00,2025-10-16 21:43:35
893,21,SUP-021-00893,1812.34,24,FALSE,2023-02-19 10:32:22,2023-11-08 10:46:22
893,16,SUP-016-00893,2036.55,23,TRUE,2020-09-08 18:36:37,2021-09-30 08:55:09
894,17,SUP-017-00894,35.50,8,TRUE,2026-03-23 07:10:45,2026-07-15 09:19:24
895,7,SUP-007-00895,1843.73,43,TRUE,2024-06-21 02:12:00,2025-08-12 16:13:17
896,15,—,1885.99,39,TRUE,2021-06-10 17:44:21,2026-07-23 19:17:33
897,5,SUP-005-00897,83.94,8,TRUE,2025-08-12 00:05:18,2026-07-25 03:13:02
898,25,SUP-025-00898,590.30,8,FALSE,2025-01-23 02:08:02,2026-02-04 18:18:49
898,11,SUP-011-00898,645.07,16,TRUE,2025-01-07 07:33:31,2026-12-29 14:05:19
899,12,SUP-012-00899,1748.58,32,TRUE,2020-05-09 09:47:59,2026-04-26 14:25:44
900,25,SUP-025-00900,1000.62,31,TRUE,2023-11-14 15:24:07,2024-07-30 21:37:17
900,24,SUP-024-00900,938.73,23,FALSE,2022-08-13 11:31:49,2024-10-26 07:21:29
901,10,SUP-010-00901,1269.57,36,TRUE,2020-01-11 18:32:23,2021-09-01 07:47:41
901,3,SUP-003-00901,1317.93,15,FALSE,2022-04-26 09:53:21,2022-08-09 14:46:30
902,22,SUP-022-00902,1393.30,22,TRUE,2023-05-02 16:42:07,2023-09-07 04:12:20
903,21,SUP-021-00903,1667.03,45,TRUE,2023-10-27 15:31:29,2024-12-31 00:33:12
904,18,SUP-018-00904,598.25,35,TRUE,2023-09-21 16:57:36,2025-05-09 04:07:35
905,19,SUP-019-00905,708.15,27,TRUE,2024-11-17 10:49:59,2026-12-11 00:31:43
906,20,SUP-020-00906,1365.17,23,FALSE,2023-04-08 15:27:26,2023-05-22 20:01:17
906,11,SUP-011-00906,1421.46,43,TRUE,2024-05-01 08:30:18,2024-12-24 09:55:42
907,17,SUP-017-00907,2085.03,7,TRUE,2022-02-04 22:11:14,2026-04-02 17:54:50
908,14,SUP-014-00908,1145.64,25,FALSE,2023-03-27 23:01:51,2025-07-17 07:36:39
908,22,SUP-022-00908,1168.55,9,TRUE,2020-11-04 01:28:06,2023-09-02 13:14:28
909,3,SUP-003-00909,1316.96,44,TRUE,2021-10-24 02:40:52,2025-05-26 08:26:04
910,7,SUP-007-00910,1876.79,11,TRUE,2020-07-17 00:14:29,2022-10-04 11:47:40
911,7,SUP-007-00911,943.96,19,TRUE,2022-09-14 20:53:04,2023-12-06 01:26:17
911,11,SUP-011-00911,846.92,24,FALSE,2024-10-13 11:12:48,2026-06-01 11:01:24
912,12,SUP-012-00912,777.18,3,TRUE,2026-07-04 15:32:01,2026-09-26 11:26:05
913,2,SUP-002-00913,239.53,38,FALSE,2022-12-16 09:50:19,2022-12-20 18:44:05
913,14,SUP-014-00913,220.17,7,TRUE,2025-04-02 09:52:54,2026-09-09 01:12:36
914,17,SUP-017-00914,1310.77,34,TRUE,2026-01-19 15:06:28,2026-09-23 08:05:18
914,22,SUP-022-00914,1298.74,11,FALSE,2025-11-30 13:48:43,2026-01-18 23:23:35
915,6,SUP-006-00915,299.96,42,TRUE,2026-01-16 05:08:12,2026-05-20 03:22:33
916,20,SUP-020-00916,766.35,41,TRUE,2021-11-17 19:49:28,2025-12-18 22:21:10
916,10,SUP-010-00916,836.73,44,FALSE,2024-02-05 03:40:47,2026-07-27 18:11:59
917,12,SUP-012-00917,354.03,45,TRUE,2024-06-24 01:25:20,2024-11-19 03:40:26
917,18,SUP-018-00917,354.03,42,FALSE,2026-03-28 09:59:53,2026-09-21 22:40:56
918,4,SUP-004-00918,668.17,28,FALSE,2022-08-01 05:51:47,2026-05-22 16:58:46
918,3,SUP-003-00918,629.25,36,TRUE,2023-02-09 22:59:23,2025-09-03 08:13:40
919,15,SUP-015-00919,569.51,25,TRUE,2023-10-05 17:48:50,2024-03-06 01:23:16
920,2,SUP-002-00920,1009.78,35,FALSE,2020-12-16 00:31:20,2021-10-13 15:50:11
920,14,SUP-014-00920,1031.04,4,TRUE,2026-05-20 19:15:06,2026-12-18 03:03:49
921,15,SUP-015-00921,1545.03,44,FALSE,2025-11-09 05:44:29,2025-12-09 10:12:50
921,12,SUP-012-00921,1668.63,45,TRUE,2021-08-24 13:44:30,2025-07-09 20:49:09
922,22,SUP-022-00922,1880.68,40,TRUE,2021-07-26 14:00:33,2022-09-30 04:31:45
922,14,SUP-014-00922,1736.02,7,FALSE,2021-10-19 01:57:04,2026-02-17 00:55:58
923,10,SUP-010-00923,1976.96,8,TRUE,2021-05-16 17:48:07,2024-10-21 13:24:32
924,10,SUP-010-00924,1394.78,24,FALSE,2020-04-26 11:58:32,2024-08-19 21:57:01
924,6,SUP-006-00924,1299.99,30,TRUE,2021-11-14 02:27:45,2026-03-24 03:29:13
925,11,SUP-011-00925,69.68,4,TRUE,2021-03-17 07:34:02,2022-08-27 08:36:54
925,7,SUP-007-00925,76.15,23,FALSE,2020-10-25 05:59:48,2025-11-26 03:16:25
926,21,SUP-021-00926,521.28,39,TRUE,2023-03-09 08:34:56,2026-05-27 02:42:19
926,10,SUP-010-00926,541.53,20,FALSE,2022-10-24 18:03:33,2025-08-28 13:03:17
927,6,SUP-006-00927,1443.78,14,TRUE,2026-06-28 20:44:23,2026-10-25 01:41:28
928,23,SUP-023-00928,1294.35,8,TRUE,2024-04-16 11:09:35,2026-06-21 15:57:38
929,16,SUP-016-00929,102.17,37,TRUE,2024-10-03 04:41:32,2024-12-05 14:56:09
929,15,SUP-015-00929,111.75,35,FALSE,2026-06-29 02:06:12,2026-12-18 08:10:10
930,8,SUP-008-00930,1688.46,27,TRUE,2024-12-23 21:19:58,2026-08-24 20:47:12
930,23,,1499.10,14,FALSE,2020-05-25 03:18:56,2023-09-28 19:46:37
931,4,SUP-004-00931,1497.14,8,TRUE,2022-07-16 05:41:45,2026-05-01 02:51:21
932,10,SUP-010-00932,1042.54,15,FALSE,2025-01-14 04:56:58,2025-12-05 19:51:28
932,21,SUP-021-00932,1260.22,14,TRUE,2021-02-23 05:43:50,2023-10-19 18:06:03
933,11,SUP-011-00933,625.48,38,TRUE,2025-06-16 05:58:37,2026-09-07 04:59:42
934,16,SUP-016-00934,1722.86,37,TRUE,2024-02-28 22:30:16,2026-11-02 01:06:50
935,19,SEM-CODIGO,151.66,42,TRUE,2026-10-28 15:28:58,2026-12-14 23:32:05
935,3,SUP-003-00935,150.14,41,FALSE,2020-01-24 20:01:58,2023-12-09 17:45:12
936,15,SUP-015-00936,1835.35,42,TRUE,2023-12-03 01:19:25,2025-06-18 19:35:27
937,23,SUP-023-00937,1164.15,27,TRUE,2020-04-02 06:56:27,2024-08-18 17:24:35
938,13,SUP-013-00938,273.93,28,TRUE,2022-01-05 02:26:34,2022-02-22 23:46:51
939,21,SUP-021-00939,994.27,37,TRUE,2026-02-19 16:49:01,2026-05-17 05:25:06
939,24,SUP-024-00939,994.27,8,FALSE,2024-10-16 04:46:08,2026-08-27 10:49:46
940,6,SUP-006-00940,624.79,31,TRUE,2026-06-27 10:01:18,2026-08-22 18:25:14
941,4,SUP-004-00941,1120.54,35,TRUE,2021-10-20 15:17:50,2026-05-19 07:59:42
942,3,SUP-003-00942,1444.85,22,FALSE,2024-07-07 16:16:08,2025-10-11 04:18:05
942,10,SUP-010-00942,1574.89,38,TRUE,2020-11-06 19:25:10,2026-12-17 19:39:23
943,16,SUP-016-00943,1133.11,39,TRUE,2024-05-29 17:54:43,2026-10-22 08:27:46
944,14,SUP-014-00944,1556.30,30,TRUE,2026-08-31 20:16:45,2026-10-14 18:35:08
944,3,SUP-003-00944,1781.10,14,FALSE,2021-09-17 07:24:35,2024-09-16 14:17:39
945,10,SUP-010-00945,1220.86,23,TRUE,2026-10-06 01:51:32,2026-10-18 20:34:12
946,16,SUP-016-00946,1465.92,13,TRUE,2026-04-18 23:42:40,2026-04-29 00:54:26
947,11,SUP-011-00947,1044.00,14,TRUE,2025-07-16 11:35:44,2026-04-05 09:18:42
948,25,SUP-025-00948,683.69,44,FALSE,2024-05-15 11:37:11,2025-02-22 17:43:37
948,14,SUP-014-00948,727.33,26,TRUE,2025-01-26 03:30:28,2026-08-24 00:03:18
949,23,SUP-023-00949,1228.42,45,TRUE,2024-09-18 03:29:58,2026-01-04 08:33:18
949,8,SUP-008-00949,1145.73,17,FALSE,2023-11-22 20:56:33,2026-01-03 06:30:05
950,8,SUP-008-00950,399.54,21,TRUE,2026-02-05 07:25:07,2026-09-17 10:22:24
950,21,SUP-021-00950,403.88,39,FALSE,2026-10-30 17:57:01,2026-11-12 17:49:31
951,8,SUP-008-00951,2002.99,33,TRUE,2026-04-13 07:25:00,2026-06-05 22:54:18
952,16,SUP-016-00952,155.74,31,TRUE,2020-10-30 23:56:22,2026-01-08 19:30:27
953,22,SUP-022-00953,1671.51,12,TRUE,2025-12-31 07:39:09,2026-05-26 13:51:39
954,17,SUP-017-00954,491.97,18,TRUE,2023-12-07 23:27:40,2025-08-31 22:01:13
955,20,SUP-020-00955,1033.09,5,TRUE,2020-07-07 13:04:02,2020-11-11 10:09:18
956,8,?,1226.28,42,FALSE,2024-04-07 05:19:02,2024-07-28 19:11:54
956,14,SUP-014-00956,1202.47,42,TRUE,2020-10-19 13:46:29,2021-03-27 18:46:38
957,2,SUP-002-00957,1031.48,7,TRUE,2022-12-27 07:59:14,2023-01-19 00:40:35
958,12,SUP-012-00958,479.43,16,FALSE,2025-10-10 02:43:10,2026-05-03 19:40:20
958,14,SUP-014-00958,404.65,15,TRUE,2026-01-02 16:59:13,2026-05-14 18:38:39
959,19,SUP-019-00959,1046.48,39,TRUE,2024-05-29 18:27:29,2025-02-07 04:22:28
960,22,SUP-022-00960,1823.55,33,TRUE,2020-02-01 21:08:11,2024-11-20 12:22:18
961,13,SUP-013-00961,827.81,42,FALSE,2022-06-26 23:13:21,2025-10-04 19:48:29
961,6,—,844.88,18,TRUE,2026-10-16 04:05:09,2026-11-12 10:36:39
962,6,SUP-006-00962,1640.27,41,TRUE,2020-01-23 09:47:00,2026-07-09 16:47:22
963,22,SUP-022-00963,137.52,12,FALSE,2025-07-19 15:21:02,2026-06-24 09:58:21
963,7,SUP-007-00963,159.94,29,TRUE,2020-04-20 05:26:36,2021-07-30 14:16:33
964,8,SUP-008-00964,530.38,25,TRUE,2021-04-30 16:52:47,2025-08-03 21:58:03
965,20,SUP-020-00965,760.19,25,TRUE,2025-01-06 16:44:57,2025-05-04 07:09:22
965,21,SUP-021-00965,657.86,29,FALSE,2020-05-22 13:58:11,2025-10-05 15:47:23
966,25,SUP-025-00966,675.35,36,TRUE,2023-11-24 01:41:41,2024-06-08 14:09:01
966,24,SUP-024-00966,816.35,14,FALSE,2026-02-16 08:35:47,2026-09-25 06:40:45
967,7,SUP-007-00967,642.90,13,TRUE,2022-06-08 03:04:35,2022-08-24 09:12:34
967,2,SUP-002-00967,613.67,19,FALSE,2024-02-21 22:49:10,2026-04-23 21:16:30
968,20,SUP-020-00968,962.76,29,TRUE,2026-04-10 03:29:27,2026-05-09 09:11:10
969,10,SUP-010-00969,610.45,33,TRUE,2025-03-13 12:07:22,2025-04-28 05:14:48
969,19,SUP-019-00969,514.36,34,FALSE,2026-05-13 14:20:21,2026-10-02 16:52:04
970,23,SUP-023-00970,1953.50,39,FALSE,2025-11-30 14:47:06,2025-12-19 00:32:30
970,22,SUP-022-00970,1934.72,3,TRUE,2021-04-17 14:51:01,2022-03-26 11:09:57
971,2,SUP-002-00971,809.95,42,TRUE,2026-01-07 19:26:08,2026-12-26 01:04:16
971,24,SUP-024-00971,888.33,4,FALSE,2020-02-15 05:09:40,2026-01-15 20:00:46
972,23,SUP-023-00972,488.73,32,TRUE,2025-11-09 05:56:04,2026-01-19 17:15:16
973,19,SUP-019-00973,1209.90,27,TRUE,2024-07-23 09:08:56,2026-02-13 04:25:49
974,1,SUP-001-00974,886.22,44,TRUE,2026-12-18 00:15:49,2026-12-20 00:57:19
974,19,SUP-019-00974,938.35,14,FALSE,2021-12-05 23:26:30,2023-03-16 14:11:21
975,22,SUP-022-00975,1379.36,43,TRUE,2022-01-11 12:17:26,2025-05-31 18:38:32
975,18,SUP-018-00975,1328.74,30,FALSE,2021-08-14 07:51:55,2022-08-05 20:05:40
976,11,SUP-011-00976,287.60,38,TRUE,2021-12-06 04:28:12,2026-10-29 03:08:37
977,12,SUP-012-00977,1405.83,7,TRUE,2026-09-24 18:44:50,2026-10-18 14:21:10
977,16,SUP-016-00977,1499.55,6,FALSE,2021-11-09 03:01:47,2026-11-27 04:52:27
978,15,SUP-015-00978,1589.43,37,TRUE,2026-10-04 01:53:40,2026-10-07 08:21:16
979,10,SUP-010-00979,1008.03,39,TRUE,2024-08-07 02:44:48,2026-06-25 00:41:54
980,1,SUP-001-00980,1652.15,30,FALSE,2021-04-25 10:47:36,2022-05-20 13:57:07
980,9,SUP-009-00980,1817.36,31,TRUE,2026-05-29 08:30:45,2026-08-21 19:57:27
981,15,SUP-015-00981,185.26,44,FALSE,2026-10-20 17:57:24,2026-12-14 02:26:35
981,10,SUP-010-00981,213.45,32,TRUE,2026-12-14 03:32:26,2026-12-21 12:56:23
982,12,SUP-012-00982,488.87,9,TRUE,2021-01-04 15:59:09,2025-05-19 21:52:24
983,4,SUP-004-00983,1767.86,36,TRUE,2021-04-09 02:35:16,2026-09-08 19:24:36
984,5,SUP-005-00984,314.98,3,TRUE,2024-05-07 03:48:43,2025-08-03 06:34:17
985,22,SUP-022-00985,1458.02,5,TRUE,2022-11-17 13:43:30,2025-02-05 18:19:54
986,10,SUP-010-00986,193.05,20,TRUE,2026-05-22 03:31:51,2026-08-11 19:24:16
987,6,SUP-006-00987,1725.97,12,TRUE,2025-07-12 14:42:14,2026-09-17 01:06:01
987,4,SUP-004-00987,1689.25,32,FALSE,2026-06-27 21:05:27,2026-10-08 07:14:40
988,25,SUP-025-00988,62.57,11,TRUE,2026-06-02 06:17:33,2026-08-30 00:33:15
989,25,SUP-025-00989,1403.80,7,TRUE,2026-03-11 07:25:28,2026-10-05 04:12:15
989,7,SUP-007-00989,1542.64,35,FALSE,2025-04-24 05:40:58,2025-09-22 22:33:56
990,21,SUP-021-00990,555.75,33,TRUE,2023-02-05 04:01:47,2024-01-19 19:10:57
990,9,SUP-009-00990,566.34,4,FALSE,2022-02-14 21:11:37,2026-08-19 17:43:53
991,11,SUP-011-00991,1640.97,32,TRUE,2021-08-14 14:20:43,2023-02-12 20:25:34
992,15,SUP-015-00992,789.55,7,TRUE,2020-08-13 13:12:58,2022-08-22 09:59:50
992,9,SUP-009-00992,719.19,21,FALSE,2023-03-31 16:00:04,2023-06-27 04:51:26
993,23,SUP-023-00993,1167.49,27,TRUE,2026-08-22 18:52:41,2026-11-24 20:46:40
994,1,SUP-001-00994,66.99,3,TRUE,2024-11-23 00:04:06,2025-12-09 01:07:48
995,11,SUP-011-00995,708.85,6,FALSE,2021-02-25 11:26:33,2022-06-25 07:02:58
995,8,SUP-008-00995,793.60,6,TRUE,2022-01-31 10:07:18,2023-10-17 06:09:10
996,19,SUP-019-00996,799.16,26,TRUE,2020-01-12 09:28:39,2026-09-07 08:49:11
996,21,SUP-021-00996,808.04,15,FALSE,2023-07-02 08:11:29,2026-04-03 08:58:22
997,10,SUP-010-00997,1785.71,23,TRUE,2022-07-14 03:20:07,2022-09-22 00:24:34
998,16,SUP-016-00998,2166.09,7,TRUE,2024-06-07 13:28:03,2026-11-09 03:56:59
999,21,SUP-021-00999,2160.80,35,TRUE,2024-08-24 01:52:23,2025-02-14 04:27:00
1000,10,SUP-010-01000,1404.78,12,TRUE,2025-08-08 02:39:03,2025-12-27 19:05:50
1000,7,SUP-007-01000,1391.89,23,FALSE,2023-08-08 20:38:53,2024-07-28 11:22:14
1001,19,SUP-019-01001,1042.42,45,TRUE,2025-04-26 01:45:11,2025-12-13 10:57:01
1002,10,SUP-010-01002,1558.44,36,FALSE,2022-03-21 12:14:45,2023-09-23 15:13:37
1002,8,SUP-008-01002,1558.44,20,TRUE,2021-03-06 01:13:22,2022-04-26 22:59:41
1003,3,SUP-003-01003,933.89,43,TRUE,2024-05-13 17:02:15,2025-11-24 19:07:19
1003,8,SUP-008-01003,1104.60,43,FALSE,2025-11-22 14:53:18,2026-06-22 07:50:55
1004,1,SUP-001-01004,1925.70,36,TRUE,2023-10-11 03:06:52,2025-07-22 09:46:40
1005,11,SUP-011-01005,1091.98,30,TRUE,2020-09-20 05:26:53,2021-03-14 21:10:02
1006,2,SUP-002-01006,1414.73,15,FALSE,2026-01-05 13:48:22,2026-02-09 02:39:57
1006,22,SUP-022-01006,1443.31,10,TRUE,2022-04-23 14:13:13,2025-05-11 16:03:47
1007,8,,1754.25,5,TRUE,2020-10-01 21:05:04,2021-08-01 07:02:02
1007,13,SUP-013-01007,1602.44,40,FALSE,2025-11-20 18:35:37,2026-05-11 06:55:48
1008,5,SUP-005-01008,1394.01,8,FALSE,2026-05-06 03:08:22,2026-06-06 14:06:46
1008,8,SUP-008-01008,1349.05,12,TRUE,2022-06-15 14:48:48,2024-04-25 07:26:19
1009,12,SUP-012-01009,1192.85,12,TRUE,2026-08-29 02:25:16,2026-12-30 13:39:10
