id,purchase_order_id,product_variant_id,quantity_ordered,unit_cost,line_total
1,1,505,20,1697.20,33944.00
2,1,679,7,1204.63,8432.41
3,1,992,33,758.28,25023.24
4,2,890,28,482.62,13513.36
5,2,57,38,1443.18,54840.84
6,3,242,26,354.28,9211.28
7,3,69,18,151.35,2724.30
8,4,834,19,77.88,1479.72
9,4,766,41,2079.57,85262.37
10,4,429,35,55.58,1945.30
11,4,414,32,287.27,9192.64
12,5,422,9,346.00,3114.00
13,5,480,6,615.03,3690.18
14,5,697,26,1850.33,48108.58
15,5,948,39,683.69,26663.91
16,6,92,7,980.79,6865.53
17,7,550,4,344.38,1377.52
18,8,908,32,1088.36,34827.52
19,8,361,11,633.84,6972.24
20,8,533,4,979.14,3916.56
21,8,462,42,1083.16,45492.72
22,9,271,44,32.72,1439.68
23,9,361,2,667.56,1335.12
24,9,296,28,407.56,11411.68
25,9,29,9,1416.84,12751.56
26,10,535,7,1825.45,12778.15
27,10,791,19,1545.22,29359.18
28,10,519,30,71.36,2140.80
29,11,655,38,676.10,25691.80
30,11,249,10,1378.92,13789.20
31,11,359,41,1774.03,72735.23
32,12,536,47,1648.61,77484.67
33,13,41,23,1118.58,25727.34
34,13,53,4,990.06,3960.24
35,14,239,47,304.46,14309.62
36,14,182,18,1113.05,20034.90
37,14,533,20,903.09,18061.80
38,15,191,16,303.03,4848.48
39,15,580,43,887.64,38168.52
40,15,231,18,1979.22,35625.96
41,16,829,32,1315.01,42080.32
42,16,984,16,269.17,4306.72
43,17,934,45,1642.35,73905.75
44,17,546,13,1482.45,19271.85
45,17,78,22,1743.73,38362.06
46,18,383,39,35.63,1389.57
47,18,370,44,904.14,39782.16
48,19,824,22,319.00,7018.00
49,19,636,30,329.56,9886.80
50,19,447,18,1111.94,20014.92
51,20,503,16,1408.27,22532.32
52,21,714,34,688.70,23415.80
53,21,699,8,2080.42,16643.36
54,21,368,8,2135.84,17086.72
55,21,258,27,1834.52,49532.04
56,22,446,26,185.25,4816.50
57,22,212,36,1267.19,45618.84
58,23,936,45,1759.66,79184.70
59,23,672,9,123.88,1114.92
60,23,413,17,1053.76,17913.92
61,23,141,29,1659.02,48111.58
62,23,409,1,376.12,376.12
63,24,649,42,1593.07,66908.94
64,24,588,45,1487.77,66949.65
65,24,750,7,453.12,3171.84
66,24,903,18,1714.21,30855.78
67,24,699,2,1736.86,3473.72
68,25,1005,4,953.00,3812.00
69,25,337,18,575.67,10362.06
70,25,210,30,1792.59,53777.70
71,25,923,37,1996.16,73857.92
72,25,264,23,934.98,21504.54
73,26,4,19,1516.38,28811.22
74,26,901,42,1088.20,45704.40
75,27,871,19,1759.53,33431.07
76,27,452,20,700.35,14007.00
77,28,529,31,1293.43,40096.33
78,28,689,29,1336.90,38770.10
79,28,835,3,519.66,1558.98
80,28,595,49,1168.67,57264.83
81,28,369,37,1680.37,62173.69
82,29,476,47,1555.11,73090.17
83,30,51,19,562.17,10681.23
84,31,867,13,1625.04,21125.52
85,31,341,23,193.31,4446.13
86,31,327,46,1226.69,56427.74
87,31,265,16,2045.42,32726.72
88,32,478,1,1664.09,1664.09
89,32,761,11,1361.97,14981.67
90,32,859,49,1100.28,53913.72
91,32,72,12,1521.95,18263.40
92,32,784,42,1367.30,57426.60
93,33,836,34,1926.19,65490.46
94,34,466,15,677.01,10155.15
95,34,442,50,48.12,2406.00
96,34,174,49,1813.66,88869.34
97,34,606,35,1644.94,57572.90
98,34,38,41,1626.43,66683.63
99,35,437,25,428.14,10703.50
100,36,734,50,1678.70,83935.00
101,36,491,15,961.69,14425.35
102,36,290,17,730.15,12412.55
103,36,78,46,1761.17,81013.82
104,37,827,11,1944.21,21386.31
105,37,438,12,751.65,9019.80
106,37,878,23,1230.14,28293.22
107,37,124,45,630.83,28387.35
108,37,769,30,52.04,1561.20
109,38,785,4,354.00,1416.00
110,38,309,19,1553.93,29524.67
111,38,633,20,765.17,15303.40
112,38,653,6,946.21,5677.26
113,39,961,44,930.22,40929.68
114,39,615,30,1370.02,41100.60
115,39,723,50,808.85,40442.50
116,39,332,40,1928.88,77155.20
117,40,848,19,1296.22,24628.18
118,40,991,20,1640.97,32819.40
119,40,196,27,704.13,19011.51
120,40,770,14,23.43,328.02
121,40,290,23,649.76,14944.48
122,41,1002,12,1798.20,21578.40
123,42,886,43,1698.96,73055.28
124,42,903,13,1556.94,20240.22
125,42,251,41,342.69,14050.29
126,42,113,41,24.87,1019.67
127,42,892,6,819.30,4915.80
128,43,842,22,575.37,12658.14
129,43,134,18,541.10,9739.80
130,43,19,25,966.66,24166.50
131,43,57,30,1636.59,49097.70
132,44,532,18,135.39,2437.02
133,45,702,43,1124.23,48341.89
134,45,372,39,1808.28,70522.92
135,46,854,21,1567.14,32909.94
136,46,116,43,1374.45,59101.35
137,46,276,37,837.85,31000.45
138,46,375,34,1440.63,48981.42
139,46,355,10,266.40,2664.00
140,47,100,30,1782.88,53486.40
141,47,603,33,1273.49,42025.17
142,47,146,7,993.03,6951.21
143,48,364,12,604.08,7248.96
144,48,548,8,587.06,4696.48
145,48,521,29,1208.52,35047.08
146,48,888,28,380.58,10656.24
147,48,380,42,606.22,25461.24
148,49,8,16,394.05,6304.80
149,49,982,22,448.13,9858.86
150,49,150,48,1989.56,95498.88
151,49,629,19,659.77,12535.63
152,50,278,12,1036.64,12439.68
153,50,685,29,396.21,11490.09
154,50,300,4,545.10,2180.40
155,50,89,48,470.51,22584.48
156,51,191,5,306.29,1531.45
157,51,437,17,378.26,6430.42
158,51,769,44,54.69,2406.36
159,51,960,46,2021.76,93000.96
160,52,143,46,563.71,25930.66
161,53,808,40,230.36,9214.40
162,53,125,10,1721.59,17215.90
163,53,834,27,72.83,1966.41
164,53,858,7,1190.45,8333.15
165,53,591,11,1443.62,15879.82
166,54,721,49,1152.81,56487.69
167,54,816,47,1617.13,76005.11
168,54,563,48,436.98,20975.04
169,55,205,17,1380.56,23469.52
170,55,766,7,1947.24,13630.68
171,55,418,5,752.12,3760.60
172,55,30,11,660.53,7265.83
173,55,356,50,252.72,12636.00
174,56,455,25,1182.17,29554.25
175,56,24,2,1493.14,2986.28
176,57,544,45,1080.24,48610.80
177,57,211,22,1184.00,26048.00
178,57,579,26,1068.20,27773.20
179,58,833,25,29.64,741.00
180,58,878,16,1128.57,18057.12
181,59,357,38,164.92,6266.96
182,59,1001,35,1053.17,36860.95
183,60,615,41,1356.59,55620.19
184,61,120,15,864.58,12968.70
185,62,323,1,1619.93,1619.93
186,63,324,8,262.18,2097.44
187,63,630,48,940.18,45128.64
188,63,363,39,342.39,13353.21
189,63,711,34,544.24,18504.16
190,63,13,41,657.35,26951.35
191,64,261,13,1263.68,16427.84
192,64,169,9,1399.92,12599.28
193,65,503,8,1235.56,9884.48
194,66,927,29,1280.34,37129.86
195,67,554,23,624.50,14363.50
196,67,688,9,1683.95,15155.55
197,68,800,12,82.82,993.84
198,68,20,16,1724.31,27588.96
199,68,797,23,60.31,1387.13
200,68,64,44,1490.26,65571.44
201,68,146,28,1002.58,28072.24
202,69,171,13,1370.20,17812.60
203,69,957,24,968.33,23239.92
204,69,18,16,596.15,9538.40
205,69,22,36,827.20,29779.20
206,70,545,22,296.43,6521.46
207,71,145,50,1410.86,70543.00
208,71,1,17,1339.11,22764.87
209,72,907,23,1926.17,44301.91
210,72,445,37,1786.90,66115.30
211,73,521,2,1153.08,2306.16
212,73,865,44,795.56,35004.64
213,73,190,30,113.24,3397.20
214,74,268,38,1195.14,45415.32
215,74,3,47,26.88,1263.36
216,74,603,41,1321.55,54183.55
217,74,694,5,796.42,3982.10
218,74,659,27,831.20,22442.40
219,75,962,32,1623.53,51952.96
220,75,135,14,630.21,8822.94
221,75,861,50,476.67,23833.50
222,75,570,43,1235.86,53141.98
223,76,648,18,1327.45,23894.10
224,76,644,42,1372.43,57642.06
225,76,515,43,677.55,29134.65
226,76,243,38,219.62,8345.56
227,77,553,45,1395.89,62815.05
228,77,684,43,554.39,23838.77
229,77,49,27,1458.57,39381.39
230,78,454,19,1352.99,25706.81
231,79,568,39,320.62,12504.18
232,79,434,28,64.24,1798.72
233,80,376,46,614.76,28278.96
234,81,608,40,896.73,35869.20
235,81,487,13,1360.97,17692.61
236,81,80,20,39.77,795.40
237,82,773,2,739.87,1479.74
238,82,933,19,707.96,13451.24
239,83,682,23,1958.49,45045.27
240,83,68,3,228.98,686.94
241,83,946,28,1639.31,45900.68
242,83,227,27,2062.61,55690.47
243,84,815,18,1249.83,22496.94
244,84,722,28,404.27,11319.56
245,84,33,36,311.75,11223.00
246,85,819,36,1096.59,39477.24
247,85,61,25,1525.05,38126.25
248,86,714,15,632.48,9487.20
249,87,114,26,349.58,9089.08
250,87,476,30,1475.77,44273.10
251,88,962,24,1757.43,42178.32
252,88,712,49,1009.36,49458.64
253,88,20,45,1773.58,79811.10
254,88,569,7,131.44,920.08
255,88,972,12,446.84,5362.08
256,89,628,6,1805.20,10831.20
257,90,239,22,331.86,7300.92
258,90,15,7,373.29,2613.03
259,91,497,9,227.91,2051.19
260,91,962,49,1790.90,87754.10
261,91,45,22,1917.09,42175.98
262,91,125,33,1906.71,62921.43
263,92,477,27,2008.86,54239.22
264,93,420,10,1126.43,11264.30
265,93,469,20,1090.31,21806.20
266,93,290,48,649.76,31188.48
267,93,483,44,1489.22,65525.68
268,94,986,37,187.37,6932.69
269,94,343,29,530.47,15383.63
270,94,798,14,1530.08,21421.12
271,94,416,39,571.37,22283.43
272,94,707,37,192.36,7117.32
273,95,899,10,1748.58,17485.80
274,95,512,31,170.06,5271.86
275,95,702,16,1216.95,19471.20
276,95,293,44,1448.70,63742.80
277,96,662,7,1053.93,7377.51
278,96,952,48,157.20,7545.60
279,96,873,5,508.46,2542.30
280,96,970,2,1822.02,3644.04
281,96,586,43,1635.50,70326.50
282,97,989,36,1511.79,54424.44
283,97,792,32,255.94,8190.08
284,98,244,27,1952.26,52711.02
285,98,499,21,1279.84,26876.64
286,98,763,11,958.51,10543.61
287,98,738,13,370.04,4810.52
288,98,343,46,490.43,22559.78
289,99,667,41,874.88,35870.08
290,100,993,34,1250.04,42501.36
291,100,667,20,892.21,17844.20
292,101,691,18,1435.61,25840.98
293,101,358,40,171.86,6874.40
294,101,709,1,711.01,711.01
295,101,509,13,1898.83,24684.79
296,102,23,40,719.68,28787.20
297,102,167,12,281.65,3379.80
298,102,668,20,432.18,8643.60
299,103,247,35,1703.73,59630.55
300,103,965,15,679.78,10196.70
301,103,357,7,147.48,1032.36
302,103,842,18,639.30,11507.40
303,103,416,40,634.16,25366.40
304,104,603,49,1153.35,56514.15
305,104,207,33,1949.63,64337.79
306,105,666,14,1460.29,20444.06
307,105,999,18,2023.29,36419.22
308,105,523,45,1736.64,78148.80
309,105,1001,21,1096.15,23019.15
310,106,941,19,1157.08,21984.52
311,106,122,22,450.90,9919.80
312,106,270,43,64.38,2768.34
313,106,752,3,1265.34,3796.02
314,106,226,48,753.87,36185.76
315,107,653,21,997.08,20938.68
316,107,316,4,1922.80,7691.20
317,107,988,34,58.10,1975.40
318,108,82,26,1295.61,33685.86
319,108,430,34,240.15,8165.10
320,108,523,7,1887.65,13213.55
321,108,405,37,1519.04,56204.48
322,109,921,38,1436.88,54601.44
323,110,589,2,972.07,1944.14
324,110,921,5,1575.93,7879.65
325,110,743,1,1667.93,1667.93
326,110,808,8,230.36,1842.88
327,110,791,19,1707.88,32449.72
328,111,94,47,1414.47,66480.09
329,111,960,44,1863.19,81980.36
330,111,597,27,1078.97,29132.19
331,111,286,11,1035.28,11388.08
332,111,502,44,753.55,33156.20
333,112,463,49,1181.66,57901.34
334,112,957,31,947.28,29365.68
335,113,128,24,938.84,22532.16
336,113,341,24,166.21,3989.04
337,113,72,30,1537.02,46110.60
338,113,48,20,791.07,15821.40
339,114,242,38,338.03,12845.14
340,114,530,10,609.72,6097.20
341,114,943,6,1182.92,7097.52
342,114,649,38,1593.07,60536.66
343,114,144,2,2008.86,4017.72
344,115,80,14,45.63,638.82
345,115,369,49,1848.41,90572.09
346,115,723,10,778.03,7780.30
347,116,943,15,1182.92,17743.80
348,116,907,49,1985.74,97301.26
349,117,880,23,554.22,12747.06
350,117,648,12,1465.73,17588.76
351,117,787,41,154.67,6341.47
352,117,341,32,184.27,5896.64
353,118,373,7,1341.56,9390.92
354,118,607,43,1171.68,50382.24
355,118,155,2,27.02,54.04
356,119,58,26,538.49,14000.74
357,119,1005,40,1042.35,41694.00
358,119,118,33,444.80,14678.40
359,119,203,21,710.84,14927.64
360,120,846,20,920.68,18413.60
361,120,303,8,1295.95,10367.60
362,121,599,9,1007.93,9071.37
363,122,258,11,1694.75,18642.25
364,122,806,1,673.34,673.34
365,122,833,44,26.62,1171.28
366,122,935,4,166.83,667.32
367,122,739,25,1190.91,29772.75
368,123,431,41,2161.54,88623.14
369,123,938,7,298.01,2086.07
370,123,947,43,990.19,42578.17
371,124,941,11,1217.98,13397.78
372,124,980,41,1872.43,76769.63
373,124,675,15,1776.76,26651.40
374,124,257,5,44.98,224.90
375,125,424,9,37.09,333.81
376,125,996,32,950.12,30403.84
377,126,322,47,1809.57,85049.79
378,127,679,50,1315.25,65762.50
379,128,866,34,361.07,12276.38
380,128,516,13,239.22,3109.86
381,128,776,6,1522.91,9137.46
382,128,573,24,353.49,8483.76
383,129,200,48,1533.53,73609.44
384,129,908,47,1248.75,58691.25
385,129,70,47,62.91,2956.77
386,129,542,39,187.74,7321.86
387,129,17,47,689.78,32419.66
388,130,895,35,1897.96,66428.60
389,130,1007,16,1602.44,25639.04
390,130,426,45,734.27,33042.15
391,130,352,31,1196.95,37105.45
392,131,475,5,1495.13,7475.65
393,131,92,38,1103.39,41928.82
394,131,558,12,1333.51,16002.12
395,131,313,8,1482.80,11862.40
396,132,633,27,696.98,18818.46
397,132,978,2,1657.06,3314.12
398,132,38,46,1566.75,72070.50
399,132,986,32,185.47,5935.04
400,132,596,2,1421.69,2843.38
401,133,240,32,1090.05,34881.60
402,133,68,24,215.10,5162.40
403,133,608,20,1020.75,20415.00
404,133,893,33,1700.23,56107.59
405,134,497,16,245.78,3932.48
406,135,79,3,445.53,1336.59
407,135,622,21,721.88,15159.48
408,135,630,44,1105.48,48641.12
409,135,813,2,1774.87,3549.74
410,136,627,9,474.63,4271.67
411,136,233,35,1305.29,45685.15
412,136,840,9,2084.19,18757.71
413,136,266,50,1732.71,86635.50
414,136,951,50,2022.82,101141.00
415,137,747,10,1528.77,15287.70
416,137,893,31,1999.18,61974.58
417,137,80,42,43.12,1811.04
418,137,270,21,55.60,1167.60
419,137,65,25,1002.53,25063.25
420,138,732,4,982.35,3929.40
421,138,793,8,786.08,6288.64
422,138,260,18,1057.13,19028.34
423,138,876,12,452.82,5433.84
424,139,888,29,384.28,11144.12
425,139,265,41,1770.08,72573.28
426,140,919,25,558.96,13974.00
427,140,610,23,879.85,20236.55
428,140,1005,6,962.93,5777.58
429,140,407,38,1146.14,43553.32
430,140,683,13,1750.37,22754.81
431,141,45,14,1880.23,26323.22
432,141,148,5,651.70,3258.50
433,141,557,1,1201.86,1201.86
434,142,551,9,1672.49,15052.41
435,143,59,28,1552.06,43457.68
436,143,58,4,448.74,1794.96
437,143,447,49,1123.76,55064.24
438,143,589,50,883.70,44185.00
439,144,16,39,1342.07,52340.73
440,144,838,35,1389.26,48624.10
441,145,148,48,589.64,28302.72
442,145,274,29,1321.23,38315.67
443,145,189,17,1210.72,20582.24
444,145,343,38,460.40,17495.20
445,145,946,11,1702.36,18725.96
446,146,285,22,264.66,5822.52
447,146,473,33,678.45,22388.85
448,147,467,32,448.49,14351.68
449,147,527,50,793.90,39695.00
450,147,724,42,1425.05,59852.10
451,147,939,8,943.54,7548.32
452,148,609,32,920.03,29440.96
453,148,714,19,744.92,14153.48
454,149,574,38,1484.49,56410.62
455,149,336,46,2051.36,94362.56
456,150,761,32,1530.46,48974.72
457,151,475,32,1610.14,51524.48
458,151,517,13,567.90,7382.70
459,152,431,3,2004.34,6013.02
460,152,838,16,1376.39,22022.24
461,152,333,1,648.90,648.90
462,152,313,24,1467.19,35212.56
463,152,366,29,1263.02,36627.58
464,153,746,6,958.13,5748.78
465,153,890,2,452.46,904.92
466,153,400,32,1402.79,44889.28
467,154,675,23,1863.85,42868.55
468,155,566,24,149.57,3589.68
469,155,28,43,1057.35,45466.05
470,155,102,20,247.41,4948.20
471,156,824,26,353.30,9185.80
472,156,33,23,301.80,6941.40
473,157,456,32,604.14,19332.48
474,157,51,9,546.56,4919.04
475,157,130,19,386.15,7336.85
476,158,956,24,1083.41,26001.84
477,158,366,39,1287.54,50214.06
478,158,512,32,174.92,5597.44
479,158,733,50,1138.54,56927.00
480,159,72,47,1356.19,63740.93
481,159,879,13,1899.33,24691.29
482,160,411,37,1883.25,69680.25
483,161,852,23,1207.38,27769.74
484,161,151,25,843.69,21092.25
485,162,927,27,1293.96,34936.92
486,162,136,6,720.85,4325.10
487,163,956,11,1214.37,13358.07
488,163,465,38,1040.39,39534.82
489,163,772,16,1677.00,26832.00
490,163,405,33,1819.50,60043.50
491,164,465,3,998.36,2995.08
492,164,323,38,1856.17,70534.46
493,165,294,3,1965.77,5897.31
494,165,490,34,1309.92,44537.28
495,165,893,27,1774.97,47924.19
496,166,705,13,846.47,11004.11
497,166,360,19,787.11,14955.09
498,166,889,40,1432.92,57316.80
499,166,179,41,653.58,26796.78
500,167,167,49,263.40,12906.60
501,167,733,5,1208.25,6041.25
502,167,151,14,879.59,12314.26
503,167,789,21,381.97,8021.37
504,168,895,18,1699.13,30584.34
505,168,224,35,1668.82,58408.70
506,169,426,25,639.09,15977.25
507,169,910,44,1955.81,86055.64
508,169,649,24,1663.10,39914.40
509,169,880,22,655.53,14421.66
510,170,183,12,428.87,5146.44
511,170,735,45,298.50,13432.50
512,170,508,29,1312.72,38068.88
513,170,886,22,1755.59,38622.98
514,170,999,32,2101.87,67259.84
515,171,113,47,24.87,1168.89
516,171,239,38,319.68,12147.84
517,172,501,20,2049.42,40988.40
518,172,759,29,777.70,22553.30
519,172,998,14,2126.70,29773.80
520,173,667,41,944.18,38711.38
521,173,773,21,638.05,13399.05
522,174,320,30,1180.80,35424.00
523,174,571,9,1743.11,15687.99
524,174,953,13,1833.27,23832.51
525,174,502,41,830.44,34048.04
526,174,203,20,710.84,14216.80
527,175,35,12,822.96,9875.52
528,175,666,10,1460.29,14602.90
529,175,675,5,1724.50,8622.50
530,175,930,25,1593.78,39844.50
531,176,634,10,1393.39,13933.90
532,177,991,37,1595.81,59044.97
533,178,879,16,2099.25,33588.00
534,179,410,31,185.09,5737.79
535,180,2,50,497.45,24872.50
536,180,508,27,1384.06,37369.62
537,181,315,16,1568.28,25092.48
538,181,131,22,587.11,12916.42
539,181,730,2,256.59,513.18
540,181,345,23,2072.13,47658.99
541,182,242,13,312.03,4056.39
542,183,358,11,160.82,1769.02
543,183,311,3,1858.43,5575.29
544,184,289,10,1647.31,16473.10
545,185,461,45,736.18,33128.10
546,185,524,38,1641.00,62358.00
547,185,360,2,762.52,1525.04
548,186,652,16,1871.11,29937.76
549,186,425,29,1299.42,37683.18
550,186,601,17,1292.00,21964.00
551,186,531,42,697.11,29278.62
552,186,399,27,424.71,11467.17
553,187,457,22,639.27,14063.94
554,187,923,23,1938.57,44587.11
555,187,230,14,915.34,12814.76
556,188,944,16,1711.93,27390.88
557,188,476,16,1650.32,26405.12
558,189,708,36,318.77,11475.72
559,189,587,42,1026.94,43131.48
560,189,411,50,1809.39,90469.50
561,189,583,33,1021.68,33715.44
562,189,318,44,734.11,32300.84
563,190,617,25,930.24,23256.00
564,190,30,40,774.17,30966.80
565,190,557,13,1276.20,16590.60
566,190,553,5,1435.40,7177.00
567,191,110,21,1406.76,29541.96
568,191,229,47,1644.01,77268.47
569,191,605,4,549.07,2196.28
570,192,820,15,1311.77,19676.55
571,192,114,7,333.24,2332.68
572,192,18,22,514.11,11310.42
573,192,118,48,423.41,20323.68
574,192,449,24,1964.62,47150.88
575,193,521,25,1130.90,28272.50
576,193,687,40,811.96,32478.40
577,193,531,4,682.89,2731.56
578,193,448,11,1375.85,15134.35
579,193,556,43,1355.29,58277.47
580,194,482,43,630.02,27090.86
581,194,964,45,553.95,24927.75
582,194,50,21,342.83,7199.43
583,194,972,36,488.73,17594.28
584,194,631,7,1851.65,12961.55
585,195,440,13,1977.86,25712.18
586,195,635,16,2161.91,34590.56
587,196,210,47,1545.91,72657.77
588,196,456,30,667.74,20032.20
589,196,338,45,173.19,7793.55
590,197,839,37,1548.11,57280.07
591,197,271,19,32.01,608.19
592,197,984,2,272.03,544.06
593,197,387,1,1677.93,1677.93
594,198,1006,17,1314.70,22349.90
595,199,350,38,1460.95,55516.10
596,199,786,18,175.97,3167.46
597,200,255,2,1987.78,3975.56
598,200,822,18,158.81,2858.58
599,200,166,20,1806.54,36130.80
600,201,573,10,357.33,3573.30
601,201,778,41,121.24,4970.84
602,201,82,43,1166.05,50140.15
603,202,976,50,293.13,14656.50
604,202,184,26,163.29,4245.54
605,202,193,29,1888.07,54754.03
606,203,704,1,1028.30,1028.30
607,203,665,44,227.52,10010.88
608,203,894,7,34.77,243.39
609,204,518,12,894.66,10735.92
610,204,742,43,1245.16,53541.88
611,204,85,7,1572.90,11010.30
612,204,269,15,563.75,8456.25
613,204,197,31,232.66,7212.46
614,205,138,3,1340.32,4020.96
615,205,40,42,766.08,32175.36
616,205,152,17,1006.12,17104.04
617,205,580,29,734.32,21295.28
618,205,583,1,947.38,947.38
619,206,815,23,1112.23,25581.29
620,206,863,31,941.45,29184.95
621,207,463,4,1156.78,4627.12
622,207,221,37,985.61,36467.57
623,207,267,48,546.12,26213.76
624,207,606,47,1661.56,78093.32
625,208,180,1,1388.54,1388.54
626,208,22,11,782.08,8602.88
627,208,231,46,1869.26,85985.96
628,209,365,38,73.76,2802.88
629,209,651,13,894.34,11626.42
630,210,100,46,1690.98,77785.08
631,210,322,14,2016.92,28236.88
632,210,548,30,575.98,17279.40
633,210,839,29,1414.14,41010.06
634,211,272,16,1616.25,25860.00
635,211,628,28,1748.79,48966.12
636,212,680,50,995.11,49755.50
637,212,859,45,1058.76,47644.20
638,213,1003,13,1104.60,14359.80
639,213,354,7,280.31,1962.17
640,213,285,44,270.29,11892.76
641,213,77,30,790.64,23719.20
642,213,430,30,262.90,7887.00
643,214,383,3,32.07,96.21
644,214,273,27,441.97,11933.19
645,214,971,27,870.91,23514.57
646,215,391,37,899.77,33291.49
647,215,981,23,189.29,4353.67
648,215,222,18,967.68,17418.24
649,215,416,19,646.72,12287.68
650,215,236,6,222.10,1332.60
651,216,32,36,601.81,21665.16
652,216,83,7,1958.37,13708.59
653,216,306,16,284.45,4551.20
654,216,278,44,1046.71,46055.24
655,216,329,19,1386.06,26335.14
656,217,121,39,1625.43,63391.77
657,217,483,44,1387.02,61028.88
658,217,983,2,2014.98,4029.96
659,218,883,31,279.57,8666.67
660,218,651,6,788.65,4731.90
661,218,598,48,1309.35,62848.80
662,218,624,26,1829.60,47569.60
663,218,614,12,991.87,11902.44
664,219,535,23,2051.28,47179.44
665,219,123,19,1348.74,25626.06
666,219,114,46,359.38,16531.48
667,219,303,20,1244.11,24882.20
668,219,531,47,739.79,34770.13
669,220,862,44,1529.05,67278.20
670,220,702,14,1170.59,16388.26
671,220,685,25,449.31,11232.75
672,220,443,38,1098.36,41737.68
673,221,403,26,1740.62,45256.12
674,221,537,21,894.70,18788.70
675,221,296,32,415.47,13295.04
676,221,593,38,1265.69,48096.22
677,221,316,6,2101.21,12607.26
678,222,457,45,680.07,30603.15
679,222,215,29,692.06,20069.74
680,223,676,46,1474.99,67849.54
681,223,488,42,1388.09,58299.78
682,223,454,30,1185.48,35564.40
683,223,914,26,1202.54,31266.04
684,223,468,23,319.43,7346.89
685,224,721,3,1007.31,3021.93
686,224,348,49,1018.65,49913.85
687,224,249,28,1219.81,34154.68
688,225,863,30,902.23,27066.90
689,225,38,33,1507.06,49732.98
690,225,123,35,1247.90,43676.50
691,225,574,24,1484.49,35627.76
692,225,392,45,643.39,28952.55
693,226,972,39,418.91,16337.49
694,226,805,43,1852.78,79669.54
695,226,922,30,1663.68,49910.40
696,226,740,49,1547.03,75804.47
697,226,782,6,653.76,3922.56
698,227,322,29,1866.12,54117.48
699,227,820,33,1378.02,45474.66
700,227,22,31,827.20,25643.20
701,227,375,45,1202.73,54122.85
702,228,737,48,1950.83,93639.84
703,228,148,34,626.88,21313.92
704,229,708,32,318.77,10200.64
705,229,182,32,1091.01,34912.32
706,230,569,37,145.88,5397.56
707,230,704,35,850.69,29774.15
708,230,927,46,1402.92,64534.32
709,231,471,29,1857.52,53868.08
710,232,191,38,319.32,12134.16
711,232,247,18,1911.96,34415.28
712,232,831,18,934.55,16821.90
713,232,375,23,1414.20,32526.60
714,233,455,47,1317.63,61928.61
715,233,373,37,1259.42,46598.54
716,233,684,19,543.30,10322.70
717,234,925,5,76.15,380.75
718,234,741,34,1155.38,39282.92
719,235,323,7,1738.05,12166.35
720,235,450,28,1115.85,31243.80
721,236,925,22,71.84,1580.48
722,237,55,36,1324.11,47667.96
723,238,797,44,66.80,2939.20
724,238,788,38,530.57,20161.66
725,238,983,25,1843.89,46097.25
726,239,962,25,1807.64,45191.00
727,239,701,14,715.38,10015.32
728,239,452,26,625.55,16264.30
729,239,65,46,925.41,42568.86
730,240,497,29,205.56,5961.24
731,240,425,22,1367.81,30091.82
732,240,283,1,1369.57,1369.57
733,240,107,49,1548.23,75863.27
734,241,512,17,166.82,2835.94
735,241,848,45,1236.76,55654.20
736,241,1006,46,1557.63,71650.98
737,241,298,27,708.33,19124.91
738,242,471,2,1772.32,3544.64
739,242,601,25,1100.60,27515.00
740,243,386,5,748.56,3742.80
741,243,505,11,1872.17,20593.87
742,244,269,33,633.50,20905.50
743,245,355,49,251.60,12328.40
744,245,728,16,1071.21,17139.36
745,245,721,46,1119.23,51484.58
746,245,699,47,1851.38,87014.86
747,246,836,38,1830.84,69571.92
748,246,726,31,106.17,3291.27
749,246,593,48,1409.23,67643.04
750,246,301,5,1083.43,5417.15
751,246,900,41,928.41,38064.81
752,247,576,43,1697.74,73002.82
753,247,772,49,1677.00,82173.00
754,248,1001,38,1053.17,40020.46
755,248,690,35,1266.64,44332.40
756,249,396,1,300.54,300.54
757,249,44,15,117.08,1756.20
758,249,539,8,1215.46,9723.68
759,249,801,47,550.78,25886.66
760,249,26,42,975.92,40988.64
761,250,632,42,953.48,40046.16
762,250,77,48,696.35,33424.80
763,250,137,21,718.85,15095.85
764,250,228,45,965.28,43437.60
765,250,537,25,920.76,23019.00
766,251,50,24,339.62,8150.88
767,251,81,8,1164.65,9317.20
768,251,433,29,1183.80,34330.20
769,251,315,33,1672.83,55203.39
770,252,472,35,1244.40,43554.00
771,252,104,18,515.22,9273.96
772,252,987,46,1799.42,82773.32
773,252,475,36,1692.29,60922.44
774,253,74,2,1223.46,2446.92
775,253,435,4,1876.02,7504.08
776,253,172,13,262.42,3411.46
777,254,521,1,1042.21,1042.21
778,255,394,42,1525.39,64066.38
779,255,905,17,660.02,11220.34
780,255,752,1,1398.54,1398.54
781,256,69,31,140.65,4360.15
782,257,37,11,86.27,948.97
783,257,933,21,707.96,14867.16
784,257,339,25,1201.60,30040.00
785,257,84,3,423.14,1269.42
786,258,176,38,1597.32,60698.16
787,258,716,38,456.10,17331.80
788,259,108,38,870.79,33090.02
789,259,848,45,1272.43,57259.35
790,259,441,24,315.87,7580.88
791,260,754,39,1583.02,61737.78
792,260,941,45,1242.34,55905.30
793,261,61,36,1510.53,54379.08
794,261,870,33,878.73,28998.09
795,261,815,17,1226.89,20857.13
796,262,11,31,1214.70,37655.70
797,262,290,17,723.45,12298.65
798,262,725,50,785.18,39259.00
799,262,989,13,1419.23,18449.99
800,263,197,28,198.82,5566.96
801,264,406,22,2006.07,44133.54
802,264,346,50,919.49,45974.50
803,265,860,14,1215.49,17016.86
804,265,447,4,1135.59,4542.36
805,265,1007,12,1619.31,19431.72
806,266,74,42,1306.61,54877.62
807,267,964,29,642.35,18628.15
808,267,63,33,674.93,22272.69
809,267,103,38,472.16,17942.08
810,268,376,28,555.65,15558.20
811,268,979,22,1074.50,23639.00
812,268,20,24,1806.42,43354.08
813,268,420,15,1228.83,18432.45
814,268,363,21,310.09,6511.89
815,269,258,35,1747.16,61150.60
816,269,905,32,715.02,22880.64
817,270,188,36,183.41,6602.76
818,270,305,28,1558.34,43633.52
819,270,556,30,1355.29,40658.70
820,270,24,39,1493.14,58232.46
821,270,638,47,1346.32,63277.04
822,271,840,21,1871.92,39310.32
823,271,470,41,81.47,3340.27
824,271,700,2,790.08,1580.16
825,272,62,27,1268.11,34238.97
826,272,594,25,926.15,23153.75
827,272,138,36,1502.34,54084.24
828,273,279,40,1514.49,60579.60
829,273,281,11,1114.73,12262.03
830,273,468,38,345.25,13119.50
831,273,266,45,1714.08,77133.60
832,273,397,30,700.91,21027.30
833,274,59,46,1634.62,75192.52
834,274,272,13,1540.01,20020.13
835,275,657,44,464.58,20441.52
836,276,587,11,1138.56,12524.16
837,277,490,4,1350.86,5403.44
838,277,732,45,982.35,44205.75
839,277,188,44,170.07,7483.08
840,277,639,14,1674.66,23445.24
841,278,894,39,35.14,1370.46
842,278,93,33,1065.53,35162.49
843,278,103,28,496.50,13902.00
844,279,466,48,636.39,30546.72
845,279,710,5,2032.88,10164.40
846,280,99,39,703.55,27438.45
847,280,346,19,1057.91,20100.29
848,280,893,10,2055.23,20552.30
849,280,607,31,1015.46,31479.26
850,281,722,34,444.70,15119.80
851,282,633,2,750.01,1500.02
852,282,94,50,1513.48,75674.00
853,282,891,18,1272.30,22901.40
854,282,380,43,611.88,26310.84
855,282,964,34,571.63,19435.42
856,283,71,17,781.64,13287.88
857,283,187,38,1905.70,72416.60
858,283,986,13,189.26,2460.38
859,284,20,19,1790.00,34010.00
860,285,23,7,822.49,5757.43
861,285,702,37,1124.23,41596.51
862,285,114,1,329.98,329.98
863,286,425,1,1408.84,1408.84
864,287,963,5,140.51,702.55
865,287,714,32,702.75,22488.00
866,287,238,48,313.19,15033.12
867,288,315,29,1637.98,47501.42
868,288,356,23,257.88,5931.24
869,288,90,48,1684.78,80869.44
870,289,75,26,109.12,2837.12
871,289,889,3,1289.63,3868.89
872,289,84,42,470.16,19746.72
873,289,529,32,1220.22,39047.04
874,290,420,12,1149.19,13790.28
875,290,641,3,291.58,874.74
876,290,474,8,1630.54,13044.32
877,290,788,31,551.18,17086.58
878,291,40,8,910.78,7286.24
879,291,659,20,867.34,17346.80
880,291,210,30,1628.13,48843.90
881,292,602,42,1417.03,59515.26
882,292,362,1,809.67,809.67
883,293,275,21,1124.70,23618.70
884,293,941,34,1217.98,41411.32
885,293,85,32,1572.90,50332.80
886,294,562,37,1528.72,56562.64
887,294,384,15,434.60,6519.00
888,294,382,26,1216.96,31640.96
889,294,219,17,1223.68,20802.56
890,295,729,11,424.78,4672.58
891,295,79,45,440.69,19831.05
892,295,520,34,56.04,1905.36
893,295,909,41,1509.01,61869.41
894,295,456,47,667.74,31383.78
895,296,732,40,885.08,35403.20
896,297,742,33,1270.06,41911.98
897,297,533,45,1026.67,46200.15
898,297,374,42,547.53,22996.26
899,297,108,23,787.85,18120.55
900,298,713,13,1146.56,14905.28
901,298,332,32,1850.16,59205.12
902,298,729,2,504.13,1008.26
903,298,287,24,468.83,11251.92
904,299,567,34,113.92,3873.28
905,299,390,27,234.73,6337.71
906,299,354,44,277.45,12207.80
907,299,277,46,1020.63,46948.98
908,300,419,13,615.92,8006.96
909,301,491,31,922.03,28582.93
910,301,20,12,1707.89,20494.68
911,301,549,8,1563.33,12506.64
912,301,719,7,396.72,2777.04
913,301,986,45,185.47,8346.15
914,302,887,44,1029.06,45278.64
915,302,776,10,1640.06,16400.60
916,302,374,10,521.21,5212.10
917,302,698,10,757.22,7572.20
918,302,629,7,603.22,4222.54
919,303,153,37,144.07,5330.59
920,303,805,29,2101.09,60931.61
921,303,120,37,942.39,34868.43
922,303,705,9,760.26,6842.34
923,303,107,22,1533.90,33745.80
924,304,902,12,1464.38,17572.56
925,304,449,45,1791.27,80607.15
926,304,292,41,1360.10,55764.10
927,304,60,1,980.80,980.80
928,304,97,22,1379.73,30354.06
929,305,104,43,547.42,23539.06
930,306,566,19,155.33,2951.27
931,306,701,31,702.25,21769.75
932,307,642,32,1842.57,58962.24
933,307,968,22,942.49,20734.78
934,307,1007,37,1619.31,59914.47
935,308,506,24,975.53,23412.72
936,309,997,10,1956.68,19566.80
937,309,290,24,710.05,17041.20
938,310,43,33,596.64,19689.12
939,310,505,18,1627.21,29289.78
940,310,463,43,1231.41,52950.63
941,310,677,50,330.26,16513.00
942,311,81,13,1295.38,16839.94
943,311,833,17,28.81,489.77
944,311,989,18,1666.05,29988.90
945,312,694,29,931.99,27027.71
946,312,15,6,345.12,2070.72
947,312,522,17,359.30,6108.10
948,312,481,35,1797.45,62910.75
949,312,461,11,722.55,7948.05
950,313,486,43,1026.80,44152.40
951,313,823,28,1581.53,44282.84
952,313,354,10,277.45,2774.50
953,313,935,9,138.01,1242.09
954,313,494,22,915.15,20133.30
955,314,651,27,788.65,21293.55
956,314,387,44,1710.51,75262.44
957,314,123,26,1247.90,32445.40
958,314,563,38,427.48,16244.24
959,315,255,8,1693.30,13546.40
960,316,164,22,927.32,20401.04
961,316,825,18,1161.72,20910.96
962,316,197,23,222.09,5108.07
963,316,773,27,685.57,18510.39
964,317,430,26,237.62,6178.12
965,317,496,9,791.20,7120.80
966,317,192,18,1796.79,32342.22
967,317,471,19,1806.40,34321.60
968,318,320,9,1268.73,11418.57
969,318,624,47,1829.60,85991.20
970,318,297,1,442.20,442.20
971,318,663,19,1544.65,29348.35
972,319,738,9,370.04,3330.36
973,319,487,2,1545.27,3090.54
974,319,896,45,1851.07,83298.15
975,319,295,9,1161.82,10456.38
976,320,350,23,1607.05,36962.15
977,320,23,49,735.50,36039.50
978,320,56,22,1311.40,28850.80
979,320,537,33,790.46,26085.18
980,321,236,30,243.37,7301.10
981,321,698,3,781.38,2344.14
982,321,732,19,982.35,18664.65
983,321,482,21,686.16,14409.36
984,321,145,41,1338.13,54863.33
985,322,130,11,423.12,4654.32
986,322,548,36,509.52,18342.72
987,322,644,46,1331.26,61237.96
988,322,504,41,234.49,9614.09
989,323,1001,36,1074.66,38687.76
990,323,487,42,1360.97,57160.74
991,324,692,23,1134.35,26090.05
992,324,70,16,59.02,944.32
993,324,128,44,843.22,37101.68
994,324,100,39,1856.40,72399.60
995,325,296,12,427.35,5128.20
996,325,674,3,882.07,2646.21
997,325,806,20,659.45,13189.00
998,326,214,21,405.72,8520.12
999,326,217,28,285.53,7994.84
1000,326,618,3,1464.94,4394.82
1001,326,56,32,1457.11,46627.52
1002,326,675,42,1811.60,76087.20
1003,327,681,5,783.43,3917.15
1004,327,242,22,347.78,7651.16
1005,327,616,1,878.88,878.88
1006,327,127,46,717.01,32982.46
1007,327,472,8,1169.74,9357.92
1008,328,655,8,623.59,4988.72
1009,329,436,27,1253.03,33831.81
1010,329,539,31,1280.11,39683.41
1011,329,650,5,282.33,1411.65
1012,329,277,19,920.57,17490.83
1013,330,465,24,1103.44,26482.56
1014,330,551,38,1620.77,61589.26
1015,330,571,35,1826.92,63942.20
1016,330,692,45,1090.72,49082.40
1017,331,929,48,101.11,4853.28
1018,331,599,8,940.73,7525.84
1019,332,239,31,319.68,9910.08
1020,333,845,12,1258.27,15099.24
1021,333,807,13,319.58,4154.54
1022,333,454,3,1365.87,4097.61
1023,333,134,39,513.49,20026.11
1024,334,11,33,1103.26,36407.58
1025,334,656,40,1563.60,62544.00
1026,334,751,45,1182.62,53217.90
1027,334,44,1,107.50,107.50
1028,334,325,6,163.49,980.94
1029,335,274,23,1236.38,28436.74
1030,335,757,28,454.77,12733.56
1031,335,374,26,521.21,13551.46
1032,336,619,13,520.93,6772.09
1033,336,640,48,1250.96,60046.08
1034,336,461,13,633.93,8241.09
1035,336,225,36,795.92,28653.12
1036,336,704,26,925.47,24062.22
1037,337,638,50,1161.05,58052.50
1038,337,940,25,694.21,17355.25
1039,338,919,25,527.32,13183.00
1040,338,329,31,1331.70,41282.70
1041,339,76,42,508.98,21377.16
1042,340,302,48,1667.92,80060.16
1043,340,747,26,1528.77,39748.02
1044,340,118,45,427.69,19246.05
1045,340,54,26,1811.46,47097.96
1046,340,827,33,2120.96,69991.68
1047,341,492,11,2147.58,23623.38
1048,341,897,3,90.33,270.99
1049,342,886,49,1963.24,96198.76
1050,342,215,47,713.24,33522.28
1051,342,731,5,1528.85,7644.25
1052,343,913,25,227.43,5685.75
1053,343,998,14,2146.40,30049.60
1054,344,336,23,1761.08,40504.84
1055,344,583,50,873.07,43653.50
1056,345,22,28,812.16,22740.48
1057,345,178,5,1330.53,6652.65
1058,346,25,32,348.97,11167.04
1059,346,203,47,835.82,39283.54
1060,347,488,36,1301.34,46848.24
1061,347,386,14,779.12,10907.68
1062,347,881,38,1375.96,52286.48
1063,347,299,49,158.59,7770.91
1064,348,692,21,981.65,20614.65
1065,348,887,50,915.77,45788.50
1066,348,1002,32,1712.57,54802.24
1067,348,513,25,1251.26,31281.50
1068,348,625,22,766.39,16860.58
1069,349,597,29,1276.20,37009.80
1070,349,578,40,729.18,29167.20
1071,350,25,44,348.97,15354.68
1072,350,933,18,646.10,11629.80
1073,350,128,39,895.38,34919.82
1074,350,309,11,1371.11,15082.21
1075,351,884,40,1065.62,42624.80
1076,351,833,29,26.07,756.03
1077,351,343,34,520.46,17695.64
1078,351,545,17,308.40,5242.80
1079,351,426,17,639.09,10864.53
1080,352,481,18,1746.58,31438.44
1081,352,656,13,1592.56,20703.28
1082,352,409,25,412.52,10313.00
1083,352,807,15,322.59,4838.85
1084,353,748,16,671.65,10746.40
1085,354,937,18,1107.64,19937.52
1086,354,308,5,1149.96,5749.80
1087,354,796,2,998.17,1996.34
1088,355,769,16,53.63,858.08
1089,355,337,13,538.36,6998.68
1090,355,153,18,140.97,2537.46
1091,356,472,9,1319.06,11871.54
1092,356,122,21,483.10,10145.10
1093,357,597,2,1171.78,2343.56
1094,357,832,3,946.60,2839.80
1095,357,35,22,805.99,17731.78
1096,358,930,40,1704.24,68169.60
1097,359,113,8,23.32,186.56
1098,359,232,49,1135.90,55659.10
1099,359,485,37,915.25,33864.25
1100,359,351,10,2190.33,21903.30
1101,360,855,46,122.20,5621.20
1102,360,471,33,1738.23,57361.59
1103,360,676,21,1445.79,30361.59
1104,360,421,38,1129.63,42925.94
1105,360,154,45,1482.15,66696.75
1106,361,946,5,1733.89,8669.45
1107,361,595,13,1333.80,17339.40
1108,361,395,8,2108.69,16869.52
1109,362,754,10,1515.65,15156.50
1110,363,335,22,815.30,17936.60
1111,363,753,9,1710.56,15395.04
1112,363,962,48,1774.16,85159.68
1113,364,334,47,970.00,45590.00
1114,364,38,46,1402.61,64520.06
1115,364,655,21,636.72,13371.12
1116,365,616,10,945.75,9457.50
1117,365,735,36,319.40,11498.40
1118,365,792,39,280.70,10947.30
1119,366,328,39,1557.56,60744.84
1120,367,381,33,1283.39,42351.87
1121,367,365,35,85.24,2983.40
1122,367,813,49,1599.14,78357.86
1123,368,157,33,1154.47,38097.51
1124,368,736,24,87.50,2100.00
1125,369,941,23,1254.52,28853.96
1126,369,821,13,1419.48,18453.24
1127,370,322,23,1866.12,42920.76
1128,370,20,21,1740.73,36555.33
1129,370,641,19,297.78,5657.82
1130,370,8,43,348.58,14988.94
1131,370,891,35,1410.59,49370.65
1132,371,314,36,1691.24,60884.64
1133,372,183,4,407.21,1628.84
1134,373,624,25,1992.64,49816.00
1135,373,614,34,981.65,33376.10
1136,374,313,44,1716.92,75544.48
1137,375,306,25,281.52,7038.00
1138,375,148,33,620.67,20482.11
1139,375,500,10,952.29,9522.90
1140,375,739,46,1145.54,52694.84
1141,376,433,7,1235.84,8650.88
1142,376,276,6,927.94,5567.64
1143,376,326,46,1189.94,54737.24
1144,376,375,39,1334.90,52061.10
1145,376,275,49,1055.13,51701.37
1146,377,992,23,758.28,17440.44
1147,377,577,28,1605.51,44954.28
1148,377,125,17,1703.08,28952.36
1149,378,719,16,392.59,6281.44
1150,378,653,47,946.21,44471.87
1151,379,121,2,1451.84,2903.68
1152,379,851,1,1568.37,1568.37
1153,379,1004,7,1945.55,13618.85
1154,379,968,32,1013.43,32429.76
1155,380,648,14,1258.31,17616.34
1156,380,902,40,1364.86,54594.40
1157,380,779,40,43.46,1738.40
1158,380,841,25,2078.92,51973.00
1159,380,974,38,877.53,33346.14
1160,381,908,27,1031.08,27839.16
1161,381,841,10,1806.92,18069.20
1162,381,282,5,299.64,1498.20
1163,382,165,5,340.41,1702.05
1164,382,470,41,84.16,3450.56
1165,382,178,17,1385.97,23561.49
1166,383,48,40,698.91,27956.40
1167,383,83,33,1997.54,65918.82
1168,384,388,6,1239.54,7437.24
1169,384,223,28,1736.00,48608.00
1170,385,430,33,270.49,8926.17
1171,385,356,30,283.67,8510.10
1172,385,566,10,129.44,1294.40
1173,386,824,26,367.02,9542.52
1174,386,47,30,1957.46,58723.80
1175,386,279,21,1597.71,33551.91
1176,386,222,7,1069.54,7486.78
1177,387,102,38,226.41,8603.58
1178,387,857,5,1200.14,6000.70
1179,388,821,5,1508.20,7541.00
1180,388,298,16,754.02,12064.32
1181,388,153,7,158.01,1106.07
1182,389,360,30,803.51,24105.30
1183,390,608,36,868.11,31251.96
1184,391,916,49,797.63,39083.87
1185,391,658,2,1671.26,3342.52
1186,391,887,39,934.65,36451.35
1187,391,428,12,1746.69,20960.28
1188,392,752,8,1371.90,10975.20
1189,392,180,10,1447.00,14470.00
1190,392,591,22,1416.64,31166.08
1191,393,625,34,822.27,27957.18
1192,393,944,27,1781.10,48089.70
1193,393,672,23,132.82,3054.86
1194,393,560,11,1485.57,16341.27
1195,393,894,11,39.16,430.76
1196,394,677,11,361.88,3980.68
1197,394,617,5,990.91,4954.55
1198,395,292,16,1204.66,19274.56
1199,396,71,19,846.78,16088.82
1200,396,840,38,1833.32,69666.16
1201,396,367,9,987.16,8884.44
1202,396,235,13,413.46,5374.98
1203,397,713,39,1360.76,53069.64
1204,398,828,2,1710.13,3420.26
1205,398,549,15,1546.87,23203.05
1206,398,593,20,1383.13,27662.60
1207,398,528,35,1426.46,49926.10
1208,399,836,41,2097.83,86011.03
1209,399,98,39,1780.66,69445.74
1210,399,568,37,327.59,12120.83
1211,399,714,18,758.97,13661.46
1212,400,929,42,107.49,4514.58
1213,400,520,5,48.40,242.00
1214,400,698,29,813.61,23594.69
1215,400,954,3,567.66,1702.98
1216,401,561,48,1998.01,95904.48
1217,401,751,34,1149.46,39081.64
1218,401,947,30,1173.16,35194.80
1219,402,962,17,1690.48,28738.16
1220,402,138,15,1355.05,20325.75
1221,402,798,6,1319.52,7917.12
1222,402,181,28,722.81,20238.68
1223,403,330,42,1300.41,54617.22
1224,403,726,42,118.33,4969.86
1225,403,691,40,1690.83,67633.20
1226,404,145,34,1570.85,53408.90
1227,405,505,49,1819.68,89164.32
1228,405,444,10,371.14,3711.40
1229,405,373,30,1327.87,39836.10
1230,405,36,45,1401.01,63045.45
1231,405,830,30,1388.51,41655.30
1232,406,699,1,1736.86,1736.86
1233,407,950,15,390.85,5862.75
1234,408,163,13,933.75,12138.75
1235,409,831,25,873.97,21849.25
1236,409,174,32,1618.07,51778.24
1237,409,36,27,1485.07,40096.89
1238,409,505,38,1854.67,70477.46
1239,409,742,16,1257.61,20121.76
1240,410,309,28,1660.57,46495.96
1241,410,375,49,1414.20,69295.80
1242,410,680,14,985.26,13793.64
1243,410,667,11,909.53,10004.83
1244,411,95,18,1424.77,25645.86
1245,411,789,31,381.97,11841.07
1246,412,109,27,386.78,10443.06
1247,412,515,25,633.63,15840.75
1248,412,996,7,843.56,5904.92
1249,412,155,43,30.54,1313.22
1250,413,970,48,1840.80,88358.40
1251,413,147,42,1937.87,81390.54
1252,413,170,36,84.53,3043.08
1253,414,444,25,449.49,11237.25
1254,414,402,12,1068.45,12821.40
1255,414,384,27,486.56,13137.12
1256,414,54,16,1643.73,26299.68
1257,415,339,28,1103.51,30898.28
1258,415,474,4,1676.26,6705.04
1259,415,698,37,725.00,26825.00
1260,415,215,46,734.43,33783.78
1261,415,340,29,620.60,17997.40
1262,416,285,33,267.47,8826.51
1263,417,38,38,1432.45,54433.10
1264,417,156,7,2048.32,14338.24
1265,417,762,27,2067.59,55824.93
1266,418,636,28,345.72,9680.16
1267,418,989,39,1604.35,62569.65
1268,418,97,7,1393.81,9756.67
1269,419,688,31,1777.51,55102.81
1270,420,853,35,110.25,3858.75
1271,420,442,19,52.30,993.70
1272,420,662,21,1216.08,25537.68
1273,421,668,44,440.34,19374.96
1274,422,463,46,1144.34,52639.64
1275,422,737,24,1763.25,42318.00
1276,422,485,2,896.94,1793.88
1277,422,268,38,1135.38,43144.44
1278,422,791,21,1740.41,36548.61
1279,423,893,48,2036.55,97754.40
1280,423,134,33,579.75,19131.75
1281,423,39,9,1701.72,15315.48
1282,423,741,29,1399.30,40579.70
1283,424,198,23,636.24,14633.52
1284,425,184,4,166.46,665.84
1285,426,456,23,686.82,15796.86
1286,426,36,34,1457.05,49539.70
1287,427,298,11,685.48,7540.28
1288,427,507,3,103.93,311.79
1289,427,448,45,1226.01,55170.45
1290,427,613,11,1816.79,19984.69
1291,428,191,3,306.29,918.87
1292,429,680,3,1054.23,3162.69
1293,429,127,23,654.36,15050.28
1294,430,22,29,691.84,20063.36
1295,430,760,50,1598.10,79905.00
1296,430,949,35,1086.68,38033.80
1297,430,493,28,866.74,24268.72
1298,430,72,29,1612.36,46758.44
1299,431,963,38,162.93,6191.34
1300,431,149,7,281.69,1971.83
1301,432,468,16,306.53,4904.48
1302,432,624,12,1666.57,19998.84
1303,432,665,46,234.42,10783.32
1304,432,1006,3,1314.70,3944.10
1305,432,341,8,193.31,1546.48
1306,433,166,47,2117.35,99515.45
1307,433,588,9,1605.61,14450.49
1308,433,482,3,648.73,1946.19
1309,433,520,27,54.01,1458.27
1310,433,550,36,322.06,11594.16
1311,434,402,46,892.01,41032.46
1312,434,865,42,787.91,33092.22
1313,434,698,26,725.00,18850.00
1314,434,601,26,1124.52,29237.52
1315,434,996,38,879.08,33405.04
1316,435,719,21,380.19,7983.99
1317,435,427,43,1847.98,79463.14
1318,435,628,41,1729.99,70929.59
1319,435,814,50,2008.16,100408.00
1320,435,47,4,2070.39,8281.56
1321,436,98,14,1497.75,20968.50
1322,436,124,6,643.45,3860.70
1323,436,830,49,1642.32,80473.68
1324,437,170,20,72.79,1455.80
1325,437,731,37,1471.69,54452.53
1326,438,265,18,1907.75,34339.50
1327,438,106,34,648.42,22046.28
1328,439,203,30,765.52,22965.60
1329,439,196,37,756.56,27992.72
1330,439,388,50,1294.63,64731.50
1331,439,736,12,85.78,1029.36
1332,439,279,29,1764.14,51160.06
1333,440,73,47,343.39,16139.33
1334,440,580,42,782.74,32875.08
1335,441,432,48,572.40,27475.20
1336,442,342,10,1719.00,17190.00
1337,442,1002,49,1575.56,77202.44
1338,442,435,36,2110.53,75979.08
1339,442,256,47,1068.19,50204.93
1340,442,422,34,334.96,11388.64
1341,443,453,33,1068.78,35269.74
1342,443,61,46,1307.19,60130.74
1343,443,713,36,1310.36,47172.96
1344,444,292,18,1398.96,25181.28
1345,445,999,35,1905.43,66690.05
1346,445,815,50,1203.96,60198.00
1347,445,290,34,643.07,21864.38
1348,446,629,28,578.08,16186.24
1349,446,332,45,2125.71,95656.95
1350,446,194,20,1672.19,33443.80
1351,446,442,7,51.25,358.75
1352,446,841,36,2137.21,76939.56
1353,447,660,14,1044.14,14617.96
1354,447,855,22,131.71,2897.62
1355,448,3,14,25.52,357.28
1356,448,722,22,440.21,9684.62
1357,448,698,45,861.94,38787.30
1358,448,943,7,1270.08,8890.56
1359,449,403,7,1740.62,12184.34
1360,449,148,48,626.88,30090.24
1361,449,599,26,959.93,24958.18
1362,449,687,36,698.13,25132.68
1363,450,810,4,660.79,2643.16
1364,450,607,46,1115.89,51330.94
1365,450,409,44,376.12,16549.28
1366,450,761,2,1446.21,2892.42
1367,451,12,2,456.50,913.00
1368,452,744,38,1675.79,63680.02
1369,452,584,40,923.42,36936.80
1370,452,53,45,1107.16,49822.20
1371,452,837,9,613.57,5522.13
1372,453,243,14,204.69,2865.66
1373,454,25,7,325.48,2278.36
1374,454,503,5,1288.70,6443.50
1375,454,65,16,1002.53,16040.48
1376,454,149,48,319.44,15333.12
1377,454,772,9,1630.42,14673.78
1378,455,938,32,304.03,9728.96
1379,455,470,46,97.59,4489.14
1380,455,845,8,1385.37,11082.96
1381,455,663,24,1528.04,36672.96
1382,456,161,45,424.60,19107.00
1383,456,569,50,154.55,7727.50
1384,457,682,35,1883.88,65935.80
1385,457,848,4,1189.19,4756.76
1386,457,48,12,783.39,9400.68
1387,457,578,5,729.18,3645.90
1388,458,524,40,1704.72,68188.80
1389,458,817,25,1534.99,38374.75
1390,458,249,25,1286.10,32152.50
1391,458,606,41,1811.10,74255.10
1392,459,868,1,163.00,163.00
1393,459,57,11,1443.18,15874.98
1394,460,329,46,1290.94,59383.24
1395,460,654,36,437.32,15743.52
1396,460,576,26,1876.46,48787.96
1397,461,91,45,1804.20,81189.00
1398,461,224,1,1521.57,1521.57
1399,462,597,14,1044.16,14618.24
1400,462,761,37,1544.50,57146.50
1401,462,713,33,1272.56,41994.48
1402,462,249,48,1206.55,57914.40
1403,463,637,17,719.77,12236.09
1404,463,627,29,479.07,13893.03
1405,463,358,48,146.63,7038.24
1406,463,164,20,927.32,18546.40
1407,463,143,42,509.51,21399.42
1408,464,497,3,227.91,683.73
1409,464,485,4,970.16,3880.64
1410,464,208,30,462.96,13888.80
1411,464,250,29,266.12,7717.48
1412,465,445,42,2072.05,87026.10
1413,465,926,1,495.98,495.98
1414,465,732,6,914.26,5485.56
1415,466,425,20,1272.06,25441.20
1416,466,312,38,593.09,22537.42
1417,466,841,13,1962.35,25510.55
1418,466,18,36,557.87,20083.32
1419,467,512,21,149.00,3129.00
1420,467,930,2,1593.78,3187.56
1421,467,649,25,1715.62,42890.50
1422,468,610,11,999.00,10989.00
1423,468,91,16,1928.01,30848.16
1424,469,80,17,42.28,718.76
1425,469,231,39,1704.33,66468.87
1426,469,277,18,940.58,16930.44
1427,470,412,28,1152.36,32266.08
1428,470,538,45,1135.48,51096.60
1429,470,167,19,252.97,4806.43
1430,470,642,46,2053.69,94469.74
1431,470,738,43,403.34,17343.62
1432,471,115,3,1415.08,4245.24
1433,471,928,1,1188.69,1188.69
1434,471,221,6,1095.13,6570.78
1435,472,618,17,1343.98,22847.66
1436,472,670,5,1011.71,5058.55
1437,472,475,33,1511.56,49881.48
1438,473,804,14,731.00,10234.00
1439,473,302,11,1652.04,18172.44
1440,474,204,8,35.98,287.84
1441,474,67,46,1286.23,59166.58
1442,474,126,48,638.31,30638.88
1443,474,477,33,2028.18,66929.94
1444,474,461,34,633.93,21553.62
1445,475,97,27,1534.60,41434.20
1446,475,172,21,257.27,5402.67
1447,475,827,29,2140.60,62077.40
1448,476,303,12,1399.63,16795.56
1449,476,863,37,921.84,34108.08
1450,476,496,21,774.36,16261.56
1451,476,196,20,719.11,14382.20
1452,476,720,2,1611.28,3222.56
1453,477,663,47,1627.69,76501.43
1454,477,23,30,719.68,21590.40
1455,477,988,11,64.49,709.39
1456,477,375,41,1440.63,59065.83
1457,477,477,34,2124.76,72241.84
1458,478,622,45,736.04,33121.80
1459,479,659,43,822.17,35353.31
1460,479,847,24,292.16,7011.84
1461,479,558,29,1159.03,33611.87
1462,479,496,34,782.78,26614.52
1463,479,289,39,1664.47,64914.33
1464,480,894,28,35.14,983.92
1465,480,152,10,996.44,9964.40
1466,480,997,5,2032.67,10163.35
1467,481,250,36,256.27,9225.72
1468,481,654,13,461.09,5994.17
1469,481,970,19,1934.72,36759.68
1470,482,370,38,912.92,34690.96
1471,482,31,13,210.78,2740.14
1472,482,704,14,1000.26,14003.64
1473,482,159,7,1183.97,8287.79
1474,482,249,37,1312.62,48566.94
1475,483,449,12,2118.71,25424.52
1476,483,102,1,214.74,214.74
1477,483,685,6,449.31,2695.86
1478,483,41,46,1045.40,48088.40
1479,483,181,11,831.63,9147.93
1480,484,640,35,1287.39,45058.65
1481,484,769,16,55.76,892.16
1482,485,365,7,84.42,590.94
1483,485,446,27,208.65,5633.55
1484,486,577,38,1559.20,59249.60
1485,486,652,17,1632.97,27760.49
1486,487,903,49,1525.49,74749.01
1487,487,797,5,68.09,340.45
1488,488,352,47,1262.00,59314.00
1489,488,788,1,525.42,525.42
1490,489,430,43,242.68,10435.24
1491,489,476,36,1428.16,51413.76
1492,489,809,26,1507.74,39201.24
1493,489,796,20,1078.83,21576.60
1494,490,811,45,1807.58,81341.10
1495,490,615,38,1208.84,45935.92
1496,490,510,12,196.00,2352.00
1497,490,988,43,66.40,2855.20
1498,490,677,45,368.91,16600.95
1499,491,486,29,950.74,27571.46
1500,492,892,36,952.88,34303.68
1501,492,210,49,1776.15,87031.35
1502,493,112,49,287.55,14089.95
1503,493,492,16,1893.78,30300.48
1504,493,815,28,1100.76,30821.28
1505,493,587,5,1116.24,5581.20
1506,494,456,48,616.86,29609.28
1507,494,968,47,952.62,44773.14
1508,494,23,33,775.04,25576.32
1509,494,866,46,392.81,18069.26
1510,495,76,27,542.54,14648.58
1511,495,417,31,1257.43,38980.33
1512,495,475,25,1527.99,38199.75
1513,495,633,42,704.56,29591.52
1514,496,875,19,578.42,10989.98
1515,496,413,25,1145.39,28634.75
1516,496,397,34,739.00,25126.00
1517,496,394,6,1684.29,10105.74
1518,496,642,30,1919.34,57580.20
1519,497,985,24,1458.02,34992.48
1520,497,875,12,578.42,6941.04
1521,497,515,41,677.55,27779.55
1522,497,433,1,1326.90,1326.90
1523,497,526,47,1686.65,79272.55
1524,498,705,25,728.91,18222.75
1525,498,281,45,1093.89,49225.05
1526,498,694,18,906.57,16318.26
1527,498,461,7,661.20,4628.40
1528,499,671,5,656.16,3280.80
1529,499,56,42,1529.97,64258.74
1530,499,319,31,949.50,29434.50
1531,499,140,45,430.87,19389.15
1532,500,635,45,2082.57,93715.65
1533,500,116,47,1345.21,63224.87
1534,500,360,7,762.52,5337.64
1535,500,494,35,967.94,33877.90
1536,500,795,24,773.27,18558.48
1537,501,644,4,1248.91,4995.64
1538,501,167,23,279.05,6418.15
1539,502,495,22,1462.27,32169.94
1540,502,243,41,202.56,8304.96
1541,502,266,32,1900.39,60812.48
1542,502,204,28,37.40,1047.20
1543,503,33,46,348.23,16018.58
1544,504,138,39,1605.44,62612.16
1545,505,53,20,1022.00,20440.00
1546,505,531,19,668.66,12704.54
1547,506,304,29,1618.18,46927.22
1548,506,274,46,1248.50,57431.00
1549,506,253,11,1488.67,16375.37
1550,507,894,14,32.94,461.16
1551,507,757,35,454.77,15916.95
1552,508,485,18,988.47,17792.46
1553,509,85,41,1680.85,68914.85
1554,510,924,49,1381.24,67680.76
1555,510,47,44,1938.64,85300.16
1556,511,81,20,1164.65,23293.00
1557,511,698,26,757.22,19687.72
1558,512,490,31,1350.86,41876.66
1559,512,619,36,531.56,19136.16
1560,512,242,20,357.53,7150.60
1561,512,172,30,280.42,8412.60
1562,513,249,14,1272.84,17819.76
1563,513,1005,28,992.71,27795.88
1564,513,472,16,1256.84,20109.44
1565,513,357,2,166.51,333.02
1566,513,706,30,1490.15,44704.50
1567,514,153,2,162.66,325.32
1568,514,706,17,1504.62,25578.54
1569,514,538,48,1235.30,59294.40
1570,514,394,23,1493.61,34353.03
1571,514,428,46,1998.99,91953.54
1572,515,297,39,383.24,14946.36
1573,515,781,39,470.29,18341.31
1574,515,76,7,598.47,4189.29
1575,515,8,4,416.78,1667.12
1576,515,449,27,1945.36,52524.72
1577,516,836,23,2021.55,46495.65
1578,516,695,38,1397.43,53102.34
1579,516,252,41,683.38,28018.58
1580,516,419,48,557.82,26775.36
1581,516,686,16,1941.79,31068.64
1582,517,524,46,1672.86,76951.56
1583,517,253,5,1397.53,6987.65
1584,518,124,47,605.60,28463.20
1585,518,48,33,837.15,27625.95
1586,518,798,14,1431.81,20045.34
1587,518,228,39,975.55,38046.45
1588,519,40,13,868.22,11286.86
1589,519,531,20,654.43,13088.60
1590,519,224,16,1472.49,23559.84
1591,519,470,6,98.48,590.88
1592,519,685,6,404.38,2426.28
1593,520,226,29,842.09,24420.61
1594,520,375,29,1374.55,39861.95
1595,520,731,2,1428.83,2857.66
1596,521,347,40,1207.42,48296.80
1597,522,257,43,41.68,1792.24
1598,523,627,39,416.97,16261.83
1599,523,686,43,1980.63,85167.09
1600,524,693,38,1679.23,63810.74
1601,525,226,35,729.81,25543.35
1602,525,121,24,1420.28,34086.72
1603,525,894,29,36.23,1050.67
1604,525,664,33,124.42,4105.86
1605,525,349,33,416.90,13757.70
1606,526,61,6,1350.76,8104.56
1607,527,651,9,829.30,7463.70
1608,527,393,49,971.65,47610.85
1609,527,776,31,1623.32,50322.92
1610,527,72,9,1371.26,12341.34
1611,527,515,31,583.44,18086.64
1612,528,217,1,280.19,280.19
1613,529,751,48,1105.25,53052.00
1614,530,344,42,1794.47,75367.74
1615,530,712,20,962.20,19244.00
1616,531,323,11,1636.81,18004.91
1617,531,745,1,52.12,52.12
1618,531,6,6,2030.73,12184.38
1619,532,808,30,253.39,7601.70
1620,532,98,16,1780.66,28490.56
1621,532,395,48,2070.35,99376.80
1622,533,690,38,1206.32,45840.16
1623,533,650,23,330.90,7610.70
1624,533,253,26,1655.76,43049.76
1625,534,75,30,106.75,3202.50
1626,534,8,5,363.73,1818.65
1627,535,28,20,961.23,19224.60
1628,535,1008,33,1394.01,46002.33
1629,535,784,4,1168.42,4673.68
1630,535,863,2,882.61,1765.22
1631,536,606,47,1661.56,78093.32
1632,536,798,21,1530.08,32131.68
1633,536,842,44,581.18,25571.92
1634,537,260,9,932.20,8389.80
1635,537,542,42,213.70,8975.40
1636,537,426,30,625.49,18764.70
1637,538,607,13,1149.37,14941.81
1638,538,869,2,1920.64,3841.28
1639,538,103,18,472.16,8498.88
1640,538,391,41,807.27,33098.07
1641,539,181,2,839.40,1678.80
1642,539,859,17,1017.24,17293.08
1643,540,307,27,453.78,12252.06
1644,540,346,16,899.72,14395.52
1645,540,223,39,1736.00,67704.00
1646,540,483,39,1343.22,52385.58
1647,541,884,16,938.52,15016.32
1648,541,776,48,1656.79,79525.92
1649,541,494,42,941.55,39545.10
1650,541,247,27,1968.75,53156.25
1651,542,250,29,253.80,7360.20
1652,542,451,10,91.65,916.50
1653,542,103,5,515.97,2579.85
1654,542,62,49,1231.53,60344.97
1655,543,535,41,1693.72,69442.52
1656,543,246,16,1536.59,24585.44
1657,543,423,33,166.80,5504.40
1658,543,194,5,1465.16,7325.80
1659,543,446,4,193.05,772.20
1660,544,373,39,1410.01,54990.39
1661,544,947,45,1022.48,46011.60
1662,545,250,50,256.27,12813.50
1663,545,803,26,1698.55,44162.30
1664,546,468,38,312.98,11893.24
1665,546,387,8,1515.03,12120.24
1666,546,721,25,1175.19,29379.75
1667,546,749,13,1135.57,14762.41
1668,547,866,36,424.55,15283.80
1669,547,31,22,213.12,4688.64
1670,547,396,32,329.01,10528.32
1671,547,292,24,1217.61,29222.64
1672,548,490,24,1309.92,31438.08
1673,548,368,48,1861.52,89352.96
1674,548,547,27,1391.82,37579.14
1675,548,567,45,103.08,4638.60
1676,549,445,8,2091.06,16728.48
1677,549,131,40,668.30,26732.00
1678,549,391,31,899.77,27892.87
1679,550,988,23,61.93,1424.39
1680,550,450,13,1053.28,13692.64
1681,550,566,29,149.57,4337.53
1682,550,187,50,1749.77,87488.50
1683,551,448,22,1226.01,26972.22
1684,551,40,6,825.66,4953.96
1685,551,908,40,1122.73,44909.20
1686,552,297,20,446.41,8928.20
1687,552,204,40,35.26,1410.40
1688,553,347,36,1356.79,48844.44
1689,553,43,36,602.37,21685.32
1690,553,507,8,93.74,749.92
1691,553,526,5,1463.89,7319.45
1692,553,259,30,212.21,6366.30
1693,554,727,47,724.72,34061.84
1694,554,649,25,1628.09,40702.25
1695,555,920,3,967.27,2901.81
1696,555,247,13,2006.61,26085.93
1697,555,228,49,985.81,48304.69
1698,555,455,48,1280.69,61473.12
1699,555,572,21,1779.90,37377.90
1700,556,495,26,1241.55,32280.30
1701,557,950,14,473.37,6627.18
1702,557,288,50,19.25,962.50
1703,558,106,7,661.52,4630.64
1704,558,441,30,340.65,10219.50
1705,559,171,22,1291.90,28421.80
1706,559,746,10,1065.67,10656.70
1707,559,671,39,736.36,28718.04
1708,559,588,32,1414.12,45251.84
1709,559,204,16,34.20,547.20
1710,560,997,33,2032.67,67078.11
1711,560,28,9,1047.74,9429.66
1712,560,83,48,1801.70,86481.60
1713,560,749,16,1020.97,16335.52
1714,560,472,41,1194.62,48979.42
1715,561,118,46,427.69,19673.74
1716,561,681,45,754.42,33948.90
1717,561,429,27,54.07,1459.89
1718,561,774,12,744.47,8933.64
1719,562,72,34,1597.29,54307.86
1720,562,473,1,797.74,797.74
1721,562,670,38,1080.46,41057.48
1722,563,804,37,842.23,31162.51
1723,564,20,1,1658.62,1658.62
1724,565,55,13,1204.94,15664.22
1725,565,291,37,1073.77,39729.49
1726,565,843,24,1906.94,45766.56
1727,565,860,37,1215.49,44973.13
1728,566,124,14,574.06,8036.84
1729,567,381,35,1235.41,43239.35
1730,567,353,14,202.19,2830.66
1731,568,695,25,1411.99,35299.75
1732,568,985,1,1530.19,1530.19
1733,568,875,8,589.54,4716.32
1734,569,48,35,760.35,26612.25
1735,570,166,1,2078.50,2078.50
1736,570,700,38,719.68,27347.84
1737,570,668,11,366.95,4036.45
1738,570,411,40,1698.61,67944.40
1739,571,636,35,345.72,12100.20
1740,571,611,18,1384.81,24926.58
1741,571,875,40,539.48,21579.20
1742,571,931,48,1513.24,72635.52
1743,571,971,31,870.91,26998.21
1744,572,43,24,533.53,12804.72
1745,572,412,30,1005.70,30171.00
1746,572,366,14,1263.02,17682.28
1747,572,300,44,571.82,25160.08
1748,573,756,18,1654.32,29777.76
1749,573,455,7,1243.74,8706.18
1750,573,353,35,219.58,7685.30
1751,574,584,23,789.10,18149.30
1752,574,573,10,384.23,3842.30
1753,574,450,43,1001.14,43049.02
1754,574,182,20,1013.87,20277.40
1755,575,57,14,1517.57,21245.98
1756,575,137,37,784.20,29015.40
1757,575,719,3,417.38,1252.14
1758,575,84,4,427.85,1711.40
1759,575,199,48,1036.34,49744.32
1760,576,256,12,1048.04,12576.48
1761,576,283,14,1412.37,19773.18
1762,577,266,33,1881.76,62098.08
1763,578,696,13,1603.17,20841.21
1764,578,62,35,1133.99,39689.65
1765,578,943,29,1245.18,36110.22
1766,578,435,39,1836.94,71640.66
1767,578,192,50,2076.29,103814.50
1768,579,686,15,2000.04,30000.60
1769,579,741,21,1219.57,25610.97
1770,579,486,11,960.25,10562.75
1771,579,752,14,1438.50,20139.00
1772,579,214,5,490.44,2452.20
1773,580,796,45,947.76,42649.20
1774,581,589,29,963.23,27933.67
1775,581,1005,40,1012.56,40502.40
1776,581,21,35,353.61,12376.35
1777,581,595,44,1371.91,60364.04
1778,582,376,10,632.50,6325.00
1779,582,100,18,2021.82,36392.76
1780,582,484,21,263.29,5529.09
1781,582,673,14,1230.52,17227.28
1782,583,992,33,742.64,24507.12
1783,583,127,13,668.28,8687.64
1784,583,251,27,285.58,7710.66
1785,583,626,40,1327.54,53101.60
1786,583,784,11,1155.99,12715.89
1787,584,826,8,632.16,5057.28
1788,584,356,22,257.88,5673.36
1789,584,775,36,961.58,34616.88
1790,584,151,3,897.54,2692.62
1791,584,292,33,1360.10,44883.30
1792,585,228,38,924.20,35119.60
1793,585,994,20,80.09,1601.80
1794,585,316,38,2041.74,77586.12
1795,586,417,14,1353.10,18943.40
1796,586,369,42,1512.33,63517.86
1797,586,114,28,307.11,8599.08
1798,587,448,49,1280.50,62744.50
1799,587,515,5,671.28,3356.40
1800,587,223,49,1662.91,81482.59
1801,588,107,12,1576.90,18922.80
1802,589,2,31,453.98,14073.38
1803,590,97,12,1337.50,16050.00
1804,590,246,33,1597.45,52715.85
1805,590,874,43,1902.00,81786.00
1806,590,702,19,1101.05,20919.95
1807,590,66,18,861.04,15498.72
1808,591,390,40,253.70,10148.00
1809,591,85,4,1680.85,6723.40
1810,591,125,19,1999.26,37985.94
1811,591,779,6,46.73,280.38
1812,591,61,18,1437.91,25882.38
1813,592,780,48,150.98,7247.04
1814,593,797,25,60.31,1507.75
1815,593,545,14,278.46,3898.44
1816,593,221,9,1055.30,9497.70
1817,594,139,46,1566.62,72064.52
1818,595,10,38,675.48,25668.24
1819,595,914,49,1322.79,64816.71
1820,596,543,44,795.17,34987.48
1821,596,893,19,1831.02,34789.38
1822,596,849,25,251.52,6288.00
1823,596,41,26,1014.04,26365.04
1824,597,118,48,389.20,18681.60
1825,597,285,41,284.37,11659.17
1826,597,137,38,776.94,29523.72
1827,598,11,22,1192.41,26233.02
1828,598,477,39,2086.13,81359.07
1829,598,949,22,1133.92,24946.24
1830,598,449,41,2080.19,85287.79
1831,599,752,12,1465.13,17581.56
1832,599,533,37,1036.18,38338.66
1833,599,69,19,137.59,2614.21
1834,599,721,38,1231.15,46783.70
1835,599,572,7,2004.73,14033.11
1836,600,116,16,1315.96,21055.36
1837,600,166,50,1923.09,96154.50
1838,600,715,47,1377.47,64741.09
1839,601,707,20,218.00,4360.00
1840,601,357,18,156.99,2825.82
1841,601,378,19,1897.67,36055.73
1842,602,999,2,2101.87,4203.74
1843,602,695,35,1572.11,55023.85
1844,602,460,36,1216.54,43795.44
1845,602,203,22,773.33,17013.26
1846,602,541,21,251.34,5278.14
1847,603,463,33,1169.22,38584.26
1848,603,321,14,1628.86,22804.04
1849,603,638,48,1321.62,63437.76
1850,603,288,14,21.18,296.52
1851,604,285,4,253.40,1013.60
1852,604,845,40,1270.98,50839.20
1853,605,248,44,675.81,29735.64
1854,605,668,43,440.34,18934.62
1855,605,705,35,713.23,24963.05
1856,605,671,30,772.81,23184.30
1857,605,553,15,1409.06,21135.90
1858,606,27,12,1823.78,21885.36
1859,606,754,45,1801.94,81087.30
1860,606,742,46,1220.26,56131.96
1861,606,277,9,960.60,8645.40
1862,607,567,30,118.26,3547.80
1863,607,406,37,1809.40,66947.80
1864,607,968,26,1003.30,26085.80
1865,607,811,38,1702.28,64686.64
1866,607,496,32,808.03,25856.96
1867,608,81,20,1081.46,21629.20
1868,608,994,29,66.26,1921.54
1869,608,146,16,954.84,15277.44
1870,608,841,1,1768.06,1768.06
1871,608,138,34,1561.25,53082.50
1872,609,353,30,236.98,7109.40
1873,609,958,48,483.82,23223.36
1874,609,727,37,704.77,26076.49
1875,609,983,28,1862.90,52161.20
1876,609,490,48,1405.44,67461.12
1877,610,25,32,348.97,11167.04
1878,610,719,39,429.78,16761.42
1879,610,706,12,1519.09,18229.08
1880,610,165,1,333.99,333.99
1881,610,178,42,1261.23,52971.66
1882,611,252,4,726.54,2906.16
1883,611,637,6,733.10,4398.60
1884,611,987,49,1707.61,83672.89
1885,611,707,43,222.28,9558.04
1886,611,692,20,1003.46,20069.20
1887,612,523,21,1944.28,40829.88
1888,612,266,35,1900.39,66513.65
1889,612,737,10,1857.04,18570.40
1890,612,42,12,1051.05,12612.60
1891,612,325,7,142.49,997.43
1892,613,39,38,1523.45,57891.10
1893,613,495,23,1269.14,29190.22
1894,613,448,46,1266.87,58276.02
1895,614,453,15,948.92,14233.80
1896,614,300,1,587.85,587.85
1897,614,430,8,257.85,2062.80
1898,614,429,32,55.08,1762.56
1899,615,975,2,1214.85,2429.70
1900,616,397,1,723.77,723.77
1901,616,784,20,1342.44,26848.80
1902,616,843,37,1963.03,72632.11
1903,616,214,9,405.72,3651.48
1904,617,221,27,1025.44,27686.88
1905,617,805,30,1929.18,57875.40
1906,617,462,41,1018.17,41744.97
1907,617,99,17,795.32,13520.44
1908,618,691,42,1515.36,63645.12
1909,618,3,4,24.71,98.84
1910,618,197,24,213.63,5127.12
1911,618,79,13,532.70,6925.10
1912,618,106,12,589.47,7073.64
1913,619,604,35,285.88,10005.80
1914,619,265,17,2104.42,35775.14
1915,620,240,44,908.38,39968.72
1916,620,639,44,1613.77,71005.88
1917,620,44,38,96.86,3680.68
1918,621,469,38,1203.88,45747.44
1919,621,679,10,1118.58,11185.80
1920,621,843,22,1738.68,38250.96
1921,621,907,36,2104.88,75775.68
1922,622,691,15,1467.51,22012.65
1923,622,253,20,1503.86,30077.20
1924,622,112,22,304.63,6701.86
1925,622,221,24,1065.26,25566.24
1926,622,486,43,874.68,37611.24
1927,623,173,10,615.87,6158.70
1928,624,217,47,266.85,12541.95
1929,624,116,18,1345.21,24213.78
1930,625,149,25,270.07,6751.75
1931,625,580,30,766.60,22998.00
1932,626,92,45,1103.39,49652.55
1933,626,123,50,1159.66,57983.00
1934,627,165,13,292.24,3799.12
1935,627,884,19,1006.96,19132.24
1936,627,389,8,1329.75,10638.00
1937,627,474,8,1661.02,13288.16
1938,628,866,21,376.94,7915.74
1939,628,687,4,834.72,3338.88
1940,628,355,44,236.80,10419.20
1941,628,408,32,274.25,8776.00
1942,629,749,28,1083.48,30337.44
1943,629,993,42,1167.49,49034.58
1944,629,19,44,1081.00,47564.00
1945,629,303,33,1166.36,38489.88
1946,629,677,20,340.80,6816.00
1947,630,120,45,830.00,37350.00
1948,631,732,35,1011.52,35403.20
1949,631,874,23,1902.00,43746.00
1950,632,799,49,247.93,12148.57
1951,633,467,40,419.42,16776.80
1952,633,879,42,1939.31,81451.02
1953,633,143,32,569.13,18212.16
1954,633,493,29,752.27,21815.83
1955,634,464,28,105.86,2964.08
1956,635,360,9,811.71,7305.39
1957,636,300,13,534.41,6947.33
1958,636,634,3,1393.39,4180.17
1959,636,604,23,304.53,7004.19
1960,636,335,15,830.40,12456.00
1961,636,36,47,1358.98,63872.06
1962,637,988,16,68.96,1103.36
1963,637,883,14,265.73,3720.22
1964,637,162,42,642.09,26967.78
1965,637,50,44,294.77,12969.88
1966,637,636,7,303.71,2125.97
1967,638,364,14,634.59,8884.26
1968,638,750,41,519.90,21315.90
1969,638,346,33,1038.14,34258.62
1970,638,539,50,1189.60,59480.00
1971,639,674,38,826.94,31423.72
1972,639,621,14,348.66,4881.24
1973,640,946,35,1465.92,51307.20
1974,640,986,21,198.72,4173.12
1975,640,516,36,234.71,8449.56
1976,640,893,28,1849.71,51791.88
1977,640,660,6,1003.98,6023.88
1978,641,53,29,1171.04,33960.16
1979,641,898,34,608.56,20691.04
1980,641,913,15,220.17,3302.55
1981,641,835,3,495.15,1485.45
1982,641,728,42,1094.25,45958.50
1983,642,476,45,1570.98,70694.10
1984,642,884,8,967.85,7742.80
1985,642,540,19,1420.28,26985.32
1986,643,655,12,715.49,8585.88
1987,643,670,16,972.42,15558.72
1988,643,695,38,1557.56,59187.28
1989,643,391,15,891.36,13370.40
1990,644,276,30,873.88,26216.40
1991,644,154,7,1570.20,10991.40
1992,645,783,38,1438.45,54661.10
1993,645,847,13,267.59,3478.67
1994,646,654,17,427.82,7272.94
1995,646,357,30,166.51,4995.30
1996,646,880,41,619.78,25410.98
1997,647,312,13,637.73,8290.49
1998,647,10,42,718.60,30181.20
1999,648,48,25,844.83,21120.75
2000,648,830,4,1493.02,5972.08
2001,648,710,36,1796.04,64657.44
2002,649,139,43,1566.62,67364.66
2003,650,810,14,718.25,10055.50
2004,650,220,23,645.33,14842.59
2005,650,905,42,639.39,26854.38
2006,650,721,13,1219.96,15859.48
2007,650,605,38,549.07,20864.66
2008,651,564,21,1306.12,27428.52
2009,652,1005,26,1082.05,28133.30
2010,652,86,22,2084.21,45852.62
2011,652,807,45,277.37,12481.65
2012,653,907,5,1846.74,9233.70
2013,653,793,43,859.77,36970.11
2014,653,178,28,1344.39,37642.92
2015,653,204,39,33.13,1292.07
2016,653,533,28,1045.68,29279.04
2017,654,944,32,1902.14,60868.48
2018,654,950,28,451.65,12646.20
2019,655,201,7,163.81,1146.67
2020,655,747,49,1624.32,79591.68
2021,655,56,10,1384.25,13842.50
2022,655,37,42,79.94,3357.48
2023,656,366,43,1213.97,52200.71
2024,657,820,14,1364.77,19106.78
2025,657,659,22,813.13,17888.86
2026,657,67,2,1189.15,2378.30
2027,658,795,35,773.27,27064.45
2028,658,316,27,1883.16,50845.32
2029,658,74,18,1247.22,22449.96
2030,658,525,23,2176.76,50065.48
2031,659,712,26,1018.80,26488.80
2032,659,624,19,1938.29,36827.51
2033,659,693,4,1679.23,6716.92
2034,659,1002,19,1609.82,30586.58
2035,660,739,1,1202.25,1202.25
2036,660,523,20,2038.66,40773.20
2037,660,637,21,633.13,13295.73
2038,660,979,31,1118.81,34683.11
2039,661,501,44,1819.58,80061.52
2040,661,352,46,1353.07,62241.22
2041,661,769,33,57.88,1910.04
2042,661,82,47,1224.94,57572.18
2043,661,85,48,1464.96,70318.08
2044,662,445,24,1900.96,45623.04
2045,663,923,15,1996.16,29942.40
2046,663,375,47,1268.81,59634.07
2047,663,770,28,25.89,724.92
2048,663,432,8,667.80,5342.40
2049,664,206,48,169.80,8150.40
2050,664,584,50,780.71,39035.50
2051,664,21,7,328.10,2296.70
2052,664,658,35,1920.18,67206.30
2053,664,929,31,106.43,3299.33
2054,665,788,19,535.72,10178.68
2055,665,912,8,727.73,5821.84
2056,665,719,1,433.91,433.91
2057,665,920,12,1169.22,14030.64
2058,665,918,14,590.33,8264.62
2059,666,666,41,1433.25,58763.25
2060,666,893,29,1718.92,49848.68
2061,666,192,5,2076.29,10381.45
2062,666,795,15,846.53,12697.95
2063,666,512,43,150.62,6476.66
2064,667,113,32,27.72,887.04
2065,667,634,41,1298.70,53246.70
2066,667,328,47,1697.74,79793.78
2067,667,630,40,1115.81,44632.40
2068,668,234,40,611.79,24471.60
2069,668,515,37,646.18,23908.66
2070,668,996,17,923.48,15699.16
2071,669,584,43,847.86,36457.98
2072,669,855,45,143.93,6476.85
2073,669,737,45,1688.22,75969.90
2074,669,290,18,710.05,12780.90
2075,670,418,4,891.10,3564.40
2076,670,884,15,928.75,13931.25
2077,670,111,38,545.46,20727.48
2078,671,562,17,1594.47,27105.99
2079,671,398,20,497.93,9958.60
2080,671,36,7,1527.10,10689.70
2081,672,425,29,1381.49,40063.21
2082,672,242,23,338.03,7774.69
2083,672,700,18,758.79,13658.22
2084,672,689,31,1436.45,44529.95
2085,673,476,30,1729.67,51890.10
2086,674,451,50,92.67,4633.50
2087,674,416,46,621.60,28593.60
2088,674,858,9,1229.27,11063.43
2089,674,43,28,602.37,16866.36
2090,674,816,25,1388.29,34707.25
2091,675,726,30,109.48,3284.40
2092,675,567,34,98.74,3357.16
2093,675,808,14,266.19,3726.66
2094,675,853,32,123.57,3954.24
2095,676,363,18,323.01,5814.18
2096,676,711,8,597.48,4779.84
2097,677,658,10,1706.82,17068.20
2098,678,804,18,842.23,15160.14
2099,679,985,11,1356.97,14926.67
2100,679,728,45,1105.77,49759.65
2101,680,525,21,1977.06,41518.26
2102,680,116,33,1535.29,50664.57
2103,681,180,8,1534.70,12277.60
2104,681,926,39,490.92,19145.88
2105,681,709,47,704.30,33102.10
2106,681,623,17,964.01,16388.17
2107,682,799,7,285.25,1996.75
2108,682,584,41,847.86,34762.26
2109,682,228,34,975.55,33168.70
2110,682,875,25,600.66,15016.50
2111,682,317,29,207.84,6027.36
2112,683,165,47,314.72,14791.84
2113,683,972,17,423.57,7200.69
2114,683,645,33,1285.05,42406.65
2115,683,308,9,1149.96,10349.64
2116,684,855,14,149.36,2091.04
2117,684,804,35,874.02,30590.70
2118,684,932,13,1054.00,13702.00
2119,685,373,49,1286.80,63053.20
2120,685,692,50,1112.53,55626.50
2121,685,121,16,1530.75,24492.00
2122,685,837,45,718.00,32310.00
2123,686,799,25,274.59,6864.75
2124,686,719,45,421.52,18968.40
2125,686,89,22,516.53,11363.66
2126,686,510,43,204.08,8775.44
2127,686,113,9,25.91,233.19
2128,687,1006,27,1557.63,42056.01
2129,687,206,28,164.32,4600.96
2130,688,376,6,650.23,3901.38
2131,688,465,29,998.36,28952.44
2132,688,610,8,944.01,7552.08
2133,689,850,20,299.70,5994.00
2134,690,335,9,777.56,6998.04
2135,691,337,44,506.38,22280.72
2136,691,885,22,460.24,10125.28
2137,691,461,30,668.02,20040.60
2138,691,438,31,820.68,25441.08
2139,692,518,3,1026.51,3079.53
2140,693,720,4,1580.59,6322.36
2141,693,274,30,1090.93,32727.90
2142,694,32,50,628.26,31413.00
2143,695,311,1,2151.86,2151.86
2144,695,270,26,55.02,1430.52
2145,696,379,18,1828.86,32919.48
2146,696,408,37,250.97,9285.89
2147,696,596,36,1363.66,49091.76
2148,696,994,4,71.35,285.40
2149,696,930,25,1609.56,40239.00
2150,697,674,3,928.01,2784.03
2151,698,899,23,1457.15,33514.45
2152,699,838,9,1312.08,11808.72
2153,699,759,43,769.43,33085.49
2154,700,588,10,1443.58,14435.80
2155,700,239,21,274.01,5754.21
2156,701,370,29,965.59,28002.11
2157,702,346,5,959.04,4795.20
2158,702,420,36,1251.59,45057.24
2159,702,821,21,1360.34,28567.14
2160,703,624,46,1648.46,75829.16
2161,703,998,12,1772.25,21267.00
2162,703,740,27,1353.65,36548.55
2163,704,702,48,1089.46,52294.08
2164,704,12,41,446.99,18326.59
2165,704,115,30,1387.60,41628.00
2166,704,485,50,842.03,42101.50
2167,704,962,34,1556.58,52923.72
2168,705,495,45,1393.30,62698.50
2169,705,381,26,1175.44,30561.44
2170,705,997,18,1994.67,35904.06
2171,706,493,11,784.97,8634.67
2172,706,186,32,1080.79,34585.28
2173,706,21,18,328.10,5905.80
2174,706,42,40,949.01,37960.40
2175,707,855,8,131.71,1053.68
2176,707,332,6,1968.25,11809.50
2177,707,782,2,799.04,1598.08
2178,707,763,45,940.76,42334.20
2179,708,918,46,583.84,26856.64
2180,708,829,50,1208.74,60437.00
2181,709,25,46,315.42,14509.32
2182,709,570,25,1223.98,30599.50
2183,709,328,19,1432.96,27226.24
2184,709,969,44,548.27,24123.88
2185,709,602,2,1681.75,3363.50
2186,710,754,29,1515.65,43953.85
2187,711,445,45,1977.00,88965.00
2188,711,990,41,539.88,22135.08
2189,711,894,43,35.87,1542.41
2190,712,137,5,660.76,3303.80
2191,712,715,24,1482.28,35574.72
2192,712,944,27,1556.30,42020.10
2193,712,798,47,1333.55,62676.85
2194,713,355,15,254.07,3811.05
2195,713,104,38,574.26,21821.88
2196,713,742,11,1158.00,12738.00
2197,713,73,35,366.28,12819.80
2198,713,740,18,1606.53,28917.54
2199,714,70,7,66.81,467.67
2200,715,369,38,1629.96,61938.48
2201,715,59,3,1585.08,4755.24
2202,716,62,3,1231.53,3694.59
2203,716,73,27,343.39,9271.53
2204,717,158,6,1398.55,8391.30
2205,717,508,23,1398.33,32161.59
2206,718,897,16,97.63,1562.08
2207,718,200,46,1533.53,70542.38
2208,718,593,31,1396.18,43281.58
2209,719,327,5,1249.62,6248.10
2210,719,649,12,1663.10,19957.20
2211,720,67,47,1092.08,51327.76
2212,720,901,15,1160.75,17411.25
2213,721,865,43,810.86,34866.98
2214,721,762,5,1988.82,9944.10
2215,722,810,9,689.52,6205.68
2216,722,113,30,27.98,839.40
2217,722,558,18,1283.66,23105.88
2218,723,836,9,2021.55,18193.95
2219,723,941,9,1120.54,10084.86
2220,724,705,15,760.26,11403.90
2221,724,710,12,2052.62,24631.44
2222,725,91,37,1821.88,67409.56
2223,725,336,1,1741.72,1741.72
2224,725,902,17,1478.60,25136.20
2225,726,768,4,1202.94,4811.76
2226,727,584,38,923.42,35089.96
2227,727,248,30,714.80,21444.00
2228,728,274,41,1333.35,54667.35
2229,729,81,31,1271.61,39419.91
2230,729,337,38,581.00,22078.00
2231,729,740,44,1383.40,60869.60
2232,729,354,44,303.19,13340.36
2233,730,307,28,485.54,13595.12
2234,730,618,48,1370.86,65801.28
2235,730,831,39,891.28,34759.92
2236,730,789,7,433.70,3035.90
2237,730,415,24,1333.89,32013.36
2238,731,903,24,1478.31,35479.44
2239,732,318,41,734.11,30098.51
2240,732,52,23,344.78,7929.94
2241,732,213,20,181.78,3635.60
2242,732,222,24,947.31,22735.44
2243,733,877,8,515.48,4123.84
2244,733,893,45,1718.92,77351.40
2245,733,717,17,387.17,6581.89
2246,733,201,47,185.17,8702.99
2247,733,536,10,1465.43,14654.30
2248,734,613,49,1834.42,89886.58
2249,734,459,37,159.40,5897.80
2250,734,325,19,163.49,3106.31
2251,735,692,45,1090.72,49082.40
2252,735,248,28,584.84,16375.52
2253,735,456,11,699.53,7694.83
2254,736,737,35,2063.38,72218.30
2255,736,884,16,918.97,14703.52
2256,737,673,11,1413.78,15551.58
2257,737,187,46,1645.83,75708.18
2258,738,646,5,1618.61,8093.05
2259,738,235,18,460.84,8295.12
2260,738,385,2,568.34,1136.68
2261,738,143,44,536.61,23610.84
2262,739,849,34,283.29,9631.86
2263,739,219,14,1427.62,19986.68
2264,740,716,12,465.70,5588.40
2265,740,992,27,781.73,21106.71
2266,740,126,17,656.54,11161.18
2267,741,594,7,897.21,6280.47
2268,742,782,42,719.14,30203.88
2269,743,31,2,224.83,449.66
2270,743,460,49,1306.18,64002.82
2271,743,985,14,1443.58,20210.12
2272,743,469,36,1169.81,42113.16
2273,743,714,17,773.02,13141.34
2274,744,687,11,781.61,8597.71
2275,745,909,34,1248.37,42444.58
2276,745,452,9,673.15,6058.35
2277,745,537,16,790.46,12647.36
2278,746,25,5,328.84,1644.20
2279,746,632,3,953.48,2860.44
2280,746,683,9,1944.86,17503.74
2281,746,373,11,1259.42,13853.62
2282,746,1000,1,1237.24,1237.24
2283,747,401,47,1644.70,77300.90
2284,748,370,1,807.59,807.59
2285,748,887,23,953.53,21931.19
2286,749,522,47,376.91,17714.77
2287,749,802,41,988.84,40542.44
2288,749,984,35,314.98,11024.30
2289,749,746,32,919.02,29408.64
2290,749,533,11,1026.67,11293.37
2291,750,77,12,674.58,8094.96
2292,750,964,34,542.17,18433.78
2293,750,800,29,69.27,2008.83
2294,750,75,37,109.12,4037.44
2295,750,725,19,910.48,17299.12
2296,751,919,20,543.14,10862.80
2297,751,674,1,918.82,918.82
2298,751,268,7,1087.58,7613.06
2299,752,137,6,784.20,4705.20
2300,752,396,42,287.89,12091.38
2301,752,265,50,2104.42,105221.00
2302,752,693,49,1660.98,81388.02
2303,753,733,6,1057.22,6343.32
2304,753,617,47,1092.02,51324.94
2305,753,809,13,1716.26,22311.38
2306,753,417,25,1366.77,34169.25
2307,753,385,36,540.20,19447.20
2308,754,744,47,1659.52,77997.44
2309,754,299,29,146.62,4251.98
2310,754,118,48,410.58,19707.84
2311,754,544,22,1060.42,23329.24
2312,754,187,11,1784.42,19628.62
2313,755,67,9,1104.21,9937.89
2314,755,590,19,827.59,15724.21
2315,755,873,28,547.14,15319.92
2316,755,840,35,2084.19,72946.65
2317,756,922,37,1736.02,64232.74
2318,756,549,50,1596.24,79812.00
2319,756,265,41,1907.75,78217.75
2320,756,714,1,773.02,773.02
2321,757,609,31,929.51,28814.81
2322,757,862,7,1440.84,10085.88
2323,757,464,17,111.49,1895.33
2324,758,245,41,1541.02,63181.82
2325,758,498,4,59.85,239.40
2326,759,459,10,181.92,1819.20
2327,759,726,25,107.27,2681.75
2328,759,600,31,643.46,19947.26
2329,760,623,3,924.25,2772.75
2330,761,985,2,1559.07,3118.14
2331,761,819,12,1120.96,13451.52
2332,761,842,1,581.18,581.18
2333,762,276,32,864.87,27675.84
2334,762,421,35,1272.32,44531.20
2335,762,916,21,781.99,16421.79
2336,763,387,4,1612.77,6451.08
2337,763,166,47,1845.39,86733.33
2338,763,505,2,1697.20,3394.40
2339,763,437,21,457.24,9602.04
2340,763,275,41,1101.51,45161.91
2341,764,120,2,804.06,1608.12
2342,764,502,43,768.93,33063.99
2343,764,490,17,1241.70,21108.90
2344,764,4,17,1590.72,27042.24
2345,764,728,25,1243.99,31099.75
2346,765,664,11,123.09,1353.99
2347,766,174,50,1742.54,87127.00
2348,766,592,44,301.15,13250.60
2349,766,942,47,1401.50,65870.50
2350,766,924,15,1327.08,19906.20
2351,767,717,44,391.08,17207.52
2352,767,522,17,355.77,6048.09
2353,768,900,23,1031.57,23726.11
2354,768,773,3,692.36,2077.08
2355,769,777,7,32.10,224.70
2356,769,239,19,295.33,5611.27
2357,770,334,34,1026.51,34901.34
2358,770,3,15,27.15,407.25
2359,770,25,32,322.13,10308.16
2360,770,183,26,446.20,11601.20
2361,770,388,16,1391.04,22256.64
2362,771,901,10,1172.84,11728.40
2363,771,819,44,1267.17,55755.48
2364,771,499,26,1292.90,33615.40
2365,772,233,42,1183.30,49698.60
2366,772,322,49,1696.47,83127.03
2367,772,676,47,1474.99,69324.53
2368,773,252,28,733.74,20544.72
2369,773,957,20,1105.16,22103.20
2370,773,599,20,1036.72,20734.40
2371,773,708,14,292.75,4098.50
2372,774,765,22,1892.35,41631.70
2373,774,557,30,1201.86,36055.80
2374,775,747,13,1560.62,20288.06
2375,775,203,2,742.08,1484.16
2376,775,645,42,1400.70,58829.40
2377,775,815,42,1135.16,47676.72
2378,776,307,24,476.47,11435.28
2379,776,890,2,527.87,1055.74
2380,776,18,18,568.81,10238.58
2381,776,452,8,666.35,5330.80
2382,776,256,38,977.50,37145.00
2383,777,877,18,616.33,11093.94
2384,777,814,36,2046.41,73670.76
2385,777,808,5,261.07,1305.35
2386,778,866,50,416.62,20831.00
2387,778,761,15,1291.76,19376.40
2388,779,26,32,1126.06,36033.92
2389,779,329,42,1440.41,60497.22
2390,779,486,38,969.75,36850.50
2391,780,229,40,1808.41,72336.40
2392,780,934,38,1626.25,61797.50
2393,781,177,2,633.18,1266.36
2394,781,25,41,308.71,12657.11
2395,782,406,12,2006.07,24072.84
2396,782,555,34,85.96,2922.64
2397,782,75,3,117.42,352.26
2398,782,37,37,79.15,2928.55
2399,782,1007,5,1619.31,8096.55
2400,783,855,24,124.92,2998.08
2401,783,977,18,1530.79,27554.22
2402,783,48,30,844.83,25344.90
2403,784,903,31,1651.30,51190.30
2404,784,308,9,1206.33,10856.97
2405,784,716,10,513.71,5137.10
2406,785,251,48,307.79,14773.92
2407,785,681,6,689.13,4134.78
2408,785,207,37,1986.41,73497.17
2409,786,845,11,1232.85,13561.35
2410,786,137,32,689.80,22073.60
2411,786,866,39,384.88,15010.32
2412,786,490,18,1268.98,22841.64
2413,787,409,45,400.39,18017.55
2414,788,284,5,1226.64,6133.20
2415,788,442,40,55.44,2217.60
2416,788,211,49,1244.40,60975.60
2417,788,342,6,1821.12,10926.72
2418,789,451,19,103.87,1973.53
2419,789,375,3,1215.95,3647.85
2420,789,597,6,1276.20,7657.20
2421,789,334,10,932.33,9323.30
2422,790,344,9,2122.49,19102.41
2423,790,473,47,745.55,35040.85
2424,790,198,36,680.78,24508.08
2425,790,210,38,1693.92,64368.96
2426,790,29,13,1315.64,17103.32
2427,791,426,11,632.29,6955.19
2428,791,787,32,148.09,4738.88
2429,791,129,6,1271.20,7627.20
2430,791,421,17,1129.63,19203.71
2431,791,754,28,1852.47,51869.16
2432,792,364,29,561.37,16279.73
2433,792,719,38,384.32,14604.16
2434,792,123,11,1247.90,13726.90
2435,792,850,33,282.89,9335.37
2436,793,530,33,692.29,22845.57
2437,793,954,21,486.57,10217.97
2438,794,770,16,26.39,422.24
2439,794,667,41,814.25,33384.25
2440,794,605,39,505.14,19700.46
2441,794,1007,9,1686.78,15181.02
2442,794,274,18,1175.78,21164.04
2443,795,512,7,155.48,1088.36
2444,795,371,20,756.33,15126.60
2445,795,853,46,132.05,6074.30
2446,796,723,38,824.25,31321.50
2447,796,203,37,773.33,28613.21
2448,796,768,24,1055.41,25329.84
2449,797,924,20,1462.49,29249.80
2450,797,1007,2,1804.85,3609.70
2451,797,292,7,1178.75,8251.25
2452,797,159,44,997.61,43894.84
2453,797,551,29,1896.64,55002.56
2454,798,995,50,785.90,39295.00
2455,798,756,25,1704.45,42611.25
2456,798,849,49,240.93,11805.57
2457,798,239,20,331.86,6637.20
2458,799,719,28,388.46,10876.88
2459,800,201,16,165.59,2649.44
2460,801,761,47,1347.93,63352.71
2461,801,656,14,1360.91,19052.74
2462,802,456,28,604.14,16915.92
2463,802,221,44,985.61,43366.84
2464,802,969,24,599.14,14379.36
2465,803,427,24,1732.48,41579.52
2466,803,466,2,717.63,1435.26
2467,803,994,35,72.08,2522.80
2468,803,65,9,877.21,7894.89
2469,803,106,44,707.37,31124.28
2470,804,427,26,1905.73,49548.98
2471,804,914,49,1142.41,55978.09
2472,804,498,25,57.33,1433.25
2473,804,887,5,953.53,4767.65
2474,804,679,14,1216.92,17036.88
2475,805,888,14,406.45,5690.30
2476,806,526,41,1750.30,71762.30
2477,806,152,34,967.42,32892.28
2478,806,269,19,563.75,10711.25
2479,806,1001,34,1171.38,39826.92
2480,806,295,38,1347.22,51194.36
2481,807,662,27,1227.66,33146.82
2482,807,802,36,1056.70,38041.20
2483,807,864,29,1399.78,40593.62
2484,808,107,12,1361.87,16342.44
2485,809,507,38,106.98,4065.24
2486,809,564,25,1416.11,35402.75
2487,809,776,2,1573.12,3146.24
2488,810,79,41,508.48,20847.68
2489,811,298,22,731.17,16085.74
2490,812,119,28,719.73,20152.44
2491,812,283,4,1540.77,6163.08
2492,812,299,15,146.62,2199.30
2493,812,160,22,579.45,12747.90
2494,813,24,42,1695.33,71203.86
2495,813,687,4,766.43,3065.72
2496,813,747,44,1528.77,67265.88
2497,813,697,32,1832.71,58646.72
2498,814,193,42,2004.85,84203.70
2499,814,810,40,775.71,31028.40
2500,815,56,23,1573.68,36194.64
2501,815,581,28,886.56,24823.68
2502,816,946,35,1418.63,49652.05
2503,816,304,5,1497.20,7486.00
2504,816,917,45,395.02,17775.90
2505,816,332,26,2086.34,54244.84
2506,817,376,26,632.50,16445.00
2507,817,316,1,2002.09,2002.09
2508,817,17,30,602.72,18081.60
2509,817,200,47,1533.53,72075.91
2510,817,923,13,1900.19,24702.47
2511,818,900,11,1134.73,12482.03
2512,818,943,31,1270.08,39372.48
2513,818,40,16,842.69,13483.04
2514,819,741,11,1270.92,13980.12
2515,819,900,26,1010.94,26284.44
2516,819,285,50,298.44,14922.00
2517,819,178,44,1496.85,65861.40
2518,819,435,37,2051.90,75920.30
2519,820,34,12,1722.35,20668.20
2520,820,787,11,167.83,1846.13
2521,821,694,29,787.95,22850.55
2522,821,584,5,789.10,3945.50
2523,821,278,1,1006.45,1006.45
2524,822,848,6,1212.97,7277.82
2525,822,537,2,894.70,1789.40
2526,822,749,42,1052.23,44193.66
2527,822,371,24,740.73,17777.52
2528,822,881,8,1179.40,9435.20
2529,823,470,10,88.63,886.30
2530,823,717,29,394.99,11454.71
2531,823,856,15,1574.04,23610.60
2532,823,657,24,474.26,11382.24
2533,824,843,21,1963.03,41223.63
2534,824,483,46,1474.62,67832.52
2535,824,895,46,1626.82,74833.72
2536,824,692,42,1156.16,48558.72
2537,825,820,42,1417.77,59546.34
2538,825,557,6,1313.37,7880.22
2539,825,830,10,1552.74,15527.40
2540,825,621,10,400.59,4005.90
2541,825,998,43,2047.94,88061.42
2542,826,527,35,861.46,30151.10
2543,827,532,4,131.52,526.08
2544,828,929,3,108.56,325.68
2545,828,345,47,1977.08,92922.76
2546,828,844,45,1326.92,59711.40
2547,828,538,32,1285.21,41126.72
2548,828,519,47,83.00,3901.00
2549,829,421,32,1093.95,35006.40
2550,829,87,38,1801.98,68475.24
2551,830,468,31,332.34,10302.54
2552,830,904,6,610.72,3664.32
2553,830,407,2,1092.07,2184.14
2554,831,273,31,497.22,15413.82
2555,831,475,17,1725.15,29327.55
2556,832,15,8,362.72,2901.76
2557,832,779,31,50.94,1579.14
2558,832,990,12,545.17,6542.04
2559,832,251,5,326.83,1634.15
2560,833,214,19,428.02,8132.38
2561,833,859,37,1058.76,39174.12
2562,834,792,27,269.70,7281.90
2563,834,160,30,596.32,17889.60
2564,834,605,21,538.09,11299.89
2565,834,286,14,1081.29,15138.06
2566,834,598,16,1209.59,19353.44
2567,835,351,13,2070.86,26921.18
2568,836,113,41,25.65,1051.65
2569,836,874,43,1809.67,77815.81
2570,837,388,24,1335.95,32062.80
2571,837,459,50,161.13,8056.50
2572,837,442,9,50.73,456.57
2573,838,98,7,1580.96,11066.72
2574,838,449,21,1733.49,36403.29
2575,838,86,44,2004.81,88211.64
2576,838,941,32,1266.70,40534.40
2577,839,999,11,2160.80,23768.80
2578,839,912,25,685.33,17133.25
2579,839,959,3,1025.55,3076.65
2580,840,788,44,556.33,24478.52
2581,840,577,21,1605.51,33715.71
2582,840,555,44,92.29,4060.76
2583,840,258,31,1747.16,54161.96
2584,841,774,45,760.14,34206.30
2585,841,888,6,373.20,2239.20
2586,841,249,48,1431.95,68733.60
2587,841,291,37,1178.81,43615.97
2588,842,179,18,578.89,10420.02
2589,843,46,12,384.24,4610.88
2590,843,353,50,239.15,11957.50
2591,844,244,16,2050.86,32813.76
2592,844,721,13,1007.31,13095.03
2593,844,249,19,1378.92,26199.48
2594,844,734,12,1853.57,22242.84
2595,844,462,28,1169.81,32754.68
2596,845,216,28,1814.45,50804.60
2597,845,61,42,1568.62,65882.04
2598,846,300,5,566.47,2832.35
2599,846,436,18,1315.68,23682.24
2600,846,721,2,1029.69,2059.38
2601,847,562,45,1643.78,73970.10
2602,848,14,10,2054.34,20543.40
2603,848,715,15,1572.11,23581.65
2604,849,381,35,1115.47,39041.45
2605,849,10,17,711.41,12093.97
2606,849,713,25,1259.96,31499.00
2607,849,536,2,1557.02,3114.04
2608,849,946,47,1733.89,81492.83
2609,850,883,32,265.73,8503.36
2610,850,783,31,1510.37,46821.47
2611,850,839,5,1339.71,6698.55
2612,850,403,28,1938.01,54264.28
2613,851,104,8,483.02,3864.16
2614,851,225,12,718.65,8623.80
2615,852,849,31,264.76,8207.56
2616,852,118,49,431.97,21166.53
2617,852,527,30,827.68,24830.40
2618,852,271,17,38.35,651.95
2619,853,565,48,1836.37,88145.76
2620,854,264,36,944.23,33992.28
2621,854,69,44,143.71,6323.24
2622,854,27,33,1756.85,57976.05
2623,855,854,39,1423.36,55511.04
2624,856,114,6,300.57,1803.42
2625,856,870,12,838.05,10056.60
2626,856,739,47,1032.12,48509.64
2627,856,446,24,181.35,4352.40
2628,857,862,20,1411.43,28228.60
2629,857,211,44,1220.24,53690.56
2630,857,992,31,789.55,24476.05
2631,857,496,45,824.87,37119.15
2632,858,304,18,1633.31,29399.58
2633,858,243,4,194.03,776.12
2634,859,815,36,1215.43,43755.48
2635,860,609,22,1024.36,22535.92
2636,860,528,50,1381.89,69094.50
2637,860,10,20,790.46,15809.20
2638,861,985,10,1400.27,14002.70
2639,861,566,8,142.38,1139.04
2640,861,153,50,167.30,8365.00
2641,862,694,3,881.15,2643.45
2642,862,849,23,256.82,5906.86
2643,862,810,12,732.62,8791.44
2644,862,650,34,300.54,10218.36
2645,862,150,32,1850.29,59209.28
2646,863,656,26,1375.39,35760.14
2647,864,789,46,405.85,18669.10
2648,864,978,3,1758.52,5275.56
2649,865,879,30,1839.35,55180.50
2650,865,449,32,1733.49,55471.68
2651,865,110,27,1253.29,33838.83
2652,865,264,16,916.46,14663.36
2653,866,853,18,130.84,2355.12
2654,867,623,28,944.13,26435.64
2655,867,462,20,1148.15,22963.00
2656,867,846,2,777.09,1554.18
2657,867,240,27,1019.40,27523.80
2658,868,800,6,76.80,460.80
2659,868,131,40,630.83,25233.20
2660,868,37,49,75.98,3723.02
2661,869,336,46,1857.84,85460.64
2662,869,662,9,1146.59,10319.31
2663,869,627,1,443.58,443.58
2664,870,216,7,1669.29,11685.03
2665,870,781,45,424.18,19088.10
2666,870,541,44,244.09,10739.96
2667,870,53,42,1139.10,47842.20
2668,870,179,47,603.79,28378.13
2669,871,270,34,56.77,1930.18
2670,872,401,8,1627.75,13022.00
2671,872,785,40,340.64,13625.60
2672,872,359,43,1811.38,77889.34
2673,872,123,37,1373.94,50835.78
2674,873,702,4,1101.05,4404.20
2675,873,55,31,1284.39,39816.09
2676,873,642,30,2092.08,62762.40
2677,873,832,48,860.55,41306.40
2678,873,161,7,412.47,2887.29
2679,874,579,19,1039.07,19742.33
2680,874,613,32,1763.87,56443.84
2681,874,338,12,198.98,2387.76
2682,874,109,17,403.78,6864.26
2683,875,134,41,563.18,23090.38
2684,875,897,32,90.33,2890.56
2685,875,848,24,1284.33,30823.92
2686,876,827,34,2003.13,68106.42
2687,876,952,33,135.17,4460.61
2688,876,475,21,1511.56,31742.76
2689,877,12,44,499.30,21969.20
2690,877,35,25,848.41,21210.25
2691,878,189,9,1363.65,12272.85
2692,878,173,38,628.57,23885.66
2693,878,608,46,982.59,45199.14
2694,878,543,32,833.40,26668.80
2695,879,709,43,670.76,28842.68
2696,879,127,34,723.98,24615.32
2697,879,57,22,1339.03,29458.66
2698,879,410,44,152.83,6724.52
2699,879,889,44,1475.91,64940.04
2700,880,936,1,1835.35,1835.35
2701,880,303,2,1270.03,2540.06
2702,880,357,31,145.89,4522.59
2703,881,594,50,964.74,48237.00
2704,882,745,41,53.82,2206.62
2705,882,460,9,1293.38,11640.42
2706,883,860,7,1250.22,8751.54
2707,883,126,45,638.31,28723.95
2708,883,327,18,1192.30,21461.40
2709,884,703,29,1064.23,30862.67
2710,884,71,16,830.49,13287.84
2711,884,641,43,303.99,13071.57
2712,885,22,15,699.36,10490.40
2713,885,659,43,831.20,35741.60
2714,886,644,6,1331.26,7987.56
2715,887,1006,17,1286.12,21864.04
2716,887,22,14,759.52,10633.28
2717,887,71,9,887.49,7987.41
2718,887,982,18,416.45,7496.10
2719,887,799,50,277.25,13862.50
2720,888,188,17,168.41,2862.97
2721,888,413,17,1179.75,20055.75
2722,888,151,6,861.64,5169.84
2723,888,169,39,1441.50,56218.50
2724,889,522,9,320.55,2884.95
2725,889,191,19,342.13,6500.47
2726,889,360,47,885.50,41618.50
2727,889,1004,32,2144.08,68610.56
2728,889,367,27,977.84,26401.68
2729,890,788,10,530.57,5305.70
2730,890,700,30,790.08,23702.40
2731,890,745,23,61.75,1420.25
2732,891,182,45,1013.87,45624.15
2733,891,35,25,848.41,21210.25
2734,892,878,31,1038.28,32186.68
2735,892,428,10,1998.99,19989.90
2736,892,714,49,716.80,35123.20
2737,892,984,22,312.12,6866.64
2738,892,329,36,1386.06,49898.16
2739,893,16,12,1254.27,15051.24
2740,893,443,18,1098.36,19770.48
2741,893,156,24,2145.86,51500.64
2742,893,42,49,1122.48,55001.52
2743,894,972,33,465.46,15360.18
2744,894,246,46,1430.10,65784.60
2745,894,609,11,1005.39,11059.29
2746,894,366,12,1128.13,13537.56
2747,894,558,18,1208.88,21759.84
2748,895,238,18,276.70,4980.60
2749,895,921,31,1575.93,48853.83
2750,895,539,46,1228.39,56505.94
2751,895,450,36,938.56,33788.16
2752,895,129,27,1230.19,33215.13
2753,896,147,13,1956.87,25439.31
2754,896,702,7,1205.36,8437.52
2755,897,870,22,862.46,18974.12
2756,897,518,16,847.58,13561.28
2757,897,154,8,1335.41,10683.28
2758,898,668,50,419.95,20997.50
2759,898,933,3,714.83,2144.49
2760,898,908,34,1134.18,38562.12
2761,899,830,38,1418.37,53898.06
2762,899,778,27,120.01,3240.27
2763,899,177,19,699.82,13296.58
2764,899,262,21,744.68,15638.28
2765,899,240,1,1069.87,1069.87
2766,900,609,43,910.54,39153.22
2767,901,288,47,22.03,1035.41
2768,901,695,14,1455.66,20379.24
2769,901,929,34,100.04,3401.36
2770,901,76,42,570.51,23961.42
2771,902,108,37,845.91,31298.67
2772,902,3,36,29.32,1055.52
2773,903,239,25,292.28,7307.00
2774,903,353,1,206.54,206.54
2775,903,333,3,648.90,1946.70
2776,904,47,4,2051.57,8206.28
2777,904,630,10,1084.82,10848.20
2778,904,948,45,785.52,35348.40
2779,904,802,24,998.53,23964.72
2780,905,716,19,528.11,10034.09
2781,905,103,32,481.89,15420.48
2782,905,257,32,37.97,1215.04
2783,906,243,28,230.28,6447.84
2784,907,717,40,391.08,15643.20
2785,907,758,20,1920.91,38418.20
2786,908,480,11,597.78,6575.58
2787,909,135,27,676.16,18256.32
2788,909,72,3,1416.47,4249.41
2789,909,837,13,711.48,9249.24
2790,909,303,15,1282.99,19244.85
2791,909,1004,27,2163.93,58426.11
2792,910,606,41,1694.79,69486.39
2793,911,757,8,474.55,3796.40
2794,911,50,43,301.18,12950.74
2795,912,484,1,271.79,271.79
2796,912,250,49,221.77,10866.73
2797,913,568,14,358.96,5025.44
2798,913,447,33,1111.94,36694.02
2799,914,916,6,836.73,5020.38
2800,914,185,40,408.22,16328.80
2801,914,990,47,550.46,25871.62
2802,914,334,45,1007.67,45345.15
2803,914,7,12,85.01,1020.12
2804,915,22,41,782.08,32065.28
2805,915,644,46,1317.53,60606.38
2806,916,386,35,763.84,26734.40
2807,916,384,4,514.91,2059.64
2808,916,423,10,145.75,1457.50
2809,916,739,35,1247.62,43666.70
2810,916,925,37,76.87,2844.19
2811,917,679,28,1315.25,36827.00
2812,917,219,22,1250.87,27519.14
2813,918,741,27,1309.44,35354.88
2814,919,644,21,1441.05,30262.05
2815,919,196,6,734.09,4404.54
2816,920,580,50,806.95,40347.50
2817,920,237,34,1593.69,54185.46
2818,920,619,34,520.93,17711.62
2819,920,976,33,254.42,8395.86
2820,921,506,47,1055.98,49631.06
2821,922,355,33,239.27,7895.91
2822,922,443,32,1001.44,32046.08
2823,922,851,15,1679.26,25188.90
2824,923,66,33,885.64,29226.12
2825,923,128,25,921.46,23036.50
2826,923,575,3,1559.64,4678.92
2827,923,895,11,1644.90,18093.90
2828,924,16,16,1229.18,19666.88
2829,924,907,28,2085.03,58380.84
2830,924,175,2,502.70,1005.40
2831,924,690,46,1218.38,56045.48
2832,925,699,41,1851.38,75906.58
2833,925,708,37,296.00,10952.00
2834,926,305,20,1530.00,30600.00
2835,926,886,8,2000.99,16007.92
2836,926,94,47,1287.17,60496.99
2837,926,323,20,1721.18,34423.60
2838,927,266,46,1937.66,89132.36
2839,927,933,23,721.71,16599.33
2840,927,448,16,1348.61,21577.76
2841,927,752,35,1438.50,50347.50
2842,928,181,34,800.54,27218.36
2843,928,853,5,122.36,611.80
2844,928,789,47,366.06,17204.82
2845,929,647,28,305.50,8554.00
2846,930,16,25,1304.44,32611.00
2847,931,534,10,434.61,4346.10
2848,931,243,13,230.28,2993.64
2849,931,705,3,736.74,2210.22
2850,931,854,33,1509.63,49817.79
2851,932,860,6,1180.76,7084.56
2852,932,2,21,487.79,10243.59
2853,933,703,15,979.93,14698.95
2854,934,368,18,2155.44,38797.92
2855,934,538,48,1260.26,60492.48
2856,934,116,25,1359.83,33995.75
2857,934,342,24,1684.96,40439.04
2858,934,869,10,1782.04,17820.40
2859,935,396,22,291.05,6403.10
2860,936,587,32,1160.89,37148.48
2861,937,718,13,1430.36,18594.68
2862,938,291,19,1097.11,20845.09
2863,938,266,29,1732.71,50248.59
2864,938,653,20,1027.60,20552.00
2865,938,663,10,1544.65,15446.50
2866,939,508,44,1569.56,69060.64
2867,940,550,1,350.76,350.76
2868,940,295,7,1112.38,7786.66
2869,940,661,2,1657.40,3314.80
2870,940,549,16,1629.15,26066.40
2871,941,567,30,108.50,3255.00
2872,941,548,7,559.37,3915.59
2873,941,818,12,1268.59,15223.08
2874,941,935,41,159.24,6528.84
2875,942,865,30,787.91,23637.30
2876,942,429,34,55.08,1872.72
2877,942,937,18,1073.73,19327.14
2878,942,955,14,1011.57,14161.98
2879,943,338,43,171.34,7367.62
2880,943,878,8,1072.14,8577.12
2881,943,934,12,1610.15,19321.80
2882,943,425,32,1231.03,39392.96
2883,943,791,48,1463.90,70267.20
2884,944,839,34,1429.03,48587.02
2885,944,496,27,757.53,20453.31
2886,944,16,8,1291.90,10335.20
2887,945,685,40,441.14,17645.60
2888,945,880,29,637.66,18492.14
2889,945,673,26,1348.33,35056.58
2890,946,667,18,788.26,14188.68
2891,946,83,11,1782.12,19603.32
2892,947,185,39,408.22,15920.58
2893,947,258,2,1694.75,3389.50
2894,947,160,20,618.83,12376.60
2895,948,954,2,535.22,1070.44
2896,948,145,21,1381.77,29017.17
2897,948,708,37,299.26,11072.62
2898,949,969,12,548.27,6579.24
2899,949,64,36,1523.38,54841.68
2900,950,684,46,554.39,25501.94
2901,950,964,35,612.88,21450.80
2902,950,1008,35,1528.92,53512.20
2903,950,333,25,636.99,15924.75
2904,951,102,36,245.08,8822.88
2905,951,329,33,1467.59,48430.47
2906,951,58,43,493.61,21225.23
2907,951,991,23,1656.03,38088.69
2908,951,307,6,462.86,2777.16
2909,952,724,35,1425.05,49876.75
2910,952,173,36,641.27,23085.72
2911,952,415,32,1292.63,41364.16
2912,953,448,26,1443.96,37542.96
2913,953,254,9,606.45,5458.05
2914,953,253,15,1640.57,24608.55
2915,953,415,33,1416.39,46740.87
2916,953,174,40,1867.00,74680.00
2917,954,707,42,203.04,8527.68
2918,954,451,7,98.78,691.46
2919,954,930,39,1546.44,60311.16
2920,955,674,39,882.07,34400.73
2921,955,368,31,1979.08,61351.48
2922,956,280,50,1806.74,90337.00
2923,956,139,7,1842.07,12894.49
2924,957,720,12,1657.31,19887.72
2925,957,12,41,504.05,20666.05
2926,958,274,12,1224.26,14691.12
2927,958,615,25,1316.30,32907.50
2928,958,397,35,830.43,29065.05
2929,958,473,6,812.65,4875.90
2930,959,142,10,1519.64,15196.40
2931,959,440,10,1905.28,19052.80
2932,959,269,47,604.44,28408.68
2933,959,994,47,78.63,3695.61
2934,960,418,5,792.99,3964.95
2935,960,130,23,402.58,9259.34
2936,960,280,34,1611.89,54804.26
2937,960,425,39,1504.59,58679.01
2938,961,177,8,706.49,5651.92
2939,961,126,44,638.31,28085.64
2940,961,476,45,1634.46,73550.70
2941,962,140,37,406.01,15022.37
2942,963,637,33,679.78,22432.74
2943,964,386,35,725.65,25397.75
2944,964,909,44,1509.01,66396.44
2945,965,811,14,1754.93,24569.02
2946,965,983,16,1748.85,27981.60
2947,965,341,27,168.01,4536.27
2948,965,844,12,1436.36,17236.32
2949,966,651,31,796.78,24700.18
2950,966,686,17,1805.86,30699.62
2951,966,216,38,1868.88,71017.44
2952,967,522,9,338.16,3043.44
2953,967,18,42,525.05,22052.10
2954,967,213,22,187.71,4129.62
2955,967,244,15,1833.94,27509.10
2956,967,979,46,1085.58,49936.68
2957,968,734,44,1678.70,73862.80
2958,969,813,4,1722.15,6888.60
2959,969,374,4,552.79,2211.16
2960,969,484,9,311.42,2802.78
2961,970,803,22,1600.56,35212.32
2962,970,102,44,228.74,10064.56
2963,970,925,19,68.25,1296.75
2964,970,999,41,1767.92,72484.72
2965,970,530,46,603.37,27755.02
2966,971,701,14,649.75,9096.50
2967,971,296,48,383.82,18423.36
2968,972,576,10,1644.13,16441.30
2969,973,427,2,1770.98,3541.96
2970,974,326,32,1295.71,41462.72
2971,974,71,41,773.50,31713.50
2972,974,817,24,1375.70,33016.80
2973,975,604,49,326.28,15987.72
2974,976,569,6,132.88,797.28
2975,976,253,32,1610.19,51526.08
2976,976,526,47,1670.74,78524.78
2977,976,103,45,515.97,23218.65
2978,976,864,19,1509.56,28681.64
2979,977,963,50,134.53,6726.50
2980,977,526,24,1432.06,34369.44
2981,977,996,4,852.44,3409.76
2982,978,640,29,1141.65,33107.85
2983,978,283,7,1455.17,10186.19
2984,978,64,25,1622.73,40568.25
2985,978,536,8,1648.61,13188.88
2986,979,620,20,1626.39,32527.80
2987,979,700,20,704.03,14080.60
2988,979,77,39,747.12,29137.68
2989,979,716,4,504.10,2016.40
2990,979,809,49,1491.70,73093.30
2991,980,138,22,1546.52,34023.44
2992,980,995,40,731.97,29278.80
2993,981,208,19,507.77,9647.63
2994,981,151,40,942.42,37696.80
2995,981,389,5,1315.30,6576.50
2996,981,430,17,270.49,4598.33
2997,981,4,24,1471.78,35322.72
2998,982,454,34,1224.13,41620.42
2999,982,775,18,951.96,17135.28
3000,982,65,22,983.25,21631.50
3001,982,843,42,1794.77,75380.34
3002,983,220,8,638.68,5109.44
3003,984,126,35,583.59,20425.65
3004,984,904,14,666.80,9335.20
3005,984,886,31,2019.87,62615.97
3006,984,211,25,1328.98,33224.50
3007,984,648,17,1244.48,21156.16
3008,985,94,3,1555.92,4667.76
3009,985,965,43,745.57,32059.51
3010,985,98,7,1531.04,10717.28
3011,986,391,41,866.14,35511.74
3012,986,141,37,1739.56,64363.72
3013,986,8,29,397.83,11537.07
3014,986,886,8,1849.98,14799.84
3015,986,87,17,1820.95,30956.15
3016,987,557,41,1214.25,49784.25
3017,987,816,28,1464.57,41007.96
3018,987,312,29,605.84,17569.36
3019,987,57,27,1472.93,39769.11
3020,988,99,8,726.49,5811.92
3021,988,725,12,852.01,10224.12
3022,988,869,10,1960.24,19602.40
3023,988,124,16,662.37,10597.92
3024,988,522,6,380.43,2282.58
3025,989,114,21,329.98,6929.58
3026,989,427,37,2117.48,78346.76
3027,989,238,43,316.23,13597.89
3028,989,659,6,894.45,5366.70
3029,989,962,26,1841.11,47868.86
3030,990,732,46,943.44,43398.24
3031,991,181,43,777.22,33420.46
3032,991,547,18,1544.76,27805.68
3033,991,281,47,1093.89,51412.83
3034,991,348,29,956.91,27750.39
3035,992,268,2,1290.75,2581.50
3036,992,23,35,790.86,27680.10
3037,992,960,24,1962.30,47095.20
3038,992,756,46,1838.13,84553.98
3039,993,143,11,563.71,6200.81
3040,993,83,12,1880.04,22560.48
3041,993,342,38,1855.16,70496.08
3042,993,625,42,742.44,31182.48
3043,993,391,23,815.68,18760.64
3044,994,23,41,743.41,30479.81
3045,994,557,37,1139.91,42176.67
3046,994,539,9,1344.76,12102.84
3047,995,100,31,1654.22,51280.82
3048,995,364,15,616.28,9244.20
3049,995,921,4,1390.53,5562.12
3050,995,317,24,187.06,4489.44
3051,995,344,30,1852.36,55570.80
3052,996,747,35,1449.15,50720.25
3053,997,797,21,63.55,1334.55
3054,997,623,26,914.31,23772.06
3055,997,540,26,1308.88,34030.88
3056,998,77,24,754.37,18104.88
3057,998,357,10,168.09,1680.90
3058,998,944,9,1850.27,16652.43
3059,998,666,17,1379.16,23445.72
3060,998,585,50,1430.79,71539.50
3061,999,578,26,691.20,17971.20
3062,999,973,23,1390.10,31972.30
3063,999,176,8,1460.41,11683.28
3064,999,224,27,1587.02,42849.54
3065,999,759,7,901.80,6312.60
3066,1000,127,47,668.28,31409.16
3067,1000,347,19,1356.79,25779.01
3068,1001,587,45,1038.10,46714.50
3069,1001,772,43,1645.95,70775.85
3070,1001,415,11,1333.89,14672.79
3071,1001,902,48,1421.73,68243.04
3072,1002,253,3,1412.72,4238.16
3073,1003,119,20,834.58,16691.60
3074,1003,597,30,1218.19,36545.70
3075,1003,906,41,1491.83,61165.03
3076,1004,996,27,914.60,24694.20
3077,1004,66,48,779.04,37393.92
3078,1004,599,47,911.93,42860.71
3079,1005,947,12,1033.24,12398.88
3080,1005,695,45,1455.66,65504.70
3081,1005,600,22,602.14,13247.08
3082,1005,515,8,608.54,4868.32
3083,1006,550,22,293.36,6453.92
3084,1007,312,10,644.11,6441.10
3085,1008,274,33,1284.87,42400.71
3086,1008,520,45,46.87,2109.15
3087,1009,163,31,1072.82,33257.42
3088,1009,608,35,1011.21,35392.35
3089,1010,134,27,585.27,15802.29
3090,1011,676,43,1328.95,57144.85
3091,1012,31,40,257.62,10304.80
3092,1013,931,30,1464.95,43948.50
3093,1013,333,3,648.90,1946.70
3094,1014,311,44,2014.93,88656.92
3095,1014,366,48,1312.07,62979.36
3096,1015,919,17,548.41,9322.97
3097,1015,211,23,1135.67,26120.41
3098,1015,982,42,484.35,20342.70
3099,1016,346,18,919.49,16550.82
3100,1016,696,27,1670.67,45108.09
3101,1016,111,9,629.38,5664.42
3102,1016,284,31,1266.64,39265.84
3103,1016,248,47,643.32,30236.04
3104,1017,584,40,814.29,32571.60
3105,1018,153,39,164.20,6403.80
3106,1018,28,42,884.33,37141.86
3107,1018,47,15,1788.06,26820.90
3108,1018,147,31,1899.87,58895.97
3109,1019,760,45,1682.21,75699.45
3110,1019,737,35,1725.74,60400.90
3111,1019,76,41,542.54,22244.14
3112,1020,114,37,326.71,12088.27
3113,1020,133,1,626.41,626.41
3114,1020,446,15,193.05,2895.75
3115,1020,983,44,1938.94,85313.36
3116,1021,390,4,218.13,872.52
3117,1022,775,46,1038.51,47771.46
3118,1022,913,26,217.76,5661.76
3119,1023,197,10,219.97,2199.70
3120,1023,436,23,1365.80,31413.40
3121,1023,71,10,895.63,8956.30
3122,1023,170,9,84.53,760.77
3123,1024,749,19,1114.74,21180.06
3124,1024,460,27,1216.54,32846.58
3125,1024,519,34,76.79,2610.86
3126,1025,659,26,966.72,25134.72
3127,1025,446,44,187.20,8236.80
3128,1025,86,46,1945.26,89481.96
3129,1026,332,49,1968.25,96444.25
3130,1027,198,2,661.69,1323.38
3131,1027,956,10,1154.84,11548.40
3132,1027,560,44,1485.57,65365.08
3133,1028,849,22,243.58,5358.76
3134,1028,940,30,656.34,19690.20
3135,1028,470,18,94.01,1692.18
3136,1028,621,7,352.37,2466.59
3137,1028,261,16,1201.12,19217.92
3138,1029,56,23,1369.68,31502.64
3139,1029,126,28,577.51,16170.28
3140,1030,679,32,1167.75,37368.00
3141,1030,886,33,1812.22,59803.26
3142,1030,681,26,761.67,19803.42
3143,1030,386,10,710.37,7103.70
3144,1031,95,48,1709.73,82067.04
3145,1031,828,15,1675.58,25133.70
3146,1031,808,2,230.36,460.72
3147,1032,850,20,280.09,5601.80
3148,1033,268,45,1242.95,55932.75
3149,1034,748,17,652.46,11091.82
3150,1034,310,23,1799.58,41390.34
3151,1034,668,36,411.80,14824.80
3152,1034,570,33,1247.75,41175.75
3153,1035,560,45,1517.52,68288.40
3154,1036,182,48,991.83,47607.84
3155,1036,845,26,1347.24,35028.24
3156,1036,491,12,1011.26,12135.12
3157,1036,261,28,1188.61,33281.08
3158,1037,223,49,2010.11,98495.39
3159,1037,85,3,1387.85,4163.55
3160,1038,273,48,423.56,20330.88
3161,1038,747,7,1608.39,11258.73
3162,1038,235,13,447.92,5822.96
3163,1038,716,12,528.11,6337.32
3164,1038,962,24,1807.64,43383.36
3165,1039,850,29,274.49,7960.21
3166,1039,978,9,1555.61,14000.49
3167,1039,830,40,1373.58,54943.20
3168,1039,456,9,578.71,5208.39
3169,1039,251,14,298.27,4175.78
3170,1040,139,38,1721.56,65419.28
3171,1040,659,28,876.38,24538.64
3172,1040,832,35,894.97,31323.95
3173,1041,460,7,1229.35,8605.45
3174,1041,581,13,957.48,12447.24
3175,1041,395,24,2070.35,49688.40
3176,1041,102,3,242.75,728.25
3177,1042,91,11,1609.63,17705.93
3178,1042,367,18,884.72,15924.96
3179,1042,663,40,1528.04,61121.60
3180,1042,915,17,278.75,4738.75
3181,1042,122,21,501.51,10531.71
3182,1043,226,18,761.89,13714.02
3183,1043,558,42,1321.05,55484.10
3184,1044,236,40,248.09,9923.60
3185,1044,649,46,1890.68,86971.28
3186,1044,722,25,485.13,12128.25
3187,1045,982,35,457.19,16001.65
3188,1045,648,29,1244.48,36089.92
3189,1045,313,43,1576.45,67787.35
3190,1045,575,8,1498.48,11987.84
3191,1046,130,6,398.48,2390.88
3192,1046,910,45,1995.33,89789.85
3193,1046,207,31,1839.27,57017.37
3194,1047,558,26,1258.73,32726.98
3195,1047,703,12,1095.84,13150.08
3196,1047,984,27,277.76,7499.52
3197,1047,22,14,736.96,10317.44
3198,1047,491,41,902.20,36990.20
3199,1048,23,16,854.13,13666.08
3200,1048,641,9,291.58,2624.22
3201,1048,286,46,1173.32,53972.72
3202,1048,892,2,979.59,1959.18
3203,1048,915,38,284.81,10822.78
3204,1049,402,12,882.21,10586.52
3205,1049,210,28,1480.12,41443.36
3206,1050,932,42,1168.56,49079.52
3207,1050,44,20,100.05,2001.00
3208,1050,629,45,596.93,26861.85
3209,1050,331,20,935.16,18703.20
3210,1051,484,32,285.94,9150.08
3211,1051,833,1,28.81,28.81
3212,1051,147,13,1823.88,23710.44
3213,1051,114,27,297.31,8027.37
3214,1051,697,43,1779.84,76533.12
3215,1052,582,3,1409.15,4227.45
3216,1052,359,4,1960.77,7843.08
3217,1053,631,42,1908.92,80174.64
3218,1054,779,32,42.06,1345.92
3219,1054,620,50,1723.97,86198.50
3220,1054,695,45,1470.22,66159.90
3221,1054,397,14,777.10,10879.40
3222,1055,229,20,1936.28,38725.60
3223,1055,777,8,29.81,238.48
3224,1055,969,18,514.36,9258.48
3225,1055,950,38,438.62,16667.56
3226,1055,247,26,2044.47,53156.22
3227,1056,95,6,1741.39,10448.34
3228,1056,77,19,696.35,13230.65
3229,1056,583,11,1003.10,11034.10
3230,1057,113,11,23.32,256.52
3231,1058,678,15,554.99,8324.85
3232,1058,770,12,24.17,290.04
3233,1058,282,46,345.24,15881.04
3234,1059,155,19,32.31,613.89
3235,1059,945,6,1207.59,7245.54
3236,1059,675,33,1619.99,53459.67
3237,1059,818,43,1196.78,51461.54
3238,1059,772,25,1568.31,39207.75
3239,1060,1006,31,1571.92,48729.52
3240,1060,446,32,196.95,6302.40
3241,1061,204,17,38.83,660.11
3242,1061,960,3,2081.23,6243.69
3243,1061,269,5,610.25,3051.25
3244,1061,313,36,1560.84,56190.24
3245,1061,127,37,723.98,26787.26
3246,1062,722,28,444.70,12451.60
3247,1062,733,45,1219.87,54894.15
3248,1063,288,16,20.96,335.36
3249,1063,542,35,201.72,7060.20
3250,1063,213,25,179.81,4495.25
3251,1063,783,10,1452.83,14528.30
3252,1064,223,13,1918.74,24943.62
3253,1064,827,12,1787.10,21445.20
3254,1064,913,38,266.14,10113.32
3255,1065,779,33,50.00,1650.00
3256,1066,257,12,37.14,445.68
3257,1066,673,18,1191.24,21442.32
3258,1066,285,18,278.73,5017.14
3259,1067,579,22,932.25,20509.50
3260,1067,147,16,1709.88,27358.08
3261,1067,828,23,1658.30,38140.90
3262,1067,539,40,1409.41,56376.40
3263,1068,800,24,79.81,1915.44
3264,1068,709,50,711.01,35550.50
3265,1068,52,2,321.35,642.70
3266,1069,114,41,339.78,13930.98
3267,1069,879,8,2119.25,16954.00
3268,1070,13,17,676.68,11503.56
3269,1070,663,19,1660.91,31557.29
3270,1070,690,10,1278.70,12787.00
3271,1071,320,11,1268.73,13956.03
3272,1071,816,38,1495.08,56813.04
3273,1071,734,9,1888.54,16996.86
3274,1072,628,49,1729.99,84769.51
3275,1072,108,12,804.44,9653.28
3276,1072,602,32,1712.90,54812.80
3277,1073,9,10,1555.94,15559.40
3278,1073,646,18,1633.46,29402.28
3279,1073,618,4,1263.34,5053.36
3280,1073,818,33,1136.94,37519.02
3281,1074,909,21,1234.65,25927.65
3282,1074,429,43,48.00,2064.00
3283,1074,380,4,538.23,2152.92
3284,1074,418,45,776.64,34948.80
3285,1074,437,7,453.08,3171.56
3286,1075,66,45,820.04,36901.80
3287,1075,425,31,1326.78,41130.18
3288,1075,836,40,1773.62,70944.80
3289,1076,657,35,459.74,16090.90
3290,1076,309,8,1492.99,11943.92
3291,1077,544,23,1020.78,23477.94
3292,1077,853,22,116.30,2558.60
3293,1078,926,6,536.47,3218.82
3294,1078,407,25,1005.57,25139.25
3295,1078,508,50,1284.18,64209.00
3296,1078,191,14,342.13,4789.82
3297,1078,644,37,1482.22,54842.14
3298,1079,985,33,1356.97,44780.01
3299,1080,798,46,1544.11,71029.06
3300,1081,806,29,694.16,20130.64
3301,1081,609,48,929.51,44616.48
3302,1081,121,19,1578.09,29983.71
3303,1081,147,28,1728.88,48408.64
3304,1081,364,24,597.98,14351.52
3305,1082,723,29,824.25,23903.25
3306,1083,999,3,1905.43,5716.29
3307,1083,311,17,2054.05,34918.85
3308,1083,331,26,887.44,23073.44
3309,1084,432,40,661.44,26457.60
3310,1084,542,7,181.75,1272.25
3311,1084,739,23,1145.54,26347.42
3312,1084,831,24,839.36,20144.64
3313,1085,66,28,738.04,20665.12
3314,1085,140,17,439.16,7465.72
3315,1085,908,30,1180.01,35400.30
3316,1085,513,12,1394.64,16735.68
3317,1085,1003,20,913.80,18276.00
3318,1086,933,40,735.45,29418.00
3319,1086,306,7,316.71,2216.97
3320,1086,667,47,822.91,38676.77
3321,1086,512,7,165.20,1156.40
3322,1087,965,3,789.43,2368.29
3323,1087,49,22,1329.87,29257.14
3324,1087,260,46,864.93,39786.78
3325,1087,110,34,1202.14,40872.76
3326,1088,222,17,988.05,16796.85
3327,1088,651,18,748.00,13464.00
3328,1088,469,15,1044.88,15673.20
3329,1088,568,1,341.53,341.53
3330,1089,255,31,1748.51,54203.81
3331,1089,584,1,822.68,822.68
3332,1089,648,29,1451.90,42105.10
3333,1089,855,33,124.92,4122.36
3334,1089,1,31,1395.49,43260.19
3335,1090,574,32,1616.44,51726.08
3336,1090,913,5,232.27,1161.35
3337,1091,687,23,751.25,17278.75
3338,1091,296,6,411.52,2469.12
3339,1091,452,8,720.75,5766.00
3340,1091,340,48,607.10,29140.80
3341,1092,346,7,988.70,6920.90
3342,1092,895,21,1916.03,40236.63
3343,1092,126,33,613.99,20261.67
3344,1092,930,47,1688.46,79357.62
3345,1093,1009,47,1025.63,48204.61
3346,1093,242,44,321.78,14158.32
3347,1093,1006,9,1471.89,13247.01
3348,1093,823,5,1361.87,6809.35
3349,1093,306,26,266.86,6938.36
3350,1094,815,43,1158.10,49798.30
3351,1094,517,25,552.27,13806.75
3352,1095,680,34,975.41,33163.94
3353,1095,806,49,749.69,36734.81
3354,1095,668,50,436.26,21813.00
3355,1095,874,39,1883.53,73457.67
3356,1095,694,38,923.51,35093.38
3357,1096,172,19,257.27,4888.13
3358,1096,100,38,1727.74,65654.12
3359,1097,606,28,1628.33,45593.24
3360,1097,763,46,958.51,44091.46
3361,1098,848,33,1260.54,41597.82
3362,1099,45,9,1677.46,15097.14
3363,1099,844,17,1340.60,22790.20
3364,1099,428,11,1921.36,21134.96
3365,1099,470,47,81.47,3829.09
3366,1100,792,29,299.97,8699.13
3367,1100,848,28,1165.41,32631.48
3368,1100,548,14,598.14,8373.96
3369,1100,216,5,1778.16,8890.80
3370,1101,388,24,1446.13,34707.12
3371,1101,283,20,1312.51,26250.20
3372,1101,827,20,1944.21,38884.20
3373,1101,756,11,1570.77,17278.47
3374,1102,709,12,704.30,8451.60
3375,1103,407,30,1102.89,33086.70
3376,1104,955,2,968.53,1937.06
3377,1104,854,19,1322.72,25131.68
3378,1104,128,27,930.15,25114.05
3379,1104,698,45,837.77,37699.65
3380,1104,954,46,578.47,26609.62
3381,1105,814,23,1969.91,45307.93
3382,1105,838,47,1286.35,60458.45
3383,1106,986,1,191.15,191.15
3384,1107,98,45,1630.89,73390.05
3385,1108,712,4,1037.66,4150.64
3386,1108,331,23,916.07,21069.61
3387,1108,82,15,1248.50,18727.50
3388,1108,431,21,1768.54,37139.34
3389,1108,83,9,1821.28,16391.52
3390,1109,780,33,136.46,4503.18
3391,1110,314,40,1575.18,63007.20
3392,1110,673,20,1439.97,28799.40
3393,1110,376,1,632.50,632.50
3394,1111,830,10,1343.72,13437.20
3395,1111,365,45,86.06,3872.70
3396,1112,402,37,911.61,33729.57
3397,1112,19,40,1049.81,41992.40
3398,1112,809,7,1748.34,12238.38
3399,1112,236,44,252.82,11124.08
3400,1112,865,35,780.26,27309.10
3401,1113,704,50,888.08,44404.00
3402,1113,882,23,176.71,4064.33
3403,1114,949,45,1252.04,56341.80
3404,1115,802,44,1037.31,45641.64
3405,1115,502,12,761.24,9134.88
3406,1115,548,16,587.06,9392.96
3407,1115,965,8,760.19,6081.52
3408,1116,960,16,2160.51,34568.16
3409,1116,508,32,1569.56,50225.92
3410,1116,74,40,1247.22,49888.80
3411,1116,462,20,1039.83,20796.60
3412,1117,351,39,1971.30,76880.70
3413,1117,729,14,429.45,6012.30
3414,1117,875,41,578.42,23715.22
3415,1117,285,45,267.47,12036.15
3416,1117,418,12,792.99,9515.88
3417,1118,748,43,646.07,27781.01
3418,1118,41,45,1118.58,50336.10
3419,1118,620,18,1642.65,29567.70
3420,1118,756,4,1620.90,6483.60
3421,1118,951,37,1903.83,70441.71
3422,1119,509,41,1996.71,81865.11
3423,1119,781,30,456.46,13693.80
3424,1119,901,7,1100.29,7702.03
3425,1119,530,41,641.48,26300.68
3426,1119,116,48,1476.80,70886.40
3427,1120,298,25,784.49,19612.25
3428,1121,611,43,1299.15,55863.45
3429,1121,782,7,697.34,4881.38
3430,1121,82,18,1189.61,21412.98
3431,1121,510,40,198.02,7920.80
3432,1121,183,39,454.86,17739.54
3433,1122,130,41,377.94,15495.54
3434,1123,957,45,1136.73,51152.85
3435,1123,365,26,80.32,2088.32
3436,1123,428,45,1804.92,81221.40
3437,1123,429,46,55.58,2556.68
3438,1124,787,31,159.60,4947.60
3439,1124,372,3,1899.61,5698.83
3440,1124,694,30,906.57,27197.10
3441,1125,215,1,635.56,635.56
3442,1126,475,33,1675.86,55303.38
3443,1126,10,37,668.30,24727.10
3444,1127,512,6,160.34,962.04
3445,1127,289,5,1664.47,8322.35
3446,1128,98,26,1497.75,38941.50
3447,1128,375,45,1414.20,63639.00
3448,1129,636,45,303.71,13666.95
3449,1129,128,3,869.30,2607.90
3450,1129,750,1,448.35,448.35
3451,1130,346,40,1028.25,41130.00
3452,1130,35,19,763.57,14507.83
3453,1130,220,25,645.33,16133.25
3454,1130,753,39,1523.95,59434.05
3455,1130,397,26,685.67,17827.42
3456,1131,767,18,368.47,6632.46
3457,1131,278,14,1076.90,15076.60
3458,1131,985,7,1443.58,10105.06
3459,1132,272,42,1555.26,65320.92
3460,1132,945,13,1393.37,18113.81
3461,1132,479,8,467.94,3743.52
3462,1132,725,45,860.36,38716.20
3463,1133,597,47,1067.37,50166.39
3464,1133,365,9,79.50,715.50
3465,1133,769,49,55.22,2705.78
3466,1134,872,29,2054.34,59575.86
3467,1134,80,7,41.02,287.14
3468,1134,803,24,1747.55,41941.20
3469,1134,727,17,671.53,11416.01
3470,1135,38,39,1357.85,52956.15
3471,1135,791,21,1691.61,35523.81
3472,1135,584,16,906.63,14506.08
3473,1136,393,32,1063.70,34038.40
3474,1137,784,28,1243.00,34804.00
3475,1138,403,29,1884.17,54640.93
3476,1138,797,2,66.15,132.30
3477,1138,576,32,1894.33,60618.56
3478,1139,482,43,673.68,28968.24
3479,1139,648,13,1479.55,19234.15
3480,1139,80,40,45.63,1825.20
3481,1139,740,20,1472.65,29453.00
3482,1139,214,37,463.68,17156.16
3483,1140,273,38,506.43,19244.34
3484,1140,510,38,189.94,7217.72
3485,1140,598,33,1159.71,38270.43
3486,1140,592,3,319.77,959.31
3487,1140,988,16,57.46,919.36
3488,1141,646,46,1603.76,73772.96
3489,1141,580,45,782.74,35223.30
3490,1141,750,2,486.51,973.02
3491,1141,817,23,1578.43,36303.89
3492,1142,689,35,1379.56,48284.60
3493,1143,27,29,1522.60,44155.40
3494,1143,679,24,1290.67,30976.08
3495,1143,373,42,1300.49,54620.58
3496,1143,724,10,1382.30,13823.00
3497,1143,20,49,1609.36,78858.64
3498,1144,157,43,1265.00,54395.00
3499,1144,778,19,126.13,2396.47
3500,1144,522,48,341.68,16400.64
3501,1145,722,14,485.13,6791.82
3502,1145,623,42,894.44,37566.48
3503,1146,190,7,127.85,894.95
3504,1146,456,45,699.53,31478.85
3505,1146,138,23,1458.15,33537.45
3506,1146,425,10,1272.06,12720.60
3507,1147,230,41,953.48,39092.68
3508,1148,774,40,854.18,34167.20
3509,1148,513,1,1199.13,1199.13
3510,1148,787,9,180.99,1628.91
3511,1148,579,47,932.25,43815.75
3512,1148,147,41,2051.86,84126.26
3513,1149,214,36,405.72,14605.92
3514,1149,539,28,1370.62,38377.36
3515,1149,619,36,547.51,19710.36
3516,1150,209,1,727.16,727.16
3517,1150,159,26,1030.49,26792.74
3518,1151,691,49,1738.68,85195.32
3519,1151,842,3,563.74,1691.22
3520,1151,563,32,498.73,15959.36
3521,1151,238,12,319.27,3831.24
3522,1152,378,44,1880.10,82724.40
3523,1152,883,6,274.03,1644.18
3524,1152,501,11,2087.73,22965.03
3525,1152,330,45,1240.76,55834.20
3526,1152,180,12,1373.92,16487.04
3527,1153,317,2,183.28,366.56
3528,1153,263,47,1970.82,92628.54
3529,1153,912,16,706.53,11304.48
3530,1153,842,40,621.86,24874.40
3531,1153,156,18,1775.21,31953.78
3532,1154,548,45,575.98,25919.10
3533,1155,215,18,642.62,11567.16
3534,1155,1006,31,1571.92,48729.52
3535,1155,280,17,1682.74,28606.58
3536,1156,115,47,1236.47,58114.09
3537,1156,172,29,249.55,7236.95
3538,1156,464,35,116.00,4060.00
3539,1156,439,35,108.79,3807.65
3540,1156,966,3,786.67,2360.01
3541,1157,212,9,1293.59,11642.31
3542,1158,538,35,1335.12,46729.20
3543,1159,311,34,1877.99,63851.66
3544,1159,908,12,1225.83,14709.96
3545,1160,592,47,313.56,14737.32
3546,1160,754,6,1532.49,9194.94
3547,1160,931,2,1738.62,3477.24
3548,1161,852,10,1149.33,11493.30
3549,1161,453,40,1088.76,43550.40
3550,1161,610,40,824.86,32994.40
3551,1162,299,27,160.08,4322.16
3552,1162,83,49,2036.70,99798.30
3553,1162,611,11,1399.09,15389.99
3554,1163,139,46,1755.99,80775.54
3555,1164,511,6,1225.25,7351.50
3556,1165,135,43,649.91,27946.13
3557,1166,257,35,43.75,1531.25
3558,1166,667,21,796.92,16735.32
3559,1166,384,46,486.56,22381.76
3560,1166,763,26,931.89,24229.14
3561,1167,852,11,1091.28,12004.08
3562,1167,599,16,940.73,15051.68
3563,1168,295,33,1235.98,40787.34
3564,1168,225,47,749.56,35229.32
3565,1168,422,50,331.28,16564.00
3566,1168,737,9,1894.56,17051.04
3567,1169,518,21,866.41,18194.61
3568,1169,818,17,1220.72,20752.24
3569,1170,707,44,220.14,9686.16
3570,1170,422,15,404.90,6073.50
3571,1170,954,31,567.66,17597.46
3572,1171,423,36,155.46,5596.56
3573,1171,51,44,541.35,23819.40
3574,1171,242,14,338.03,4732.42
3575,1172,856,9,1492.05,13428.45
3576,1173,674,9,937.20,8434.80
3577,1173,682,4,1995.80,7983.20
3578,1173,523,46,1887.65,86831.90
3579,1173,23,15,782.95,11744.25
3580,1174,957,9,1084.11,9756.99
3581,1174,194,30,1640.34,49210.20
3582,1174,832,17,851.94,14482.98
3583,1175,419,39,557.82,21754.98
3584,1175,581,16,806.77,12908.32
3585,1175,773,26,610.90,15883.40
3586,1175,341,7,166.21,1163.47
3587,1175,619,24,584.72,14033.28
3588,1176,1,36,1325.01,47700.36
3589,1176,946,5,1733.89,8669.45
3590,1176,359,42,1774.03,74509.26
3591,1176,166,40,2097.92,83916.80
3592,1176,884,23,1055.84,24284.32
3593,1177,447,1,1253.88,1253.88
3594,1177,659,13,831.20,10805.60
3595,1177,279,35,1780.78,62327.30
3596,1178,752,48,1425.18,68408.64
3597,1178,404,39,167.03,6514.17
3598,1178,186,4,1020.74,4082.96
3599,1179,856,15,1541.24,23118.60
3600,1179,644,45,1468.50,66082.50
3601,1179,5,32,629.80,20153.60
3602,1179,120,17,804.06,13669.02
3603,1180,164,45,902.03,40591.35
3604,1180,625,28,742.44,20788.32
3605,1180,1007,43,1653.04,71080.72
3606,1181,718,29,1227.95,35610.55
3607,1182,910,50,1778.01,88900.50
3608,1182,840,1,1736.83,1736.83
3609,1183,650,11,303.58,3339.38
3610,1183,540,14,1531.67,21443.38
3611,1183,654,2,508.62,1017.24
3612,1183,531,27,711.34,19206.18
3613,1183,581,9,797.90,7181.10
3614,1184,93,27,1122.20,30299.40
3615,1185,69,10,140.65,1406.50
3616,1185,349,47,373.23,17541.81
3617,1185,216,25,1959.61,48990.25
3618,1185,569,35,135.77,4751.95
3619,1185,76,8,587.29,4698.32
3620,1186,159,34,1085.31,36900.54
3621,1186,655,45,610.46,27470.70
3622,1186,475,22,1495.13,32892.86
3623,1187,118,36,457.63,16474.68
3624,1187,295,29,1174.18,34051.22
3625,1187,427,5,1886.48,9432.40
3626,1187,976,9,276.54,2488.86
3627,1187,660,29,1034.10,29988.90
3628,1188,387,40,1466.15,58646.00
3629,1188,431,8,1925.74,15405.92
3630,1188,195,27,1521.45,41079.15
3631,1188,322,2,1696.47,3392.94
3632,1188,391,49,849.32,41616.68
3633,1189,366,11,1128.13,12409.43
3634,1190,989,6,1419.23,8515.38
3635,1190,271,29,33.77,979.33
3636,1190,448,8,1471.21,11769.68
3637,1191,291,42,1225.50,51471.00
3638,1191,499,22,1384.32,30455.04
3639,1191,707,38,213.73,8121.74
3640,1192,944,40,1832.97,73318.80
3641,1192,672,25,120.05,3001.25
3642,1193,763,36,869.76,31311.36
3643,1193,676,20,1460.39,29207.80
3644,1193,680,22,1024.67,22542.74
3645,1193,245,15,1412.60,21189.00
3646,1194,892,24,935.07,22441.68
3647,1194,131,50,662.05,33102.50
3648,1194,707,10,228.69,2286.90
3649,1195,111,46,587.42,27021.32
3650,1195,4,25,1442.05,36051.25
3651,1195,448,7,1457.59,10203.13
3652,1195,579,7,1029.36,7205.52
3653,1195,550,2,325.25,650.50
3654,1196,905,29,728.77,21134.33
3655,1196,636,31,316.64,9815.84
3656,1196,131,33,637.07,21023.31
3657,1196,32,44,595.20,26188.80
3658,1196,414,42,296.15,12438.30
3659,1197,810,49,689.52,33786.48
3660,1197,730,18,273.51,4923.18
3661,1198,57,30,1517.57,45527.10
3662,1199,225,12,826.83,9921.96
3663,1199,73,44,354.83,15612.52
3664,1199,567,42,105.24,4420.08
3665,1200,557,42,1239.03,52039.26
3666,1200,734,27,1801.11,48629.97
3667,1200,52,6,354.82,2128.92
3668,1201,636,18,342.49,6164.82
3669,1201,624,38,1648.46,62641.48
3670,1201,311,41,1956.24,80205.84
3671,1202,382,48,1302.15,62503.20
3672,1202,860,40,1111.31,44452.40
3673,1202,37,1,72.82,72.82
3674,1202,431,42,2004.34,84182.28
3675,1203,228,15,1088.50,16327.50
3676,1203,269,2,575.38,1150.76
3677,1203,719,44,454.58,20001.52
3678,1203,245,9,1398.33,12584.97
3679,1204,3,5,29.32,146.60
3680,1204,288,36,21.18,762.48
3681,1204,531,30,725.57,21767.10
3682,1204,236,4,257.55,1030.20
3683,1205,463,35,1306.04,45711.40
3684,1205,593,1,1226.55,1226.55
3685,1205,595,33,1359.21,44853.93
3686,1206,453,2,998.86,1997.72
3687,1206,223,2,1900.46,3800.92
3688,1206,996,1,976.76,976.76
3689,1206,906,2,1463.69,2927.38
3690,1206,113,47,25.13,1181.11
3691,1207,911,33,846.92,27948.36
3692,1207,363,25,300.40,7510.00
3693,1207,497,38,212.27,8066.26
3694,1207,783,48,1467.22,70426.56
3695,1208,866,11,380.91,4190.01
3696,1208,415,10,1388.89,13888.90
3697,1208,448,16,1403.10,22449.60
3698,1209,392,48,702.48,33719.04
3699,1209,310,42,1749.12,73463.04
3700,1210,348,46,1121.54,51590.84
3701,1211,240,40,948.75,37950.00
3702,1211,567,12,117.18,1406.16
3703,1211,876,30,472.29,14168.70
3704,1211,382,10,1289.98,12899.80
3705,1211,559,16,417.89,6686.24
3706,1212,172,15,275.28,4129.20
3707,1212,425,43,1463.56,62933.08
3708,1213,63,19,584.07,11097.33
3709,1214,970,34,1915.94,65141.96
3710,1214,801,43,481.94,20723.42
3711,1214,262,1,729.00,729.00
3712,1214,395,15,1821.14,27317.10
3713,1215,620,18,1789.03,32202.54
3714,1215,582,5,1507.79,7538.95
3715,1215,369,30,1848.41,55452.30
3716,1215,404,30,178.04,5341.20
3717,1215,732,21,1069.88,22467.48
3718,1216,373,1,1327.87,1327.87
3719,1216,761,38,1404.09,53355.42
3720,1216,139,7,1635.48,11448.36
3721,1217,382,18,1229.13,22124.34
3722,1217,243,13,223.88,2910.44
3723,1217,78,38,1691.42,64273.96
3724,1217,660,29,1064.22,30862.38
3725,1217,153,26,147.16,3826.16
3726,1218,542,35,191.73,6710.55
3727,1218,139,34,1635.48,55606.32
3728,1218,784,10,1193.28,11932.80
3729,1218,159,13,1019.53,13253.89
3730,1219,843,15,1776.07,26641.05
3731,1219,766,45,1985.05,89327.25
3732,1220,433,12,1391.94,16703.28
3733,1220,126,10,668.70,6687.00
3734,1221,62,28,1109.60,31068.80
3735,1221,660,41,1024.06,41986.46
3736,1222,134,36,568.70,20473.20
3737,1222,368,4,1939.90,7759.60
3738,1222,656,47,1317.48,61921.56
3739,1223,107,44,1576.90,69383.60
3740,1223,873,5,552.67,2763.35
3741,1224,989,17,1696.90,28847.30
3742,1224,318,46,720.76,33154.96
3743,1225,482,33,586.35,19349.55
3744,1225,163,6,1023.15,6138.90
3745,1225,365,48,87.70,4209.60
3746,1226,475,34,1675.86,56979.24
3747,1226,160,17,568.20,9659.40
3748,1226,116,28,1374.45,38484.60
3749,1226,753,11,1461.75,16079.25
3750,1227,391,47,882.96,41499.12
3751,1227,158,10,1167.59,11675.90
3752,1227,122,21,483.10,10145.10
3753,1227,92,21,970.58,20382.18
3754,1227,503,47,1421.56,66813.32
3755,1228,521,9,1097.64,9878.76
3756,1229,782,14,784.51,10983.14
3757,1230,693,11,1916.51,21081.61
3758,1230,502,29,715.10,20737.90
3759,1230,368,16,1822.33,29157.28
3760,1231,758,2,1862.70,3725.40
3761,1231,872,9,2131.87,19186.83
3762,1231,22,34,699.36,23778.24
3763,1231,114,32,307.11,9827.52
3764,1232,734,40,1643.73,65749.20
3765,1233,278,35,1056.77,36986.95
3766,1233,97,32,1393.81,44601.92
3767,1233,589,3,804.17,2412.51
3768,1233,487,49,1431.86,70161.14
3769,1234,1007,45,1602.44,72109.80
3770,1234,343,8,530.47,4243.76
3771,1234,320,29,1281.29,37157.41
3772,1235,28,45,874.72,39362.40
3773,1235,261,9,1288.71,11598.39
3774,1235,146,24,1031.23,24749.52
3775,1236,809,7,1636.06,11452.42
3776,1236,194,8,1465.16,11721.28
3777,1237,531,29,732.68,21247.72
3778,1237,519,5,69.81,349.05
3779,1238,424,17,32.23,547.91
3780,1239,452,15,652.75,9791.25
3781,1239,191,25,316.06,7901.50
3782,1239,630,34,950.51,32317.34
3783,1239,125,24,1740.10,41762.40
3784,1239,608,42,1020.75,42871.50
3785,1240,330,28,1109.53,31066.84
3786,1240,691,20,1627.02,32540.40
3787,1240,284,4,1319.97,5279.88
3788,1240,518,5,951.17,4755.85
3789,1241,548,45,575.98,25919.10
3790,1241,637,32,733.10,23459.20
3791,1241,36,41,1415.02,58015.82
3792,1241,550,21,334.81,7031.01
3793,1241,927,39,1334.82,52057.98
3794,1242,125,18,1740.10,31321.80
3795,1242,917,23,346.57,7971.11
3796,1242,932,33,1180.02,38940.66
3797,1242,631,38,1985.28,75440.64
3798,1243,828,25,1571.93,39298.25
3799,1243,899,10,1473.34,14733.40
3800,1243,457,4,666.47,2665.88
3801,1244,788,10,566.63,5666.30
3802,1244,210,33,1480.12,48843.96
3803,1245,475,2,1675.86,3351.72
3804,1245,470,16,98.48,1575.68
3805,1245,91,20,1821.88,36437.60
3806,1245,58,32,468.68,14997.76
3807,1246,380,33,515.57,17013.81
3808,1247,515,7,621.09,4347.63
3809,1247,719,38,384.32,14604.16
3810,1247,422,45,375.45,16895.25
3811,1247,542,34,197.72,6722.48
3812,1248,177,11,619.84,6818.24
3813,1248,276,38,945.96,35946.48
3814,1248,647,46,308.53,14192.38
3815,1248,995,6,739.67,4438.02
3816,1248,531,41,675.77,27706.57
3817,1249,555,43,86.86,3734.98
3818,1249,201,17,188.73,3208.41
3819,1249,683,14,1750.37,24505.18
3820,1249,225,33,842.29,27795.57
3821,1249,827,11,1846.02,20306.22
3822,1250,943,27,1133.11,30593.97
3823,1250,734,19,1661.22,31563.18
3824,1250,189,47,1401.88,65888.36
3825,1251,218,7,119.07,833.49
3826,1251,551,7,1551.80,10862.60
3827,1251,809,48,1716.26,82380.48
3828,1251,987,4,1744.33,6977.32
3829,1251,8,46,378.89,17428.94
3830,1252,623,20,954.07,19081.40
3831,1253,41,11,1076.76,11844.36
3832,1253,990,47,518.70,24378.90
3833,1253,974,20,842.77,16855.40
3834,1254,532,19,128.94,2449.86
3835,1255,768,27,1157.55,31253.85
3836,1255,224,11,1505.21,16557.31
3837,1255,949,49,1169.36,57298.64
3838,1255,796,11,1038.50,11423.50
3839,1255,133,6,751.69,4510.14
3840,1256,913,16,256.47,4103.52
3841,1256,367,27,931.28,25144.56
3842,1256,752,32,1331.94,42622.08
3843,1256,537,17,799.15,13585.55
3844,1256,552,30,2019.08,60572.40
3845,1257,290,43,656.46,28227.78
3846,1257,276,3,810.82,2432.46
3847,1257,816,9,1571.36,14142.24
3848,1258,306,44,319.64,14064.16
3849,1258,899,1,1570.49,1570.49
3850,1259,21,19,342.68,6510.92
3851,1259,333,35,547.69,19169.15
3852,1259,625,8,830.25,6642.00
3853,1259,288,31,22.67,702.77
3854,1260,548,3,587.06,1761.18
3855,1260,232,50,1267.42,63371.00
3856,1261,308,24,1071.04,25704.96
3857,1261,610,41,989.83,40583.03
3858,1261,159,7,1118.20,7827.40
3859,1261,341,31,171.63,5320.53
3860,1262,38,3,1402.61,4207.83
3861,1262,201,23,186.95,4299.85
3862,1263,950,20,455.99,9119.80
3863,1263,482,43,580.12,24945.16
3864,1263,326,26,1441.14,37469.64
3865,1264,922,39,1971.10,76872.90
3866,1264,258,18,1624.86,29247.48
3867,1264,656,23,1317.48,30302.04
3868,1264,648,6,1368.93,8213.58
3869,1265,203,16,851.44,13623.04
3870,1265,1002,33,1763.95,58210.35
3871,1265,167,5,258.18,1290.90
3872,1265,417,29,1407.77,40825.33
3873,1266,334,11,913.50,10048.50
3874,1266,125,23,1980.75,45557.25
3875,1266,472,30,1169.74,35092.20
3876,1267,728,19,1186.40,22541.60
3877,1267,919,7,553.69,3875.83
3878,1267,708,34,312.27,10617.18
3879,1268,349,23,416.90,9588.70
3880,1268,281,17,1104.31,18773.27
3881,1268,881,16,1415.28,22644.48
3882,1269,299,28,157.09,4398.52
3883,1270,153,12,139.42,1673.04
3884,1270,645,50,1362.15,68107.50
3885,1271,41,50,982.68,49134.00
3886,1271,218,32,112.13,3588.16
3887,1271,481,20,1593.97,31879.40
3888,1272,794,33,856.52,28265.16
3889,1272,866,9,361.07,3249.63
3890,1272,766,24,1890.52,45372.48
3891,1272,242,28,321.78,9009.84
3892,1273,644,50,1427.33,71366.50
3893,1273,968,15,1023.56,15353.40
3894,1273,615,19,1370.02,26030.38
3895,1273,552,33,1961.39,64725.87
3896,1274,911,29,899.85,26095.65
3897,1274,242,3,305.53,916.59
3898,1274,953,25,1869.21,46730.25
3899,1275,347,28,1282.10,35898.80
3900,1275,457,40,625.66,25026.40
3901,1276,686,11,2038.88,22427.68
3902,1276,755,9,2023.71,18213.39
3903,1276,135,7,708.99,4962.93
3904,1277,107,46,1576.90,72537.40
3905,1277,553,44,1185.19,52148.36
3906,1277,725,26,902.12,23455.12
3907,1278,237,12,1656.19,19874.28
3908,1278,121,36,1672.78,60220.08
3909,1278,405,47,1652.58,77671.26
3910,1279,261,6,1176.10,7056.60
3911,1280,498,14,69.30,970.20
3912,1280,684,9,548.85,4939.65
3913,1281,497,3,205.56,616.68
3914,1281,676,15,1504.20,22563.00
3915,1281,586,22,1700.92,37420.24
3916,1281,527,13,878.35,11418.55
3917,1282,919,4,569.51,2278.04
3918,1282,98,22,1747.38,38442.36
3919,1283,30,34,688.94,23423.96
3920,1283,984,7,297.80,2084.60
3921,1284,409,39,380.16,14826.24
3922,1284,712,7,867.86,6075.02
3923,1284,335,33,792.66,26157.78
3924,1284,153,42,154.91,6506.22
3925,1285,816,8,1479.82,11838.56
3926,1285,146,26,868.90,22591.40
3927,1285,853,18,110.25,1984.50
3928,1286,445,32,1843.93,59005.76
3929,1287,112,41,296.09,12139.69
3930,1288,238,1,301.03,301.03
3931,1288,481,14,1560.05,21840.70
3932,1289,254,40,619.64,24785.60
3933,1289,674,39,973.95,37984.05
3934,1289,745,24,59.48,1427.52
3935,1289,206,8,186.23,1489.84
3936,1290,921,46,1560.48,71782.08
3937,1290,913,27,256.47,6924.69
3938,1290,455,9,1194.49,10750.41
3939,1290,548,1,587.06,587.06
3940,1291,719,41,413.25,16943.25
3941,1291,602,42,1494.89,62785.38
3942,1291,360,15,746.12,11191.80
3943,1291,49,15,1286.97,19304.55
3944,1292,499,39,1305.96,50932.44
3945,1292,275,41,1275.43,52292.63
3946,1292,857,3,1437.52,4312.56
3947,1293,443,4,1044.52,4178.08
3948,1293,716,29,465.70,13505.30
3949,1294,332,13,2046.98,26610.74
3950,1294,585,48,1285.07,61683.36
3951,1295,61,18,1452.43,26143.74
3952,1295,498,40,61.11,2444.40
3953,1295,294,26,2020.89,52543.14
3954,1295,757,4,543.75,2175.00
3955,1296,390,36,225.24,8108.64
3956,1296,974,4,947.04,3788.16
3957,1296,214,10,490.44,4904.40
3958,1296,25,27,318.77,8606.79
3959,1296,1008,48,1528.92,73388.16
3960,1297,36,37,1527.10,56502.70
3961,1297,363,18,297.17,5349.06
3962,1297,797,31,69.39,2151.09
3963,1298,73,39,412.06,16070.34
3964,1298,990,23,513.41,11808.43
3965,1299,779,47,50.47,2372.09
3966,1299,275,1,1182.67,1182.67
3967,1300,570,34,1164.56,39595.04
3968,1300,676,15,1460.39,21905.85
3969,1300,116,25,1374.45,34361.25
3970,1300,967,28,631.21,17673.88
3971,1301,495,27,1338.12,36129.24
3972,1301,29,44,1489.13,65521.72
3973,1301,119,50,834.58,41729.00
3974,1301,285,41,275.92,11312.72
3975,1302,395,22,1974.50,43439.00
3976,1302,929,47,114.94,5402.18
3977,1302,566,49,152.45,7470.05
3978,1302,588,4,1443.58,5774.32
3979,1302,266,43,1825.87,78512.41
3980,1303,343,21,530.47,11139.87
3981,1304,491,26,991.43,25777.18
3982,1304,668,46,424.03,19505.38
3983,1304,265,25,1927.42,48185.50
3984,1305,405,14,1802.81,25239.34
3985,1305,972,23,488.73,11240.79
3986,1305,156,45,2106.84,94807.80
3987,1306,467,36,411.12,14800.32
3988,1307,501,33,1762.12,58149.96
3989,1307,852,7,1126.11,7882.77
3990,1307,885,46,412.02,18952.92
3991,1307,12,8,461.25,3690.00
3992,1307,698,16,805.55,12888.80
3993,1308,212,18,1306.79,23522.22
3994,1309,616,3,1012.62,3037.86
3995,1309,516,40,216.65,8666.00
3996,1309,409,39,428.70,16719.30
3997,1310,638,28,1235.16,34584.48
3998,1310,1009,48,1181.70,56721.60
3999,1311,19,50,1049.81,52490.50
4000,1312,226,8,769.91,6159.28
4001,1312,197,49,224.20,10985.80
4002,1312,576,16,1894.33,30309.28
4003,1312,522,1,359.30,359.30
4004,1313,283,19,1312.51,24937.69
4005,1313,201,21,165.59,3477.39
4006,1313,679,39,1266.09,49377.51
4007,1313,238,8,301.03,2408.24
4008,1313,911,46,820.46,37741.16
4009,1314,468,22,290.39,6388.58
4010,1314,801,14,577.26,8081.64
4011,1314,432,12,693.24,8318.88
4012,1315,851,32,1536.68,49173.76
4013,1315,937,35,1220.66,42723.10
4014,1315,522,19,324.07,6157.33
4015,1315,960,32,2180.33,69770.56
4016,1316,829,7,1301.72,9112.04
4017,1316,369,26,1646.76,42815.76
4018,1316,309,1,1401.58,1401.58
4019,1316,301,41,1072.26,43962.66
4020,1317,490,8,1473.66,11789.28
4021,1318,438,45,690.29,31063.05
4022,1319,555,7,84.15,589.05
4023,1319,964,28,618.78,17325.84
4024,1320,313,26,1451.58,37741.08
4025,1321,710,25,1894.72,47368.00
4026,1321,525,8,2096.88,16775.04
4027,1321,695,34,1382.88,47017.92
4028,1322,165,34,292.24,9936.16
4029,1322,651,5,869.95,4349.75
4030,1322,438,15,728.64,10929.60
4031,1322,916,27,703.79,19002.33
4032,1322,476,11,1729.67,19026.37
4033,1323,251,3,307.79,923.37
4034,1323,702,2,1240.13,2480.26
4035,1324,591,1,1484.10,1484.10
4036,1324,779,49,44.39,2175.11
4037,1324,233,39,1171.10,45672.90
4038,1324,184,47,172.80,8121.60
4039,1325,115,44,1442.55,63472.20
4040,1325,402,26,960.63,24976.38
4041,1325,608,11,953.97,10493.67
4042,1326,535,21,1750.18,36753.78
4043,1326,288,30,22.89,686.70
4044,1326,281,21,1114.73,23409.33
4045,1327,567,31,100.90,3127.90
4046,1327,967,35,607.83,21274.05
4047,1327,662,25,1262.41,31560.25
4048,1327,997,48,1709.72,82066.56
4049,1327,357,30,155.41,4662.30
4050,1328,545,3,278.46,835.38
4051,1328,926,28,475.73,13320.44
4052,1329,883,27,274.03,7398.81
4053,1329,327,17,1249.62,21243.54
4054,1329,420,41,1046.79,42918.39
4055,1329,944,46,1625.47,74771.62
4056,1329,591,22,1295.21,28494.62
4057,1330,121,13,1656.99,21540.87
4058,1330,967,8,613.67,4909.36
4059,1330,477,40,1912.28,76491.20
4060,1331,797,37,60.96,2255.52
4061,1332,77,9,725.36,6528.24
4062,1332,39,22,1750.35,38507.70
4063,1332,565,39,1710.34,66703.26
4064,1333,501,6,2030.27,12181.62
4065,1333,231,7,1979.22,13854.54
4066,1333,644,20,1290.08,25801.60
4067,1333,749,15,1104.32,16564.80
4068,1333,227,9,2043.33,18389.97
4069,1334,840,32,1775.43,56813.76
4070,1334,382,17,1326.49,22550.33
4071,1335,719,46,442.18,20340.28
4072,1335,242,45,344.53,15503.85
4073,1335,168,37,986.91,36515.67
4074,1335,441,42,322.07,13526.94
4075,1335,234,3,618.16,1854.48
4076,1336,696,31,1620.05,50221.55
4077,1336,556,47,1341.02,63027.94
4078,1336,685,10,432.97,4329.70
4079,1337,66,17,762.64,12964.88
4080,1337,941,35,1303.24,45613.40
4081,1338,452,49,747.94,36649.06
4082,1338,948,48,705.51,33864.48
4083,1338,215,46,741.49,34108.54
4084,1338,249,33,1339.14,44191.62
4085,1339,47,19,2070.39,39337.41
4086,1340,302,23,1683.81,38727.63
4087,1341,973,31,1184.16,36708.96
4088,1342,80,43,42.70,1836.10
4089,1343,1002,50,1849.58,92479.00
4090,1343,80,31,39.35,1219.85
4091,1343,490,41,1500.95,61538.95
4092,1344,776,37,1522.91,56347.67
4093,1344,838,43,1312.08,56419.44
4094,1344,645,12,1259.35,15112.20
4095,1344,358,47,148.21,6965.87
4096,1344,762,3,1772.22,5316.66
4097,1345,704,45,860.03,38701.35
4098,1345,123,47,1197.48,56281.56
4099,1345,230,25,982.08,24552.00
4100,1345,511,43,1042.03,44807.29
4101,1345,47,42,1825.70,76679.40
4102,1346,450,47,969.85,45582.95
4103,1346,849,11,288.59,3174.49
4104,1346,356,1,255.30,255.30
4105,1346,190,36,130.28,4690.08
4106,1346,404,38,172.54,6556.52
4107,1347,247,40,1817.31,72692.40
4108,1347,53,41,1032.64,42338.24
4109,1347,880,4,548.26,2193.04
4110,1347,97,19,1379.73,26214.87
4111,1348,236,17,219.74,3735.58
4112,1348,558,44,1258.73,55384.12
4113,1348,400,1,1611.72,1611.72
4114,1348,650,2,273.22,546.44
4115,1349,185,3,341.42,1024.26
4116,1350,523,45,2000.91,90040.95
4117,1350,172,13,262.42,3411.46
4118,1350,725,38,826.95,31424.10
4119,1350,476,34,1650.32,56110.88
4120,1351,326,5,1203.16,6015.80
4121,1351,553,31,1198.36,37149.16
4122,1351,339,28,1348.73,37764.44
4123,1352,27,50,1522.60,76130.00
4124,1353,110,38,1202.14,45681.32
4125,1353,128,35,791.06,27687.10
4126,1354,384,4,444.05,1776.20
4127,1354,227,2,1792.73,3585.46
4128,1354,883,32,285.10,9123.20
4129,1354,118,13,419.14,5448.82
4130,1354,103,2,496.50,993.00
4131,1355,694,49,847.26,41515.74
4132,1356,221,23,1075.22,24730.06
4133,1356,401,44,1610.79,70874.76
4134,1356,93,37,1031.52,38166.24
4135,1357,119,22,765.67,16844.74
4136,1357,236,30,231.55,6946.50
4137,1358,286,16,1035.28,16564.48
4138,1358,533,34,865.06,29412.04
4139,1358,154,28,1379.43,38624.04
4140,1359,939,29,1004.41,29127.89
4141,1359,339,39,1348.73,52600.47
4142,1359,696,10,1704.43,17044.30
4143,1359,972,47,479.42,22532.74
4144,1359,312,36,612.22,22039.92
4145,1360,12,8,508.81,4070.48
4146,1360,46,37,445.56,16485.72
4147,1360,281,12,1020.96,12251.52
4148,1361,822,25,144.66,3616.50
4149,1362,995,13,793.60,10316.80
4150,1362,656,41,1563.60,64107.60
4151,1362,218,31,108.66,3368.46
4152,1363,49,8,1458.57,11668.56
4153,1363,494,15,879.95,13199.25
4154,1364,317,50,171.94,8597.00
4155,1365,264,40,833.15,33326.00
4156,1365,993,12,1285.42,15425.04
4157,1365,608,26,896.73,23314.98
4158,1365,88,12,1208.11,14497.32
4159,1365,436,42,1328.21,55784.82
4160,1366,554,15,660.88,9913.20
4161,1367,766,19,1890.52,35919.88
4162,1368,414,5,287.27,1436.35
4163,1368,917,21,365.21,7669.41
4164,1368,161,26,412.47,10724.22
4165,1368,181,43,831.63,35760.09
4166,1368,881,18,1258.02,22644.36
4167,1369,841,20,1981.78,39635.60
4168,1369,605,36,560.05,20161.80
4169,1369,438,43,743.98,31991.14
4170,1369,785,13,340.64,4428.32
4171,1369,220,39,598.76,23351.64
4172,1370,441,34,306.58,10423.72
4173,1370,183,25,437.53,10938.25
4174,1371,424,44,35.70,1570.80
4175,1371,368,25,1881.11,47027.75
4176,1372,890,8,512.78,4102.24
4177,1373,534,7,413.51,2894.57
4178,1373,310,26,1850.04,48101.04
4179,1373,837,36,639.68,23028.48
4180,1373,114,16,303.84,4861.44
4181,1374,283,22,1555.04,34210.88
4182,1374,630,7,950.51,6653.57
4183,1374,290,3,730.15,2190.45
4184,1374,99,28,757.08,21198.24
4185,1374,920,38,1073.56,40795.28
4186,1375,980,23,1835.72,42221.56
4187,1375,382,30,1131.77,33953.10
4188,1375,93,9,1065.53,9589.77
4189,1375,230,10,1001.15,10011.50
4190,1376,1009,21,1003.33,21069.93
4191,1376,334,45,941.75,42378.75
4192,1376,187,38,1628.50,61883.00
4193,1377,438,50,690.29,34514.50
4194,1377,54,35,1794.69,62814.15
4195,1377,27,40,1773.58,70943.20
4196,1377,960,17,1823.55,31000.35
4197,1378,36,39,1457.05,56824.95
4198,1378,1,46,1451.88,66786.48
4199,1379,988,14,63.21,884.94
4200,1379,797,35,59.01,2065.35
4201,1379,313,19,1545.23,29359.37
4202,1379,393,20,992.11,19842.20
4203,1379,332,22,2066.66,45466.52
4204,1380,34,6,1529.19,9175.14
4205,1380,600,2,560.81,1121.62
4206,1380,322,10,2035.77,20357.70
4207,1380,166,50,2020.22,101011.00
4208,1381,965,7,701.71,4911.97
4209,1381,694,25,838.79,20969.75
4210,1381,219,49,1454.81,71285.69
4211,1381,532,39,123.78,4827.42
4212,1382,426,26,611.89,15909.14
4213,1382,75,12,129.28,1551.36
4214,1382,174,3,1813.66,5440.98
4215,1382,292,37,1230.56,45530.72
4216,1383,869,35,1940.44,67915.40
4217,1383,862,26,1617.26,42048.76
4218,1384,923,28,1938.57,54279.96
4219,1384,664,26,133.68,3475.68
4220,1384,743,21,1818.04,38178.84
4221,1384,1006,11,1386.15,15247.65
4222,1385,328,6,1666.59,9999.54
4223,1385,974,14,938.35,13136.90
4224,1385,702,1,1112.64,1112.64
4225,1385,818,49,1101.04,53950.96
4226,1386,774,49,744.47,36479.03
4227,1386,130,30,390.26,11707.80
4228,1386,161,33,400.34,13211.22
4229,1386,943,33,1182.92,39036.36
4230,1386,653,20,1068.30,21366.00
4231,1387,865,38,696.11,26452.18
4232,1387,781,31,438.02,13578.62
4233,1387,345,39,1863.02,72657.78
4234,1388,784,32,1168.42,37389.44
4235,1388,84,25,456.06,11401.50
4236,1388,183,37,476.52,17631.24
4237,1388,396,19,322.69,6131.11
4238,1388,631,44,1908.92,83992.48
4239,1389,837,48,691.89,33210.72
4240,1389,513,21,1342.50,28192.50
4241,1389,150,18,2009.46,36170.28
4242,1389,642,42,1765.79,74163.18
4243,1389,687,30,705.72,21171.60
4244,1390,438,39,751.65,29314.35
4245,1391,336,13,1954.60,25409.80
4246,1392,429,49,47.50,2327.50
4247,1392,326,39,1269.26,49501.14
4248,1392,1002,10,1644.07,16440.70
4249,1392,46,45,433.30,19498.50
4250,1393,556,39,1326.76,51743.64
4251,1393,213,38,215.37,8184.06
4252,1393,835,27,519.66,14030.82
4253,1394,48,29,737.31,21381.99
4254,1394,741,26,1168.22,30373.72
4255,1394,464,10,109.24,1092.40
4256,1394,802,40,1027.62,41104.80
4257,1395,621,46,408.01,18768.46
4258,1395,94,14,1414.47,19802.58
4259,1396,148,25,620.67,15516.75
4260,1396,436,15,1290.62,19359.30
4261,1396,327,33,1100.58,36319.14
4262,1396,616,11,926.64,10193.04
4263,1396,95,4,1440.60,5762.40
4264,1397,17,36,656.30,23626.80
4265,1397,580,20,831.16,16623.20
4266,1398,207,49,1894.45,92828.05
4267,1398,837,17,691.89,11762.13
4268,1398,615,35,1450.61,50771.35
4269,1398,439,47,95.45,4486.15
4270,1398,103,21,467.29,9813.09
4271,1399,291,28,1225.50,34314.00
4272,1399,794,43,828.89,35642.27
4273,1399,325,16,146.99,2351.84
4274,1399,874,45,1680.41,75618.45
4275,1400,369,1,1831.60,1831.60
4276,1400,364,41,610.18,25017.38
4277,1400,104,4,574.26,2297.04
4278,1400,805,48,1871.88,89850.24
4279,1400,976,29,304.19,8821.51
4280,1401,740,37,1621.41,59992.17
4281,1401,187,49,1697.80,83192.20
4282,1401,451,50,107.94,5397.00
4283,1401,372,22,1899.61,41791.42
4284,1402,63,17,694.40,11804.80
4285,1402,191,40,299.77,11990.80
4286,1402,760,14,1564.46,21902.44
4287,1403,100,17,1690.98,28746.66
4288,1404,745,36,54.38,1957.68
4289,1405,178,41,1344.39,55119.99
4290,1405,962,9,1841.11,16569.99
4291,1405,974,44,920.97,40522.68
4292,1406,548,19,553.83,10522.77
4293,1406,500,31,970.78,30094.18
4294,1406,980,39,1743.93,68013.27
4295,1407,199,6,1155.09,6930.54
4296,1407,520,26,45.86,1192.36
4297,1408,993,2,1297.21,2594.42
4298,1408,321,12,1628.86,19546.32
4299,1408,535,27,1693.72,45730.44
4300,1409,169,14,1496.94,20957.16
4301,1409,437,37,399.04,14764.48
4302,1409,919,38,553.69,21040.22
4303,1410,104,10,504.49,5044.90
4304,1410,942,47,1415.95,66549.65
4305,1410,607,24,1171.68,28120.32
4306,1410,632,43,1112.39,47832.77
4307,1411,167,49,266.01,13034.49
4308,1411,215,21,635.56,13346.76
4309,1411,793,22,769.70,16933.40
4310,1411,268,29,1183.19,34312.51
4311,1412,998,31,1969.17,61044.27
4312,1413,117,8,581.46,4651.68
4313,1413,477,18,2086.13,37550.34
4314,1413,516,5,232.45,1162.25
4315,1414,902,50,1521.25,76062.50
4316,1414,693,26,1770.49,46032.74
4317,1414,861,39,520.45,20297.55
4318,1415,132,39,753.43,29383.77
4319,1416,794,27,865.73,23374.71
4320,1416,849,44,272.70,11998.80
4321,1416,282,18,351.76,6331.68
4322,1417,559,36,457.90,16484.40
4323,1417,993,21,1226.45,25755.45
4324,1417,384,41,467.67,19174.47
4325,1418,389,21,1561.01,32781.21
4326,1418,537,48,868.64,41694.72
4327,1418,654,39,451.58,17611.62
4328,1419,31,31,236.54,7332.74
4329,1419,434,11,57.23,629.53
4330,1419,381,29,1211.42,35131.18
4331,1420,468,27,296.85,8014.95
4332,1420,135,40,617.08,24683.20
4333,1420,64,48,1788.32,85839.36
4334,1420,350,38,1558.35,59217.30
4335,1421,549,31,1563.33,48463.23
4336,1421,788,39,551.18,21496.02
4337,1422,486,35,998.28,34939.80
4338,1422,984,47,272.03,12785.41
4339,1422,594,40,964.74,38589.60
4340,1423,863,2,912.03,1824.06
4341,1423,591,37,1281.72,47423.64
4342,1423,131,45,599.60,26982.00
4343,1423,423,50,157.08,7854.00
4344,1423,374,46,579.12,26639.52
4345,1424,444,28,383.51,10738.28
4346,1424,964,44,589.31,25929.64
4347,1424,302,13,1588.50,20650.50
4348,1425,615,26,1343.16,34922.16
4349,1425,429,40,52.05,2082.00
4350,1425,357,46,149.07,6857.22
4351,1425,1000,24,1159.91,27837.84
4352,1425,718,22,1470.85,32358.70
4353,1426,591,19,1227.75,23327.25
4354,1427,608,42,877.65,36861.30
4355,1427,229,3,1881.48,5644.44
4356,1427,85,1,1619.16,1619.16
4357,1427,276,12,945.96,11351.52
4358,1428,249,39,1325.88,51709.32
4359,1428,916,27,821.09,22169.43
4360,1429,475,42,1610.14,67625.88
4361,1429,429,9,50.53,454.77
4362,1430,457,37,700.47,25917.39
4363,1430,103,6,501.36,3008.16
4364,1431,859,14,975.72,13660.08
4365,1432,463,41,1231.41,50487.81
4366,1433,650,25,279.29,6982.25
4367,1433,753,7,1539.50,10776.50
4368,1433,992,35,836.45,29275.75
4369,1433,166,37,2020.22,74748.14
4370,1433,935,7,145.59,1019.13
4371,1434,921,30,1653.18,49595.40
4372,1434,112,45,259.08,11658.60
4373,1434,869,36,2098.84,75558.24
4374,1435,635,25,1904.06,47601.50
4375,1435,887,4,1019.62,4078.48
4376,1436,467,44,382.05,16810.20
4377,1436,157,25,1277.29,31932.25
4378,1436,528,6,1530.48,9182.88
4379,1436,794,40,976.25,39050.00
4380,1437,821,21,1360.34,28567.14
4381,1437,791,44,1642.82,72284.08
4382,1437,767,36,343.67,12372.12
4383,1437,282,27,293.13,7914.51
4384,1438,252,25,690.58,17264.50
4385,1438,404,11,194.56,2140.16
4386,1438,822,12,144.66,1735.92
4387,1439,64,15,1738.64,26079.60
4388,1439,36,44,1541.11,67808.84
4389,1440,958,17,409.05,6953.85
4390,1440,1000,44,1250.13,55005.72
4391,1440,735,34,268.65,9134.10
4392,1440,369,50,1646.76,82338.00
4393,1440,219,20,1359.64,27192.80
4394,1441,392,42,590.87,24816.54
4395,1442,754,11,1583.02,17413.22
4396,1442,82,29,1260.28,36548.12
4397,1442,749,6,1104.32,6625.92
4398,1442,934,28,1642.35,45985.80
4399,1442,371,27,779.72,21052.44
4400,1443,588,30,1340.47,40214.10
4401,1444,154,35,1482.15,51875.25
4402,1444,846,42,886.89,37249.38
4403,1444,502,10,715.10,7151.00
4404,1444,392,18,597.43,10753.74
4405,1445,255,36,1840.54,66259.44
4406,1445,84,14,507.77,7108.78
4407,1445,119,46,803.95,36981.70
4408,1445,552,32,1922.93,61533.76
4409,1446,608,25,992.13,24803.25
4410,1446,63,1,603.54,603.54
4411,1446,84,35,493.67,17278.45
4412,1446,388,49,1487.45,72885.05
4413,1446,137,27,762.42,20585.34
4414,1447,248,38,604.33,22964.54
4415,1448,135,4,590.82,2363.28
4416,1448,347,38,1170.07,44462.66
4417,1448,610,1,834.02,834.02
4418,1448,906,22,1519.98,33439.56
4419,1449,410,8,168.11,1344.88
4420,1449,296,19,435.26,8269.94
4421,1450,655,11,603.90,6642.90
4422,1450,514,13,1284.50,16698.50
4423,1450,280,21,1700.46,35709.66
4424,1450,852,26,1253.82,32599.32
4425,1450,298,6,822.57,4935.42
4426,1451,160,4,618.83,2475.32
4427,1451,905,4,749.40,2997.60
4428,1451,506,49,1086.16,53221.84
4429,1451,613,29,1728.59,50129.11
4430,1452,429,14,55.58,778.12
4431,1452,419,28,563.63,15781.64
4432,1452,1009,48,1125.96,54046.08
4433,1452,165,37,305.08,11287.96
4434,1452,234,19,643.65,12229.35
4435,1453,305,39,1360.00,53040.00
4436,1453,917,50,391.29,19564.50
4437,1453,987,6,1872.86,11237.16
4438,1453,912,14,763.05,10682.70
4439,1454,526,49,1654.83,81086.67
4440,1454,204,14,37.76,528.64
4441,1454,297,5,379.03,1895.15
4442,1455,707,15,198.77,2981.55
4443,1455,208,27,477.90,12903.30
4444,1456,6,44,1916.86,84341.84
4445,1457,97,24,1407.89,33789.36
4446,1457,225,46,757.29,34835.34
4447,1458,993,47,1297.21,60968.87
4448,1458,213,15,181.78,2726.70
4449,1459,549,10,1711.43,17114.30
4450,1459,735,38,274.62,10435.56
4451,1459,859,37,1141.80,42246.60
4452,1459,889,45,1447.25,65126.25
4453,1459,854,33,1308.34,43175.22
4454,1460,74,36,1069.05,38485.80
4455,1460,344,33,2122.49,70042.17
4456,1461,905,32,660.02,21120.64
4457,1461,676,37,1606.43,59437.91
4458,1462,522,45,334.64,15058.80
4459,1462,279,20,1614.35,32287.00
4460,1462,162,29,663.02,19227.58
4461,1462,354,23,274.59,6315.57
4462,1463,362,31,843.41,26145.71
4463,1464,597,1,1160.18,1160.18
4464,1465,367,11,894.03,9834.33
4465,1465,804,33,794.56,26220.48
4466,1465,985,28,1559.07,43653.96
4467,1466,897,22,99.45,2187.90
4468,1466,841,34,2078.92,70683.28
4469,1467,248,36,617.33,22223.88
4470,1467,918,35,655.20,22932.00
4471,1468,115,22,1346.38,29620.36
4472,1468,834,18,78.60,1414.80
4473,1469,938,10,310.05,3100.50
4474,1469,756,31,1788.00,55428.00
4475,1470,286,37,1081.29,40007.73
4476,1470,857,41,1186.95,48664.95
4477,1470,247,23,1836.24,42233.52
4478,1470,473,32,753.01,24096.32
4479,1471,145,19,1541.76,29293.44
4480,1471,1005,18,893.44,16081.92
4481,1472,867,15,1514.60,22719.00
4482,1472,657,16,527.49,8439.84
4483,1473,196,24,764.05,18337.20
4484,1473,134,18,557.66,10037.88
4485,1473,129,50,1435.22,71761.00
4486,1474,805,24,1852.78,44466.72
4487,1474,470,37,97.59,3610.83
4488,1474,821,1,1463.84,1463.84
4489,1475,305,23,1275.00,29325.00
4490,1475,307,33,453.78,14974.74
4491,1476,536,14,1618.08,22653.12
4492,1476,968,50,1074.24,53712.00
4493,1476,1009,5,1103.66,5518.30
4494,1476,101,16,1684.06,26944.96
4495,1476,365,20,77.86,1557.20
4496,1477,88,15,1158.29,17374.35
4497,1477,214,42,432.47,18163.74
4498,1478,151,46,825.74,37984.04
4499,1479,44,46,101.12,4651.52
4500,1480,498,29,57.96,1680.84
4501,1480,949,14,1192.98,16701.72
4502,1481,575,40,1467.90,58716.00
4503,1481,1000,46,1288.79,59284.34
4504,1482,656,37,1462.26,54103.62
4505,1482,181,11,777.22,8549.42
4506,1482,74,3,1104.68,3314.04
4507,1482,695,39,1324.65,51661.35
4508,1482,461,50,729.37,36468.50
4509,1483,210,3,1661.03,4983.09
4510,1483,683,46,1769.82,81411.72
4511,1483,581,10,859.96,8599.60
4512,1483,781,48,414.96,19918.08
4513,1483,550,41,338.00,13858.00
4514,1484,410,43,157.92,6790.56
4515,1484,247,27,1968.75,53156.25
4516,1484,977,41,1562.03,64043.23
4517,1484,524,35,1736.59,60780.65
4518,1485,286,10,1150.31,11503.10
4519,1485,24,28,1664.22,46598.16
4520,1485,182,45,1057.95,47607.75
4521,1485,707,22,194.49,4278.78
4522,1485,640,9,1275.25,11477.25
4523,1486,993,16,1191.07,19057.12
4524,1486,585,50,1298.31,64915.50
4525,1487,230,9,886.74,7980.66
4526,1487,347,17,1157.63,19679.71
4527,1488,368,15,1998.68,29980.20
4528,1489,1000,36,1379.01,49644.36
4529,1489,282,26,293.13,7621.38
4530,1489,168,37,890.16,32935.92
4531,1489,954,20,546.04,10920.80
4532,1489,90,40,1669.32,66772.80
4533,1490,428,35,1843.73,64530.55
4534,1490,3,40,28.24,1129.60
4535,1490,434,21,55.48,1165.08
4536,1490,519,25,81.45,2036.25
4537,1491,252,12,769.70,9236.40
4538,1491,743,43,1768.01,76024.43
4539,1491,691,41,1706.78,69977.98
4540,1492,888,42,380.58,15984.36
4541,1492,726,37,115.01,4255.37
4542,1492,218,24,123.69,2968.56
4543,1492,682,14,1753.32,24546.48
4544,1493,793,16,818.83,13101.28
4545,1493,434,3,60.15,180.45
4546,1493,938,26,291.99,7591.74
4547,1494,132,38,745.97,28346.86
4548,1494,871,1,1694.36,1694.36
4549,1494,687,20,743.66,14873.20
4550,1494,960,5,2001.94,10009.70
4551,1495,562,43,1660.22,71389.46
4552,1495,934,22,1577.95,34714.90
4553,1495,42,36,959.21,34531.56
4554,1495,959,44,1056.94,46505.36
4555,1496,196,46,794.01,36524.46
4556,1497,571,27,1826.92,49326.84
4557,1497,552,5,1922.93,9614.65
4558,1498,703,30,1127.45,33823.50
4559,1499,313,1,1701.32,1701.32
4560,1499,28,14,1018.90,14264.60
4561,1500,948,17,683.69,11622.73
4562,1501,393,40,940.97,37638.80
4563,1501,534,10,451.49,4514.90
4564,1501,802,32,882.20,28230.40
4565,1501,488,50,1489.31,74465.50
4566,1501,805,27,1719.07,46414.89
4567,1502,84,37,512.47,18961.39
4568,1502,879,24,2199.22,52781.28
4569,1502,303,23,1257.07,28912.61
4570,1502,127,32,640.44,20494.08
4571,1503,679,6,1155.46,6932.76
4572,1503,481,29,1797.45,52126.05
4573,1504,451,45,97.76,4399.20
4574,1504,359,14,1848.73,25882.22
4575,1504,169,32,1275.18,40805.76
4576,1505,802,12,959.76,11517.12
4577,1505,618,19,1411.18,26812.42
4578,1506,37,21,85.48,1795.08
4579,1507,653,46,915.69,42121.74
4580,1507,177,1,646.50,646.50
4581,1508,462,33,1007.34,33242.22
4582,1508,655,38,702.36,26689.68
4583,1508,929,38,98.98,3761.24
4584,1508,555,26,88.67,2305.42
4585,1509,776,33,1790.68,59092.44
4586,1509,973,22,1312.87,28883.14
4587,1509,178,4,1344.39,5377.56
4588,1509,957,31,1136.73,35238.63
4589,1510,291,45,1272.18,57248.10
4590,1511,26,11,1126.06,12386.66
4591,1512,726,32,113.91,3645.12
4592,1513,578,11,729.18,8020.98
4593,1514,458,45,300.29,13513.05
4594,1515,303,13,1270.03,16510.39
4595,1515,27,1,1639.73,1639.73
4596,1515,785,14,357.34,5002.76
4597,1516,977,24,1421.45,34114.80
4598,1516,267,28,505.67,14158.76
4599,1517,48,14,721.95,10107.30
4600,1517,983,49,2072.00,101528.00
4601,1517,862,33,1382.03,45606.99
4602,1518,854,2,1437.74,2875.48
4603,1518,304,3,1436.70,4310.10
4604,1519,569,28,156.00,4368.00
4605,1520,493,42,850.39,35716.38
4606,1520,672,27,131.54,3551.58
4607,1520,281,31,1041.80,32295.80
4608,1520,233,27,1232.10,33266.70
4609,1521,920,1,1062.93,1062.93
4610,1521,401,19,1865.13,35437.47
4611,1521,671,19,794.69,15099.11
4612,1521,351,43,1812.00,77916.00
4613,1522,280,17,1913.01,32521.17
4614,1522,969,2,621.75,1243.50
4615,1522,880,14,655.53,9177.42
4616,1523,158,36,1372.88,49423.68
4617,1523,89,31,531.88,16488.28
4618,1523,629,17,565.52,9613.84
4619,1524,645,36,1387.85,49962.60
4620,1524,531,15,739.79,11096.85
4621,1525,878,7,1162.43,8137.01
4622,1525,864,31,1482.12,45945.72
4623,1525,202,25,1434.19,35854.75
4624,1525,470,40,80.58,3223.20
4625,1526,367,36,838.15,30173.40
4626,1526,455,18,1231.43,22165.74
4627,1526,335,29,830.40,24081.60
4628,1527,801,5,556.08,2780.40
4629,1527,195,17,1493.28,25385.76
4630,1527,458,36,328.15,11813.40
4631,1527,39,45,1458.62,65637.90
4632,1527,643,30,1900.26,57007.80
4633,1528,627,41,461.32,18914.12
4634,1528,795,18,822.11,14797.98
4635,1528,453,29,1078.77,31284.33
4636,1528,691,16,1690.83,27053.28
4637,1529,162,21,635.11,13337.31
4638,1529,256,24,937.19,22492.56
4639,1529,7,46,81.61,3754.06
4640,1530,706,34,1548.02,52632.68
4641,1531,654,7,508.62,3560.34
4642,1531,206,39,180.75,7049.25
4643,1531,594,10,1051.57,10515.70
4644,1531,356,30,252.72,7581.60
4645,1532,196,17,741.58,12606.86
4646,1532,723,14,793.44,11108.16
4647,1532,770,24,22.69,544.56
4648,1533,38,1,1417.53,1417.53
4649,1533,647,46,326.68,15027.28
4650,1533,61,3,1350.76,4052.28
4651,1533,423,4,158.70,634.80
4652,1533,742,33,1245.16,41090.28
4653,1534,41,27,1118.58,30201.66
4654,1534,959,23,1025.55,23587.65
4655,1534,990,11,550.46,6055.06
4656,1535,775,33,1057.74,34905.42
4657,1535,158,22,1360.05,29921.10
4658,1535,303,8,1270.03,10160.24
4659,1536,493,46,834.03,38365.38
4660,1536,85,50,1418.70,70935.00
4661,1536,138,45,1487.61,66942.45
4662,1536,804,23,723.05,16630.15
4663,1537,794,26,985.46,25621.96
4664,1537,808,28,273.87,7668.36
4665,1538,98,36,1764.02,63504.72
4666,1538,155,6,28.20,169.20
4667,1538,488,27,1359.17,36697.59
4668,1538,322,35,1960.37,68612.95
4669,1538,618,2,1370.86,2741.72
4670,1539,114,17,300.57,5109.69
4671,1539,219,24,1223.68,29368.32
4672,1540,772,11,1506.20,16568.20
4673,1540,893,3,1831.02,5493.06
4674,1541,99,15,795.32,11929.80
4675,1541,194,4,1576.63,6306.52
4676,1541,6,9,1897.88,17080.92
4677,1542,134,8,519.01,4152.08
4678,1542,423,13,165.18,2147.34
4679,1543,598,47,1147.24,53920.28
4680,1543,865,44,719.06,31638.64
4681,1544,355,1,226.94,226.94
4682,1544,476,41,1602.72,65711.52
4683,1544,998,39,2126.70,82941.30
4684,1544,107,18,1390.54,25029.72
4685,1545,286,48,1184.82,56871.36
4686,1546,464,40,105.86,4234.40
4687,1546,353,30,210.89,6326.70
4688,1546,13,14,696.02,9744.28
4689,1546,826,34,685.96,23322.64
4690,1546,811,50,1632.08,81604.00
4691,1547,761,48,1277.72,61330.56
4692,1547,145,5,1381.77,6908.85
4693,1547,322,12,2073.47,24881.64
4694,1548,728,44,1255.51,55242.44
4695,1548,150,38,2168.62,82407.56
4696,1548,616,1,1003.06,1003.06
4697,1548,983,3,1976.96,5930.88
4698,1549,352,34,1314.04,44677.36
4699,1550,777,41,31.12,1275.92
4700,1550,537,19,894.70,16999.30
4701,1551,634,17,1258.11,21387.87
4702,1551,601,7,1268.08,8876.56
4703,1551,219,28,1454.81,40734.68
4704,1552,268,30,1195.14,35854.20
4705,1552,85,1,1511.22,1511.22
4706,1553,114,24,339.78,8154.72
4707,1553,636,34,352.18,11974.12
4708,1553,316,40,1922.80,76912.00
4709,1553,825,37,1394.06,51580.22
4710,1553,915,29,290.87,8435.23
4711,1554,867,4,1625.04,6500.16
4712,1554,963,13,139.02,1807.26
4713,1554,681,24,703.64,16887.36
4714,1554,617,12,1071.80,12861.60
4715,1554,246,9,1658.30,14924.70
4716,1555,329,24,1481.18,35548.32
4717,1555,769,7,56.29,394.03
4718,1556,256,25,997.65,24941.25
4719,1556,455,15,1317.63,19764.45
4720,1557,709,25,711.01,17775.25
4721,1557,384,13,510.18,6632.34
4722,1557,535,16,1731.36,27701.76
4723,1558,758,38,2076.13,78892.94
4724,1558,126,19,626.15,11896.85
4725,1558,710,44,2131.56,93788.64
4726,1558,459,43,187.12,8046.16
4727,1558,550,9,312.49,2812.41
4728,1559,840,45,2026.30,91183.50
4729,1559,550,31,296.55,9193.05
4730,1559,622,50,679.42,33971.00
4731,1559,234,42,624.53,26230.26
4732,1559,458,43,287.91,12380.13
4733,1560,995,6,785.90,4715.40
4734,1560,571,3,1558.75,4676.25
4735,1560,45,28,1806.49,50581.72
4736,1561,648,47,1493.38,70188.86
4737,1561,299,10,149.61,1496.10
4738,1561,874,9,1846.60,16619.40
4739,1562,422,8,390.18,3121.44
4740,1563,926,8,475.73,3805.84
4741,1563,262,28,815.22,22826.16
4742,1563,973,6,1377.23,8263.38
4743,1563,560,13,1725.18,22427.34
4744,1563,594,39,916.50,35743.50
4745,1564,837,9,691.89,6227.01
4746,1565,219,10,1373.24,13732.40
4747,1565,71,8,830.49,6643.92
4748,1566,271,49,38.70,1896.30
4749,1566,437,36,407.36,14664.96
4750,1566,537,12,833.89,10006.68
4751,1567,803,24,1633.22,39197.28
4752,1567,458,49,340.54,16686.46
4753,1567,618,29,1236.46,35857.34
4754,1567,1001,48,1042.42,50036.16
4755,1568,544,27,1000.96,27025.92
4756,1568,92,14,1052.31,14732.34
4757,1568,848,31,1129.73,35021.63
4758,1568,502,36,830.44,29895.84
4759,1568,107,8,1548.23,12385.84
4760,1569,103,22,442.95,9744.90
4761,1570,824,17,319.00,5423.00
4762,1570,358,49,143.48,7030.52
4763,1570,531,7,647.32,4531.24
4764,1570,523,41,1812.14,74297.74
4765,1571,844,47,1477.40,69437.80
4766,1571,930,23,1435.98,33027.54
4767,1571,278,49,905.80,44384.20
4768,1571,279,49,1564.42,76656.58
4769,1571,505,39,1732.19,67555.41
4770,1572,488,4,1590.52,6362.08
4771,1572,381,38,1211.42,46033.96
4772,1573,137,8,733.37,5866.96
4773,1573,479,22,523.89,11525.58
4774,1573,561,40,1668.07,66722.80
4775,1574,924,9,1245.83,11212.47
4776,1574,314,19,1774.15,33708.85
4777,1574,917,19,398.75,7576.25
4778,1575,192,1,1796.79,1796.79
4779,1575,464,46,113.75,5232.50
4780,1575,314,5,1558.60,7793.00
4781,1575,630,50,1084.82,54241.00
4782,1576,606,1,1512.02,1512.02
4783,1576,634,37,1488.09,55059.33
4784,1576,238,1,279.74,279.74
4785,1577,565,4,1854.37,7417.48
4786,1577,640,2,1117.36,2234.72
4787,1577,422,49,379.13,18577.37
4788,1578,869,9,2039.44,18354.96
4789,1578,796,17,1088.91,18511.47
4790,1578,909,39,1316.96,51361.44
4791,1578,818,27,1292.52,34898.04
4792,1578,209,4,809.62,3238.48
4793,1579,572,38,1967.26,74755.88
4794,1579,218,47,122.54,5759.38
4795,1579,965,40,767.50,30700.00
4796,1579,792,1,255.94,255.94
4797,1580,211,48,1280.65,61471.20
4798,1580,989,33,1619.77,53452.41
4799,1581,413,13,1053.76,13698.88
4800,1581,628,10,1993.25,19932.50
4801,1581,216,21,1669.29,35055.09
4802,1581,334,43,856.99,36850.57
4803,1582,891,32,1396.76,44696.32
4804,1582,990,5,508.12,2540.60
4805,1582,243,36,217.48,7829.28
4806,1582,790,27,2169.66,58580.82
4807,1582,199,20,1165.88,23317.60
4808,1583,606,50,1794.48,89724.00
4809,1583,649,4,1873.17,7492.68
4810,1583,838,16,1183.44,18935.04
4811,1583,560,3,1757.13,5271.39
4812,1583,228,31,1078.23,33425.13
4813,1584,373,6,1327.87,7967.22
4814,1584,801,45,566.67,25500.15
4815,1584,949,10,1086.68,10866.80
4816,1584,662,15,1146.59,17198.85
4817,1584,628,40,1993.25,79730.00
4818,1585,799,2,266.59,533.18
4819,1586,431,9,2141.89,19277.01
4820,1586,640,44,1141.65,50232.60
4821,1586,903,49,1619.85,79372.65
4822,1586,197,12,228.43,2741.16
4823,1586,802,39,891.89,34783.71
4824,1587,962,15,1657.00,24855.00
4825,1588,656,28,1404.35,39321.80
4826,1588,68,38,217.41,8261.58
4827,1588,805,19,2043.79,38832.01
4828,1589,214,7,450.31,3152.17
4829,1589,799,19,279.92,5318.48
4830,1589,805,37,2081.99,77033.63
4831,1589,545,39,281.45,10976.55
4832,1589,446,23,191.10,4395.30
4833,1590,402,33,950.82,31377.06
4834,1591,930,24,1514.88,36357.12
4835,1592,766,23,1890.52,43481.96
4836,1592,101,40,1781.22,71248.80
4837,1592,207,1,1784.09,1784.09
4838,1593,293,19,1496.99,28442.81
4839,1593,545,25,329.36,8234.00
4840,1593,459,47,159.40,7491.80
4841,1594,695,5,1557.56,7787.80
4842,1594,266,10,1993.55,19935.50
4843,1594,419,19,546.20,10377.80
4844,1594,65,42,983.25,41296.50
4845,1595,942,1,1314.81,1314.81
4846,1595,67,39,1092.08,42591.12
4847,1596,777,39,32.76,1277.64
4848,1596,148,40,564.81,22592.40
4849,1596,640,28,1287.39,36046.92
4850,1596,789,47,362.08,17017.76
4851,1597,657,29,488.78,14174.62
4852,1597,659,40,975.76,39030.40
4853,1597,941,26,1278.88,33250.88
4854,1598,21,15,349.97,5249.55
4855,1598,2,20,497.45,9949.00
4856,1598,429,32,50.02,1600.64
4857,1598,443,23,1098.36,25262.28
4858,1598,840,26,2103.49,54690.74
4859,1599,459,45,183.66,8264.70
4860,1600,677,49,344.31,16871.19
4861,1600,441,25,281.81,7045.25
4862,1601,283,48,1469.44,70533.12
4863,1601,394,17,1636.62,27822.54
4864,1601,417,15,1339.43,20091.45
4865,1601,547,23,1636.53,37640.19
4866,1601,356,4,252.72,1010.88
4867,1602,832,30,791.71,23751.30
4868,1602,692,49,1058.00,51842.00
4869,1602,405,12,1535.73,18428.76
4870,1603,512,45,165.20,7434.00
4871,1603,978,32,1826.15,58436.80
4872,1603,84,40,493.67,19746.80
4873,1603,987,11,1983.03,21813.33
4874,1603,283,28,1569.30,43940.40
4875,1604,619,50,563.45,28172.50
4876,1604,906,18,1435.54,25839.72
4877,1604,892,15,801.49,12022.35
4878,1604,671,29,801.98,23257.42
4879,1605,396,28,306.87,8592.36
4880,1606,36,1,1457.05,1457.05
4881,1606,482,25,642.49,16062.25
4882,1606,750,9,443.58,3992.22
4883,1606,295,25,1161.82,29045.50
4884,1607,13,28,676.68,18947.04
4885,1607,934,21,1610.15,33813.15
4886,1607,198,12,623.52,7482.24
4887,1607,202,6,1447.98,8687.88
4888,1608,478,14,1646.76,23054.64
4889,1608,323,37,1670.56,61810.72
4890,1609,946,47,1544.73,72602.31
4891,1609,974,32,860.15,27524.80
4892,1610,473,48,753.01,36144.48
4893,1610,965,27,804.04,21709.08
4894,1611,838,12,1337.80,16053.60
4895,1611,291,12,1272.18,15266.16
4896,1611,844,12,1272.20,15266.40
4897,1611,763,33,949.64,31338.12
4898,1611,810,29,703.88,20412.52
4899,1612,796,12,1088.91,13066.92
4900,1613,418,9,735.77,6621.93
4901,1614,755,21,2080.98,43700.58
4902,1614,327,32,1123.51,35952.32
4903,1615,726,37,100.64,3723.68
4904,1615,484,3,254.80,764.40
4905,1615,448,47,1294.12,60823.64
4906,1615,905,48,721.90,34651.20
4907,1616,896,41,1920.92,78757.72
4908,1616,639,40,1552.87,62114.80
4909,1616,89,28,531.88,14892.64
4910,1617,166,24,1981.37,47552.88
4911,1617,579,39,980.80,38251.20
4912,1617,696,47,1687.55,79314.85
4913,1617,996,12,870.20,10442.40
4914,1618,21,22,331.74,7298.28
4915,1618,293,28,1770.64,49577.92
4916,1618,319,9,897.23,8075.07
4917,1618,625,12,718.49,8621.88
4918,1619,510,19,189.94,3608.86
4919,1619,178,27,1496.85,40414.95
4920,1620,702,13,1228.54,15971.02
4921,1620,631,45,1870.74,84183.30
4922,1620,1009,31,1036.77,32139.87
4923,1620,160,14,517.56,7245.84
4924,1621,678,25,572.33,14308.25
4925,1621,285,30,284.37,8531.10
4926,1621,484,8,254.80,2038.40
4927,1621,849,9,254.17,2287.53
4928,1621,264,33,870.18,28715.94
4929,1622,329,25,1345.29,33632.25
4930,1622,158,17,1193.26,20285.42
4931,1622,279,46,1764.14,81150.44
4932,1622,174,18,1600.29,28805.22
4933,1622,877,23,537.89,12371.47
4934,1623,199,28,1014.75,28413.00
4935,1623,947,40,1000.95,40038.00
4936,1623,948,38,654.60,24874.80
4937,1623,627,7,399.22,2794.54
4938,1624,513,23,1394.64,32076.72
4939,1625,764,22,797.43,17543.46
4940,1625,82,32,1095.38,35052.16
4941,1626,804,4,858.12,3432.48
4942,1626,925,20,69.68,1393.60
4943,1626,839,48,1443.91,69307.68
4944,1626,946,50,1733.89,86694.50
4945,1627,758,21,1979.12,41561.52
4946,1627,693,47,1733.99,81497.53
4947,1627,423,30,158.70,4761.00
4948,1628,781,45,474.90,21370.50
4949,1628,722,13,453.68,5897.84
4950,1628,298,44,715.94,31501.36
4951,1628,469,42,1169.81,49132.02
4952,1629,79,45,518.17,23317.65
4953,1629,610,11,934.84,10283.24
4954,1629,807,33,328.62,10844.46
4955,1629,446,7,181.35,1269.45
4956,1630,313,46,1420.36,65336.56
4957,1630,317,12,198.40,2380.80
4958,1631,541,41,258.59,10602.19
4959,1631,948,25,800.06,20001.50
4960,1631,409,26,440.83,11461.58
4961,1632,978,42,1724.70,72437.40
4962,1632,828,31,1658.30,51407.30
4963,1632,215,37,713.24,26389.88
4964,1633,363,10,297.17,2971.70
4965,1633,665,36,227.52,8190.72
4966,1633,435,43,1973.73,84870.39
4967,1634,489,5,854.85,4274.25
4968,1634,437,2,407.36,814.72
4969,1634,682,25,1753.32,43833.00
4970,1635,732,47,982.35,46170.45
4971,1636,298,29,837.80,24296.20
4972,1636,447,48,1218.40,58483.20
4973,1637,789,3,401.87,1205.61
4974,1637,313,39,1654.49,64525.11
4975,1637,649,34,1785.64,60711.76
4976,1638,472,5,1157.29,5786.45
4977,1638,768,34,1112.15,37813.10
4978,1638,356,46,260.46,11981.16
4979,1639,200,8,1597.43,12779.44
4980,1639,14,28,2114.17,59196.76
4981,1639,782,32,726.40,23244.80
4982,1639,879,9,1799.36,16194.24
4983,1640,237,42,1624.94,68247.48
4984,1640,978,35,1724.70,60364.50
4985,1640,869,14,1841.44,25780.16
4986,1640,724,10,1539.05,15390.50
4987,1641,577,23,1451.13,33375.99
4988,1641,968,32,912.09,29186.88
4989,1641,336,6,1838.49,11030.94
4990,1641,245,26,1555.29,40437.54
4991,1642,996,46,887.96,40846.16
4992,1642,264,42,934.98,39269.16
4993,1642,117,34,631.48,21470.32
4994,1643,446,16,191.10,3057.60
4995,1643,713,27,1285.16,34699.32
4996,1643,996,23,834.68,19197.64
4997,1643,510,29,189.94,5508.26
4998,1644,413,40,1145.39,45815.60
4999,1645,184,40,174.38,6975.20
5000,1645,18,42,492.24,20674.08
5001,1645,212,29,1372.79,39810.91
5002,1646,626,44,1278.83,56268.52
5003,1647,626,13,1266.65,16466.45
5004,1647,594,28,935.80,26202.40
5005,1648,224,8,1799.71,14397.68
5006,1648,243,23,215.35,4953.05
5007,1648,604,9,295.20,2656.80
5008,1648,311,49,1917.12,93938.88
5009,1648,948,3,690.96,2072.88
5010,1649,933,27,680.47,18372.69
5011,1649,741,31,1193.90,37010.90
5012,1649,175,45,530.63,23878.35
5013,1650,744,1,1610.71,1610.71
5014,1650,653,16,1047.95,16767.20
5015,1650,312,49,644.11,31561.39
5016,1650,831,33,865.32,28555.56
5017,1650,7,47,87.56,4115.32
5018,1651,73,20,412.06,8241.20
5019,1651,28,34,874.72,29740.48
5020,1651,593,7,1226.55,8585.85
5021,1652,287,8,528.06,4224.48
5022,1653,116,36,1374.45,49480.20
5023,1653,501,15,2030.27,30454.05
5024,1653,869,24,2039.44,48946.56
5025,1653,7,15,92.66,1389.90
5026,1653,459,15,159.40,2391.00
5027,1654,724,37,1368.05,50617.85
5028,1654,925,24,71.12,1706.88
5029,1654,720,45,1396.44,62839.80
5030,1654,844,43,1381.64,59410.52
5031,1654,816,17,1540.85,26194.45
5032,1655,799,28,274.59,7688.52
5033,1655,748,17,678.05,11526.85
5034,1655,871,48,1580.31,75854.88
5035,1655,978,20,1673.97,33479.40
5036,1655,885,29,433.94,12584.26
5037,1656,699,28,1889.55,52907.40
5038,1656,408,1,274.25,274.25
5039,1656,140,12,426.73,5120.76
5040,1657,16,40,1291.90,51676.00
5041,1657,136,1,755.17,755.17
5042,1658,330,5,1216.90,6084.50
5043,1659,26,24,1115.34,26768.16
5044,1659,362,49,792.81,38847.69
5045,1659,990,24,539.88,12957.12
5046,1659,757,33,474.55,15660.15
5047,1659,195,13,1352.40,17581.20
5048,1660,876,32,535.59,17138.88
5049,1661,41,35,1108.12,38784.20
5050,1661,344,22,2006.72,44147.84
5051,1661,190,37,126.63,4685.31
5052,1662,361,41,714.76,29305.16
5053,1663,69,46,155.94,7173.24
5054,1664,926,1,551.65,551.65
5055,1664,526,17,1654.83,28132.11
5056,1664,980,3,1835.72,5507.16
5057,1664,17,3,629.51,1888.53
5058,1665,381,20,1163.45,23269.00
5059,1665,762,27,1811.60,48913.20
5060,1665,713,28,1373.36,38454.08
5061,1666,161,34,384.16,13061.44
5062,1666,885,36,455.85,16410.60
5063,1666,511,18,1225.25,22054.50
5064,1666,385,46,534.57,24590.22
5065,1666,979,17,1207.43,20526.31
5066,1667,151,40,906.52,36260.80
5067,1668,463,21,1330.92,27949.32
5068,1668,280,48,1806.74,86723.52
5069,1669,324,31,313.48,9717.88
5070,1669,758,11,1746.28,19209.08
5071,1669,436,40,1328.21,53128.40
5072,1670,943,2,1357.25,2714.50
5073,1670,941,5,1339.78,6698.90
5074,1670,468,48,354.93,17036.64
5075,1670,179,48,616.24,29579.52
5076,1671,117,41,575.21,23583.61
5077,1671,770,15,23.18,347.70
5078,1671,607,47,1104.73,51922.31
5079,1671,255,12,1877.35,22528.20
5080,1672,269,37,604.44,22364.28
5081,1672,84,15,498.37,7475.55
5082,1672,620,2,1496.28,2992.56
5083,1672,949,39,1240.23,48368.97
5084,1673,904,22,598.25,13161.50
5085,1673,336,41,1973.96,80932.36
5086,1673,371,29,810.91,23516.39
5087,1674,499,42,1227.60,51559.20
5088,1674,147,40,1861.87,74474.80
5089,1674,924,8,1489.58,11916.64
5090,1674,412,43,995.22,42794.46
5091,1675,933,4,646.10,2584.40
5092,1675,353,49,208.71,10226.79
5093,1676,287,36,528.06,19010.16
5094,1676,501,41,1723.82,70676.62
5095,1676,260,24,951.42,22834.08
5096,1677,500,18,970.78,17474.04
5097,1677,413,11,1053.76,11591.36
5098,1678,995,41,731.97,30010.77
5099,1678,369,9,1747.58,15728.22
5100,1678,361,33,627.10,20694.30
5101,1679,678,31,560.77,17383.87
5102,1679,576,43,1769.23,76076.89
5103,1679,488,15,1503.77,22556.55
5104,1680,832,31,791.71,24543.01
5105,1680,249,50,1299.36,64968.00
5106,1680,556,3,1283.96,3851.88
5107,1680,101,28,1748.83,48967.24
5108,1680,261,10,1201.12,12011.20
5109,1681,65,1,896.49,896.49
5110,1681,367,41,1005.78,41236.98
5111,1681,816,5,1479.82,7399.10
5112,1682,942,26,1387.06,36063.56
5113,1682,424,32,32.23,1031.36
5114,1682,940,11,631.10,6942.10
5115,1682,852,23,1242.21,28570.83
5116,1682,485,14,988.47,13838.58
5117,1683,385,41,579.59,23763.19
5118,1683,28,47,903.56,42467.32
5119,1683,24,24,1586.46,38075.04
5120,1684,816,39,1632.38,63662.82
5121,1684,27,14,1656.46,23190.44
5122,1684,209,21,764.64,16057.44
5123,1684,679,43,1118.58,48098.94
5124,1685,383,29,32.07,930.03
5125,1685,371,44,834.30,36709.20
5126,1685,857,4,1213.32,4853.28
5127,1685,750,40,496.05,19842.00
5128,1686,985,23,1587.94,36522.62
5129,1686,466,31,704.09,21826.79
5130,1687,150,45,1969.66,88634.70
5131,1687,404,42,196.40,8248.80
5132,1687,114,8,303.84,2430.72
5133,1687,400,14,1552.02,21728.28
5134,1687,145,17,1396.31,23737.27
5135,1688,591,12,1281.72,15380.64
5136,1688,645,32,1233.65,39476.80
5137,1689,497,27,225.67,6093.09
5138,1689,310,7,1648.21,11537.47
5139,1690,398,27,523.33,14129.91
5140,1690,967,1,590.29,590.29
5141,1691,683,18,1944.86,35007.48
5142,1691,441,3,288.00,864.00
5143,1692,343,39,515.45,20102.55
5144,1692,190,30,115.67,3470.10
5145,1692,118,27,410.58,11085.66
5146,1693,818,28,1077.10,30158.80
5147,1694,691,12,1690.83,20289.96
5148,1695,453,24,1098.75,26370.00
5149,1695,520,42,47.38,1989.96
5150,1696,648,15,1299.79,19496.85
5151,1696,468,14,332.34,4652.76
5152,1697,879,45,1839.35,82770.75
5153,1697,518,46,1026.51,47219.46
5154,1697,854,17,1322.72,22486.24
5155,1697,984,41,289.21,11857.61
5156,1697,883,2,282.34,564.68
5157,1698,5,30,669.58,20087.40
5158,1699,797,7,61.61,431.27
5159,1699,317,25,204.07,5101.75
5160,1699,258,48,1834.52,88056.96
5161,1700,847,31,253.94,7872.14
5162,1700,381,34,1271.40,43227.60
5163,1700,551,9,1551.80,13966.20
5164,1700,553,38,1198.36,45537.68
5165,1700,247,28,1855.17,51944.76
5166,1701,376,23,532.01,12236.23
5167,1701,660,41,1044.14,42809.74
5168,1701,43,24,625.32,15007.68
5169,1701,50,49,346.03,16955.47
5170,1702,540,38,1253.19,47621.22
5171,1702,459,14,159.40,2231.60
5172,1702,573,14,368.86,5164.04
5173,1702,959,33,1015.09,33497.97
5174,1703,62,21,1207.15,25350.15
5175,1704,753,47,1570.60,73818.20
5176,1704,411,47,1883.25,88512.75
5177,1704,1007,22,1838.59,40448.98
5178,1705,423,49,171.66,8411.34
5179,1705,288,40,22.46,898.40
5180,1705,26,16,997.37,15957.92
5181,1705,701,30,708.81,21264.30
5182,1706,235,50,409.16,20458.00
5183,1707,556,10,1326.76,13267.60
5184,1707,45,3,1990.83,5972.49
5185,1707,174,41,1938.13,79463.33
5186,1707,878,26,1218.86,31690.36
5187,1708,13,38,605.79,23020.02
5188,1708,179,21,566.44,11895.24
5189,1708,91,12,1715.76,20589.12
5190,1708,293,45,1513.09,68089.05
5191,1708,167,24,247.75,5946.00
5192,1709,775,44,942.35,41463.40
5193,1709,924,48,1286.45,61749.60
5194,1709,155,27,32.31,872.37
5195,1710,137,8,653.50,5228.00
5196,1710,422,21,342.32,7188.72
5197,1710,957,3,1031.48,3094.44
5198,1710,741,2,1206.73,2413.46
5199,1711,462,48,1072.33,51471.84
5200,1711,384,47,462.94,21758.18
5201,1712,304,32,1376.21,44038.72
5202,1712,187,28,1784.42,49963.76
5203,1712,264,31,833.15,25827.65
5204,1712,217,25,264.18,6604.50
5205,1712,97,48,1520.52,72984.96
5206,1713,897,50,83.03,4151.50
5207,1713,451,3,96.74,290.22
5208,1714,910,31,2173.13,67367.03
5209,1714,961,20,870.48,17409.60
5210,1714,26,2,1126.06,2252.12
5211,1714,214,14,472.60,6616.40
5212,1715,80,44,41.02,1804.88
5213,1715,962,11,1740.69,19147.59
5214,1715,851,17,1425.79,24238.43
5215,1715,273,22,414.35,9115.70
5216,1716,11,37,1080.97,39995.89
5217,1716,295,3,1161.82,3485.46
5218,1717,719,38,450.44,17116.72
5219,1718,965,8,767.50,6140.00
5220,1718,752,36,1398.54,50347.44
5221,1718,75,37,126.91,4695.67
5222,1719,240,43,1079.96,46438.28
5223,1719,999,30,1846.50,55395.00
5224,1719,539,38,1293.04,49135.52
5225,1719,297,40,442.20,17688.00
5226,1719,384,7,514.91,3604.37
5227,1720,830,37,1537.81,56898.97
5228,1720,452,36,720.75,25947.00
5229,1721,47,32,2070.39,66252.48
5230,1721,173,42,653.97,27466.74
5231,1721,927,29,1389.30,40289.70
5232,1721,471,27,1840.48,49692.96
5233,1721,466,34,744.71,25320.14
5234,1722,80,21,38.51,808.71
5235,1723,549,44,1481.05,65166.20
5236,1723,361,10,741.73,7417.30
5237,1723,776,28,1773.94,49670.32
5238,1723,618,35,1263.34,44216.90
5239,1724,795,47,797.69,37491.43
5240,1724,326,14,1401.48,19620.72
5241,1724,488,30,1576.06,47281.80
5242,1725,208,25,507.77,12694.25
5243,1726,804,16,834.29,13348.64
5244,1726,360,30,828.11,24843.30
5245,1727,431,45,1965.04,88426.80
5246,1727,794,33,920.99,30392.67
5247,1727,533,35,893.58,31275.30
5248,1728,781,8,507.18,4057.44
5249,1728,67,30,1104.21,33126.30
5250,1729,905,43,680.64,29267.52
5251,1729,744,30,1773.41,53202.30
5252,1730,430,34,275.54,9368.36
5253,1730,241,48,666.30,31982.40
5254,1730,434,46,62.49,2874.54
5255,1730,249,14,1233.07,17262.98
5256,1731,230,16,1020.22,16323.52
5257,1731,516,22,241.48,5312.56
5258,1731,540,25,1392.43,34810.75
5259,1732,346,45,939.26,42266.70
5260,1732,555,37,98.62,3648.94
5261,1733,471,31,1670.07,51772.17
5262,1733,265,28,1809.41,50663.48
5263,1733,236,7,233.92,1637.44
5264,1734,919,25,564.23,14105.75
5265,1734,55,22,1416.80,31169.60
5266,1734,237,21,1718.68,36092.28
5267,1735,419,48,627.54,30121.92
5268,1735,966,8,675.35,5402.80
5269,1735,988,32,70.24,2247.68
5270,1736,376,48,602.94,28941.12
5271,1736,835,49,514.76,25223.24
5272,1736,915,35,293.90,10286.50
5273,1736,530,14,622.43,8714.02
5274,1736,512,44,174.92,7696.48
5275,1737,861,2,520.45,1040.90
5276,1738,683,38,1769.82,67253.16
5277,1738,790,3,1811.36,5434.08
5278,1738,623,15,1053.45,15801.75
5279,1738,371,10,725.14,7251.40
5280,1739,779,39,48.60,1895.40
5281,1739,347,42,1120.28,47051.76
5282,1739,732,33,972.62,32096.46
5283,1739,828,39,1761.95,68716.05
5284,1739,60,2,941.96,1883.92
5285,1740,856,2,1754.39,3508.78
5286,1740,178,14,1358.25,19015.50
5287,1741,996,37,870.20,32197.40
5288,1741,231,42,1832.61,76969.62
5289,1741,229,22,1735.35,38177.70
5290,1741,367,42,894.03,37549.26
5291,1741,383,44,37.77,1661.88
5292,1742,602,29,1650.61,47867.69
5293,1742,388,3,1404.82,4214.46
5294,1742,734,47,1801.11,84652.17
5295,1742,141,10,1530.16,15301.60
5296,1743,807,6,304.50,1827.00
5297,1743,462,34,1148.15,39037.10
5298,1743,493,7,768.62,5380.34
5299,1743,910,8,2173.13,17385.04
5300,1744,481,6,1678.75,10072.50
5301,1744,854,25,1466.49,36662.25
5302,1745,89,32,557.45,17838.40
5303,1746,498,7,66.78,467.46
5304,1747,222,14,1038.98,14545.72
5305,1747,58,18,448.74,8077.32
5306,1747,31,36,248.25,8937.00
5307,1747,744,30,1594.44,47833.20
5308,1748,457,7,707.27,4950.89
5309,1749,131,6,662.05,3972.30
5310,1749,187,34,1784.42,60670.28
5311,1750,703,50,1032.62,51631.00
5312,1750,788,24,535.72,12857.28
5313,1751,871,38,1743.23,66242.74
5314,1751,885,21,398.87,8376.27
5315,1751,572,10,1873.58,18735.80
5316,1751,50,48,346.03,16609.44
5317,1752,229,3,1899.75,5699.25
5318,1753,871,40,1498.85,59954.00
5319,1753,630,42,1126.14,47297.88
5320,1753,534,13,417.73,5430.49
5321,1753,584,13,755.52,9821.76
5322,1754,933,45,694.21,31239.45
5323,1754,343,49,455.40,22314.60
5324,1754,178,32,1399.83,44794.56
5325,1755,49,11,1387.07,15257.77
5326,1755,338,7,176.87,1238.09
5327,1755,290,20,649.76,12995.20
5328,1755,471,30,1550.78,46523.40
5329,1756,213,10,211.42,2114.20
5330,1757,570,38,1212.10,46059.80
5331,1757,275,5,1229.05,6145.25
5332,1757,496,38,765.95,29106.10
5333,1757,501,42,1838.74,77227.08
5334,1757,158,16,1218.92,19502.72
5335,1758,189,13,1172.48,15242.24
5336,1759,723,19,847.36,16099.84
5337,1759,629,43,640.92,27559.56
5338,1759,830,10,1612.46,16124.60
5339,1760,89,12,511.42,6137.04
5340,1760,474,39,1478.15,57647.85
5341,1760,525,48,1957.09,93940.32
5342,1761,81,11,1283.49,14118.39
5343,1761,22,1,729.44,729.44
5344,1761,1008,29,1349.05,39122.45
5345,1761,815,3,1112.23,3336.69
5346,1762,926,34,506.10,17207.40
5347,1762,976,27,298.66,8063.82
5348,1763,555,16,85.05,1360.80
5349,1763,870,22,895.00,19690.00
5350,1764,993,50,1132.11,56605.50
5351,1764,690,40,1314.89,52595.60
5352,1765,423,32,170.04,5441.28
5353,1765,962,33,1774.16,58547.28
5354,1766,258,50,1904.40,95220.00
5355,1766,847,38,270.32,10272.16
5356,1766,233,38,1171.10,44501.80
5357,1767,668,44,379.18,16683.92
5358,1767,527,22,768.56,16908.32
5359,1768,790,21,2169.66,45562.86
5360,1769,278,33,1016.51,33544.83
5361,1769,936,36,1911.03,68797.08
5362,1770,399,6,391.40,2348.40
5363,1770,380,50,572.23,28611.50
5364,1771,789,2,437.68,875.36
5365,1771,990,33,481.65,15894.45
5366,1772,681,33,739.91,24417.03
5367,1772,300,17,577.16,9811.72
5368,1772,312,45,701.50,31567.50
5369,1772,528,4,1471.04,5884.16
5370,1773,172,23,231.54,5325.42
5371,1773,232,32,1135.90,36348.80
5372,1774,378,40,1792.24,71689.60
5373,1775,381,32,1139.46,36462.72
5374,1775,136,13,645.33,8389.29
5375,1775,893,38,1905.76,72418.88
5376,1775,740,24,1442.90,34629.60
5377,1775,200,46,1549.51,71277.46
5378,1776,660,36,1044.14,37589.04
5379,1776,59,1,1568.57,1568.57
5380,1777,255,21,1858.95,39037.95
5381,1778,525,31,1957.09,60669.79
5382,1778,554,44,648.75,28545.00
5383,1778,869,29,1782.04,51679.16
5384,1778,33,19,354.87,6742.53
5385,1779,931,21,1690.32,35496.72
5386,1779,453,12,1098.75,13185.00
5387,1779,597,7,1276.20,8933.40
5388,1779,899,26,1716.20,44621.20
5389,1779,418,7,809.34,5665.38
5390,1780,628,39,1711.18,66736.02
5391,1780,512,44,168.44,7411.36
5392,1780,490,28,1268.98,35531.44
5393,1780,980,20,1688.86,33777.20
5394,1780,308,11,1025.94,11285.34
5395,1781,916,38,781.99,29715.62
5396,1781,283,21,1555.04,32655.84
5397,1782,843,24,1869.55,44869.20
5398,1782,265,49,1927.42,94443.58
5399,1782,918,42,590.33,24793.86
5400,1782,983,31,1824.88,56571.28
5401,1783,182,2,1157.13,2314.26
5402,1784,544,2,1080.24,2160.48
5403,1784,863,15,902.23,13533.45
5404,1784,55,7,1403.56,9824.92
5405,1784,152,28,919.05,25733.40
5406,1784,279,35,1497.85,52424.75
5407,1785,422,4,390.18,1560.72
5408,1785,641,23,300.88,6920.24
5409,1785,850,22,252.08,5545.76
5410,1785,916,45,703.79,31670.55
5411,1785,582,36,1395.06,50222.16
5412,1786,939,32,994.27,31816.64
5413,1787,534,2,447.27,894.54
5414,1787,389,23,1315.30,30251.90
5415,1788,408,47,282.02,13254.94
5416,1788,969,48,599.14,28758.72
5417,1788,163,7,913.88,6397.16
5418,1789,874,44,1957.40,86125.60
5419,1789,907,38,2104.88,79985.44
5420,1789,628,30,1861.62,55848.60
5421,1789,480,27,620.77,16760.79
5422,1790,907,37,1807.02,66859.74
5423,1790,643,5,1920.06,9600.30
5424,1790,502,19,845.82,16070.58
5425,1791,837,47,587.46,27610.62
5426,1792,258,24,1572.44,37738.56
5427,1792,443,42,1184.50,49749.00
5428,1792,279,47,1764.14,82914.58
5429,1792,527,39,869.91,33926.49
5430,1793,119,16,758.01,12128.16
5431,1793,532,16,134.10,2145.60
5432,1794,22,23,782.08,17987.84
5433,1794,888,42,402.76,16915.92
5434,1794,100,14,2003.44,28048.16
5435,1794,42,23,1081.67,24878.41
5436,1794,207,4,1692.13,6768.52
5437,1795,588,39,1590.88,62044.32
5438,1795,101,33,1603.10,52902.30
5439,1795,671,8,736.36,5890.88
5440,1796,794,7,838.10,5866.70
5441,1796,270,48,55.60,2668.80
5442,1796,61,46,1496.00,68816.00
5443,1796,1005,44,1002.64,44116.16
5444,1797,38,25,1551.83,38795.75
5445,1797,256,9,977.50,8797.50
5446,1797,306,5,275.66,1378.30
5447,1797,143,5,547.45,2737.25
5448,1797,127,38,751.82,28569.16
5449,1798,449,1,1887.58,1887.58
5450,1798,614,30,1083.90,32517.00
5451,1798,905,40,680.64,27225.60
5452,1799,779,40,45.80,1832.00
5453,1800,427,20,1944.23,38884.60
5454,1800,562,4,1676.66,6706.64
5455,1801,228,2,1078.23,2156.46
5456,1802,885,7,416.40,2914.80
5457,1802,952,3,141.04,423.12
5458,1802,159,29,1107.23,32109.67
5459,1802,375,27,1242.38,33544.26
5460,1803,617,19,1112.24,21132.56
5461,1803,690,32,1170.13,37444.16
5462,1803,596,16,1479.71,23675.36
5463,1803,21,19,386.42,7341.98
5464,1803,863,29,1078.75,31283.75
5465,1804,189,9,1197.97,10781.73
5466,1804,466,12,643.16,7717.92
5467,1804,22,7,691.84,4842.88
5468,1804,973,16,1184.16,18946.56
5469,1804,971,22,827.36,18201.92
5470,1805,673,14,1400.69,19609.66
5471,1805,500,23,878.32,20201.36
5472,1805,186,15,980.72,14710.80
5473,1805,971,34,897.04,30499.36
5474,1805,285,14,256.21,3586.94
5475,1806,407,34,1146.14,38968.76
5476,1806,529,20,1305.64,26112.80
5477,1806,335,9,709.62,6386.58
5478,1806,732,13,923.99,12011.87
5479,1807,587,16,1060.43,16966.88
5480,1808,234,42,579.92,24356.64
5481,1808,777,43,32.76,1408.68
5482,1808,770,9,23.67,213.03
5483,1808,304,3,1436.70,4310.10
5484,1808,887,15,981.85,14727.75
5485,1809,524,48,1513.54,72649.92
5486,1809,113,9,27.72,249.48
5487,1810,525,23,1897.18,43635.14
5488,1810,518,4,1035.92,4143.68
5489,1810,890,30,532.89,15986.70
5490,1811,584,42,780.71,32789.82
5491,1811,691,5,1674.88,8374.40
5492,1811,754,3,1633.54,4900.62
5493,1812,80,3,40.19,120.57
5494,1812,972,48,460.81,22118.88
5495,1812,959,50,1088.34,54417.00
5496,1812,480,33,551.80,18209.40
5497,1813,711,26,532.40,13842.40
5498,1813,798,1,1431.81,1431.81
5499,1814,711,44,550.15,24206.60
5500,1814,558,39,1333.51,52006.89
5501,1814,534,24,388.19,9316.56
5502,1814,972,16,479.42,7670.72
5503,1814,249,46,1378.92,63430.32
5504,1815,406,9,1986.41,17877.69
5505,1815,801,45,503.12,22640.40
5506,1815,737,30,2007.11,60213.30
5507,1815,103,21,457.55,9608.55
5508,1816,458,26,287.91,7485.66
5509,1816,22,26,736.96,19160.96
5510,1816,96,39,979.03,38182.17
5511,1816,576,7,1679.87,11759.09
5512,1817,738,9,340.44,3063.96
5513,1817,368,18,2155.44,38797.92
5514,1817,846,32,836.21,26758.72
5515,1817,777,42,33.09,1389.78
5516,1817,222,34,1038.98,35325.32
5517,1818,698,17,797.49,13557.33
5518,1818,501,3,1762.12,5286.36
5519,1818,630,29,1033.16,29961.64
5520,1818,879,39,2079.26,81091.14
5521,1818,473,27,790.28,21337.56
5522,1819,548,35,520.60,18221.00
5523,1819,2,29,511.94,14846.26
5524,1820,164,14,792.44,11094.16
5525,1820,785,3,364.02,1092.06
5526,1820,827,29,2042.40,59229.60
5527,1820,475,38,1560.85,59312.30
5528,1820,906,28,1435.54,40195.12
5529,1821,567,39,109.58,4273.62
5530,1822,130,21,443.66,9316.86
5531,1823,90,15,1700.24,25503.60
5532,1823,874,11,1698.87,18687.57
5533,1823,177,42,713.16,29952.72
5534,1823,1003,44,943.93,41532.92
5535,1824,110,19,1189.35,22597.65
5536,1824,462,6,1093.99,6563.94
5537,1825,302,18,1429.65,25733.70
5538,1825,128,21,886.69,18620.49
5539,1825,561,38,1998.01,75924.38
5540,1826,307,37,412.94,15278.78
5541,1826,333,24,625.09,15002.16
5542,1827,448,40,1334.99,53399.60
5543,1827,148,25,602.05,15051.25
5544,1827,135,50,708.99,35449.50
5545,1828,680,14,1064.08,14897.12
5546,1828,598,21,1284.41,26972.61
5547,1828,617,50,1112.24,55612.00
5548,1828,410,37,171.51,6345.87
5549,1829,840,49,2084.19,102125.31
5550,1829,84,35,427.85,14974.75
5551,1829,714,6,681.67,4090.02
5552,1830,764,19,744.77,14150.63
5553,1830,174,3,1724.76,5174.28
5554,1830,301,18,1027.58,18496.44
5555,1831,226,32,745.85,23867.20
5556,1831,488,50,1474.85,73742.50
5557,1831,917,40,339.12,13564.80
5558,1831,960,50,1843.37,92168.50
5559,1832,302,8,1556.73,12453.84
5560,1833,887,4,887.44,3549.76
5561,1833,334,20,941.75,18835.00
5562,1833,1008,1,1648.83,1648.83
5563,1833,345,50,1920.05,96002.50
5564,1833,881,4,1205.60,4822.40
5565,1834,421,47,1070.17,50297.99
5566,1835,696,47,1586.30,74556.10
5567,1835,593,31,1174.36,36405.16
5568,1836,73,35,358.65,12552.75
5569,1836,115,38,1483.77,56383.26
5570,1837,851,26,1425.79,37070.54
5571,1838,592,2,341.51,683.02
5572,1838,370,11,921.70,10138.70
5573,1838,705,11,768.09,8448.99
5574,1838,652,34,1615.96,54942.64
5575,1838,683,22,1769.82,38936.04
5576,1839,725,17,818.59,13916.03
5577,1839,974,15,886.22,13293.30
5578,1840,898,11,620.73,6828.03
5579,1841,622,21,644.03,13524.63
5580,1841,249,30,1365.66,40969.80
5581,1841,284,14,1413.30,19786.20
5582,1841,615,6,1222.28,7333.68
5583,1842,434,23,52.56,1208.88
5584,1843,650,43,288.40,12401.20
5585,1843,769,4,57.88,231.52
5586,1843,379,9,1700.84,15307.56
5587,1844,474,37,1401.96,51872.52
5588,1844,814,23,1931.66,44428.18
5589,1844,290,37,696.65,25776.05
5590,1844,657,27,440.39,11890.53
5591,1844,782,36,762.72,27457.92
5592,1845,673,46,1295.97,59614.62
5593,1845,129,8,1489.90,11919.20
5594,1845,841,18,1904.06,34273.08
5595,1845,700,3,727.50,2182.50
5596,1845,272,15,1463.77,21956.55
5597,1846,350,33,1590.81,52496.73
5598,1846,74,26,1235.34,32118.84
5599,1846,924,3,1394.78,4184.34
5600,1846,928,4,1400.02,5600.08
5601,1847,789,1,378.00,378.00
5602,1847,131,31,562.12,17425.72
5603,1847,504,12,264.75,3177.00
5604,1847,62,6,1182.76,7096.56
5605,1848,679,12,1315.25,15783.00
5606,1848,59,14,1568.57,21959.98
5607,1848,976,21,293.13,6155.73
5608,1848,860,13,1111.31,14447.03
5609,1848,971,14,879.62,12314.68
5610,1849,484,50,308.59,15429.50
5611,1849,621,32,367.21,11750.72
5612,1849,187,12,1749.77,20997.24
5613,1849,364,22,671.20,14766.40
5614,1850,697,17,1603.62,27261.54
5615,1850,665,7,218.33,1528.31
5616,1850,197,20,203.05,4061.00
5617,1850,755,22,1775.52,39061.44
5618,1851,727,25,618.34,15458.50
5619,1852,13,26,657.35,17091.10
5620,1852,258,42,1782.10,74848.20
5621,1852,457,22,707.27,15559.94
5622,1853,437,40,440.61,17624.40
5623,1854,249,22,1272.84,28002.48
5624,1854,9,13,1787.67,23239.71
5625,1855,818,38,1256.62,47751.56
5626,1855,954,6,589.29,3535.74
5627,1855,222,6,1120.47,6722.82
5628,1856,729,35,424.78,14867.30
5629,1856,829,2,1275.16,2550.32
5630,1857,193,34,1888.07,64194.38
5631,1858,227,13,1792.73,23305.49
5632,1858,274,45,1200.02,54000.90
5633,1858,708,30,338.29,10148.70
5634,1859,881,8,1284.23,10273.84
5635,1859,800,48,76.80,3686.40
5636,1859,52,38,344.78,13101.64
5637,1859,451,20,107.94,2158.80
5638,1860,481,31,1831.37,56772.47
5639,1860,513,33,1368.57,45162.81
5640,1861,726,10,108.38,1083.80
5641,1861,488,12,1561.60,18739.20
5642,1861,809,50,1507.74,75387.00
5643,1861,495,7,1517.45,10622.15
5644,1862,328,38,1479.68,56227.84
5645,1863,924,45,1272.91,57280.95
5646,1864,333,4,613.18,2452.72
5647,1864,607,15,1160.53,17407.95
5648,1864,938,8,273.93,2191.44
5649,1864,551,14,1655.25,23173.50
5650,1865,672,39,135.37,5279.43
5651,1865,414,26,281.34,7314.84
5652,1865,209,45,794.63,35758.35
5653,1866,15,8,362.72,2901.76
5654,1866,92,31,1011.44,31354.64
5655,1866,152,29,1054.49,30580.21
5656,1866,226,16,737.83,11805.28
5657,1867,199,34,1144.29,38905.86
5658,1867,801,23,577.26,13276.98
5659,1867,461,2,729.37,1458.74
5660,1867,125,2,1795.63,3591.26
5661,1868,296,45,371.95,16737.75
5662,1868,559,18,462.34,8322.12
5663,1868,190,26,132.72,3450.72
5664,1868,201,1,176.27,176.27
5665,1869,130,42,402.58,16908.36
5666,1869,852,42,1079.67,45346.14
5667,1869,509,19,1820.53,34590.07
5668,1869,209,45,689.68,31035.60
5669,1870,189,4,1172.48,4689.92
5670,1870,129,4,1271.20,5084.80
5671,1871,729,31,420.11,13023.41
5672,1872,832,16,938.00,15008.00
5673,1873,718,5,1241.45,6207.25
5674,1873,686,32,2116.55,67729.60
5675,1873,296,21,403.60,8475.60
5676,1873,242,13,357.53,4647.89
5677,1873,818,11,1089.07,11979.77
5678,1874,347,37,1257.21,46516.77
5679,1874,88,3,1332.65,3997.95
5680,1875,424,18,33.27,598.86
5681,1875,42,8,938.80,7510.40
5682,1875,141,14,1755.66,24579.24
5683,1875,889,21,1518.90,31896.90
5684,1875,76,30,615.25,18457.50
5685,1876,330,34,1300.41,44213.94
5686,1876,791,24,1561.49,37475.76
5687,1876,918,16,596.81,9548.96
5688,1876,985,34,1515.76,51535.84
5689,1877,1,45,1282.73,57722.85
5690,1877,693,34,1733.99,58955.66
5691,1877,391,34,882.96,30020.64
5692,1878,333,44,619.13,27241.72
5693,1878,55,18,1257.90,22642.20
5694,1879,629,11,571.80,6289.80
5695,1879,850,4,296.90,1187.60
5696,1880,975,6,1341.40,8048.40
5697,1880,503,28,1355.13,37943.64
5698,1880,851,36,1695.10,61023.60
5699,1880,644,35,1344.98,47074.30
5700,1880,362,33,818.11,26997.63
5701,1881,496,45,765.95,34467.75
5702,1881,184,24,158.53,3804.72
5703,1881,29,25,1344.56,33614.00
5704,1881,765,27,1722.04,46495.08
5705,1882,872,34,2054.34,69847.56
5706,1882,287,16,449.09,7185.44
5707,1882,417,36,1230.09,44283.24
5708,1882,452,49,700.35,34317.15
5709,1882,705,48,815.12,39125.76
5710,1883,5,50,689.47,34473.50
5711,1883,162,15,683.96,10259.40
5712,1884,921,3,1653.18,4959.54
5713,1884,233,9,1256.50,11308.50
5714,1884,230,5,1020.22,5101.10
5715,1885,74,28,1152.20,32261.60
5716,1886,908,15,1248.75,18731.25
5717,1886,199,40,1133.50,45340.00
5718,1886,668,46,436.26,20067.96
5719,1886,438,11,766.99,8436.89
5720,1886,791,11,1675.35,18428.85
5721,1887,703,46,979.93,45076.78
5722,1887,179,21,560.21,11764.41
5723,1887,979,36,1008.03,36289.08
5724,1887,154,36,1482.15,53357.40
5725,1887,877,49,504.27,24709.23
5726,1888,950,26,460.34,11968.84
5727,1888,751,15,1138.41,17076.15
5728,1888,988,41,64.49,2644.09
5729,1889,824,50,346.44,17322.00
5730,1889,585,31,1338.06,41479.86
5731,1889,718,17,1349.40,22939.80
5732,1890,265,36,2143.76,77175.36
5733,1890,364,29,555.26,16102.54
5734,1890,250,48,239.02,11472.96
5735,1891,393,46,992.11,45637.06
5736,1891,268,30,1123.43,33702.90
5737,1891,911,36,829.28,29854.08
5738,1891,653,3,1017.43,3052.29
5739,1892,70,9,68.75,618.75
5740,1893,762,20,2126.66,42533.20
5741,1893,906,13,1308.87,17015.31
5742,1893,964,16,630.56,10088.96
5743,1893,625,28,734.45,20564.60
5744,1893,337,49,511.71,25073.79
5745,1894,389,35,1315.30,46035.50
5746,1894,492,26,1796.16,46700.16
5747,1894,528,19,1619.63,30772.97
5748,1895,707,21,200.91,4219.11
5749,1895,165,48,295.45,14181.60
5750,1895,303,19,1334.83,25361.77
5751,1896,327,47,1089.12,51188.64
5752,1897,717,41,398.90,16354.90
5753,1897,26,33,1061.72,35036.76
5754,1898,732,27,992.07,26785.89
5755,1898,890,46,542.95,24975.70
5756,1898,288,11,21.82,240.02
5757,1898,764,46,729.72,33567.12
5758,1899,638,34,1358.68,46195.12
5759,1899,64,28,1738.64,48681.92
5760,1899,925,49,66.09,3238.41
5761,1899,587,7,1183.21,8282.47
5762,1899,469,49,1101.67,53981.83
5763,1900,968,43,1094.50,47063.50
5764,1900,705,12,815.12,9781.44
5765,1900,934,13,1497.44,19466.72
5766,1900,276,40,900.91,36036.40
5767,1900,224,36,1701.54,61255.44
5768,1901,426,14,666.28,9327.92
5769,1901,811,19,1632.08,31009.52
5770,1901,348,7,936.34,6554.38
5771,1902,292,34,1373.05,46683.70
5772,1902,542,47,189.73,8917.31
5773,1902,168,33,919.18,30332.94
5774,1903,851,38,1663.42,63209.96
5775,1903,88,20,1208.11,24162.20
5776,1904,146,24,1050.32,25207.68
5777,1904,149,13,272.98,3548.74
5778,1905,659,48,984.79,47269.92
5779,1905,833,4,29.36,117.44
5780,1906,828,32,1882.87,60251.84
5781,1906,312,3,701.50,2104.50
5782,1906,128,8,860.61,6884.88
5783,1907,693,37,1807.00,66859.00
5784,1907,1009,21,1181.70,24815.70
5785,1907,610,31,861.52,26707.12
5786,1907,149,11,293.30,3226.30
5787,1907,395,37,1801.97,66672.89
5788,1908,260,37,893.76,33069.12
5789,1908,817,7,1491.54,10440.78
5790,1908,860,4,1088.15,4352.60
5791,1908,333,17,541.74,9209.58
5792,1908,466,44,609.31,26809.64
5793,1909,415,21,1251.38,26278.98
5794,1910,883,32,274.03,8768.96
5795,1910,333,36,571.51,20574.36
5796,1910,327,35,1031.80,36113.00
5797,1910,753,1,1446.20,1446.20
5798,1910,630,43,981.50,42204.50
5799,1911,104,39,547.42,21349.38
5800,1911,198,19,687.14,13055.66
5801,1912,562,1,1775.28,1775.28
5802,1913,806,43,666.39,28654.77
5803,1913,978,45,1859.97,83698.65
5804,1913,374,42,563.32,23659.44
5805,1914,751,21,1072.09,22513.89
5806,1914,353,11,204.37,2248.07
5807,1914,497,11,234.61,2580.71
5808,1914,244,13,2149.46,27942.98
5809,1915,870,23,878.73,20210.79
5810,1915,941,23,1278.88,29414.24
5811,1915,987,45,1983.03,89236.35
5812,1915,428,14,2018.40,28257.60
5813,1915,369,36,1545.94,55653.84
5814,1916,735,42,268.65,11283.30
5815,1916,611,17,1356.26,23056.42
5816,1916,170,4,70.44,281.76
5817,1916,128,44,808.45,35571.80
5818,1916,843,33,1738.68,57376.44
5819,1917,429,10,54.57,545.70
5820,1917,2,12,487.79,5853.48
5821,1918,112,2,293.24,586.48
5822,1918,49,46,1558.67,71698.82
5823,1918,788,39,494.52,19286.28
5824,1918,68,30,226.66,6799.80
5825,1919,13,30,644.46,19333.80
5826,1919,792,22,269.70,5933.40
5827,1919,413,41,1133.94,46491.54
5828,1919,241,46,606.92,27918.32
5829,1920,922,48,1772.18,85064.64
5830,1921,922,45,1916.85,86258.25
5831,1921,605,25,565.54,14138.50
5832,1921,847,42,253.94,10665.48
5833,1922,965,39,782.12,30502.68
5834,1922,319,21,879.81,18476.01
5835,1922,826,1,618.71,618.71
5836,1923,982,50,470.77,23538.50
5837,1924,176,46,1521.26,69977.96
5838,1924,796,28,967.92,27101.76
5839,1925,300,22,486.31,10698.82
5840,1926,207,27,1876.06,50653.62
5841,1926,170,37,82.97,3069.89
5842,1927,641,23,310.19,7134.37
5843,1928,999,1,1984.00,1984.00
5844,1929,805,29,1890.98,54838.42
5845,1929,963,49,153.96,7544.04
5846,1929,206,38,199.01,7562.38
5847,1929,233,28,1341.89,37572.92
5848,1929,955,38,1011.57,38439.66
5849,1930,279,23,1697.57,39044.11
5850,1930,659,50,885.41,44270.50
5851,1930,914,11,1106.34,12169.74
5852,1931,249,37,1445.21,53472.77
5853,1931,376,21,543.83,11420.43
5854,1931,99,45,780.02,35100.90
5855,1932,189,26,1185.23,30815.98
5856,1932,620,13,1642.65,21354.45
5857,1932,20,16,1724.31,27588.96
5858,1932,321,3,1449.54,4348.62
5859,1933,800,16,82.82,1325.12
5860,1933,676,8,1328.95,10631.60
5861,1933,552,30,1903.70,57111.00
5862,1934,510,20,193.98,3879.60
5863,1935,728,23,1128.80,25962.40
5864,1935,591,16,1349.18,21586.88
5865,1935,379,27,1737.42,46910.34
5866,1935,403,25,1830.34,45758.50
5867,1936,495,8,1379.50,11036.00
5868,1936,340,16,715.03,11440.48
5869,1937,779,14,43.93,615.02
5870,1937,886,7,2019.87,14139.09
5871,1938,236,12,238.64,2863.68
5872,1938,882,5,167.70,838.50
5873,1938,649,10,1803.15,18031.50
5874,1938,656,6,1592.56,9555.36
5875,1939,722,7,404.27,2829.89
5876,1939,377,36,1255.57,45200.52
5877,1939,614,9,1104.35,9939.15
5878,1939,905,26,728.77,18948.02
5879,1939,632,41,1144.17,46910.97
5880,1940,872,39,2131.87,83142.93
5881,1940,679,50,1204.63,60231.50
5882,1941,456,4,686.82,2747.28
5883,1941,949,21,1204.79,25300.59
5884,1941,540,41,1253.19,51380.79
5885,1942,686,46,2058.30,94681.80
5886,1942,639,39,1568.09,61155.51
5887,1943,817,23,1477.06,33972.38
5888,1943,601,14,1088.63,15240.82
5889,1943,274,39,1284.87,50109.93
5890,1944,933,16,701.09,11217.44
5891,1944,406,43,1809.40,77804.20
5892,1944,394,27,1525.39,41185.53
5893,1945,142,43,1442.89,62044.27
5894,1945,738,18,407.04,7326.72
5895,1945,92,7,1042.09,7294.63
5896,1946,759,11,876.98,9646.78
5897,1947,394,46,1573.06,72360.76
5898,1947,267,45,460.16,20707.20
5899,1948,201,16,165.59,2649.44
5900,1948,712,16,886.73,14187.68
5901,1948,941,41,1327.60,54431.60
5902,1948,167,42,237.32,9967.44
5903,1948,291,11,1190.48,13095.28
5904,1949,163,34,894.02,30396.68
5905,1949,790,48,1970.60,94588.80
5906,1949,375,24,1374.55,32989.20
5907,1949,449,10,1772.01,17720.10
5908,1949,772,34,1645.95,55962.30
5909,1950,1005,38,1082.05,41117.90
5910,1950,910,30,1837.28,55118.40
5911,1950,47,21,1712.77,35968.17
5912,1950,959,43,973.23,41848.89
5913,1951,387,44,1482.44,65227.36
5914,1951,620,42,1642.65,68991.30
5915,1952,541,5,261.00,1305.00
5916,1952,846,50,853.11,42655.50
5917,1952,474,43,1676.26,72079.18
5918,1952,70,20,59.67,1193.40
5919,1952,777,23,31.78,730.94
5920,1953,529,20,1317.84,26356.80
5921,1954,286,6,1219.33,7315.98
5922,1955,850,9,280.09,2520.81
5923,1955,472,30,1144.85,34345.50
5924,1955,45,41,1953.96,80112.36
5925,1955,444,11,437.12,4808.32
5926,1955,820,22,1325.02,29150.44
5927,1956,262,35,791.71,27709.85
5928,1956,454,47,1404.53,66012.91
5929,1957,889,30,1318.29,39548.70
5930,1957,195,45,1422.84,64027.80
5931,1957,785,7,350.66,2454.62
5932,1958,495,44,1517.45,66767.80
5933,1959,714,33,646.53,21335.49
5934,1959,698,17,733.05,12461.85
5935,1960,554,38,582.06,22118.28
5936,1960,920,37,977.90,36182.30
5937,1960,451,47,109.98,5169.06
5938,1960,595,50,1206.78,60339.00
5939,1961,211,40,1087.34,43493.60
5940,1961,948,6,778.24,4669.44
5941,1961,608,34,1039.83,35354.22
5942,1961,875,9,611.79,5506.11
5943,1961,458,21,309.58,6501.18
5944,1962,312,38,573.96,21810.48
5945,1963,187,42,1559.20,65486.40
5946,1963,51,38,473.68,17999.84
5947,1964,785,41,357.34,14650.94
5948,1964,333,16,654.85,10477.60
5949,1964,412,6,1089.50,6537.00
5950,1964,153,2,148.71,297.42
5951,1965,752,39,1398.54,54543.06
5952,1965,209,25,719.66,17991.50
5953,1965,528,7,1471.04,10297.28
5954,1965,592,46,304.25,13995.50
5955,1965,953,29,1851.24,53685.96
5956,1966,893,32,1868.39,59788.48
5957,1966,267,4,530.95,2123.80
5958,1966,444,23,391.76,9010.48
5959,1966,600,7,537.20,3760.40
5960,1966,935,40,151.66,6066.40
5961,1967,24,1,1399.82,1399.82
5962,1967,877,15,504.27,7564.05
5963,1967,297,21,429.56,9020.76
5964,1968,10,7,732.97,5130.79
5965,1968,530,21,571.62,12004.02
5966,1968,892,8,872.73,6981.84
5967,1968,374,3,568.59,1705.77
5968,1968,126,44,662.62,29155.28
5969,1969,22,19,782.08,14859.52
5970,1969,43,17,539.27,9167.59
5971,1969,610,42,824.86,34644.12
5972,1969,445,35,1957.99,68529.65
5973,1969,50,40,342.83,13713.20
5974,1970,995,25,755.08,18877.00
5975,1971,445,23,1919.97,44159.31
5976,1971,756,3,1737.87,5213.61
5977,1971,67,48,1286.23,61739.04
5978,1971,162,12,697.92,8375.04
5979,1972,805,15,2043.79,30656.85
5980,1972,492,33,2049.97,67649.01
5981,1972,362,19,834.98,15864.62
5982,1973,883,23,249.12,5729.76
5983,1973,784,40,1243.00,49720.00
5984,1973,103,16,501.36,8021.76
5985,1973,995,17,816.72,13884.24
5986,1974,273,20,469.60,9392.00
5987,1974,1,19,1536.45,29192.55
5988,1975,984,47,297.80,13996.60
5989,1976,383,30,35.27,1058.10
5990,1976,772,43,1661.47,71443.21
5991,1977,634,8,1258.11,10064.88
5992,1977,908,36,1237.29,44542.44
5993,1977,333,22,595.32,13097.04
5994,1977,981,17,211.44,3594.48
5995,1977,92,42,939.93,39477.06
5996,1978,857,8,1358.39,10867.12
5997,1979,811,7,1912.87,13390.09
5998,1979,119,16,727.39,11638.24
5999,1979,812,13,95.36,1239.68
6000,1979,838,47,1209.17,56830.99
6001,1979,61,16,1336.24,21379.84
6002,1980,185,38,337.71,12832.98
6003,1980,116,45,1564.53,70403.85
6004,1980,914,50,1106.34,55317.00
6005,1980,573,23,388.07,8925.61
6006,1981,521,12,1141.99,13703.88
6007,1982,19,28,966.66,27066.48
6008,1982,992,26,805.18,20934.68
6009,1982,363,27,352.08,9506.16
6010,1982,420,19,1228.83,23347.77
6011,1982,54,18,1727.60,31096.80
6012,1983,300,2,571.82,1143.64
6013,1983,38,13,1611.51,20949.63
6014,1983,921,47,1653.18,77699.46
6015,1984,76,50,581.69,29084.50
6016,1984,35,15,805.99,12089.85
6017,1984,996,18,941.24,16942.32
6018,1985,368,7,1998.68,13990.76
6019,1985,784,19,1155.99,21963.81
6020,1985,230,10,1048.83,10488.30
6021,1985,881,42,1402.17,58891.14
6022,1986,672,50,116.22,5811.00
6023,1986,398,16,477.60,7641.60
6024,1987,567,1,98.74,98.74
6025,1987,666,28,1433.25,40131.00
6026,1987,56,47,1486.25,69853.75
6027,1988,589,27,795.33,21473.91
6028,1988,1008,24,1453.97,34895.28
6029,1988,781,37,502.57,18595.09
6030,1988,824,17,336.15,5714.55
6031,1989,877,37,560.30,20731.10
6032,1990,1008,38,1588.88,60377.44
6033,1990,14,9,2094.22,18847.98
6034,1990,3,24,25.52,612.48
6035,1990,149,31,307.82,9542.42
6036,1990,660,42,1024.06,43010.52
6037,1991,5,4,669.58,2678.32
6038,1991,890,4,467.54,1870.16
6039,1992,800,45,68.51,3082.95
6040,1992,257,44,42.10,1852.40
6041,1993,105,9,1189.94,10709.46
6042,1994,64,12,1523.38,18280.56
6043,1994,305,2,1501.67,3003.34
6044,1994,385,3,540.20,1620.60
6045,1995,611,8,1299.15,10393.20
6046,1995,60,48,873.98,41951.04
6047,1996,611,8,1527.57,12220.56
6048,1996,383,22,33.49,736.78
6049,1997,400,27,1402.79,37875.33
6050,1997,917,27,335.39,9055.53
6051,1998,647,2,275.26,550.52
6052,1999,285,17,292.81,4977.77
6053,1999,615,41,1235.71,50664.11
6054,1999,956,43,1178.65,50681.95
6055,1999,242,28,305.53,8554.84
6056,2000,673,3,1256.70,3770.10
6057,2000,591,37,1281.72,47423.64
6058,2000,777,17,29.48,501.16
6059,2000,187,5,1715.13,8575.65
