id,po_number,supplier_id,buyer_id,destination_location_id,status,currency,subtotal,total,placed_at,expected_delivery_at,created_at,updated_at
1,PO-000001,7,5,6,partially_received,BRL,67399.65,67399.65,2024-09-07 03:24:36,2024-11-01,2024-09-07 03:24:36,2024-09-07 03:24:36
2,PO-000002,12,13,2,sent,USD,68354.20,68354.20,2024-10-02 15:39:25,2024-10-16,2024-10-02 15:39:25,2024-10-02 15:39:25
3,PO-000003,13,5,2,sent,BRL,11935.58,11935.58,2025-11-23 07:53:48,2025-12-26,2025-11-23 07:53:48,2025-11-23 07:53:48
4,PO-000004,4,13,6,received,BRL,97880.03,97880.03,2022-01-19 18:35:15,2022-03-11,2022-01-19 18:35:15,2022-01-19 18:35:15
5,PO-000005,15,5,4,received,BRL,81576.67,81576.67,2026-09-09 11:34:54,,2026-09-09 11:34:54,2026-09-09 11:34:54
6,PO-000006,2,13,2,received,BRL,6865.53,6865.53,2025-10-11 09:05:29,2025-12-07,2025-10-11 09:05:29,2025-10-11 09:05:29
7,PO-000007,15,13,3,received,BRL,1377.52,1377.52,2024-06-25 12:05:29,2024-07-07,2024-06-25 12:05:29,2024-06-25 12:05:29
8,PO-000008,4,13,4,partially_received,BRL,91209.04,91209.04,2025-12-27 00:36:09,2026-02-10,2025-12-27 00:36:09,2025-12-27 00:36:09
9,PO-000009,23,13,6,received,BRL,26938.04,26938.04,2021-11-13 20:28:22,2021-11-18,2021-11-13 20:28:22,2021-11-13 20:28:22
10,PO-000010,1,13,4,received,BRL,44278.13,44278.13,2023-12-11 05:54:07,2023-12-19,2023-12-11 05:54:07,2023-12-11 05:54:07
11,PO-000011,19,13,2,draft,BRL,112216.23,112216.23,2023-01-13 14:06:41,2023-03-02,2023-01-13 14:06:41,2023-01-13 14:06:41
12,PO-000012,3,13,3,received,BRL,77484.67,77484.67,2024-06-25 08:07:30,2024-07-06,2024-06-25 08:07:30,2024-06-25 08:07:30
13,PO-000013,22,13,4,cancelled,BRL,29687.58,29687.58,2023-11-07 14:53:06,2023-12-19,2023-11-07 14:53:06,2023-11-07 14:53:06
14,PO-000014,11,13,4,draft,BRL,52406.32,52406.32,2025-02-22 08:05:50,2025-04-04,2025-02-22 08:05:50,2025-02-22 08:05:50
15,PO-000015,13,5,6,received,BRL,78642.96,78642.96,2020-08-01 03:19:03,2020-08-29,2020-08-01 03:19:03,2020-08-01 03:19:03
16,PO-000016,4,13,3,received,BRL,46387.04,46387.04,2023-09-22 06:48:17,,2023-09-22 06:48:17,2023-09-22 06:48:17
17,PO-000017,11,5,2,partially_received,BRL,131539.66,131539.66,2025-09-24 05:28:04,2025-10-12,2025-09-24 05:28:04,2025-09-24 05:28:04
18,PO-000018,17,5,1,received,BRL,41171.73,41171.73,2024-09-05 14:36:43,2024-09-27,2024-09-05 14:36:43,2024-09-05 14:36:43
19,PO-000019,11,5,1,received,BRL,36919.72,36919.72,2024-02-29 19:20:43,2024-04-09,2024-02-29 19:20:43,2024-02-29 19:20:43
20,PO-000020,11,5,3,received,BRL,22532.32,22532.32,2020-02-26 02:44:53,2020-02-29,2020-02-26 02:44:53,2020-02-26 02:44:53
21,PO-000021,7,13,1,received,BRL,106677.92,106677.92,2022-12-21 13:34:56,,2022-12-21 13:34:56,2022-12-21 13:34:56
22,PO-000022,25,5,6,received,BRL,50435.34,50435.34,2020-01-12 08:10:20,2020-02-14,2020-01-12 08:10:20,2020-01-12 08:10:20
23,PO-000023,14,13,3,received,BRL,146701.24,146701.24,2022-03-17 00:20:17,2022-04-17,2022-03-17 00:20:17,2022-03-17 00:20:17
24,PO-000024,6,13,6,partially_received,BRL,171359.93,171359.93,2025-02-03 17:44:15,2025-02-26,2025-02-03 17:44:15,2025-02-03 17:44:15
25,PO-000025,7,13,5,partially_received,BRL,163314.22,163314.22,2022-09-25 19:14:33,2022-10-13,2022-09-25 19:14:33,2022-09-25 19:14:33
26,PO-000026,22,13,4,sent,BRL,74515.62,74515.62,2021-05-14 01:28:16,2021-06-25,2021-05-14 01:28:16,2021-05-14 01:28:16
27,PO-000027,9,5,2,received,BRL,47438.07,47438.07,2023-09-21 15:56:16,2023-11-17,2023-09-21 15:56:16,2023-09-21 15:56:16
28,PO-000028,18,13,3,received,BRL,199863.93,199863.93,2025-07-16 05:41:19,2025-08-27,2025-07-16 05:41:19,2025-07-16 05:41:19
29,PO-000029,4,13,3,partially_received,BRL,73090.17,73090.17,2025-12-21 06:50:52,2026-01-26,2025-12-21 06:50:52,2025-12-21 06:50:52
30,PO-000030,24,5,3,partially_received,BRL,10681.23,10681.23,2026-09-14 19:08:25,2026-09-18,2026-09-14 19:08:25,2026-09-14 19:08:25
31,PO-000031,24,13,5,received,BRL,114726.11,114726.11,2026-10-24 08:49:40,2026-10-29,2026-10-24 08:49:40,2026-10-24 08:49:40
32,PO-000032,12,5,2,received,EUR,146249.48,146249.48,2025-10-24 10:57:04,2025-11-26,2025-10-24 10:57:04,2025-10-24 10:57:04
33,PO-000033,10,13,1,cancelled,BRL,65490.46,65490.46,2025-09-12 11:24:56,2025-10-07,2025-09-12 11:24:56,2025-09-12 11:24:56
34,PO-000034,1,13,2,received,BRL,225687.02,225687.02,2023-09-14 06:14:30,,2023-09-14 06:14:30,2023-09-14 06:14:30
35,PO-000035,2,13,2,received,BRL,10703.50,10703.50,2022-07-26 13:40:28,2022-08-23,2022-07-26 13:40:28,2022-07-26 13:40:28
36,PO-000036,2,5,3,draft,BRL,191786.72,191786.72,2026-08-25 21:10:21,,2026-08-25 21:10:21,2026-08-25 21:10:21
37,PO-000037,2,5,3,received,BRL,88647.88,88647.88,2025-09-03 21:24:10,2025-09-09,2025-09-03 21:24:10,2025-09-03 21:24:10
38,PO-000038,19,13,3,received,BRL,51921.33,51921.33,2020-07-24 16:43:43,2020-07-30,2020-07-24 16:43:43,2020-07-24 16:43:43
39,PO-000039,15,13,6,received,BRL,199627.98,199627.98,2024-10-07 15:54:29,2024-10-30,2024-10-07 15:54:29,2024-10-07 15:54:29
40,PO-000040,23,13,3,partially_received,BRL,91731.59,91731.59,2025-10-01 09:29:38,2025-11-18,2025-10-01 09:29:38,2025-10-01 09:29:38
41,PO-000041,24,13,3,received,BRL,21578.40,21578.40,2020-02-07 03:28:23,,2020-02-07 03:28:23,2020-02-07 03:28:23
42,PO-000042,9,13,2,partially_received,BRL,113281.26,113281.26,2026-09-29 01:59:08,2026-11-26,2026-09-29 01:59:08,2026-09-29 01:59:08
43,PO-000043,21,5,5,partially_received,BRL,95662.14,95662.14,2026-09-16 01:19:26,2026-10-30,2026-09-16 01:19:26,2026-09-16 01:19:26
44,PO-000044,22,13,3,cancelled,BRL,2437.02,2437.02,2023-01-21 16:46:43,2023-01-30,2023-01-21 16:46:43,2023-01-21 16:46:43
45,PO-000045,23,5,3,partially_received,BRL,118864.81,118864.81,2026-09-10 12:39:10,2026-11-03,2026-09-10 12:39:10,2026-09-10 12:39:10
46,PO-000046,6,5,4,sent,BRL,174657.16,174657.16,2024-01-15 19:14:18,2024-03-06,2024-01-15 19:14:18,2024-01-15 19:14:18
47,PO-000047,17,5,2,sent,BRL,102462.78,102462.78,2023-08-29 14:52:01,,2023-08-29 14:52:01,2023-08-29 14:52:01
48,PO-000048,4,5,1,received,BRL,83110.00,83110.00,2025-12-19 14:15:18,2026-02-07,2025-12-19 14:15:18,2025-12-19 14:15:18
49,PO-000049,20,13,4,sent,BRL,124198.17,124198.17,2026-03-11 15:14:54,2026-04-11,2026-03-11 15:14:54,2026-03-11 15:14:54
50,PO-000050,14,5,3,received,BRL,48694.65,48694.65,2025-12-13 19:47:36,2026-01-20,2025-12-13 19:47:36,2025-12-13 19:47:36
51,PO-000051,21,13,3,partially_received,BRL,103369.19,103369.19,2022-07-02 18:19:55,2022-08-21,2022-07-02 18:19:55,2022-07-02 18:19:55
52,PO-000052,18,13,2,received,BRL,25930.66,25930.66,2025-08-05 20:48:12,,2025-08-05 20:48:12,2025-08-05 20:48:12
53,PO-000053,4,13,2,received,BRL,52609.68,52609.68,2021-07-20 04:14:57,,2021-07-20 04:14:57,2021-07-20 04:14:57
54,PO-000054,1,13,1,partially_received,BRL,153467.84,153467.84,2021-07-21 04:24:20,,2021-07-21 04:24:20,2021-07-21 04:24:20
55,PO-000055,7,5,1,received,BRL,60762.63,60762.63,2020-06-26 13:00:22,2020-07-31,2020-06-26 13:00:22,2020-06-26 13:00:22
56,PO-000056,13,13,5,received,BRL,32540.53,32540.53,2023-02-25 13:07:08,2023-04-10,2023-02-25 13:07:08,2023-02-25 13:07:08
57,PO-000057,21,13,5,received,BRL,102432.00,102432.00,2026-09-21 05:50:26,2026-09-25,2026-09-21 05:50:26,2026-09-21 05:50:26
58,PO-000058,12,13,6,cancelled,BRL,18798.12,18798.12,2025-08-30 08:17:03,2025-10-04,2025-08-30 08:17:03,2025-08-30 08:17:03
59,PO-000059,18,13,3,received,BRL,43127.91,43127.91,2021-02-28 07:30:43,2021-04-09,2021-02-28 07:30:43,2021-02-28 07:30:43
60,PO-000060,14,5,5,received,BRL,55620.19,55620.19,2020-07-01 13:33:10,,2020-07-01 13:33:10,2020-07-01 13:33:10
61,PO-000061,18,13,4,received,BRL,12968.70,12968.70,2025-11-01 19:15:22,2025-12-26,2025-11-01 19:15:22,2025-11-01 19:15:22
62,PO-000062,20,5,1,sent,BRL,1619.93,1619.93,2021-05-10 19:49:50,2021-05-19,2021-05-10 19:49:50,2021-05-10 19:49:50
63,PO-000063,24,13,2,received,BRL,106034.80,106034.80,2023-09-02 03:02:43,,2023-09-02 03:02:43,2023-09-02 03:02:43
64,PO-000064,15,13,3,received,BRL,29027.12,29027.12,2022-10-23 00:04:00,2022-11-19,2022-10-23 00:04:00,2022-10-23 00:04:00
65,PO-000065,15,5,2,sent,BRL,9884.48,9884.48,2022-08-26 20:04:11,2022-09-23,2022-08-26 20:04:11,2022-08-26 20:04:11
66,PO-000066,7,13,5,received,BRL,37129.86,37129.86,2020-11-28 11:50:48,2020-12-28,2020-11-28 11:50:48,2020-11-28 11:50:48
67,PO-000067,13,5,5,received,BRL,29519.05,29519.05,2025-10-12 23:22:01,2025-11-27,2025-10-12 23:22:01,2025-10-12 23:22:01
68,PO-000068,4,5,1,received,BRL,123613.61,123613.61,2022-06-12 04:54:05,2022-07-25,2022-06-12 04:54:05,2022-06-12 04:54:05
69,PO-000069,14,13,6,draft,BRL,80370.12,80370.12,2025-11-16 02:20:19,,2025-11-16 02:20:19,2025-11-16 02:20:19
70,PO-000070,3,13,1,sent,BRL,6521.46,6521.46,2023-03-27 09:36:08,2023-05-26,2023-03-27 09:36:08,2023-03-27 09:36:08
71,PO-000071,20,13,6,partially_received,BRL,93307.87,93307.87,2020-05-19 13:40:56,2020-05-23,2020-05-19 13:40:56,2020-05-19 13:40:56
72,PO-000072,16,13,4,received,BRL,110417.21,110417.21,2024-01-20 06:04:59,2024-03-10,2024-01-20 06:04:59,2024-01-20 06:04:59
73,PO-000073,19,13,1,received,BRL,40708.00,40708.00,2022-09-29 04:59:46,2022-10-09,2022-09-29 04:59:46,2022-09-29 04:59:46
74,PO-000074,6,13,5,received,BRL,127286.73,127286.73,2026-02-09 12:25:54,2026-03-11,2026-02-09 12:25:54,2026-02-09 12:25:54
75,PO-000075,21,13,4,draft,BRL,137751.38,137751.38,2025-06-04 14:10:33,2025-07-28,2025-06-04 14:10:33,2025-06-04 14:10:33
76,PO-000076,25,13,5,received,BRL,119016.37,119016.37,2024-01-19 15:59:33,2024-02-09,2024-01-19 15:59:33,2024-01-19 15:59:33
77,PO-000077,22,13,6,sent,BRL,126035.21,126035.21,2023-02-19 10:20:55,2023-03-25,2023-02-19 10:20:55,2023-02-19 10:20:55
78,PO-000078,23,5,5,received,BRL,25706.81,25706.81,2025-03-06 13:43:17,2025-03-14,2025-03-06 13:43:17,2025-03-06 13:43:17
79,PO-000079,9,13,4,received,BRL,14302.90,14302.90,2026-09-04 18:03:43,2026-10-11,2026-09-04 18:03:43,2026-09-04 18:03:43
80,PO-000080,20,5,1,received,BRL,28278.96,28278.96,2026-08-24 12:32:48,2026-10-17,2026-08-24 12:32:48,2026-08-24 12:32:48
81,PO-000081,14,13,5,received,BRL,54357.21,54357.21,2023-05-19 03:07:40,2023-07-13,2023-05-19 03:07:40,2023-05-19 03:07:40
82,PO-000082,3,13,3,partially_received,BRL,14930.98,14930.98,2025-01-03 07:27:13,2025-01-06,2025-01-03 07:27:13,2025-01-03 07:27:13
83,PO-000083,15,13,2,received,BRL,147323.36,147323.36,2023-08-10 20:56:31,2023-10-05,2023-08-10 20:56:31,2023-08-10 20:56:31
84,PO-000084,3,5,2,received,BRL,45039.50,45039.50,2026-09-20 22:33:17,2026-10-17,2026-09-20 22:33:17,2026-09-20 22:33:17
85,PO-000085,15,13,1,received,BRL,77603.49,77603.49,2023-11-21 08:05:49,2023-12-24,2023-11-21 08:05:49,2023-11-21 08:05:49
86,PO-000086,16,5,3,received,BRL,9487.20,9487.20,2021-07-30 02:27:27,2021-08-15,2021-07-30 02:27:27,2021-07-30 02:27:27
87,PO-000087,12,13,3,cancelled,USD,53362.18,53362.18,2023-08-03 08:10:56,2023-09-07,2023-08-03 08:10:56,2023-08-03 08:10:56
88,PO-000088,18,13,4,partially_received,BRL,177730.22,177730.22,2026-11-16 16:17:59,2026-12-28,2026-11-16 16:17:59,2026-11-16 16:17:59
89,PO-000089,1,13,3,received,BRL,10831.20,10831.20,2022-12-27 08:52:24,2023-02-18,2022-12-27 08:52:24,2022-12-27 08:52:24
90,PO-000090,8,5,2,received,EUR,9913.95,9913.95,2021-08-11 21:15:28,2021-08-22,2021-08-11 21:15:28,2021-08-11 21:15:28
91,PO-000091,13,13,5,partially_received,BRL,194902.70,194902.70,2026-09-24 04:55:41,2026-10-05,2026-09-24 04:55:41,2026-09-24 04:55:41
92,PO-000092,10,5,5,sent,BRL,54239.22,54239.22,2021-10-31 09:24:35,2021-11-03,2021-10-31 09:24:35,2021-10-31 09:24:35
93,PO-000093,9,13,2,cancelled,BRL,129784.66,129784.66,2023-11-15 03:27:11,2024-01-13,2023-11-15 03:27:11,2023-11-15 03:27:11
94,PO-000094,19,13,5,received,BRL,73138.19,73138.19,2024-07-29 13:56:39,2024-08-12,2024-07-29 13:56:39,2024-07-29 13:56:39
95,PO-000095,23,13,5,received,BRL,105971.66,105971.66,2024-06-23 11:31:09,,2024-06-23 11:31:09,2024-06-23 11:31:09
96,PO-000096,1,13,3,received,BRL,91435.95,91435.95,2026-01-21 00:23:38,2026-02-22,2026-01-21 00:23:38,2026-01-21 00:23:38
97,PO-000097,12,5,3,received,USD,62614.52,62614.52,2024-10-11 03:00:56,2024-11-21,2024-10-11 03:00:56,2024-10-11 03:00:56
98,PO-000098,3,13,3,received,BRL,117501.57,117501.57,2024-07-29 13:07:43,2024-08-14,2024-07-29 13:07:43,2024-07-29 13:07:43
99,PO-000099,14,13,2,partially_received,BRL,35870.08,35870.08,2020-09-23 11:38:24,,2020-09-23 11:38:24,2020-09-23 11:38:24
100,PO-000100,7,13,2,received,BRL,60345.56,60345.56,2021-10-11 12:16:46,2021-10-18,2021-10-11 12:16:46,2021-10-11 12:16:46
101,PO-000101,21,5,1,sent,BRL,58111.18,58111.18,2023-11-04 07:44:57,2023-11-22,2023-11-04 07:44:57,2023-11-04 07:44:57
102,PO-000102,7,5,6,cancelled,BRL,40810.60,40810.60,2022-11-19 06:14:32,2022-11-30,2022-11-19 06:14:32,2022-11-19 06:14:32
103,PO-000103,22,5,1,partially_received,BRL,107733.41,107733.41,2020-09-22 02:26:16,2020-10-07,2020-09-22 02:26:16,2020-09-22 02:26:16
104,PO-000104,19,5,3,partially_received,BRL,120851.94,120851.94,2025-09-11 09:03:56,,2025-09-11 09:03:56,2025-09-11 09:03:56
105,PO-000105,17,5,6,received,BRL,158031.23,158031.23,2021-06-18 19:04:56,2021-07-02,2021-06-18 19:04:56,2021-06-18 19:04:56
106,PO-000106,6,5,3,received,BRL,74654.44,74654.44,2024-03-14 14:29:38,2024-04-25,2024-03-14 14:29:38,2024-03-14 14:29:38
107,PO-000107,16,13,1,partially_received,BRL,30605.28,30605.28,2024-12-13 06:29:14,2025-01-17,2024-12-13 06:29:14,2024-12-13 06:29:14
108,PO-000108,9,13,4,received,BRL,111268.99,111268.99,2025-11-29 05:25:41,2026-01-04,2025-11-29 05:25:41,2025-11-29 05:25:41
109,PO-000109,2,5,2,received,BRL,54601.44,54601.44,2020-11-26 22:38:21,2021-01-21,2020-11-26 22:38:21,2020-11-26 22:38:21
110,PO-000110,14,13,6,received,BRL,45784.32,45784.32,2025-06-15 15:27:46,2025-08-14,2025-06-15 15:27:46,2025-06-15 15:27:46
111,PO-000111,9,13,3,received,BRL,222136.92,222136.92,2022-05-23 09:28:11,2022-05-30,2022-05-23 09:28:11,2022-05-23 09:28:11
112,PO-000112,14,13,5,partially_received,BRL,87267.02,87267.02,2023-08-08 23:29:48,2023-08-14,2023-08-08 23:29:48,2023-08-08 23:29:48
113,PO-000113,25,13,3,received,BRL,88453.20,88453.20,2021-08-23 04:21:26,2021-09-22,2021-08-23 04:21:26,2021-08-23 04:21:26
114,PO-000114,9,5,6,draft,BRL,90594.24,90594.24,2025-01-18 18:28:19,2025-02-28,2025-01-18 18:28:19,2025-01-18 18:28:19
115,PO-000115,9,5,4,received,BRL,98991.21,98991.21,2020-03-06 01:48:26,2020-04-02,2020-03-06 01:48:26,2020-03-06 01:48:26
116,PO-000116,7,5,4,received,BRL,115045.06,115045.06,2021-11-20 11:00:25,2021-12-06,2021-11-20 11:00:25,2021-11-20 11:00:25
117,PO-000117,13,13,4,sent,BRL,42573.93,42573.93,2024-10-11 06:13:59,2024-11-18,2024-10-11 06:13:59,2024-10-11 06:13:59
118,PO-000118,22,5,1,received,BRL,59827.20,59827.20,2022-06-06 22:00:49,2022-07-26,2022-06-06 22:00:49,2022-06-06 22:00:49
119,PO-000119,6,5,5,cancelled,BRL,85300.78,85300.78,2022-07-24 08:34:35,2022-08-06,2022-07-24 08:34:35,2022-07-24 08:34:35
120,PO-000120,2,5,6,received,BRL,28781.20,28781.20,2026-06-22 08:56:22,2026-07-05,2026-06-22 08:56:22,2026-06-22 08:56:22
121,PO-000121,23,5,4,draft,BRL,9071.37,9071.37,2026-01-03 06:28:58,2026-01-26,2026-01-03 06:28:58,2026-01-03 06:28:58
122,PO-000122,6,5,3,received,BRL,50926.94,50926.94,2025-11-26 22:30:50,2025-12-10,2025-11-26 22:30:50,2025-11-26 22:30:50
123,PO-000123,1,13,6,received,BRL,133287.38,133287.38,2026-11-01 16:38:28,2026-11-06,2026-11-01 16:38:28,2026-11-01 16:38:28
124,PO-000124,11,5,3,received,BRL,117043.71,117043.71,2022-11-02 06:17:41,2022-12-25,2022-11-02 06:17:41,2022-11-02 06:17:41
125,PO-000125,22,5,1,received,BRL,30737.65,30737.65,2024-10-24 05:57:53,2024-10-30,2024-10-24 05:57:53,2024-10-24 05:57:53
126,PO-000126,20,5,2,sent,BRL,85049.79,85049.79,2024-11-21 15:42:01,2024-12-28,2024-11-21 15:42:01,2024-11-21 15:42:01
127,PO-000127,25,5,4,sent,BRL,65762.50,65762.50,2026-12-07 03:40:05,,2026-12-07 03:40:05,2026-12-07 03:40:05
128,PO-000128,22,5,3,partially_received,BRL,33007.46,33007.46,2022-07-14 16:04:21,,2022-07-14 16:04:21,2022-07-14 16:04:21
129,PO-000129,17,5,5,received,BRL,174998.98,174998.98,2022-07-09 20:52:05,,2022-07-09 20:52:05,2022-07-09 20:52:05
130,PO-000130,13,5,1,sent,BRL,162215.24,162215.24,2024-06-29 14:49:33,2024-07-26,2024-06-29 14:49:33,2024-06-29 14:49:33
131,PO-000131,8,5,2,sent,BRL,77268.99,77268.99,2024-03-12 15:56:15,,2024-03-12 15:56:15,2024-03-12 15:56:15
132,PO-000132,25,5,2,sent,BRL,102981.50,102981.50,2025-05-05 17:15:10,2025-06-23,2025-05-05 17:15:10,2025-05-05 17:15:10
133,PO-000133,24,13,3,received,BRL,116566.59,116566.59,2021-08-18 11:56:46,2021-09-27,2021-08-18 11:56:46,2021-08-18 11:56:46
134,PO-000134,10,5,3,sent,BRL,3932.48,3932.48,2025-07-24 21:47:44,,2025-07-24 21:47:44,2025-07-24 21:47:44
135,PO-000135,14,13,3,received,BRL,68686.93,68686.93,2025-08-23 21:46:55,2025-10-09,2025-08-23 21:46:55,2025-08-23 21:46:55
136,PO-000136,5,13,2,draft,BRL,256491.03,256491.03,2025-07-25 00:52:41,,2025-07-25 00:52:41,2025-07-25 00:52:41
137,PO-000137,23,13,6,received,BRL,105304.17,105304.17,2022-11-29 09:44:56,2023-01-01,2022-11-29 09:44:56,2022-11-29 09:44:56
138,PO-000138,5,13,6,received,BRL,34680.22,34680.22,2020-10-05 16:25:14,2020-11-01,2020-10-05 16:25:14,2020-10-05 16:25:14
139,PO-000139,24,5,3,received,BRL,83717.40,83717.40,2023-08-29 16:41:19,2023-09-13,2023-08-29 16:41:19,2023-08-29 16:41:19
140,PO-000140,1,5,1,received,BRL,106296.26,106296.26,2021-10-20 01:31:06,2021-11-16,2021-10-20 01:31:06,2021-10-20 01:31:06
141,PO-000141,9,13,5,received,BRL,30783.58,30783.58,2025-12-11 09:02:30,2025-12-31,2025-12-11 09:02:30,2025-12-11 09:02:30
142,PO-000142,7,13,3,received,BRL,15052.41,15052.41,2026-08-28 05:45:38,2026-10-27,2026-08-28 05:45:38,2026-08-28 05:45:38
143,PO-000143,24,5,3,received,BRL,144501.88,144501.88,2025-10-23 11:41:26,2025-11-26,2025-10-23 11:41:26,2025-10-23 11:41:26
144,PO-000144,9,13,2,received,BRL,100964.83,100964.83,2023-11-02 22:11:35,2023-11-10,2023-11-02 22:11:35,2023-11-02 22:11:35
145,PO-000145,24,13,4,received,BRL,123421.79,123421.79,2026-12-10 05:29:27,2026-12-13,2026-12-10 05:29:27,2026-12-10 05:29:27
146,PO-000146,16,5,4,partially_received,BRL,28211.37,28211.37,2020-08-09 05:32:37,2020-08-28,2020-08-09 05:32:37,2020-08-09 05:32:37
147,PO-000147,15,5,5,received,BRL,121447.10,121447.10,2023-10-22 23:23:17,2023-11-12,2023-10-22 23:23:17,2023-10-22 23:23:17
148,PO-000148,24,13,3,received,BRL,43594.44,43594.44,2024-11-02 08:49:39,2024-12-29,2024-11-02 08:49:39,2024-11-02 08:49:39
149,PO-000149,4,13,1,received,BRL,150773.18,150773.18,2022-09-04 05:32:16,2022-10-17,2022-09-04 05:32:16,2022-09-04 05:32:16
150,PO-000150,10,5,1,received,BRL,48974.72,48974.72,2025-09-07 01:21:11,,2025-09-07 01:21:11,2025-09-07 01:21:11
151,PO-000151,25,5,2,received,BRL,58907.18,58907.18,2023-12-17 17:27:30,2024-01-02,2023-12-17 17:27:30,2023-12-17 17:27:30
152,PO-000152,13,13,2,received,BRL,100524.30,100524.30,2026-04-14 19:16:33,2026-06-01,2026-04-14 19:16:33,2026-04-14 19:16:33
153,PO-000153,4,5,5,received,BRL,51542.98,51542.98,2022-09-25 10:32:17,2022-10-16,2022-09-25 10:32:17,2022-09-25 10:32:17
154,PO-000154,24,5,1,received,BRL,42868.55,42868.55,2026-01-30 04:06:35,2026-02-19,2026-01-30 04:06:35,2026-01-30 04:06:35
155,PO-000155,12,5,2,sent,BRL,54003.93,54003.93,2026-10-24 07:51:52,2026-11-14,2026-10-24 07:51:52,2026-10-24 07:51:52
156,PO-000156,11,5,1,partially_received,BRL,16127.20,16127.20,2024-09-20 03:51:56,,2024-09-20 03:51:56,2024-09-20 03:51:56
157,PO-000157,9,13,6,cancelled,BRL,31588.37,31588.37,2020-04-13 00:30:42,2020-06-03,2020-04-13 00:30:42,2020-04-13 00:30:42
158,PO-000158,25,5,4,received,BRL,138740.34,138740.34,2026-11-13 03:29:24,2027-01-05,2026-11-13 03:29:24,2026-11-13 03:29:24
159,PO-000159,18,13,3,received,BRL,88432.22,88432.22,2026-01-07 08:08:50,2026-03-08,2026-01-07 08:08:50,2026-01-07 08:08:50
160,PO-000160,6,13,4,received,BRL,69680.25,69680.25,2026-12-24 00:30:32,2027-01-23,2026-12-24 00:30:32,2026-12-24 00:30:32
161,PO-000161,2,5,6,received,BRL,48861.99,48861.99,2026-12-08 08:30:31,2026-12-23,2026-12-08 08:30:31,2026-12-08 08:30:31
162,PO-000162,19,5,2,received,BRL,39262.02,39262.02,2025-08-24 14:22:25,,2025-08-24 14:22:25,2025-08-24 14:22:25
163,PO-000163,15,13,2,partially_received,BRL,139768.39,139768.39,2026-08-17 06:43:57,2026-09-19,2026-08-17 06:43:57,2026-08-17 06:43:57
164,PO-000164,22,13,2,received,BRL,73529.54,73529.54,2026-08-10 06:37:52,2026-08-17,2026-08-10 06:37:52,2026-08-10 06:37:52
165,PO-000165,15,13,5,sent,BRL,98358.78,98358.78,2021-03-08 15:16:59,2021-04-28,2021-03-08 15:16:59,2021-03-08 15:16:59
166,PO-000166,23,5,2,received,BRL,110072.78,110072.78,2023-08-30 20:01:12,2023-09-19,2023-08-30 20:01:12,2023-08-30 20:01:12
167,PO-000167,1,13,4,sent,BRL,39283.48,39283.48,2020-01-02 23:06:10,,2020-01-02 23:06:10,2020-01-02 23:06:10
168,PO-000168,22,13,6,received,BRL,88993.04,88993.04,2020-08-08 06:53:54,2020-10-03,2020-08-08 06:53:54,2020-08-08 06:53:54
169,PO-000169,21,5,1,received,BRL,156368.95,156368.95,2024-11-22 17:01:46,,2024-11-22 17:01:46,2024-11-22 17:01:46
170,PO-000170,1,13,5,received,BRL,162530.64,162530.64,2024-08-25 13:57:29,2024-10-15,2024-08-25 13:57:29,2024-08-25 13:57:29
171,PO-000171,17,13,1,received,BRL,13316.73,13316.73,2026-12-16 19:00:40,2027-01-01,2026-12-16 19:00:40,2026-12-16 19:00:40
172,PO-000172,16,13,5,draft,BRL,93315.50,93315.50,2020-07-02 03:12:39,2020-07-08,2020-07-02 03:12:39,2020-07-02 03:12:39
173,PO-000173,13,13,2,received,BRL,52110.43,52110.43,2024-12-12 00:10:08,2024-12-16,2024-12-12 00:10:08,2024-12-12 00:10:08
174,PO-000174,12,5,5,partially_received,USD,123209.34,123209.34,2022-03-16 06:18:47,2022-05-14,2022-03-16 06:18:47,2022-03-16 06:18:47
175,PO-000175,11,13,2,sent,BRL,72945.42,72945.42,2026-09-12 19:36:58,2026-10-22,2026-09-12 19:36:58,2026-09-12 19:36:58
176,PO-000176,21,5,3,received,BRL,13933.90,13933.90,2023-07-25 11:10:52,2023-08-11,2023-07-25 11:10:52,2023-07-25 11:10:52
177,PO-000177,23,13,4,received,BRL,59044.97,59044.97,2025-06-06 15:44:55,2025-07-05,2025-06-06 15:44:55,2025-06-06 15:44:55
178,PO-000178,18,5,6,received,BRL,33588.00,33588.00,2024-07-26 13:05:30,2024-09-18,2024-07-26 13:05:30,2024-07-26 13:05:30
179,PO-000179,11,5,6,received,BRL,5737.79,5737.79,2026-12-12 03:40:51,2027-01-22,2026-12-12 03:40:51,2026-12-12 03:40:51
180,PO-000180,3,5,4,partially_received,BRL,62242.12,62242.12,2025-05-31 04:31:02,2025-06-18,2025-05-31 04:31:02,2025-05-31 04:31:02
181,PO-000181,7,13,4,received,BRL,86181.07,86181.07,2026-11-18 13:06:47,2027-01-02,2026-11-18 13:06:47,2026-11-18 13:06:47
182,PO-000182,22,5,2,sent,BRL,4056.39,4056.39,2020-12-31 16:28:01,2021-01-06,2020-12-31 16:28:01,2020-12-31 16:28:01
183,PO-000183,5,13,3,received,BRL,7344.31,7344.31,2020-10-14 18:24:09,2020-11-24,2020-10-14 18:24:09,2020-10-14 18:24:09
184,PO-000184,9,13,5,sent,BRL,16473.10,16473.10,2023-09-05 10:51:56,2023-11-03,2023-09-05 10:51:56,2023-09-05 10:51:56
185,PO-000185,20,5,4,partially_received,BRL,97011.14,97011.14,2024-04-21 14:29:09,,2024-04-21 14:29:09,2024-04-21 14:29:09
186,PO-000186,25,13,3,received,BRL,130330.73,130330.73,2026-09-01 14:59:38,2026-09-15,2026-09-01 14:59:38,2026-09-01 14:59:38
187,PO-000187,23,13,3,received,BRL,71465.81,71465.81,2025-05-27 09:43:11,2025-06-06,2025-05-27 09:43:11,2025-05-27 09:43:11
188,PO-000188,12,5,2,received,BRL,53796.00,53796.00,2020-09-10 09:42:09,2020-11-04,2020-09-10 09:42:09,2020-09-10 09:42:09
189,PO-000189,6,5,1,received,BRL,211092.98,211092.98,2026-02-13 16:58:05,2026-03-31,2026-02-13 16:58:05,2026-02-13 16:58:05
190,PO-000190,7,13,2,partially_received,BRL,77990.40,77990.40,2024-11-04 22:53:17,2024-11-09,2024-11-04 22:53:17,2024-11-04 22:53:17
191,PO-000191,14,5,6,partially_received,BRL,109006.71,109006.71,2026-10-08 08:42:14,2026-11-30,2026-10-08 08:42:14,2026-10-08 08:42:14
192,PO-000192,16,5,5,received,BRL,100794.21,100794.21,2023-11-25 03:59:08,2023-12-30,2023-11-25 03:59:08,2023-11-25 03:59:08
193,PO-000193,10,13,3,received,BRL,136894.28,136894.28,2021-11-09 09:59:57,2021-12-05,2021-11-09 09:59:57,2021-11-09 09:59:57
194,PO-000194,4,13,1,cancelled,BRL,89773.87,89773.87,2024-11-11 16:11:22,2024-12-07,2024-11-11 16:11:22,2024-11-11 16:11:22
195,PO-000195,9,13,1,partially_received,BRL,60302.74,60302.74,2020-07-18 17:02:25,2020-09-10,2020-07-18 17:02:25,2020-07-18 17:02:25
196,PO-000196,16,13,5,received,BRL,100483.52,100483.52,2026-10-04 02:39:15,2026-11-04,2026-10-04 02:39:15,2026-10-04 02:39:15
197,PO-000197,13,5,2,partially_received,BRL,60110.25,60110.25,2024-10-10 19:24:45,2024-11-30,2024-10-10 19:24:45,2024-10-10 19:24:45
198,PO-000198,14,13,3,draft,BRL,22349.90,22349.90,2021-12-16 22:33:13,2022-02-02,2021-12-16 22:33:13,2021-12-16 22:33:13
199,PO-000199,25,13,1,partially_received,BRL,58683.56,58683.56,2020-08-14 09:48:11,2020-09-04,2020-08-14 09:48:11,2020-08-14 09:48:11
200,PO-000200,9,5,2,received,BRL,42964.94,42964.94,2021-02-09 04:40:47,2021-02-28,2021-02-09 04:40:47,2021-02-09 04:40:47
201,PO-000201,10,5,2,received,BRL,58684.29,58684.29,2026-12-24 19:14:04,2027-01-01,2026-12-24 19:14:04,2026-12-24 19:14:04
202,PO-000202,16,5,6,cancelled,BRL,73656.07,73656.07,2025-05-23 05:29:19,2025-05-30,2025-05-23 05:29:19,2025-05-23 05:29:19
203,PO-000203,24,5,5,partially_received,BRL,11282.57,11282.57,2025-08-05 09:44:29,2025-09-30,2025-08-05 09:44:29,2025-08-05 09:44:29
204,PO-000204,14,13,5,received,BRL,90956.81,90956.81,2025-07-24 13:17:57,2025-09-02,2025-07-24 13:17:57,2025-07-24 13:17:57
205,PO-000205,3,13,1,partially_received,BRL,75543.02,75543.02,2021-09-23 01:09:22,,2021-09-23 01:09:22,2021-09-23 01:09:22
206,PO-000206,9,13,1,received,BRL,54766.24,54766.24,2020-11-20 09:06:49,2021-01-07,2020-11-20 09:06:49,2020-11-20 09:06:49
207,PO-000207,4,5,6,received,BRL,145401.77,145401.77,2024-10-24 04:21:02,2024-11-18,2024-10-24 04:21:02,2024-10-24 04:21:02
208,PO-000208,1,5,5,partially_received,BRL,95977.38,95977.38,2026-09-28 01:54:08,2026-10-29,2026-09-28 01:54:08,2026-09-28 01:54:08
209,PO-000209,5,13,6,sent,BRL,14429.30,14429.30,2023-07-07 15:51:45,2023-08-12,2023-07-07 15:51:45,2023-07-07 15:51:45
210,PO-000210,19,5,4,cancelled,BRL,164311.42,164311.42,2024-08-24 02:13:28,2024-09-11,2024-08-24 02:13:28,2024-08-24 02:13:28
211,PO-000211,25,13,5,received,BRL,74826.12,74826.12,2026-07-18 13:59:03,2026-08-05,2026-07-18 13:59:03,2026-07-18 13:59:03
212,PO-000212,21,13,3,received,BRL,97399.70,97399.70,2021-09-01 00:13:05,2021-09-18,2021-09-01 00:13:05,2021-09-01 00:13:05
213,PO-000213,2,5,1,draft,BRL,59820.93,59820.93,2026-11-17 07:41:48,2026-11-20,2026-11-17 07:41:48,2026-11-17 07:41:48
214,PO-000214,24,13,6,received,BRL,35543.97,35543.97,2022-01-01 12:54:00,2022-02-22,2022-01-01 12:54:00,2022-01-01 12:54:00
215,PO-000215,8,13,2,sent,EUR,68683.68,68683.68,2026-11-02 05:31:42,2026-12-27,2026-11-02 05:31:42,2026-11-02 05:31:42
216,PO-000216,14,13,5,received,BRL,112315.33,112315.33,2025-01-17 20:02:56,2025-03-13,2025-01-17 20:02:56,2025-01-17 20:02:56
217,PO-000217,9,13,3,partially_received,BRL,128450.61,128450.61,2026-03-05 13:51:52,,2026-03-05 13:51:52,2026-03-05 13:51:52
218,PO-000218,20,13,5,received,BRL,135719.41,135719.41,2022-10-24 22:51:43,,2022-10-24 22:51:43,2022-10-24 22:51:43
219,PO-000219,24,5,2,received,BRL,148989.31,148989.31,2022-08-05 13:12:47,2022-10-01,2022-08-05 13:12:47,2022-08-05 13:12:47
220,PO-000220,5,13,5,draft,BRL,136636.89,136636.89,2021-02-02 17:59:18,2021-02-06,2021-02-02 17:59:18,2021-02-02 17:59:18
221,PO-000221,1,5,2,partially_received,BRL,138043.34,138043.34,2025-11-19 17:50:35,2026-01-09,2025-11-19 17:50:35,2025-11-19 17:50:35
222,PO-000222,10,13,6,partially_received,BRL,50672.89,50672.89,2026-11-04 04:05:20,,2026-11-04 04:05:20,2026-11-04 04:05:20
223,PO-000223,22,5,5,partially_received,BRL,200326.65,200326.65,2024-11-09 13:56:41,,2024-11-09 13:56:41,2024-11-09 13:56:41
224,PO-000224,6,5,4,received,BRL,87090.46,87090.46,2023-06-19 21:28:56,2023-07-11,2023-06-19 21:28:56,2023-06-19 21:28:56
225,PO-000225,4,5,2,partially_received,BRL,185056.69,185056.69,2026-10-19 03:39:34,2026-11-10,2026-10-19 03:39:34,2026-10-19 03:39:34
226,PO-000226,24,5,3,received,BRL,225644.46,225644.46,2022-10-23 04:57:05,2022-11-30,2022-10-23 04:57:05,2022-10-23 04:57:05
227,PO-000227,10,13,4,received,BRL,179358.19,179358.19,2026-10-30 18:13:38,2026-11-22,2026-10-30 18:13:38,2026-10-30 18:13:38
228,PO-000228,5,5,4,received,BRL,114953.76,114953.76,2026-12-06 05:14:54,2026-12-19,2026-12-06 05:14:54,2026-12-06 05:14:54
229,PO-000229,16,5,5,sent,BRL,45112.96,45112.96,2024-07-12 22:19:24,2024-07-16,2024-07-12 22:19:24,2024-07-12 22:19:24
230,PO-000230,20,13,2,partially_received,BRL,99706.03,99706.03,2026-08-04 04:47:25,2026-09-22,2026-08-04 04:47:25,2026-08-04 04:47:25
231,PO-000231,23,5,2,sent,BRL,53868.08,53868.08,2025-12-04 20:37:08,2026-01-17,2025-12-04 20:37:08,2025-12-04 20:37:08
232,PO-000232,25,13,2,partially_received,BRL,95897.94,95897.94,2022-10-22 20:58:52,2022-10-30,2022-10-22 20:58:52,2022-10-22 20:58:52
233,PO-000233,12,13,5,received,USD,118849.85,118849.85,2023-01-18 20:38:12,2023-02-15,2023-01-18 20:38:12,2023-01-18 20:38:12
234,PO-000234,3,5,4,sent,BRL,39663.67,39663.67,2024-11-30 12:05:08,,2024-11-30 12:05:08,2024-11-30 12:05:08
235,PO-000235,16,5,3,received,BRL,43410.15,43410.15,2026-01-20 22:35:19,,2026-01-20 22:35:19,2026-01-20 22:35:19
236,PO-000236,15,13,6,received,BRL,1580.48,1580.48,2025-02-11 00:56:54,2025-02-18,2025-02-11 00:56:54,2025-02-11 00:56:54
237,PO-000237,1,13,2,received,BRL,47667.96,47667.96,2023-10-12 17:11:40,2023-11-26,2023-10-12 17:11:40,2023-10-12 17:11:40
238,PO-000238,6,13,1,received,BRL,69198.11,69198.11,2021-10-27 11:32:29,2021-12-10,2021-10-27 11:32:29,2021-10-27 11:32:29
239,PO-000239,5,5,5,sent,BRL,114039.48,114039.48,2026-11-02 08:01:45,2026-12-23,2026-11-02 08:01:45,2026-11-02 08:01:45
240,PO-000240,5,5,4,sent,BRL,113285.90,113285.90,2026-11-16 03:46:19,2026-11-29,2026-11-16 03:46:19,2026-11-16 03:46:19
241,PO-000241,20,13,3,received,BRL,149266.03,149266.03,2022-09-30 01:53:32,2022-11-20,2022-09-30 01:53:32,2022-09-30 01:53:32
242,PO-000242,9,13,3,received,BRL,31059.64,31059.64,2024-03-11 18:01:24,2024-04-25,2024-03-11 18:01:24,2024-03-11 18:01:24
243,PO-000243,15,5,5,partially_received,BRL,24336.67,24336.67,2021-09-09 10:56:03,,2021-09-09 10:56:03,2021-09-09 10:56:03
244,PO-000244,14,5,5,received,BRL,20905.50,20905.50,2025-10-05 04:07:16,,2025-10-05 04:07:16,2025-10-05 04:07:16
245,PO-000245,8,13,4,received,BRL,167967.20,167967.20,2020-03-17 16:07:28,2020-05-03,2020-03-17 16:07:28,2020-03-17 16:07:28
246,PO-000246,2,13,4,received,BRL,183988.19,183988.19,2025-10-20 08:01:33,2025-11-28,2025-10-20 08:01:33,2025-10-20 08:01:33
247,PO-000247,8,13,1,partially_received,USD,155175.82,155175.82,2023-07-02 14:44:27,2023-08-23,2023-07-02 14:44:27,2023-07-02 14:44:27
248,PO-000248,21,5,5,sent,BRL,84352.86,84352.86,2024-02-07 18:52:14,2024-02-23,2024-02-07 18:52:14,2024-02-07 18:52:14
249,PO-000249,25,5,1,partially_received,BRL,78655.72,78655.72,2020-07-30 17:39:14,2020-08-26,2020-07-30 17:39:14,2020-07-30 17:39:14
250,PO-000250,1,5,4,received,BRL,155023.41,155023.41,2023-03-26 20:32:55,2023-04-06,2023-03-26 20:32:55,2023-03-26 20:32:55
251,PO-000251,22,13,5,received,BRL,107001.67,107001.67,2025-11-03 01:24:04,,2025-11-03 01:24:04,2025-11-03 01:24:04
252,PO-000252,12,13,3,draft,EUR,196523.72,196523.72,2023-06-25 08:34:37,2023-07-27,2023-06-25 08:34:37,2023-06-25 08:34:37
253,PO-000253,3,5,5,received,BRL,13362.46,13362.46,2026-11-08 12:04:13,2026-12-22,2026-11-08 12:04:13,2026-11-08 12:04:13
254,PO-000254,5,13,4,partially_received,BRL,1042.21,1042.21,2024-11-30 06:59:21,2024-12-14,2024-11-30 06:59:21,2024-11-30 06:59:21
255,PO-000255,20,5,4,received,BRL,76685.26,76685.26,2022-10-23 01:20:56,,2022-10-23 01:20:56,2022-10-23 01:20:56
256,PO-000256,8,5,5,partially_received,USD,4360.15,4360.15,2026-08-29 08:54:31,,2026-08-29 08:54:31,2026-08-29 08:54:31
257,PO-000257,16,13,5,received,BRL,47125.55,47125.55,2026-04-22 01:32:17,2026-05-06,2026-04-22 01:32:17,2026-04-22 01:32:17
258,PO-000258,15,13,2,received,BRL,78029.96,78029.96,2021-09-26 11:09:04,2021-09-29,2021-09-26 11:09:04,2021-09-26 11:09:04
259,PO-000259,3,13,6,received,BRL,97930.25,97930.25,2025-12-30 03:25:47,2026-01-30,2025-12-30 03:25:47,2025-12-30 03:25:47
260,PO-000260,3,5,4,cancelled,BRL,117643.08,117643.08,2022-07-17 15:29:55,2022-08-18,2022-07-17 15:29:55,2022-07-17 15:29:55
261,PO-000261,14,5,4,draft,BRL,104234.30,104234.30,2024-11-22 12:43:15,2024-12-11,2024-11-22 12:43:15,2024-11-22 12:43:15
262,PO-000262,23,13,6,received,BRL,107663.34,107663.34,2026-08-05 04:02:23,2026-09-05,2026-08-05 04:02:23,2026-08-05 04:02:23
263,PO-000263,7,13,2,received,BRL,5566.96,5566.96,2024-04-21 23:07:57,2024-05-24,2024-04-21 23:07:57,2024-04-21 23:07:57
264,PO-000264,25,5,2,received,BRL,90108.04,90108.04,2024-08-27 03:33:42,2024-09-28,2024-08-27 03:33:42,2024-08-27 03:33:42
265,PO-000265,23,13,5,sent,BRL,40990.94,40990.94,2026-09-30 09:16:32,2026-11-22,2026-09-30 09:16:32,2026-09-30 09:16:32
266,PO-000266,21,5,5,sent,BRL,54877.62,54877.62,2022-01-10 08:58:13,2022-03-11,2022-01-10 08:58:13,2022-01-10 08:58:13
267,PO-000267,17,5,6,received,BRL,58842.92,58842.92,2024-09-18 12:34:45,2024-10-12,2024-09-18 12:34:45,2024-09-18 12:34:45
268,PO-000268,13,5,1,received,BRL,107495.62,107495.62,2024-12-05 01:10:06,2024-12-19,2024-12-05 01:10:06,2024-12-05 01:10:06
269,PO-000269,10,13,6,received,BRL,84031.24,84031.24,2022-07-26 16:52:23,2022-09-15,2022-07-26 16:52:23,2022-07-26 16:52:23
270,PO-000270,23,13,1,received,BRL,212404.48,212404.48,2025-11-13 02:30:46,2025-12-10,2025-11-13 02:30:46,2025-11-13 02:30:46
271,PO-000271,10,13,1,received,BRL,44230.75,44230.75,2026-02-25 23:36:59,,2026-02-25 23:36:59,2026-02-25 23:36:59
272,PO-000272,23,5,1,received,BRL,111476.96,111476.96,2020-04-21 04:00:59,2020-05-19,2020-04-21 04:00:59,2020-04-21 04:00:59
273,PO-000273,14,5,5,received,BRL,184122.03,184122.03,2025-12-06 01:52:25,2026-01-05,2025-12-06 01:52:25,2025-12-06 01:52:25
274,PO-000274,13,5,4,received,BRL,95212.65,95212.65,2023-02-26 02:40:53,2023-03-21,2023-02-26 02:40:53,2023-02-26 02:40:53
275,PO-000275,7,13,6,received,BRL,20441.52,20441.52,2021-10-28 14:58:41,2021-12-23,2021-10-28 14:58:41,2021-10-28 14:58:41
276,PO-000276,1,13,3,partially_received,BRL,12524.16,12524.16,2026-07-11 02:38:36,2026-08-04,2026-07-11 02:38:36,2026-07-11 02:38:36
277,PO-000277,10,13,6,draft,BRL,80537.51,80537.51,2023-09-26 19:48:07,2023-10-20,2023-09-26 19:48:07,2023-09-26 19:48:07
278,PO-000278,9,13,2,received,BRL,50434.95,50434.95,2023-06-26 17:45:11,2023-08-23,2023-06-26 17:45:11,2023-06-26 17:45:11
279,PO-000279,11,5,6,partially_received,BRL,40711.12,40711.12,2026-11-10 19:32:39,,2026-11-10 19:32:39,2026-11-10 19:32:39
280,PO-000280,24,5,1,received,BRL,99570.30,99570.30,2025-12-23 03:21:33,2026-01-23,2025-12-23 03:21:33,2025-12-23 03:21:33
281,PO-000281,24,5,5,received,BRL,15119.80,15119.80,2021-01-04 20:25:46,2021-01-29,2021-01-04 20:25:46,2021-01-04 20:25:46
282,PO-000282,20,13,6,received,BRL,145821.68,145821.68,2024-11-22 09:30:06,2025-01-15,2024-11-22 09:30:06,2024-11-22 09:30:06
283,PO-000283,16,13,4,received,BRL,88164.86,88164.86,2023-04-17 23:06:39,2023-05-13,2023-04-17 23:06:39,2023-04-17 23:06:39
284,PO-000284,2,5,6,received,BRL,34010.00,34010.00,2023-07-31 10:08:39,2023-09-15,2023-07-31 10:08:39,2023-07-31 10:08:39
285,PO-000285,1,13,6,received,BRL,47683.92,47683.92,2024-10-07 06:55:12,2024-11-08,2024-10-07 06:55:12,2024-10-07 06:55:12
286,PO-000286,13,13,4,sent,BRL,1408.84,1408.84,2026-07-25 04:57:36,2026-08-27,2026-07-25 04:57:36,2026-07-25 04:57:36
287,PO-000287,23,5,3,received,BRL,38223.67,38223.67,2023-03-10 04:14:24,2023-04-26,2023-03-10 04:14:24,2023-03-10 04:14:24
288,PO-000288,14,13,6,cancelled,BRL,134302.10,134302.10,2022-08-14 13:57:02,2022-10-05,2022-08-14 13:57:02,2022-08-14 13:57:02
289,PO-000289,5,5,6,sent,BRL,65499.77,65499.77,2026-12-31 10:39:20,,2026-12-31 10:39:20,2026-12-31 10:39:20
290,PO-000290,2,5,3,received,BRL,44795.92,44795.92,2025-12-26 07:21:29,2026-02-16,2025-12-26 07:21:29,2025-12-26 07:21:29
291,PO-000291,24,13,3,received,BRL,73476.94,73476.94,2026-12-21 07:47:17,2027-01-19,2026-12-21 07:47:17,2026-12-21 07:47:17
292,PO-000292,3,13,6,partially_received,BRL,60324.93,60324.93,2022-08-12 14:05:28,2022-08-23,2022-08-12 14:05:28,2022-08-12 14:05:28
293,PO-000293,5,13,4,received,BRL,115362.82,115362.82,2026-03-25 09:05:25,2026-05-17,2026-03-25 09:05:25,2026-03-25 09:05:25
294,PO-000294,19,5,5,received,BRL,115525.16,115525.16,2022-09-10 04:23:48,2022-11-05,2022-09-10 04:23:48,2022-09-10 04:23:48
295,PO-000295,19,13,6,received,BRL,119662.18,119662.18,2020-01-12 18:31:41,,2020-01-12 18:31:41,2020-01-12 18:31:41
296,PO-000296,11,13,1,received,BRL,35403.20,35403.20,2022-07-20 19:56:54,2022-09-18,2022-07-20 19:56:54,2022-07-20 19:56:54
297,PO-000297,22,5,3,partially_received,BRL,129228.94,129228.94,2022-08-22 12:39:14,2022-09-03,2022-08-22 12:39:14,2022-08-22 12:39:14
298,PO-000298,2,13,3,received,BRL,86370.58,86370.58,2023-10-21 21:42:33,2023-12-19,2023-10-21 21:42:33,2023-10-21 21:42:33
299,PO-000299,25,5,4,draft,BRL,69367.77,69367.77,2024-12-21 06:56:51,2025-01-16,2024-12-21 06:56:51,2024-12-21 06:56:51
300,PO-000300,14,13,6,partially_received,BRL,8006.96,8006.96,2024-07-31 15:25:40,2024-09-19,2024-07-31 15:25:40,2024-07-31 15:25:40
301,PO-000301,20,13,3,received,BRL,72707.44,72707.44,2021-06-01 21:01:02,2021-06-15,2021-06-01 21:01:02,2021-06-01 21:01:02
302,PO-000302,22,5,2,received,BRL,78686.08,78686.08,2023-09-13 11:03:52,2023-10-29,2023-09-13 11:03:52,2023-09-13 11:03:52
303,PO-000303,25,5,2,received,BRL,141718.77,141718.77,2022-02-07 05:49:22,2022-03-20,2022-02-07 05:49:22,2022-02-07 05:49:22
304,PO-000304,19,5,6,received,BRL,185278.67,185278.67,2023-10-26 15:09:33,2023-11-01,2023-10-26 15:09:33,2023-10-26 15:09:33
305,PO-000305,17,13,6,received,BRL,23539.06,23539.06,2023-10-26 19:29:15,2023-11-18,2023-10-26 19:29:15,2023-10-26 19:29:15
306,PO-000306,16,5,5,sent,BRL,24721.02,24721.02,2026-09-17 21:46:57,2026-10-08,2026-09-17 21:46:57,2026-09-17 21:46:57
307,PO-000307,16,5,6,received,BRL,139611.49,139611.49,2023-01-31 22:30:43,,2023-01-31 22:30:43,2023-01-31 22:30:43
308,PO-000308,7,5,5,received,BRL,23412.72,23412.72,2022-01-27 22:55:28,2022-02-20,2022-01-27 22:55:28,2022-01-27 22:55:28
309,PO-000309,21,13,4,draft,BRL,36608.00,36608.00,2025-09-26 15:06:44,2025-10-15,2025-09-26 15:06:44,2025-09-26 15:06:44
310,PO-000310,14,5,2,cancelled,BRL,118442.53,118442.53,2022-12-09 20:07:56,,2022-12-09 20:07:56,2022-12-09 20:07:56
311,PO-000311,3,5,2,sent,BRL,47318.61,47318.61,2023-06-15 13:46:24,2023-07-05,2023-06-15 13:46:24,2023-06-15 13:46:24
312,PO-000312,24,5,6,partially_received,BRL,106065.33,106065.33,2021-08-28 15:44:52,2021-10-09,2021-08-28 15:44:52,2021-08-28 15:44:52
313,PO-000313,15,13,2,received,BRL,112585.13,112585.13,2025-01-08 23:39:19,2025-01-18,2025-01-08 23:39:19,2025-01-08 23:39:19
314,PO-000314,4,5,3,received,BRL,145245.63,145245.63,2020-04-09 10:38:53,2020-04-19,2020-04-09 10:38:53,2020-04-09 10:38:53
315,PO-000315,21,13,3,partially_received,BRL,13546.40,13546.40,2021-09-15 18:12:32,2021-09-28,2021-09-15 18:12:32,2021-09-15 18:12:32
316,PO-000316,15,13,3,received,BRL,64930.46,64930.46,2022-01-06 19:05:09,2022-02-13,2022-01-06 19:05:09,2022-01-06 19:05:09
317,PO-000317,25,5,5,cancelled,BRL,79962.74,79962.74,2026-09-21 13:42:26,2026-10-28,2026-09-21 13:42:26,2026-09-21 13:42:26
318,PO-000318,14,5,6,partially_received,BRL,127200.32,127200.32,2024-08-12 13:05:10,2024-09-21,2024-08-12 13:05:10,2024-08-12 13:05:10
319,PO-000319,4,5,3,received,BRL,100175.43,100175.43,2025-07-13 03:37:58,2025-08-01,2025-07-13 03:37:58,2025-07-13 03:37:58
320,PO-000320,14,5,6,partially_received,BRL,127937.63,127937.63,2025-08-23 20:30:04,2025-08-29,2025-08-23 20:30:04,2025-08-23 20:30:04
321,PO-000321,12,5,1,partially_received,EUR,97582.58,97582.58,2025-09-30 03:50:00,2025-10-23,2025-09-30 03:50:00,2025-09-30 03:50:00
322,PO-000322,9,5,4,received,BRL,93849.09,93849.09,2024-09-06 05:59:15,2024-10-19,2024-09-06 05:59:15,2024-09-06 05:59:15
323,PO-000323,7,13,1,partially_received,BRL,95848.50,95848.50,2023-12-12 19:37:08,2023-12-29,2023-12-12 19:37:08,2023-12-12 19:37:08
324,PO-000324,8,13,2,sent,EUR,136535.65,136535.65,2025-11-24 13:58:04,2026-01-03,2025-11-24 13:58:04,2025-11-24 13:58:04
325,PO-000325,13,13,2,received,BRL,20963.41,20963.41,2022-11-23 15:51:08,2022-12-19,2022-11-23 15:51:08,2022-11-23 15:51:08
326,PO-000326,12,13,6,sent,BRL,143624.50,143624.50,2024-09-12 16:39:45,2024-09-26,2024-09-12 16:39:45,2024-09-12 16:39:45
327,PO-000327,10,5,4,received,BRL,54787.57,54787.57,2021-02-11 02:18:09,2021-04-03,2021-02-11 02:18:09,2021-02-11 02:18:09
328,PO-000328,19,13,6,cancelled,BRL,4988.72,4988.72,2021-12-21 23:02:22,2022-02-07,2021-12-21 23:02:22,2021-12-21 23:02:22
329,PO-000329,22,13,2,received,BRL,92417.70,92417.70,2026-08-15 04:09:39,2026-08-31,2026-08-15 04:09:39,2026-08-15 04:09:39
330,PO-000330,9,5,2,received,BRL,201096.42,201096.42,2024-02-08 19:55:58,2024-04-06,2024-02-08 19:55:58,2024-02-08 19:55:58
331,PO-000331,13,5,4,received,BRL,12379.12,12379.12,2022-06-29 21:35:54,2022-08-16,2022-06-29 21:35:54,2022-06-29 21:35:54
332,PO-000332,6,13,3,received,BRL,9910.08,9910.08,2025-12-16 09:50:43,2025-12-31,2025-12-16 09:50:43,2025-12-16 09:50:43
333,PO-000333,20,13,4,received,BRL,43377.50,43377.50,2025-11-26 04:21:41,2025-12-17,2025-11-26 04:21:41,2025-11-26 04:21:41
334,PO-000334,1,13,5,received,BRL,153257.92,153257.92,2026-07-22 17:42:16,2026-08-06,2026-07-22 17:42:16,2026-07-22 17:42:16
335,PO-000335,11,5,2,received,BRL,54721.76,54721.76,2025-12-04 17:00:55,,2025-12-04 17:00:55,2025-12-04 17:00:55
336,PO-000336,11,13,1,partially_received,BRL,127774.60,127774.60,2022-02-03 20:27:54,,2022-02-03 20:27:54,2022-02-03 20:27:54
337,PO-000337,3,13,2,sent,BRL,75407.75,75407.75,2025-03-26 14:53:15,2025-04-26,2025-03-26 14:53:15,2025-03-26 14:53:15
338,PO-000338,21,5,1,received,BRL,54465.70,54465.70,2021-02-13 21:32:35,2021-02-27,2021-02-13 21:32:35,2021-02-13 21:32:35
339,PO-000339,1,5,1,partially_received,BRL,21377.16,21377.16,2023-08-25 08:53:08,2023-09-08,2023-08-25 08:53:08,2023-08-25 08:53:08
340,PO-000340,20,13,6,received,BRL,256143.87,256143.87,2022-07-03 07:29:56,2022-08-27,2022-07-03 07:29:56,2022-07-03 07:29:56
341,PO-000341,16,5,1,sent,BRL,23894.37,23894.37,2023-11-30 05:38:29,2023-12-22,2023-11-30 05:38:29,2023-11-30 05:38:29
342,PO-000342,22,13,6,received,BRL,137365.29,137365.29,2025-08-16 12:51:37,2025-10-11,2025-08-16 12:51:37,2025-08-16 12:51:37
343,PO-000343,14,13,1,partially_received,BRL,35735.35,35735.35,2023-03-05 14:22:17,2023-04-29,2023-03-05 14:22:17,2023-03-05 14:22:17
344,PO-000344,22,13,4,received,BRL,84158.34,84158.34,2025-11-13 07:56:10,2025-11-24,2025-11-13 07:56:10,2025-11-13 07:56:10
345,PO-000345,3,13,6,received,BRL,29393.13,29393.13,2025-01-15 10:46:22,2025-02-20,2025-01-15 10:46:22,2025-01-15 10:46:22
346,PO-000346,11,5,2,partially_received,BRL,50450.58,50450.58,2024-04-04 14:38:57,2024-05-06,2024-04-04 14:38:57,2024-04-04 14:38:57
347,PO-000347,2,13,6,received,BRL,117813.31,117813.31,2020-01-28 09:45:38,2020-02-14,2020-01-28 09:45:38,2020-01-28 09:45:38
348,PO-000348,3,13,3,received,BRL,169347.47,169347.47,2024-06-03 16:36:04,2024-07-10,2024-06-03 16:36:04,2024-06-03 16:36:04
349,PO-000349,3,5,1,received,BRL,66177.00,66177.00,2025-08-31 00:11:32,2025-09-07,2025-08-31 00:11:32,2025-08-31 00:11:32
350,PO-000350,23,5,3,partially_received,BRL,76986.51,76986.51,2026-06-10 12:53:38,,2026-06-10 12:53:38,2026-06-10 12:53:38
351,PO-000351,16,13,5,received,BRL,77183.80,77183.80,2024-02-12 14:51:47,2024-02-28,2024-02-12 14:51:47,2024-02-12 14:51:47
352,PO-000352,17,5,1,received,BRL,67293.57,67293.57,2026-04-17 23:04:40,2026-05-25,2026-04-17 23:04:40,2026-04-17 23:04:40
353,PO-000353,17,13,6,received,BRL,10746.40,10746.40,2021-12-09 07:54:03,,2021-12-09 07:54:03,2021-12-09 07:54:03
354,PO-000354,24,13,1,sent,BRL,27683.66,27683.66,2024-07-01 13:59:38,2024-07-16,2024-07-01 13:59:38,2024-07-01 13:59:38
355,PO-000355,18,5,5,received,BRL,10394.22,10394.22,2024-10-25 14:16:51,2024-11-15,2024-10-25 14:16:51,2024-10-25 14:16:51
356,PO-000356,25,5,2,partially_received,BRL,22016.64,22016.64,2025-12-23 17:58:23,2025-12-26,2025-12-23 17:58:23,2025-12-23 17:58:23
357,PO-000357,18,13,1,received,BRL,22915.14,22915.14,2024-06-09 05:13:50,2024-06-17,2024-06-09 05:13:50,2024-06-09 05:13:50
358,PO-000358,5,5,1,sent,BRL,68169.60,68169.60,2024-10-12 16:25:50,2024-11-04,2024-10-12 16:25:50,2024-10-12 16:25:50
359,PO-000359,18,5,6,partially_received,BRL,111613.21,111613.21,2025-06-05 18:13:45,2025-07-21,2025-06-05 18:13:45,2025-06-05 18:13:45
360,PO-000360,11,5,4,partially_received,BRL,202967.07,202967.07,2026-04-28 23:05:38,2026-06-17,2026-04-28 23:05:38,2026-04-28 23:05:38
361,PO-000361,9,13,1,received,BRL,42878.37,42878.37,2024-06-10 10:33:38,2024-07-10,2024-06-10 10:33:38,2024-06-10 10:33:38
362,PO-000362,3,5,2,received,BRL,15156.50,15156.50,2020-12-20 01:54:02,2021-02-01,2020-12-20 01:54:02,2020-12-20 01:54:02
363,PO-000363,15,13,4,received,BRL,118491.32,118491.32,2022-03-24 10:40:32,2022-04-09,2022-03-24 10:40:32,2022-03-24 10:40:32
364,PO-000364,11,13,4,sent,BRL,123481.18,123481.18,2022-11-28 02:54:21,2023-01-03,2022-11-28 02:54:21,2022-11-28 02:54:21
365,PO-000365,22,13,2,partially_received,BRL,31903.20,31903.20,2021-08-27 16:25:30,2021-09-15,2021-08-27 16:25:30,2021-08-27 16:25:30
366,PO-000366,23,5,1,received,BRL,60744.84,60744.84,2025-04-17 22:07:48,2025-05-27,2025-04-17 22:07:48,2025-04-17 22:07:48
367,PO-000367,18,13,4,cancelled,BRL,123693.13,123693.13,2022-11-03 05:21:05,2022-12-26,2022-11-03 05:21:05,2022-11-03 05:21:05
368,PO-000368,25,13,3,partially_received,BRL,40197.51,40197.51,2022-12-12 15:44:55,2023-01-30,2022-12-12 15:44:55,2022-12-12 15:44:55
369,PO-000369,11,5,1,partially_received,BRL,47307.20,47307.20,2021-09-01 17:26:27,2021-09-16,2021-09-01 17:26:27,2021-09-01 17:26:27
370,PO-000370,23,13,5,draft,BRL,149493.50,149493.50,2026-12-06 21:23:08,2026-12-12,2026-12-06 21:23:08,2026-12-06 21:23:08
371,PO-000371,22,13,2,sent,BRL,60884.64,60884.64,2023-12-30 01:37:03,2024-01-25,2023-12-30 01:37:03,2023-12-30 01:37:03
372,PO-000372,3,13,5,received,BRL,1628.84,1628.84,2023-11-03 07:55:35,2023-12-04,2023-11-03 07:55:35,2023-11-03 07:55:35
373,PO-000373,8,5,4,partially_received,BRL,83192.10,83192.10,2025-12-02 20:36:12,2025-12-16,2025-12-02 20:36:12,2025-12-02 20:36:12
374,PO-000374,21,13,2,received,BRL,75544.48,75544.48,2025-08-30 14:50:40,2025-10-05,2025-08-30 14:50:40,2025-08-30 14:50:40
375,PO-000375,10,13,4,partially_received,BRL,89737.85,89737.85,2020-12-10 09:28:15,2021-01-25,2020-12-10 09:28:15,2020-12-10 09:28:15
376,PO-000376,4,5,5,partially_received,BRL,172718.23,172718.23,2021-07-03 19:55:26,,2021-07-03 19:55:26,2021-07-03 19:55:26
377,PO-000377,22,5,5,received,BRL,91347.08,91347.08,2025-05-17 00:05:50,2025-06-14,2025-05-17 00:05:50,2025-05-17 00:05:50
378,PO-000378,1,5,4,received,BRL,50753.31,50753.31,2022-11-27 23:33:09,2023-01-18,2022-11-27 23:33:09,2022-11-27 23:33:09
379,PO-000379,20,13,3,received,BRL,50520.66,50520.66,2022-09-05 15:04:09,2022-10-20,2022-09-05 15:04:09,2022-09-05 15:04:09
380,PO-000380,18,5,3,received,BRL,159268.28,159268.28,2023-09-03 15:43:16,2023-10-20,2023-09-03 15:43:16,2023-09-03 15:43:16
381,PO-000381,11,5,4,received,BRL,47406.56,47406.56,2020-12-12 10:50:53,2021-02-10,2020-12-12 10:50:53,2020-12-12 10:50:53
382,PO-000382,13,13,5,sent,BRL,28714.10,28714.10,2021-08-11 20:12:08,2021-09-26,2021-08-11 20:12:08,2021-08-11 20:12:08
383,PO-000383,5,5,6,received,BRL,93875.22,93875.22,2024-11-27 12:50:51,,2024-11-27 12:50:51,2024-11-27 12:50:51
384,PO-000384,8,13,2,received,EUR,56045.24,56045.24,2025-11-06 09:34:12,2025-11-17,2025-11-06 09:34:12,2025-11-06 09:34:12
385,PO-000385,4,5,2,partially_received,BRL,18730.67,18730.67,2025-10-10 03:48:51,2025-11-21,2025-10-10 03:48:51,2025-10-10 03:48:51
386,PO-000386,2,5,3,received,BRL,109305.01,109305.01,2022-12-25 00:40:49,,2022-12-25 00:40:49,2022-12-25 00:40:49
387,PO-000387,16,5,2,received,BRL,14604.28,14604.28,2025-07-19 13:32:21,2025-08-12,2025-07-19 13:32:21,2025-07-19 13:32:21
388,PO-000388,16,13,4,draft,BRL,20711.39,20711.39,2020-03-12 05:33:53,,2020-03-12 05:33:53,2020-03-12 05:33:53
389,PO-000389,5,13,5,sent,BRL,24105.30,24105.30,2023-10-12 22:31:53,2023-11-15,2023-10-12 22:31:53,2023-10-12 22:31:53
390,PO-000390,16,13,4,cancelled,BRL,31251.96,31251.96,2024-10-18 19:43:20,2024-12-08,2024-10-18 19:43:20,2024-10-18 19:43:20
391,PO-000391,1,13,5,sent,BRL,99838.02,99838.02,2025-08-23 07:06:39,2025-10-22,2025-08-23 07:06:39,2025-08-23 07:06:39
392,PO-000392,7,13,5,received,BRL,56611.28,56611.28,2020-09-01 10:38:14,2020-10-01,2020-09-01 10:38:14,2020-09-01 10:38:14
393,PO-000393,6,13,1,draft,BRL,95873.77,95873.77,2021-04-20 05:07:35,2021-05-01,2021-04-20 05:07:35,2021-04-20 05:07:35
394,PO-000394,18,13,4,received,BRL,8935.23,8935.23,2020-07-06 01:45:31,2020-08-26,2020-07-06 01:45:31,2020-07-06 01:45:31
395,PO-000395,8,5,6,sent,BRL,19274.56,19274.56,2025-04-24 22:00:37,2025-05-22,2025-04-24 22:00:37,2025-04-24 22:00:37
396,PO-000396,22,13,6,received,BRL,100014.40,100014.40,2021-09-14 18:01:21,2021-10-31,2021-09-14 18:01:21,2021-09-14 18:01:21
397,PO-000397,25,5,4,received,BRL,53069.64,53069.64,2025-10-16 19:52:58,2025-11-03,2025-10-16 19:52:58,2025-10-16 19:52:58
398,PO-000398,6,5,2,received,BRL,104212.01,104212.01,2020-04-22 17:59:34,2020-05-23,2020-04-22 17:59:34,2020-04-22 17:59:34
399,PO-000399,15,13,5,received,BRL,181239.06,181239.06,2026-10-27 04:02:30,2026-12-26,2026-10-27 04:02:30,2026-10-27 04:02:30
400,PO-000400,4,13,6,partially_received,BRL,30054.25,30054.25,2024-02-20 08:56:48,,2024-02-20 08:56:48,2024-02-20 08:56:48
401,PO-000401,23,5,1,received,BRL,170180.92,170180.92,2026-08-06 19:26:22,2026-08-14,2026-08-06 19:26:22,2026-08-06 19:26:22
402,PO-000402,8,13,5,received,USD,77219.71,77219.71,2023-12-26 23:52:02,2024-01-04,2023-12-26 23:52:02,2023-12-26 23:52:02
403,PO-000403,23,13,1,sent,BRL,127220.28,127220.28,2024-11-03 13:31:18,2024-12-30,2024-11-03 13:31:18,2024-11-03 13:31:18
404,PO-000404,13,5,1,received,BRL,53408.90,53408.90,2023-02-08 02:57:36,2023-03-18,2023-02-08 02:57:36,2023-02-08 02:57:36
405,PO-000405,24,5,4,received,BRL,237412.57,237412.57,2024-08-21 07:26:31,2024-09-28,2024-08-21 07:26:31,2024-08-21 07:26:31
406,PO-000406,1,5,5,received,BRL,1736.86,1736.86,2024-08-26 09:03:42,2024-09-19,2024-08-26 09:03:42,2024-08-26 09:03:42
407,PO-000407,19,5,1,received,BRL,5862.75,5862.75,2026-11-07 10:34:50,2027-01-04,2026-11-07 10:34:50,2026-11-07 10:34:50
408,PO-000408,20,13,3,partially_received,BRL,12138.75,12138.75,2024-11-01 17:52:41,2024-12-26,2024-11-01 17:52:41,2024-11-01 17:52:41
409,PO-000409,13,5,2,received,BRL,204323.60,204323.60,2025-10-06 09:44:34,2025-11-05,2025-10-06 09:44:34,2025-10-06 09:44:34
410,PO-000410,25,13,6,sent,BRL,139590.23,139590.23,2022-11-06 13:26:21,2022-11-25,2022-11-06 13:26:21,2022-11-06 13:26:21
411,PO-000411,3,13,4,sent,BRL,37486.93,37486.93,2023-07-23 05:50:05,2023-09-10,2023-07-23 05:50:05,2023-07-23 05:50:05
412,PO-000412,17,5,4,received,BRL,33501.95,33501.95,2024-07-26 21:16:35,2024-09-02,2024-07-26 21:16:35,2024-07-26 21:16:35
413,PO-000413,4,13,1,received,BRL,172792.02,172792.02,2021-10-21 09:22:40,2021-12-20,2021-10-21 09:22:40,2021-10-21 09:22:40
414,PO-000414,11,5,3,received,BRL,63495.45,63495.45,2024-12-25 11:13:10,,2024-12-25 11:13:10,2024-12-25 11:13:10
415,PO-000415,17,5,3,received,BRL,116209.50,116209.50,2020-11-01 16:29:22,,2020-11-01 16:29:22,2020-11-01 16:29:22
416,PO-000416,4,13,5,received,BRL,8826.51,8826.51,2023-12-19 21:56:31,,2023-12-19 21:56:31,2023-12-19 21:56:31
417,PO-000417,4,5,2,received,BRL,124596.27,124596.27,2024-12-18 17:42:56,2025-01-26,2024-12-18 17:42:56,2024-12-18 17:42:56
418,PO-000418,8,5,1,draft,USD,82006.48,82006.48,2024-10-20 18:41:54,2024-12-10,2024-10-20 18:41:54,2024-10-20 18:41:54
419,PO-000419,18,13,6,received,BRL,55102.81,55102.81,2022-06-28 10:36:56,2022-07-11,2022-06-28 10:36:56,2022-06-28 10:36:56
420,PO-000420,19,5,2,partially_received,BRL,30390.13,30390.13,2020-08-16 07:36:18,2020-10-04,2020-08-16 07:36:18,2020-08-16 07:36:18
421,PO-000421,3,5,2,cancelled,BRL,19374.96,19374.96,2025-09-19 15:23:45,2025-10-03,2025-09-19 15:23:45,2025-09-19 15:23:45
422,PO-000422,15,5,1,received,BRL,176444.57,176444.57,2024-09-10 06:09:16,2024-09-16,2024-09-10 06:09:16,2024-09-10 06:09:16
423,PO-000423,8,13,4,received,USD,172781.33,172781.33,2020-07-22 02:48:02,2020-09-11,2020-07-22 02:48:02,2020-07-22 02:48:02
424,PO-000424,21,13,5,received,BRL,14633.52,14633.52,2025-03-22 12:24:46,2025-04-25,2025-03-22 12:24:46,2025-03-22 12:24:46
425,PO-000425,18,13,3,draft,BRL,665.84,665.84,2023-10-20 03:37:44,2023-11-08,2023-10-20 03:37:44,2023-10-20 03:37:44
426,PO-000426,3,13,3,sent,BRL,65336.56,65336.56,2026-12-06 05:44:39,2026-12-22,2026-12-06 05:44:39,2026-12-06 05:44:39
427,PO-000427,21,13,5,received,BRL,83007.21,83007.21,2026-08-19 16:54:59,2026-09-09,2026-08-19 16:54:59,2026-08-19 16:54:59
428,PO-000428,20,5,2,draft,BRL,918.87,918.87,2023-11-03 22:34:17,2023-11-16,2023-11-03 22:34:17,2023-11-03 22:34:17
429,PO-000429,17,13,4,sent,BRL,18212.97,18212.97,2025-08-17 02:20:40,2025-08-22,2025-08-17 02:20:40,2025-08-17 02:20:40
430,PO-000430,8,5,4,partially_received,USD,209029.32,209029.32,2020-09-28 03:23:17,,2020-09-28 03:23:17,2020-09-28 03:23:17
431,PO-000431,25,5,6,received,BRL,8163.17,8163.17,2026-01-01 15:19:57,2026-01-16,2026-01-01 15:19:57,2026-01-01 15:19:57
432,PO-000432,22,5,6,draft,BRL,41177.22,41177.22,2026-06-14 08:48:35,2026-07-14,2026-06-14 08:48:35,2026-06-14 08:48:35
433,PO-000433,20,13,2,received,BRL,128964.56,128964.56,2020-09-26 01:41:08,2020-11-01,2020-09-26 01:41:08,2020-09-26 01:41:08
434,PO-000434,14,13,4,received,BRL,155617.24,155617.24,2020-06-05 03:28:52,2020-06-13,2020-06-05 03:28:52,2020-06-05 03:28:52
435,PO-000435,21,13,3,received,BRL,267066.28,267066.28,2025-05-15 16:14:45,2025-07-09,2025-05-15 16:14:45,2025-05-15 16:14:45
436,PO-000436,4,5,6,received,BRL,105302.88,105302.88,2022-03-23 17:54:33,2022-05-13,2022-03-23 17:54:33,2022-03-23 17:54:33
437,PO-000437,20,5,3,received,BRL,55908.33,55908.33,2024-10-19 18:33:42,2024-11-19,2024-10-19 18:33:42,2024-10-19 18:33:42
438,PO-000438,5,5,2,partially_received,BRL,56385.78,56385.78,2022-04-10 04:10:36,2022-04-15,2022-04-10 04:10:36,2022-04-10 04:10:36
439,PO-000439,25,5,6,received,BRL,167879.24,167879.24,2021-11-30 08:53:06,2021-12-27,2021-11-30 08:53:06,2021-11-30 08:53:06
440,PO-000440,8,5,5,received,USD,49014.41,49014.41,2023-12-15 13:05:26,2024-02-12,2023-12-15 13:05:26,2023-12-15 13:05:26
441,PO-000441,11,5,3,received,BRL,27475.20,27475.20,2024-07-29 13:09:04,2024-08-17,2024-07-29 13:09:04,2024-07-29 13:09:04
442,PO-000442,13,5,5,received,BRL,231965.09,231965.09,2022-11-18 07:52:07,2022-12-08,2022-11-18 07:52:07,2022-11-18 07:52:07
443,PO-000443,15,5,4,partially_received,BRL,142573.44,142573.44,2024-11-15 22:32:38,2025-01-06,2024-11-15 22:32:38,2024-11-15 22:32:38
444,PO-000444,6,5,4,partially_received,BRL,25181.28,25181.28,2023-10-05 01:26:43,2023-10-13,2023-10-05 01:26:43,2023-10-05 01:26:43
445,PO-000445,16,13,6,received,BRL,148752.43,148752.43,2026-07-19 14:23:00,2026-09-14,2026-07-19 14:23:00,2026-07-19 14:23:00
446,PO-000446,15,5,3,received,BRL,222585.30,222585.30,2025-01-01 06:19:56,,2025-01-01 06:19:56,2025-01-01 06:19:56
447,PO-000447,24,13,1,received,BRL,17515.58,17515.58,2024-11-17 06:04:46,2024-12-30,2024-11-17 06:04:46,2024-11-17 06:04:46
448,PO-000448,11,13,6,received,BRL,57719.76,57719.76,2023-07-08 14:17:44,,2023-07-08 14:17:44,2023-07-08 14:17:44
449,PO-000449,10,5,1,sent,BRL,92365.44,92365.44,2023-10-06 00:40:27,,2023-10-06 00:40:27,2023-10-06 00:40:27
450,PO-000450,25,5,2,received,BRL,73415.80,73415.80,2026-01-17 08:20:23,2026-03-06,2026-01-17 08:20:23,2026-01-17 08:20:23
451,PO-000451,9,5,3,received,BRL,913.00,913.00,2025-10-02 18:55:33,2025-10-26,2025-10-02 18:55:33,2025-10-02 18:55:33
452,PO-000452,6,13,4,received,BRL,155961.15,155961.15,2022-08-22 04:22:54,,2022-08-22 04:22:54,2022-08-22 04:22:54
453,PO-000453,1,13,5,received,BRL,2865.66,2865.66,2020-05-09 14:10:09,2020-05-31,2020-05-09 14:10:09,2020-05-09 14:10:09
454,PO-000454,18,5,6,cancelled,BRL,54769.24,54769.24,2024-09-24 15:11:56,2024-10-19,2024-09-24 15:11:56,2024-09-24 15:11:56
455,PO-000455,4,13,1,received,BRL,61974.02,61974.02,2026-11-19 18:13:56,2026-12-03,2026-11-19 18:13:56,2026-11-19 18:13:56
456,PO-000456,19,13,4,partially_received,BRL,26834.50,26834.50,2023-12-28 01:02:05,2024-02-22,2023-12-28 01:02:05,2023-12-28 01:02:05
457,PO-000457,23,13,4,draft,BRL,83739.14,83739.14,2025-08-13 02:54:57,,2025-08-13 02:54:57,2025-08-13 02:54:57
458,PO-000458,6,13,6,received,BRL,212971.15,212971.15,2025-05-14 08:26:12,2025-06-16,2025-05-14 08:26:12,2025-05-14 08:26:12
459,PO-000459,5,5,6,received,BRL,16037.98,16037.98,2020-07-23 15:37:55,2020-08-04,2020-07-23 15:37:55,2020-07-23 15:37:55
460,PO-000460,6,13,3,cancelled,BRL,123914.72,123914.72,2021-10-02 22:04:10,2021-10-13,2021-10-02 22:04:10,2021-10-02 22:04:10
461,PO-000461,5,5,5,partially_received,BRL,82710.57,82710.57,2021-09-27 11:17:23,2021-11-19,2021-09-27 11:17:23,2021-09-27 11:17:23
462,PO-000462,16,13,2,received,BRL,171673.62,171673.62,2020-06-04 19:30:05,2020-07-21,2020-06-04 19:30:05,2020-06-04 19:30:05
463,PO-000463,5,5,3,received,BRL,73113.18,73113.18,2026-10-04 06:36:21,,2026-10-04 06:36:21,2026-10-04 06:36:21
464,PO-000464,7,13,1,received,BRL,26170.65,26170.65,2024-01-12 04:15:26,2024-03-04,2024-01-12 04:15:26,2024-01-12 04:15:26
465,PO-000465,12,13,4,received,USD,93007.64,93007.64,2025-04-03 03:21:23,2025-05-05,2025-04-03 03:21:23,2025-04-03 03:21:23
466,PO-000466,10,5,6,partially_received,BRL,93572.49,93572.49,2022-12-06 01:55:38,2022-12-25,2022-12-06 01:55:38,2022-12-06 01:55:38
467,PO-000467,24,5,2,partially_received,BRL,49207.06,49207.06,2024-06-17 13:53:28,2024-07-09,2024-06-17 13:53:28,2024-06-17 13:53:28
468,PO-000468,17,5,1,received,BRL,41837.16,41837.16,2025-09-10 08:05:14,2025-10-31,2025-09-10 08:05:14,2025-09-10 08:05:14
469,PO-000469,17,5,1,partially_received,BRL,84118.07,84118.07,2022-07-12 23:58:58,2022-09-10,2022-07-12 23:58:58,2022-07-12 23:58:58
470,PO-000470,3,13,6,draft,BRL,199982.47,199982.47,2021-09-11 04:28:26,2021-10-25,2021-09-11 04:28:26,2021-09-11 04:28:26
471,PO-000471,17,13,3,partially_received,BRL,12004.71,12004.71,2026-08-03 03:06:41,,2026-08-03 03:06:41,2026-08-03 03:06:41
472,PO-000472,22,5,5,received,BRL,77787.69,77787.69,2021-06-26 12:59:00,2021-07-29,2021-06-26 12:59:00,2021-06-26 12:59:00
473,PO-000473,19,13,5,received,BRL,28406.44,28406.44,2023-11-12 05:25:51,2023-12-11,2023-11-12 05:25:51,2023-11-12 05:25:51
474,PO-000474,25,13,6,partially_received,BRL,178576.86,178576.86,2022-11-28 04:17:03,2023-01-20,2022-11-28 04:17:03,2022-11-28 04:17:03
475,PO-000475,4,5,5,received,BRL,108914.27,108914.27,2025-11-24 11:56:52,,2025-11-24 11:56:52,2025-11-24 11:56:52
476,PO-000476,19,5,2,received,BRL,84769.96,84769.96,2025-06-09 11:12:48,2025-08-05,2025-06-09 11:12:48,2025-06-09 11:12:48
477,PO-000477,15,5,6,cancelled,BRL,230108.89,230108.89,2022-04-26 06:11:17,2022-05-10,2022-04-26 06:11:17,2022-04-26 06:11:17
478,PO-000478,12,5,2,sent,BRL,33121.80,33121.80,2025-07-02 08:31:27,,2025-07-02 08:31:27,2025-07-02 08:31:27
479,PO-000479,10,5,3,sent,BRL,167505.87,167505.87,2026-12-28 23:14:56,2027-01-29,2026-12-28 23:14:56,2026-12-28 23:14:56
480,PO-000480,3,5,3,received,BRL,21111.67,21111.67,2023-11-21 11:05:05,2023-12-13,2023-11-21 11:05:05,2023-11-21 11:05:05
481,PO-000481,8,5,6,partially_received,USD,51979.57,51979.57,2022-10-30 04:24:55,2022-12-14,2022-10-30 04:24:55,2022-10-30 04:24:55
482,PO-000482,18,13,5,partially_received,BRL,108289.47,108289.47,2025-08-25 22:56:01,2025-09-28,2025-08-25 22:56:01,2025-08-25 22:56:01
483,PO-000483,16,5,5,received,BRL,85571.45,85571.45,2023-11-12 13:39:30,2023-11-15,2023-11-12 13:39:30,2023-11-12 13:39:30
484,PO-000484,25,5,1,received,BRL,45950.81,45950.81,2026-10-01 05:53:35,,2026-10-01 05:53:35,2026-10-01 05:53:35
485,PO-000485,3,5,5,sent,BRL,6224.49,6224.49,2024-10-28 18:12:34,2024-12-05,2024-10-28 18:12:34,2024-10-28 18:12:34
486,PO-000486,25,5,1,partially_received,BRL,87010.09,87010.09,2026-10-08 20:17:30,2026-12-06,2026-10-08 20:17:30,2026-10-08 20:17:30
487,PO-000487,12,5,3,received,USD,75089.46,75089.46,2022-12-19 21:07:07,2023-02-15,2022-12-19 21:07:07,2022-12-19 21:07:07
488,PO-000488,7,13,2,partially_received,BRL,59839.42,59839.42,2024-05-27 17:29:54,2024-07-09,2024-05-27 17:29:54,2024-05-27 17:29:54
489,PO-000489,23,5,4,sent,BRL,122626.84,122626.84,2020-09-09 12:33:14,2020-10-06,2020-09-09 12:33:14,2020-09-09 12:33:14
490,PO-000490,14,13,1,received,BRL,149085.17,149085.17,2020-10-15 04:36:02,2020-12-05,2020-10-15 04:36:02,2020-10-15 04:36:02
491,PO-000491,14,5,2,received,BRL,27571.46,27571.46,2022-01-05 05:10:40,2022-02-14,2022-01-05 05:10:40,2022-01-05 05:10:40
492,PO-000492,4,5,2,received,BRL,121335.03,121335.03,2024-11-05 02:57:14,2024-12-28,2024-11-05 02:57:14,2024-11-05 02:57:14
493,PO-000493,5,13,4,received,BRL,80792.91,80792.91,2026-09-27 03:41:54,,2026-09-27 03:41:54,2026-09-27 03:41:54
494,PO-000494,15,13,1,received,BRL,118028.00,118028.00,2020-08-12 10:20:25,2020-08-24,2020-08-12 10:20:25,2020-08-12 10:20:25
495,PO-000495,12,13,6,partially_received,EUR,121420.18,121420.18,2025-05-05 15:10:00,2025-07-02,2025-05-05 15:10:00,2025-05-05 15:10:00
496,PO-000496,1,13,2,partially_received,BRL,132436.67,132436.67,2025-04-01 18:37:34,2025-05-18,2025-04-01 18:37:34,2025-04-01 18:37:34
497,PO-000497,17,13,2,received,BRL,150312.52,150312.52,2021-09-28 19:14:33,2021-10-06,2021-09-28 19:14:33,2021-09-28 19:14:33
498,PO-000498,13,13,6,received,BRL,88394.46,88394.46,2026-10-10 05:09:56,2026-11-23,2026-10-10 05:09:56,2026-10-10 05:09:56
499,PO-000499,16,13,3,received,BRL,116363.19,116363.19,2023-03-18 21:04:51,2023-04-28,2023-03-18 21:04:51,2023-03-18 21:04:51
500,PO-000500,20,5,2,draft,BRL,214714.54,214714.54,2025-08-26 12:33:46,,2025-08-26 12:33:46,2025-08-26 12:33:46
501,PO-000501,19,5,6,received,BRL,11413.79,11413.79,2024-12-28 19:46:01,2025-01-19,2024-12-28 19:46:01,2024-12-28 19:46:01
502,PO-000502,17,13,2,received,BRL,102334.58,102334.58,2026-04-23 00:03:41,2026-06-21,2026-04-23 00:03:41,2026-04-23 00:03:41
503,PO-000503,24,5,1,received,BRL,16018.58,16018.58,2022-05-06 06:09:17,2022-06-02,2022-05-06 06:09:17,2022-05-06 06:09:17
504,PO-000504,1,13,6,draft,BRL,62612.16,62612.16,2024-03-06 11:33:59,,2024-03-06 11:33:59,2024-03-06 11:33:59
505,PO-000505,6,13,4,received,BRL,33144.54,33144.54,2026-07-14 08:55:43,2026-08-28,2026-07-14 08:55:43,2026-07-14 08:55:43
506,PO-000506,8,13,1,received,USD,120733.59,120733.59,2022-09-06 13:51:32,2022-10-26,2022-09-06 13:51:32,2022-09-06 13:51:32
507,PO-000507,21,5,1,cancelled,BRL,16378.11,16378.11,2024-10-15 17:01:42,,2024-10-15 17:01:42,2024-10-15 17:01:42
508,PO-000508,12,13,4,sent,USD,17792.46,17792.46,2023-09-12 19:05:22,2023-09-15,2023-09-12 19:05:22,2023-09-12 19:05:22
509,PO-000509,22,5,6,received,BRL,68914.85,68914.85,2022-02-01 09:34:59,2022-03-23,2022-02-01 09:34:59,2022-02-01 09:34:59
510,PO-000510,1,5,2,received,BRL,152980.92,152980.92,2026-08-29 04:38:01,,2026-08-29 04:38:01,2026-08-29 04:38:01
511,PO-000511,24,5,3,partially_received,BRL,42980.72,42980.72,2024-05-27 13:20:31,2024-06-26,2024-05-27 13:20:31,2024-05-27 13:20:31
512,PO-000512,3,13,1,partially_received,BRL,76576.02,76576.02,2026-09-22 18:00:00,,2026-09-22 18:00:00,2026-09-22 18:00:00
513,PO-000513,21,5,1,received,BRL,110762.60,110762.60,2023-01-31 06:13:30,2023-02-19,2023-01-31 06:13:30,2023-01-31 06:13:30
514,PO-000514,16,13,5,partially_received,BRL,211504.83,211504.83,2020-08-18 11:40:38,2020-09-17,2020-08-18 11:40:38,2020-08-18 11:40:38
515,PO-000515,11,13,3,received,BRL,91668.80,91668.80,2021-08-21 18:05:47,2021-08-31,2021-08-21 18:05:47,2021-08-21 18:05:47
516,PO-000516,8,5,3,cancelled,EUR,185460.57,185460.57,2024-05-01 23:55:10,2024-06-22,2024-05-01 23:55:10,2024-05-01 23:55:10
517,PO-000517,19,13,5,received,BRL,83939.21,83939.21,2023-10-03 16:44:49,2023-10-13,2023-10-03 16:44:49,2023-10-03 16:44:49
518,PO-000518,15,5,3,received,BRL,114180.94,114180.94,2025-04-17 17:26:49,2025-06-04,2025-04-17 17:26:49,2025-04-17 17:26:49
519,PO-000519,13,5,1,draft,BRL,50952.46,50952.46,2026-08-06 07:07:54,2026-08-21,2026-08-06 07:07:54,2026-08-06 07:07:54
520,PO-000520,15,5,1,partially_received,BRL,67140.22,67140.22,2024-09-08 18:27:21,2024-11-01,2024-09-08 18:27:21,2024-09-08 18:27:21
521,PO-000521,16,13,3,sent,BRL,48296.80,48296.80,2024-06-23 03:47:02,2024-07-03,2024-06-23 03:47:02,2024-06-23 03:47:02
522,PO-000522,14,5,3,received,BRL,1792.24,1792.24,2021-06-11 06:55:22,2021-06-26,2021-06-11 06:55:22,2021-06-11 06:55:22
523,PO-000523,2,5,2,received,BRL,101428.92,101428.92,2026-01-08 01:17:12,2026-01-18,2026-01-08 01:17:12,2026-01-08 01:17:12
524,PO-000524,22,13,4,sent,BRL,63810.74,63810.74,2026-04-18 19:14:32,2026-05-03,2026-04-18 19:14:32,2026-04-18 19:14:32
525,PO-000525,10,13,2,draft,BRL,78544.30,78544.30,2024-12-22 01:40:20,2025-01-23,2024-12-22 01:40:20,2024-12-22 01:40:20
526,PO-000526,11,13,1,received,BRL,8104.56,8104.56,2024-03-04 21:01:10,2024-03-13,2024-03-04 21:01:10,2024-03-04 21:01:10
527,PO-000527,12,13,6,received,USD,135825.45,135825.45,2021-10-02 07:02:17,2021-10-31,2021-10-02 07:02:17,2021-10-02 07:02:17
528,PO-000528,8,5,4,received,USD,280.19,280.19,2022-09-21 04:26:06,2022-11-11,2022-09-21 04:26:06,2022-09-21 04:26:06
529,PO-000529,12,13,6,partially_received,BRL,53052.00,53052.00,2022-01-01 18:51:47,2022-02-03,2022-01-01 18:51:47,2022-01-01 18:51:47
530,PO-000530,8,5,5,received,EUR,94611.74,94611.74,2023-11-11 03:09:49,2023-11-20,2023-11-11 03:09:49,2023-11-11 03:09:49
531,PO-000531,13,5,2,sent,BRL,30241.41,30241.41,2024-05-10 08:00:35,2024-06-25,2024-05-10 08:00:35,2024-05-10 08:00:35
532,PO-000532,13,13,2,received,BRL,135469.06,135469.06,2026-01-26 16:50:27,2026-03-24,2026-01-26 16:50:27,2026-01-26 16:50:27
533,PO-000533,25,5,4,received,BRL,96500.62,96500.62,2026-07-29 16:26:39,2026-09-27,2026-07-29 16:26:39,2026-07-29 16:26:39
534,PO-000534,1,13,6,draft,BRL,5021.15,5021.15,2020-08-01 08:30:01,,2020-08-01 08:30:01,2020-08-01 08:30:01
535,PO-000535,13,5,2,partially_received,BRL,71665.83,71665.83,2024-11-01 08:35:39,2024-11-22,2024-11-01 08:35:39,2024-11-01 08:35:39
536,PO-000536,23,5,3,received,BRL,135796.92,135796.92,2024-03-13 12:49:48,2024-04-22,2024-03-13 12:49:48,2024-03-13 12:49:48
537,PO-000537,4,5,2,draft,BRL,36129.90,36129.90,2020-09-23 06:25:41,2020-11-10,2020-09-23 06:25:41,2020-09-23 06:25:41
538,PO-000538,10,13,6,received,BRL,60380.04,60380.04,2024-07-03 01:29:14,2024-08-25,2024-07-03 01:29:14,2024-07-03 01:29:14
539,PO-000539,25,5,3,sent,BRL,18971.88,18971.88,2026-06-10 19:50:07,2026-06-15,2026-06-10 19:50:07,2026-06-10 19:50:07
540,PO-000540,4,13,4,received,BRL,146737.16,146737.16,2020-11-29 20:00:42,2020-12-04,2020-11-29 20:00:42,2020-11-29 20:00:42
541,PO-000541,10,13,4,draft,BRL,187243.59,187243.59,2023-12-05 04:21:53,2023-12-29,2023-12-05 04:21:53,2023-12-05 04:21:53
542,PO-000542,9,5,1,sent,BRL,71201.52,71201.52,2026-10-18 21:01:45,2026-12-01,2026-10-18 21:01:45,2026-10-18 21:01:45
543,PO-000543,4,5,4,partially_received,BRL,107630.36,107630.36,2024-08-21 10:31:01,2024-09-13,2024-08-21 10:31:01,2024-08-21 10:31:01
544,PO-000544,24,13,2,cancelled,BRL,101001.99,101001.99,2023-10-16 23:30:35,2023-11-04,2023-10-16 23:30:35,2023-10-16 23:30:35
545,PO-000545,10,5,4,received,BRL,56975.80,56975.80,2026-02-19 11:14:58,,2026-02-19 11:14:58,2026-02-19 11:14:58
546,PO-000546,21,5,2,cancelled,BRL,68155.64,68155.64,2025-10-12 08:06:31,2025-11-08,2025-10-12 08:06:31,2025-10-12 08:06:31
547,PO-000547,8,5,4,received,EUR,59723.40,59723.40,2025-08-04 16:23:05,2025-09-01,2025-08-04 16:23:05,2025-08-04 16:23:05
548,PO-000548,5,13,6,sent,BRL,163008.78,163008.78,2021-12-25 04:20:18,2022-01-16,2021-12-25 04:20:18,2021-12-25 04:20:18
549,PO-000549,6,13,2,received,BRL,71353.35,71353.35,2026-10-12 01:11:57,2026-11-08,2026-10-12 01:11:57,2026-10-12 01:11:57
550,PO-000550,1,13,2,received,BRL,106943.06,106943.06,2026-09-04 21:51:18,2026-10-25,2026-09-04 21:51:18,2026-09-04 21:51:18
551,PO-000551,5,5,5,received,BRL,76835.38,76835.38,2021-12-19 03:34:43,2021-12-25,2021-12-19 03:34:43,2021-12-19 03:34:43
552,PO-000552,6,13,2,received,BRL,10338.60,10338.60,2026-08-08 13:09:28,2026-08-15,2026-08-08 13:09:28,2026-08-08 13:09:28
553,PO-000553,17,5,2,received,BRL,84965.43,84965.43,2022-11-06 11:35:24,2022-12-08,2022-11-06 11:35:24,2022-11-06 11:35:24
554,PO-000554,4,5,3,received,BRL,74764.09,74764.09,2024-07-09 06:32:17,2024-08-25,2024-07-09 06:32:17,2024-07-09 06:32:17
555,PO-000555,7,5,4,received,BRL,176143.45,176143.45,2024-10-10 22:02:00,2024-11-26,2024-10-10 22:02:00,2024-10-10 22:02:00
556,PO-000556,17,5,1,received,BRL,32280.30,32280.30,2022-01-01 12:05:30,2022-01-11,2022-01-01 12:05:30,2022-01-01 12:05:30
557,PO-000557,2,13,2,received,BRL,7589.68,7589.68,2025-09-26 17:59:42,2025-10-29,2025-09-26 17:59:42,2025-09-26 17:59:42
558,PO-000558,18,13,6,received,BRL,14850.14,14850.14,2025-09-10 13:31:47,2025-10-16,2025-09-10 13:31:47,2025-09-10 13:31:47
559,PO-000559,16,5,6,partially_received,BRL,113595.58,113595.58,2025-02-07 08:03:15,,2025-02-07 08:03:15,2025-02-07 08:03:15
560,PO-000560,14,5,3,received,BRL,228304.31,228304.31,2021-06-29 03:28:17,2021-07-31,2021-06-29 03:28:17,2021-06-29 03:28:17
561,PO-000561,20,5,4,partially_received,BRL,64016.17,64016.17,2025-08-18 00:45:45,2025-09-14,2025-08-18 00:45:45,2025-08-18 00:45:45
562,PO-000562,17,5,2,received,BRL,96163.08,96163.08,2023-12-14 10:42:53,,2023-12-14 10:42:53,2023-12-14 10:42:53
563,PO-000563,17,5,5,sent,BRL,31162.51,31162.51,2025-10-07 00:03:18,2025-10-25,2025-10-07 00:03:18,2025-10-07 00:03:18
564,PO-000564,10,5,1,received,BRL,1658.62,1658.62,2026-11-02 05:34:25,2026-12-19,2026-11-02 05:34:25,2026-11-02 05:34:25
565,PO-000565,5,13,3,partially_received,BRL,146133.40,146133.40,2024-01-18 00:08:24,2024-02-04,2024-01-18 00:08:24,2024-01-18 00:08:24
566,PO-000566,6,5,4,received,BRL,8036.84,8036.84,2026-11-24 21:46:33,2026-12-16,2026-11-24 21:46:33,2026-11-24 21:46:33
567,PO-000567,8,5,1,received,BRL,46070.01,46070.01,2026-10-01 08:14:36,2026-10-25,2026-10-01 08:14:36,2026-10-01 08:14:36
568,PO-000568,21,5,2,sent,BRL,41546.26,41546.26,2024-10-21 02:57:38,2024-11-24,2024-10-21 02:57:38,2024-10-21 02:57:38
569,PO-000569,24,13,4,received,BRL,26612.25,26612.25,2024-12-29 13:16:14,2025-01-07,2024-12-29 13:16:14,2024-12-29 13:16:14
570,PO-000570,21,13,2,received,BRL,101407.19,101407.19,2021-09-28 00:23:06,2021-10-23,2021-09-28 00:23:06,2021-09-28 00:23:06
571,PO-000571,19,13,6,received,BRL,158239.71,158239.71,2025-08-09 09:40:54,2025-09-25,2025-08-09 09:40:54,2025-08-09 09:40:54
572,PO-000572,16,13,4,received,BRL,85818.08,85818.08,2020-01-21 11:45:41,2020-03-15,2020-01-21 11:45:41,2020-01-21 11:45:41
573,PO-000573,4,5,2,partially_received,BRL,46169.24,46169.24,2025-09-14 16:20:03,,2025-09-14 16:20:03,2025-09-14 16:20:03
574,PO-000574,14,5,3,received,BRL,85318.02,85318.02,2025-01-27 21:48:24,,2025-01-27 21:48:24,2025-01-27 21:48:24
575,PO-000575,3,5,3,received,BRL,102969.24,102969.24,2025-10-05 04:35:41,2025-11-02,2025-10-05 04:35:41,2025-10-05 04:35:41
576,PO-000576,14,5,3,sent,BRL,32349.66,32349.66,2020-09-27 07:09:28,2020-10-02,2020-09-27 07:09:28,2020-09-27 07:09:28
577,PO-000577,20,13,4,sent,BRL,62098.08,62098.08,2023-03-27 21:10:56,2023-05-19,2023-03-27 21:10:56,2023-03-27 21:10:56
578,PO-000578,25,13,3,received,BRL,272096.24,272096.24,2021-08-17 08:50:49,2021-08-30,2021-08-17 08:50:49,2021-08-17 08:50:49
579,PO-000579,25,13,5,received,BRL,88765.52,88765.52,2025-05-22 01:17:53,2025-06-10,2025-05-22 01:17:53,2025-05-22 01:17:53
580,PO-000580,23,13,4,received,BRL,42649.20,42649.20,2026-01-31 09:44:10,2026-03-20,2026-01-31 09:44:10,2026-01-31 09:44:10
581,PO-000581,19,5,6,received,BRL,141176.46,141176.46,2023-06-08 02:23:38,2023-06-13,2023-06-08 02:23:38,2023-06-08 02:23:38
582,PO-000582,23,5,2,received,BRL,65474.13,65474.13,2023-10-16 16:00:56,2023-11-21,2023-10-16 16:00:56,2023-10-16 16:00:56
583,PO-000583,16,13,4,received,BRL,106722.91,106722.91,2025-09-22 09:21:19,2025-11-17,2025-09-22 09:21:19,2025-09-22 09:21:19
584,PO-000584,11,5,6,received,BRL,92923.44,92923.44,2023-09-13 06:19:53,2023-10-06,2023-09-13 06:19:53,2023-09-13 06:19:53
585,PO-000585,8,5,6,received,EUR,114307.52,114307.52,2020-10-27 14:18:45,2020-12-18,2020-10-27 14:18:45,2020-10-27 14:18:45
586,PO-000586,19,5,5,cancelled,BRL,91060.34,91060.34,2026-09-11 06:27:07,2026-10-20,2026-09-11 06:27:07,2026-09-11 06:27:07
587,PO-000587,22,5,1,draft,BRL,147583.49,147583.49,2026-09-30 15:45:57,2026-11-14,2026-09-30 15:45:57,2026-09-30 15:45:57
588,PO-000588,7,13,1,partially_received,BRL,18922.80,18922.80,2023-09-24 18:19:46,2023-10-30,2023-09-24 18:19:46,2023-09-24 18:19:46
589,PO-000589,15,5,5,sent,BRL,14073.38,14073.38,2020-11-16 06:40:46,2020-12-20,2020-11-16 06:40:46,2020-11-16 06:40:46
590,PO-000590,13,13,6,partially_received,BRL,186970.52,186970.52,2021-09-17 18:31:56,,2021-09-17 18:31:56,2021-09-17 18:31:56
591,PO-000591,22,13,3,received,BRL,81020.10,81020.10,2023-01-18 20:08:46,2023-03-12,2023-01-18 20:08:46,2023-01-18 20:08:46
592,PO-000592,19,13,4,partially_received,BRL,7247.04,7247.04,2022-06-14 17:16:36,,2022-06-14 17:16:36,2022-06-14 17:16:36
593,PO-000593,14,13,2,cancelled,BRL,14903.89,14903.89,2026-06-08 01:37:33,2026-06-23,2026-06-08 01:37:33,2026-06-08 01:37:33
594,PO-000594,14,5,5,received,BRL,72064.52,72064.52,2024-01-06 12:59:24,2024-01-24,2024-01-06 12:59:24,2024-01-06 12:59:24
595,PO-000595,2,13,1,partially_received,BRL,90484.95,90484.95,2020-08-04 23:15:24,2020-08-30,2020-08-04 23:15:24,2020-08-04 23:15:24
596,PO-000596,15,13,5,partially_received,BRL,102429.90,102429.90,2023-07-07 19:01:05,2023-07-24,2023-07-07 19:01:05,2023-07-07 19:01:05
597,PO-000597,20,5,6,received,BRL,59864.49,59864.49,2023-08-14 01:00:14,2023-09-11,2023-08-14 01:00:14,2023-08-14 01:00:14
598,PO-000598,5,5,3,received,BRL,217826.12,217826.12,2020-10-17 23:13:14,2020-12-05,2020-10-17 23:13:14,2020-10-17 23:13:14
599,PO-000599,4,5,2,received,BRL,119351.24,119351.24,2025-11-25 04:13:14,2025-12-19,2025-11-25 04:13:14,2025-11-25 04:13:14
600,PO-000600,14,5,5,received,BRL,181950.95,181950.95,2022-04-07 07:40:15,2022-06-06,2022-04-07 07:40:15,2022-04-07 07:40:15
601,PO-000601,3,5,2,cancelled,BRL,43241.55,43241.55,2025-10-12 16:10:49,2025-11-03,2025-10-12 16:10:49,2025-10-12 16:10:49
602,PO-000602,25,13,5,received,BRL,125314.43,125314.43,2026-09-21 00:51:07,2026-10-04,2026-09-21 00:51:07,2026-09-21 00:51:07
603,PO-000603,20,13,1,sent,BRL,125122.58,125122.58,2022-06-06 09:56:17,,2022-06-06 09:56:17,2022-06-06 09:56:17
604,PO-000604,12,13,4,partially_received,EUR,51852.80,51852.80,2023-07-12 20:12:03,,2023-07-12 20:12:03,2023-07-12 20:12:03
605,PO-000605,17,13,6,received,BRL,117953.51,117953.51,2023-02-25 06:19:20,2023-04-09,2023-02-25 06:19:20,2023-02-25 06:19:20
606,PO-000606,8,13,2,draft,USD,167750.02,167750.02,2022-10-30 13:06:08,2022-12-12,2022-10-30 13:06:08,2022-10-30 13:06:08
607,PO-000607,25,13,3,received,BRL,187125.00,187125.00,2025-09-25 06:12:13,2025-11-20,2025-09-25 06:12:13,2025-09-25 06:12:13
608,PO-000608,5,13,6,sent,BRL,93678.74,93678.74,2025-01-31 02:35:37,2025-03-28,2025-01-31 02:35:37,2025-01-31 02:35:37
609,PO-000609,24,5,2,partially_received,BRL,176031.57,176031.57,2026-01-20 16:34:52,2026-03-17,2026-01-20 16:34:52,2026-01-20 16:34:52
610,PO-000610,11,5,6,cancelled,BRL,99463.19,99463.19,2023-09-06 23:37:56,2023-09-22,2023-09-06 23:37:56,2023-09-06 23:37:56
611,PO-000611,21,5,5,sent,BRL,120604.89,120604.89,2025-11-03 18:49:56,,2025-11-03 18:49:56,2025-11-03 18:49:56
612,PO-000612,3,5,5,sent,BRL,139523.96,139523.96,2025-12-14 01:12:20,2026-02-10,2025-12-14 01:12:20,2025-12-14 01:12:20
613,PO-000613,24,5,6,received,BRL,145357.34,145357.34,2024-03-14 04:27:42,2024-03-27,2024-03-14 04:27:42,2024-03-14 04:27:42
614,PO-000614,3,13,5,received,BRL,18647.01,18647.01,2025-09-16 15:17:45,,2025-09-16 15:17:45,2025-09-16 15:17:45
615,PO-000615,23,5,3,sent,BRL,2429.70,2429.70,2020-09-23 06:58:44,,2020-09-23 06:58:44,2020-09-23 06:58:44
616,PO-000616,19,5,6,received,BRL,103856.16,103856.16,2026-01-07 13:44:54,2026-01-23,2026-01-07 13:44:54,2026-01-07 13:44:54
617,PO-000617,12,5,3,received,BRL,140827.69,140827.69,2025-05-26 08:00:01,2025-06-19,2025-05-26 08:00:01,2025-05-26 08:00:01
618,PO-000618,15,5,4,received,BRL,82869.82,82869.82,2026-11-17 09:02:21,2026-12-13,2026-11-17 09:02:21,2026-11-17 09:02:21
619,PO-000619,18,13,1,partially_received,BRL,45780.94,45780.94,2022-12-29 09:38:54,2023-02-10,2022-12-29 09:38:54,2022-12-29 09:38:54
620,PO-000620,21,5,2,sent,BRL,114655.28,114655.28,2024-12-01 21:27:00,2024-12-14,2024-12-01 21:27:00,2024-12-01 21:27:00
621,PO-000621,22,13,6,received,BRL,170959.88,170959.88,2020-10-27 04:02:17,2020-12-06,2020-10-27 04:02:17,2020-10-27 04:02:17
622,PO-000622,10,13,1,received,BRL,121969.19,121969.19,2026-11-16 07:59:12,2026-12-02,2026-11-16 07:59:12,2026-11-16 07:59:12
623,PO-000623,13,13,3,received,BRL,6158.70,6158.70,2025-06-16 18:11:21,,2025-06-16 18:11:21,2025-06-16 18:11:21
624,PO-000624,10,13,6,partially_received,BRL,36755.73,36755.73,2024-10-22 20:21:12,2024-12-18,2024-10-22 20:21:12,2024-10-22 20:21:12
625,PO-000625,1,13,5,received,BRL,29749.75,29749.75,2025-08-27 18:54:35,,2025-08-27 18:54:35,2025-08-27 18:54:35
626,PO-000626,9,13,2,sent,BRL,107635.55,107635.55,2026-11-03 11:52:17,2027-01-02,2026-11-03 11:52:17,2026-11-03 11:52:17
627,PO-000627,15,5,4,partially_received,BRL,46857.52,46857.52,2022-06-09 21:00:45,2022-07-21,2022-06-09 21:00:45,2022-06-09 21:00:45
628,PO-000628,15,13,1,partially_received,BRL,30449.82,30449.82,2020-08-04 02:51:05,2020-08-23,2020-08-04 02:51:05,2020-08-04 02:51:05
629,PO-000629,5,13,3,received,BRL,172241.90,172241.90,2025-06-23 04:48:39,2025-07-10,2025-06-23 04:48:39,2025-06-23 04:48:39
630,PO-000630,10,5,5,cancelled,BRL,37350.00,37350.00,2020-09-25 12:10:29,2020-10-09,2020-09-25 12:10:29,2020-09-25 12:10:29
631,PO-000631,6,13,5,received,BRL,79149.20,79149.20,2022-10-08 15:56:04,2022-11-16,2022-10-08 15:56:04,2022-10-08 15:56:04
632,PO-000632,23,13,5,received,BRL,12148.57,12148.57,2025-11-01 20:39:09,2025-12-07,2025-11-01 20:39:09,2025-11-01 20:39:09
633,PO-000633,22,5,6,received,BRL,138255.81,138255.81,2025-05-30 00:43:15,2025-07-22,2025-05-30 00:43:15,2025-05-30 00:43:15
634,PO-000634,12,13,6,cancelled,EUR,2964.08,2964.08,2023-04-13 22:22:53,2023-04-23,2023-04-13 22:22:53,2023-04-13 22:22:53
635,PO-000635,25,5,6,received,BRL,7305.39,7305.39,2022-07-10 08:49:01,2022-07-16,2022-07-10 08:49:01,2022-07-10 08:49:01
636,PO-000636,3,5,4,received,BRL,94459.75,94459.75,2021-09-26 12:45:16,2021-11-15,2021-09-26 12:45:16,2021-09-26 12:45:16
637,PO-000637,23,5,3,partially_received,BRL,46887.21,46887.21,2020-12-28 03:19:35,2021-01-14,2020-12-28 03:19:35,2020-12-28 03:19:35
638,PO-000638,15,5,2,received,BRL,123938.78,123938.78,2024-02-15 01:05:48,2024-03-06,2024-02-15 01:05:48,2024-02-15 01:05:48
639,PO-000639,6,13,3,draft,BRL,36304.96,36304.96,2020-05-25 01:33:16,2020-06-12,2020-05-25 01:33:16,2020-05-25 01:33:16
640,PO-000640,2,13,6,draft,BRL,121745.64,121745.64,2021-03-27 11:15:18,2021-05-18,2021-03-27 11:15:18,2021-03-27 11:15:18
641,PO-000641,19,5,4,received,BRL,105397.70,105397.70,2025-08-09 07:14:06,2025-09-27,2025-08-09 07:14:06,2025-08-09 07:14:06
642,PO-000642,17,5,4,received,BRL,105422.22,105422.22,2026-10-29 19:51:21,2026-12-19,2026-10-29 19:51:21,2026-10-29 19:51:21
643,PO-000643,2,5,6,partially_received,BRL,96702.28,96702.28,2025-10-05 06:50:09,2025-11-08,2025-10-05 06:50:09,2025-10-05 06:50:09
644,PO-000644,15,5,4,sent,BRL,37207.80,37207.80,2024-08-19 23:51:42,2024-10-13,2024-08-19 23:51:42,2024-08-19 23:51:42
645,PO-000645,15,13,4,received,BRL,58139.77,58139.77,2024-11-14 01:41:53,2025-01-07,2024-11-14 01:41:53,2024-11-14 01:41:53
646,PO-000646,11,5,6,received,BRL,37679.22,37679.22,2022-12-10 16:55:10,2023-02-08,2022-12-10 16:55:10,2022-12-10 16:55:10
647,PO-000647,23,5,6,received,BRL,38471.69,38471.69,2021-08-13 16:47:17,2021-08-24,2021-08-13 16:47:17,2021-08-13 16:47:17
648,PO-000648,5,5,3,received,BRL,91750.27,91750.27,2023-11-30 10:27:31,,2023-11-30 10:27:31,2023-11-30 10:27:31
649,PO-000649,25,13,6,received,BRL,67364.66,67364.66,2023-07-05 03:56:06,2023-08-19,2023-07-05 03:56:06,2023-07-05 03:56:06
650,PO-000650,11,13,5,received,BRL,88476.61,88476.61,2024-07-30 21:27:51,2024-08-26,2024-07-30 21:27:51,2024-07-30 21:27:51
651,PO-000651,22,5,5,sent,BRL,27428.52,27428.52,2020-12-12 05:13:44,2021-02-02,2020-12-12 05:13:44,2020-12-12 05:13:44
652,PO-000652,14,13,3,received,BRL,86467.57,86467.57,2026-11-24 04:00:38,2027-01-16,2026-11-24 04:00:38,2026-11-24 04:00:38
653,PO-000653,12,5,5,received,EUR,114417.84,114417.84,2025-01-21 07:26:50,2025-03-05,2025-01-21 07:26:50,2025-01-21 07:26:50
654,PO-000654,24,5,3,sent,BRL,73514.68,73514.68,2025-07-21 18:51:16,2025-08-29,2025-07-21 18:51:16,2025-07-21 18:51:16
655,PO-000655,18,13,5,received,BRL,97938.33,97938.33,2025-03-17 22:38:52,2025-03-27,2025-03-17 22:38:52,2025-03-17 22:38:52
656,PO-000656,20,13,3,received,BRL,52200.71,52200.71,2022-12-20 14:14:55,2023-01-27,2022-12-20 14:14:55,2022-12-20 14:14:55
657,PO-000657,19,5,1,partially_received,BRL,39373.94,39373.94,2025-03-29 08:07:25,2025-05-06,2025-03-29 08:07:25,2025-03-29 08:07:25
658,PO-000658,25,5,3,draft,BRL,150425.21,150425.21,2023-06-22 22:36:13,,2023-06-22 22:36:13,2023-06-22 22:36:13
659,PO-000659,18,13,4,received,BRL,100619.81,100619.81,2026-09-03 23:33:38,2026-10-30,2026-09-03 23:33:38,2026-09-03 23:33:38
660,PO-000660,8,5,5,received,EUR,89954.29,89954.29,2025-03-27 18:40:47,2025-05-10,2025-03-27 18:40:47,2025-03-27 18:40:47
661,PO-000661,16,13,6,partially_received,BRL,272103.04,272103.04,2022-06-01 18:17:36,2022-07-09,2022-06-01 18:17:36,2022-06-01 18:17:36
662,PO-000662,19,13,1,received,BRL,45623.04,45623.04,2022-10-21 21:56:27,2022-12-01,2022-10-21 21:56:27,2022-10-21 21:56:27
663,PO-000663,10,5,2,received,BRL,95643.79,95643.79,2026-12-09 23:39:54,2027-01-02,2026-12-09 23:39:54,2026-12-09 23:39:54
664,PO-000664,4,5,5,draft,BRL,119988.23,119988.23,2025-03-25 23:24:42,2025-03-31,2025-03-25 23:24:42,2025-03-25 23:24:42
665,PO-000665,18,13,1,received,BRL,38729.69,38729.69,2025-06-16 06:39:37,2025-07-13,2025-06-16 06:39:37,2025-06-16 06:39:37
666,PO-000666,13,5,1,received,BRL,138167.99,138167.99,2025-08-10 10:39:32,2025-09-09,2025-08-10 10:39:32,2025-08-10 10:39:32
667,PO-000667,19,13,2,received,BRL,178559.92,178559.92,2026-06-20 04:46:52,2026-08-09,2026-06-20 04:46:52,2026-06-20 04:46:52
668,PO-000668,24,5,2,received,BRL,64079.42,64079.42,2022-04-08 15:08:29,2022-04-18,2022-04-08 15:08:29,2022-04-08 15:08:29
669,PO-000669,13,5,6,received,BRL,131685.63,131685.63,2024-07-30 19:04:05,2024-08-30,2024-07-30 19:04:05,2024-07-30 19:04:05
670,PO-000670,5,5,5,received,BRL,38223.13,38223.13,2023-08-12 12:15:02,2023-08-15,2023-08-12 12:15:02,2023-08-12 12:15:02
671,PO-000671,5,5,6,received,BRL,47754.29,47754.29,2021-09-27 14:28:46,2021-10-26,2021-09-27 14:28:46,2021-09-27 14:28:46
672,PO-000672,19,5,6,received,BRL,106026.07,106026.07,2024-11-01 03:04:02,2024-11-07,2024-11-01 03:04:02,2024-11-01 03:04:02
673,PO-000673,22,13,4,received,BRL,51890.10,51890.10,2026-12-23 16:49:35,2027-01-31,2026-12-23 16:49:35,2026-12-23 16:49:35
674,PO-000674,14,13,6,received,BRL,95864.14,95864.14,2021-03-13 18:50:39,2021-05-07,2021-03-13 18:50:39,2021-03-13 18:50:39
675,PO-000675,5,13,3,received,BRL,14322.46,14322.46,2021-05-17 01:18:53,,2021-05-17 01:18:53,2021-05-17 01:18:53
676,PO-000676,25,5,3,sent,BRL,10594.02,10594.02,2025-08-28 04:31:38,2025-10-25,2025-08-28 04:31:38,2025-08-28 04:31:38
677,PO-000677,22,5,4,draft,BRL,17068.20,17068.20,2024-03-21 22:25:30,,2024-03-21 22:25:30,2024-03-21 22:25:30
678,PO-000678,18,13,3,received,BRL,15160.14,15160.14,2025-01-03 03:56:11,2025-02-20,2025-01-03 03:56:11,2025-01-03 03:56:11
679,PO-000679,10,13,1,cancelled,BRL,64686.32,64686.32,2024-09-27 05:35:35,2024-10-04,2024-09-27 05:35:35,2024-09-27 05:35:35
680,PO-000680,16,5,3,partially_received,BRL,92182.83,92182.83,2022-11-05 01:37:16,2022-11-12,2022-11-05 01:37:16,2022-11-05 01:37:16
681,PO-000681,11,5,4,received,BRL,80913.75,80913.75,2026-09-05 10:31:10,2026-10-02,2026-09-05 10:31:10,2026-09-05 10:31:10
682,PO-000682,12,13,6,received,EUR,90971.57,90971.57,2023-12-24 16:01:26,2024-02-13,2023-12-24 16:01:26,2023-12-24 16:01:26
683,PO-000683,12,5,5,partially_received,USD,74748.82,74748.82,2020-08-02 15:55:31,2020-09-04,2020-08-02 15:55:31,2020-08-02 15:55:31
684,PO-000684,16,5,3,received,BRL,46383.74,46383.74,2026-01-15 08:16:27,2026-02-06,2026-01-15 08:16:27,2026-01-15 08:16:27
685,PO-000685,23,13,5,received,BRL,175481.70,175481.70,2026-03-04 16:52:25,,2026-03-04 16:52:25,2026-03-04 16:52:25
686,PO-000686,8,5,3,cancelled,EUR,46205.44,46205.44,2021-06-25 03:23:34,2021-08-01,2021-06-25 03:23:34,2021-06-25 03:23:34
687,PO-000687,14,5,1,received,BRL,46656.97,46656.97,2021-11-16 08:50:05,,2021-11-16 08:50:05,2021-11-16 08:50:05
688,PO-000688,22,13,2,received,BRL,40405.90,40405.90,2021-01-18 05:19:43,2021-01-23,2021-01-18 05:19:43,2021-01-18 05:19:43
689,PO-000689,25,13,6,received,BRL,5994.00,5994.00,2025-06-17 07:16:06,2025-07-05,2025-06-17 07:16:06,2025-06-17 07:16:06
690,PO-000690,1,13,2,received,BRL,6998.04,6998.04,2024-02-29 08:35:53,2024-04-15,2024-02-29 08:35:53,2024-02-29 08:35:53
691,PO-000691,12,5,3,received,USD,77887.68,77887.68,2022-03-28 00:57:38,2022-05-13,2022-03-28 00:57:38,2022-03-28 00:57:38
692,PO-000692,20,5,3,partially_received,BRL,3079.53,3079.53,2026-12-11 21:38:56,,2026-12-11 21:38:56,2026-12-11 21:38:56
693,PO-000693,3,5,5,sent,BRL,39050.26,39050.26,2024-01-08 01:53:12,2024-01-25,2024-01-08 01:53:12,2024-01-08 01:53:12
694,PO-000694,18,5,5,received,BRL,31413.00,31413.00,2024-02-06 04:45:26,2024-02-22,2024-02-06 04:45:26,2024-02-06 04:45:26
695,PO-000695,15,13,5,received,BRL,3582.38,3582.38,2025-03-18 18:39:43,2025-04-20,2025-03-18 18:39:43,2025-03-18 18:39:43
696,PO-000696,7,5,3,received,BRL,131821.53,131821.53,2025-07-01 15:17:08,2025-07-28,2025-07-01 15:17:08,2025-07-01 15:17:08
697,PO-000697,10,13,2,received,BRL,2784.03,2784.03,2025-12-07 22:47:45,2026-01-15,2025-12-07 22:47:45,2025-12-07 22:47:45
698,PO-000698,24,13,5,received,BRL,33514.45,33514.45,2021-04-27 22:40:23,2021-05-26,2021-04-27 22:40:23,2021-04-27 22:40:23
699,PO-000699,17,13,1,received,BRL,44894.21,44894.21,2026-08-06 20:20:44,2026-08-29,2026-08-06 20:20:44,2026-08-06 20:20:44
700,PO-000700,14,13,5,received,BRL,20190.01,20190.01,2020-09-09 02:28:47,,2020-09-09 02:28:47,2020-09-09 02:28:47
701,PO-000701,12,5,3,draft,BRL,28002.11,28002.11,2025-11-08 05:52:33,2026-01-03,2025-11-08 05:52:33,2025-11-08 05:52:33
702,PO-000702,3,5,3,received,BRL,78419.58,78419.58,2023-09-23 18:52:13,2023-10-30,2023-09-23 18:52:13,2023-09-23 18:52:13
703,PO-000703,16,13,6,cancelled,BRL,133644.71,133644.71,2021-07-24 23:05:32,2021-08-09,2021-07-24 23:05:32,2021-07-24 23:05:32
704,PO-000704,10,13,4,received,BRL,207273.89,207273.89,2024-08-01 05:53:14,2024-08-04,2024-08-01 05:53:14,2024-08-01 05:53:14
705,PO-000705,4,5,2,received,BRL,129164.00,129164.00,2025-11-07 21:17:34,2025-11-29,2025-11-07 21:17:34,2025-11-07 21:17:34
706,PO-000706,3,13,3,received,BRL,87086.15,87086.15,2023-01-12 07:54:29,2023-02-08,2023-01-12 07:54:29,2023-01-12 07:54:29
707,PO-000707,15,13,4,draft,BRL,56795.46,56795.46,2023-05-06 11:15:25,2023-05-23,2023-05-06 11:15:25,2023-05-06 11:15:25
708,PO-000708,3,13,1,partially_received,BRL,87293.64,87293.64,2020-07-23 00:31:13,2020-07-31,2020-07-23 00:31:13,2020-07-23 00:31:13
709,PO-000709,11,5,4,partially_received,BRL,99822.44,99822.44,2021-09-18 11:35:48,2021-11-04,2021-09-18 11:35:48,2021-09-18 11:35:48
710,PO-000710,11,5,1,received,BRL,43953.85,43953.85,2025-08-22 22:46:16,2025-08-28,2025-08-22 22:46:16,2025-08-22 22:46:16
711,PO-000711,9,13,6,sent,BRL,112642.49,112642.49,2025-12-06 12:39:00,2026-01-06,2025-12-06 12:39:00,2025-12-06 12:39:00
712,PO-000712,13,13,1,partially_received,BRL,143575.47,143575.47,2026-08-09 21:37:08,2026-08-13,2026-08-09 21:37:08,2026-08-09 21:37:08
713,PO-000713,4,13,5,received,BRL,80108.27,80108.27,2022-02-05 13:59:11,,2022-02-05 13:59:11,2022-02-05 13:59:11
714,PO-000714,6,5,3,sent,BRL,467.67,467.67,2026-10-09 07:08:55,2026-10-28,2026-10-09 07:08:55,2026-10-09 07:08:55
715,PO-000715,11,13,2,received,BRL,66693.72,66693.72,2022-08-04 11:55:09,2022-08-12,2022-08-04 11:55:09,2022-08-04 11:55:09
716,PO-000716,23,5,4,received,BRL,12966.12,12966.12,2025-02-26 02:24:33,2025-04-12,2025-02-26 02:24:33,2025-02-26 02:24:33
717,PO-000717,22,5,5,received,BRL,40552.89,40552.89,2024-09-07 19:53:30,2024-09-10,2024-09-07 19:53:30,2024-09-07 19:53:30
718,PO-000718,8,5,2,partially_received,USD,115386.04,115386.04,2023-11-10 00:28:22,2023-12-04,2023-11-10 00:28:22,2023-11-10 00:28:22
719,PO-000719,13,13,5,received,BRL,26205.30,26205.30,2023-02-25 09:52:20,,2023-02-25 09:52:20,2023-02-25 09:52:20
720,PO-000720,17,5,3,partially_received,BRL,68739.01,68739.01,2023-10-05 21:21:47,2023-11-20,2023-10-05 21:21:47,2023-10-05 21:21:47
721,PO-000721,7,13,3,partially_received,BRL,44811.08,44811.08,2022-05-16 19:24:40,2022-06-19,2022-05-16 19:24:40,2022-05-16 19:24:40
722,PO-000722,17,5,1,draft,BRL,30150.96,30150.96,2021-01-01 19:33:38,,2021-01-01 19:33:38,2021-01-01 19:33:38
723,PO-000723,18,5,6,received,BRL,28278.81,28278.81,2025-07-07 21:57:58,2025-08-14,2025-07-07 21:57:58,2025-07-07 21:57:58
724,PO-000724,23,13,6,partially_received,BRL,36035.34,36035.34,2020-08-21 11:33:12,2020-08-24,2020-08-21 11:33:12,2020-08-21 11:33:12
725,PO-000725,25,13,1,partially_received,BRL,94287.48,94287.48,2025-11-05 21:59:36,2025-11-22,2025-11-05 21:59:36,2025-11-05 21:59:36
726,PO-000726,9,5,1,received,BRL,4811.76,4811.76,2023-11-28 20:43:57,2024-01-22,2023-11-28 20:43:57,2023-11-28 20:43:57
727,PO-000727,16,5,2,received,BRL,56533.96,56533.96,2022-08-07 17:33:09,2022-08-20,2022-08-07 17:33:09,2022-08-07 17:33:09
728,PO-000728,17,5,2,sent,BRL,54667.35,54667.35,2026-09-18 03:08:48,2026-10-21,2026-09-18 03:08:48,2026-09-18 03:08:48
729,PO-000729,3,5,5,received,BRL,135707.87,135707.87,2024-09-14 04:49:46,2024-10-27,2024-09-14 04:49:46,2024-09-14 04:49:46
730,PO-000730,12,13,1,partially_received,EUR,149205.58,149205.58,2022-10-09 19:36:59,2022-11-12,2022-10-09 19:36:59,2022-10-09 19:36:59
731,PO-000731,8,13,6,received,EUR,35479.44,35479.44,2023-01-27 19:44:38,2023-03-03,2023-01-27 19:44:38,2023-01-27 19:44:38
732,PO-000732,20,13,5,partially_received,BRL,64399.49,64399.49,2024-12-04 19:33:29,2025-01-22,2024-12-04 19:33:29,2024-12-04 19:33:29
733,PO-000733,5,5,5,received,BRL,111414.42,111414.42,2024-01-03 19:03:54,,2024-01-03 19:03:54,2024-01-03 19:03:54
734,PO-000734,20,13,3,received,BRL,98890.69,98890.69,2026-10-24 06:58:12,2026-11-09,2026-10-24 06:58:12,2026-10-24 06:58:12
735,PO-000735,16,13,1,received,BRL,73152.75,73152.75,2025-09-07 14:14:44,2025-09-22,2025-09-07 14:14:44,2025-09-07 14:14:44
736,PO-000736,5,5,1,sent,BRL,86921.82,86921.82,2025-12-25 07:59:20,2026-01-14,2025-12-25 07:59:20,2025-12-25 07:59:20
737,PO-000737,18,13,6,received,BRL,91259.76,91259.76,2022-12-14 15:01:39,,2022-12-14 15:01:39,2022-12-14 15:01:39
738,PO-000738,20,13,4,received,BRL,41135.69,41135.69,2021-06-03 17:36:56,2021-06-09,2021-06-03 17:36:56,2021-06-03 17:36:56
739,PO-000739,3,5,6,partially_received,BRL,29618.54,29618.54,2023-02-22 06:51:19,2023-02-26,2023-02-22 06:51:19,2023-02-22 06:51:19
740,PO-000740,24,5,6,draft,BRL,37856.29,37856.29,2026-03-04 06:13:21,2026-04-02,2026-03-04 06:13:21,2026-03-04 06:13:21
741,PO-000741,1,5,2,sent,BRL,6280.47,6280.47,2022-12-20 22:38:52,2023-02-12,2022-12-20 22:38:52,2022-12-20 22:38:52
742,PO-000742,12,5,6,sent,USD,30203.88,30203.88,2025-11-23 21:04:37,2025-12-08,2025-11-23 21:04:37,2025-11-23 21:04:37
743,PO-000743,15,5,1,received,BRL,139917.10,139917.10,2026-09-06 16:43:16,2026-09-09,2026-09-06 16:43:16,2026-09-06 16:43:16
744,PO-000744,18,13,3,received,BRL,8597.71,8597.71,2022-09-22 00:42:47,2022-10-22,2022-09-22 00:42:47,2022-09-22 00:42:47
745,PO-000745,2,5,5,received,BRL,61150.29,61150.29,2025-08-02 11:27:51,2025-09-15,2025-08-02 11:27:51,2025-08-02 11:27:51
746,PO-000746,18,13,2,received,BRL,37099.24,37099.24,2025-09-10 17:01:35,2025-09-14,2025-09-10 17:01:35,2025-09-10 17:01:35
747,PO-000747,22,5,6,received,BRL,77300.90,77300.90,2026-10-11 20:09:55,,2026-10-11 20:09:55,2026-10-11 20:09:55
748,PO-000748,3,13,2,received,BRL,22738.78,22738.78,2023-11-21 11:20:44,2023-12-12,2023-11-21 11:20:44,2023-11-21 11:20:44
749,PO-000749,19,5,3,partially_received,BRL,109983.52,109983.52,2022-11-28 07:14:55,2023-01-21,2022-11-28 07:14:55,2022-11-28 07:14:55
750,PO-000750,20,5,2,received,BRL,49874.13,49874.13,2025-06-01 21:36:02,2025-06-09,2025-06-01 21:36:02,2025-06-01 21:36:02
751,PO-000751,11,5,1,received,BRL,19394.68,19394.68,2024-08-12 19:23:41,2024-10-05,2024-08-12 19:23:41,2024-08-12 19:23:41
752,PO-000752,8,13,3,received,BRL,203405.60,203405.60,2024-01-12 13:07:26,,2024-01-12 13:07:26,2024-01-12 13:07:26
753,PO-000753,24,13,4,partially_received,BRL,133596.09,133596.09,2024-10-10 04:32:39,2024-11-24,2024-10-10 04:32:39,2024-10-10 04:32:39
754,PO-000754,6,5,3,partially_received,BRL,144915.12,144915.12,2023-01-05 00:00:20,2023-02-13,2023-01-05 00:00:20,2023-01-05 00:00:20
755,PO-000755,3,13,6,cancelled,BRL,113928.67,113928.67,2024-11-27 07:00:10,2025-01-26,2024-11-27 07:00:10,2024-11-27 07:00:10
756,PO-000756,15,5,3,partially_received,BRL,223035.51,223035.51,2025-12-22 07:38:42,2026-01-18,2025-12-22 07:38:42,2025-12-22 07:38:42
757,PO-000757,6,5,1,received,BRL,40796.02,40796.02,2024-11-03 11:37:02,2024-11-23,2024-11-03 11:37:02,2024-11-03 11:37:02
758,PO-000758,12,5,2,received,EUR,63421.22,63421.22,2022-01-04 09:02:33,2022-02-26,2022-01-04 09:02:33,2022-01-04 09:02:33
759,PO-000759,20,13,6,partially_received,BRL,24448.21,24448.21,2022-08-29 13:56:18,2022-09-18,2022-08-29 13:56:18,2022-08-29 13:56:18
760,PO-000760,5,13,4,received,BRL,2772.75,2772.75,2026-12-01 17:45:31,2026-12-29,2026-12-01 17:45:31,2026-12-01 17:45:31
761,PO-000761,10,13,3,partially_received,BRL,17150.84,17150.84,2020-10-07 06:38:58,,2020-10-07 06:38:58,2020-10-07 06:38:58
762,PO-000762,3,5,1,received,BRL,88628.83,88628.83,2024-07-27 15:36:59,2024-08-18,2024-07-27 15:36:59,2024-07-27 15:36:59
763,PO-000763,24,13,6,received,BRL,151342.76,151342.76,2024-07-14 19:17:21,2024-09-08,2024-07-14 19:17:21,2024-07-14 19:17:21
764,PO-000764,4,13,5,sent,BRL,113923.00,113923.00,2026-01-26 16:40:41,2026-01-31,2026-01-26 16:40:41,2026-01-26 16:40:41
765,PO-000765,18,5,4,draft,BRL,1353.99,1353.99,2023-01-17 22:06:03,2023-02-04,2023-01-17 22:06:03,2023-01-17 22:06:03
766,PO-000766,1,13,4,received,BRL,186154.30,186154.30,2025-08-30 21:16:16,2025-09-27,2025-08-30 21:16:16,2025-08-30 21:16:16
767,PO-000767,6,13,3,received,BRL,23255.61,23255.61,2022-06-07 00:19:26,2022-07-07,2022-06-07 00:19:26,2022-06-07 00:19:26
768,PO-000768,15,5,4,received,BRL,25803.19,25803.19,2026-10-12 21:22:54,2026-11-08,2026-10-12 21:22:54,2026-10-12 21:22:54
769,PO-000769,16,5,2,sent,BRL,5835.97,5835.97,2026-09-07 16:22:49,2026-10-23,2026-09-07 16:22:49,2026-09-07 16:22:49
770,PO-000770,19,13,4,partially_received,BRL,79474.59,79474.59,2026-09-11 06:08:21,2026-10-16,2026-09-11 06:08:21,2026-09-11 06:08:21
771,PO-000771,5,5,1,received,BRL,101099.28,101099.28,2026-08-17 03:47:19,2026-09-01,2026-08-17 03:47:19,2026-08-17 03:47:19
772,PO-000772,1,5,6,cancelled,BRL,202150.16,202150.16,2023-10-27 03:00:33,2023-12-04,2023-10-27 03:00:33,2023-10-27 03:00:33
773,PO-000773,19,5,1,partially_received,BRL,67480.82,67480.82,2021-05-14 04:46:58,,2021-05-14 04:46:58,2021-05-14 04:46:58
774,PO-000774,8,13,6,partially_received,BRL,77687.50,77687.50,2022-07-25 10:49:00,2022-09-14,2022-07-25 10:49:00,2022-07-25 10:49:00
775,PO-000775,17,5,2,draft,BRL,128278.34,128278.34,2021-03-07 18:12:32,,2021-03-07 18:12:32,2021-03-07 18:12:32
776,PO-000776,25,5,3,received,BRL,65205.40,65205.40,2021-10-23 08:38:59,2021-12-18,2021-10-23 08:38:59,2021-10-23 08:38:59
777,PO-000777,18,5,3,sent,BRL,86070.05,86070.05,2026-08-02 15:04:28,2026-08-21,2026-08-02 15:04:28,2026-08-02 15:04:28
778,PO-000778,25,5,1,received,BRL,40207.40,40207.40,2025-11-15 00:36:48,2025-12-06,2025-11-15 00:36:48,2025-11-15 00:36:48
779,PO-000779,7,13,6,sent,BRL,133381.64,133381.64,2023-10-27 00:03:05,2023-12-05,2023-10-27 00:03:05,2023-10-27 00:03:05
780,PO-000780,9,13,1,received,BRL,134133.90,134133.90,2020-12-17 05:21:54,2021-01-24,2020-12-17 05:21:54,2020-12-17 05:21:54
781,PO-000781,19,13,3,sent,BRL,13923.47,13923.47,2025-11-07 19:44:08,2025-12-19,2025-11-07 19:44:08,2025-11-07 19:44:08
782,PO-000782,16,5,1,received,BRL,38372.84,38372.84,2026-01-01 10:53:16,2026-01-11,2026-01-01 10:53:16,2026-01-01 10:53:16
783,PO-000783,8,5,4,sent,USD,55897.20,55897.20,2020-09-02 16:24:07,2020-10-24,2020-09-02 16:24:07,2020-09-02 16:24:07
784,PO-000784,13,5,3,received,BRL,67184.37,67184.37,2026-11-16 17:52:38,2026-12-13,2026-11-16 17:52:38,2026-11-16 17:52:38
785,PO-000785,19,13,2,received,BRL,92405.87,92405.87,2025-12-26 21:47:44,2026-01-12,2025-12-26 21:47:44,2025-12-26 21:47:44
786,PO-000786,17,13,1,received,BRL,73486.91,73486.91,2025-04-13 03:07:30,2025-05-29,2025-04-13 03:07:30,2025-04-13 03:07:30
787,PO-000787,24,13,4,partially_received,BRL,18017.55,18017.55,2023-11-05 02:49:12,2023-12-14,2023-11-05 02:49:12,2023-11-05 02:49:12
788,PO-000788,22,13,5,received,BRL,80253.12,80253.12,2026-12-14 03:46:59,,2026-12-14 03:46:59,2026-12-14 03:46:59
789,PO-000789,23,13,4,sent,BRL,22601.88,22601.88,2021-12-22 20:11:39,2022-01-21,2021-12-22 20:11:39,2021-12-22 20:11:39
790,PO-000790,6,13,2,partially_received,BRL,160123.62,160123.62,2026-01-09 17:49:27,2026-02-01,2026-01-09 17:49:27,2026-01-09 17:49:27
791,PO-000791,10,13,2,partially_received,BRL,90394.14,90394.14,2023-09-02 13:14:57,,2023-09-02 13:14:57,2023-09-02 13:14:57
792,PO-000792,14,13,2,received,BRL,53946.16,53946.16,2023-01-25 23:38:07,,2023-01-25 23:38:07,2023-01-25 23:38:07
793,PO-000793,18,5,1,received,BRL,33063.54,33063.54,2022-05-18 14:54:46,2022-07-13,2022-05-18 14:54:46,2022-05-18 14:54:46
794,PO-000794,4,5,5,sent,BRL,89852.01,89852.01,2022-01-26 14:04:42,2022-02-09,2022-01-26 14:04:42,2022-01-26 14:04:42
795,PO-000795,2,5,1,received,BRL,22289.26,22289.26,2021-10-15 09:07:53,2021-10-23,2021-10-15 09:07:53,2021-10-15 09:07:53
796,PO-000796,7,5,6,received,BRL,85264.55,85264.55,2025-11-28 03:27:58,,2025-11-28 03:27:58,2025-11-28 03:27:58
797,PO-000797,6,13,2,sent,BRL,140008.15,140008.15,2022-02-27 19:42:36,2022-04-04,2022-02-27 19:42:36,2022-02-27 19:42:36
798,PO-000798,8,13,3,cancelled,USD,100349.02,100349.02,2024-09-29 21:30:20,,2024-09-29 21:30:20,2024-09-29 21:30:20
799,PO-000799,16,5,2,received,BRL,10876.88,10876.88,2025-08-30 05:30:45,,2025-08-30 05:30:45,2025-08-30 05:30:45
800,PO-000800,15,5,6,draft,BRL,2649.44,2649.44,2020-10-29 18:45:24,2020-12-10,2020-10-29 18:45:24,2020-10-29 18:45:24
801,PO-000801,21,13,3,partially_received,BRL,82405.45,82405.45,2025-11-18 22:04:25,2026-01-06,2025-11-18 22:04:25,2025-11-18 22:04:25
802,PO-000802,1,5,3,received,BRL,74662.12,74662.12,2025-12-05 21:26:46,2026-01-25,2025-12-05 21:26:46,2025-12-05 21:26:46
803,PO-000803,5,5,3,received,BRL,84556.75,84556.75,2025-12-02 20:40:47,2026-01-13,2025-12-02 20:40:47,2025-12-02 20:40:47
804,PO-000804,13,13,6,sent,BRL,128764.85,128764.85,2026-08-04 22:38:21,2026-08-17,2026-08-04 22:38:21,2026-08-04 22:38:21
805,PO-000805,9,5,4,received,BRL,5690.30,5690.30,2024-08-31 21:22:46,2024-09-13,2024-08-31 21:22:46,2024-08-31 21:22:46
806,PO-000806,4,5,4,received,BRL,206387.11,206387.11,2022-11-20 03:08:30,,2022-11-20 03:08:30,2022-11-20 03:08:30
807,PO-000807,6,5,5,received,BRL,111781.64,111781.64,2025-11-06 00:48:29,2025-11-15,2025-11-06 00:48:29,2025-11-06 00:48:29
808,PO-000808,6,5,2,received,BRL,16342.44,16342.44,2024-06-22 20:59:53,2024-07-18,2024-06-22 20:59:53,2024-06-22 20:59:53
809,PO-000809,25,13,3,received,BRL,42614.23,42614.23,2026-11-02 09:26:26,2026-12-03,2026-11-02 09:26:26,2026-11-02 09:26:26
810,PO-000810,16,13,5,partially_received,BRL,20847.68,20847.68,2025-11-01 14:23:14,2025-11-15,2025-11-01 14:23:14,2025-11-01 14:23:14
811,PO-000811,21,5,6,sent,BRL,16085.74,16085.74,2021-06-12 04:03:42,2021-07-15,2021-06-12 04:03:42,2021-06-12 04:03:42
812,PO-000812,5,13,6,partially_received,BRL,41262.72,41262.72,2025-10-11 07:19:23,2025-10-16,2025-10-11 07:19:23,2025-10-11 07:19:23
813,PO-000813,15,5,4,sent,BRL,200182.18,200182.18,2024-10-04 18:51:16,2024-12-01,2024-10-04 18:51:16,2024-10-04 18:51:16
814,PO-000814,7,5,4,draft,BRL,115232.10,115232.10,2024-05-05 13:10:07,2024-05-20,2024-05-05 13:10:07,2024-05-05 13:10:07
815,PO-000815,1,13,3,partially_received,BRL,61018.32,61018.32,2022-12-09 09:53:45,2023-01-26,2022-12-09 09:53:45,2022-12-09 09:53:45
816,PO-000816,16,5,4,received,BRL,129158.79,129158.79,2020-08-26 23:48:01,2020-10-12,2020-08-26 23:48:01,2020-08-26 23:48:01
817,PO-000817,8,5,5,received,USD,133307.07,133307.07,2026-07-02 08:31:39,2026-08-14,2026-07-02 08:31:39,2026-07-02 08:31:39
818,PO-000818,2,13,6,partially_received,BRL,65337.55,65337.55,2024-11-04 06:30:23,2024-12-14,2024-11-04 06:30:23,2024-11-04 06:30:23
819,PO-000819,16,13,6,received,BRL,196968.26,196968.26,2024-06-24 00:52:41,2024-08-15,2024-06-24 00:52:41,2024-06-24 00:52:41
820,PO-000820,14,13,5,draft,BRL,22514.33,22514.33,2026-08-19 11:30:09,,2026-08-19 11:30:09,2026-08-19 11:30:09
821,PO-000821,14,5,4,received,BRL,27802.50,27802.50,2022-08-24 07:55:18,2022-08-27,2022-08-24 07:55:18,2022-08-24 07:55:18
822,PO-000822,1,13,3,received,BRL,80473.60,80473.60,2025-10-05 04:54:26,,2025-10-05 04:54:26,2025-10-05 04:54:26
823,PO-000823,22,5,1,received,BRL,47333.85,47333.85,2023-03-21 13:35:53,2023-05-11,2023-03-21 13:35:53,2023-03-21 13:35:53
824,PO-000824,24,5,3,received,BRL,232448.59,232448.59,2020-08-17 20:55:05,2020-08-30,2020-08-17 20:55:05,2020-08-17 20:55:05
825,PO-000825,12,13,6,partially_received,BRL,175021.28,175021.28,2025-10-29 00:00:53,2025-11-22,2025-10-29 00:00:53,2025-10-29 00:00:53
826,PO-000826,24,13,2,received,BRL,30151.10,30151.10,2021-04-03 14:44:28,,2021-04-03 14:44:28,2021-04-03 14:44:28
827,PO-000827,15,13,1,cancelled,BRL,526.08,526.08,2020-09-08 16:15:51,2020-11-01,2020-09-08 16:15:51,2020-09-08 16:15:51
828,PO-000828,18,13,4,received,BRL,197987.56,197987.56,2025-08-08 03:01:01,2025-08-24,2025-08-08 03:01:01,2025-08-08 03:01:01
829,PO-000829,3,13,1,partially_received,BRL,103481.64,103481.64,2024-10-23 05:05:51,2024-11-28,2024-10-23 05:05:51,2024-10-23 05:05:51
830,PO-000830,17,13,2,cancelled,BRL,16151.00,16151.00,2024-12-03 05:20:43,2024-12-13,2024-12-03 05:20:43,2024-12-03 05:20:43
831,PO-000831,6,5,6,received,BRL,44741.37,44741.37,2022-08-28 06:22:09,2022-09-19,2022-08-28 06:22:09,2022-08-28 06:22:09
832,PO-000832,7,5,6,partially_received,BRL,12657.09,12657.09,2025-04-25 21:08:08,2025-04-29,2025-04-25 21:08:08,2025-04-25 21:08:08
833,PO-000833,23,5,6,partially_received,BRL,47306.50,47306.50,2024-07-26 02:33:39,2024-08-19,2024-07-26 02:33:39,2024-07-26 02:33:39
834,PO-000834,13,13,4,received,BRL,70962.89,70962.89,2025-07-16 00:19:42,2025-07-20,2025-07-16 00:19:42,2025-07-16 00:19:42
835,PO-000835,4,5,3,received,BRL,26921.18,26921.18,2020-01-25 07:25:08,2020-02-05,2020-01-25 07:25:08,2020-01-25 07:25:08
836,PO-000836,11,13,6,received,BRL,78867.46,78867.46,2026-11-08 04:28:51,2026-12-31,2026-11-08 04:28:51,2026-11-08 04:28:51
837,PO-000837,1,5,2,partially_received,BRL,40575.87,40575.87,2025-09-11 05:43:15,2025-10-21,2025-09-11 05:43:15,2025-09-11 05:43:15
838,PO-000838,3,5,4,received,BRL,176216.05,176216.05,2024-01-04 09:26:35,2024-01-29,2024-01-04 09:26:35,2024-01-04 09:26:35
839,PO-000839,20,13,2,received,BRL,43978.70,43978.70,2023-11-29 04:44:03,2023-12-07,2023-11-29 04:44:03,2023-11-29 04:44:03
840,PO-000840,3,13,5,received,BRL,116416.95,116416.95,2020-03-20 04:25:46,2020-04-07,2020-03-20 04:25:46,2020-03-20 04:25:46
841,PO-000841,10,13,2,received,BRL,148795.07,148795.07,2026-08-31 18:53:27,2026-10-20,2026-08-31 18:53:27,2026-08-31 18:53:27
842,PO-000842,21,13,1,draft,BRL,10420.02,10420.02,2026-12-06 00:15:40,,2026-12-06 00:15:40,2026-12-06 00:15:40
843,PO-000843,14,13,1,partially_received,BRL,16568.38,16568.38,2026-05-27 17:36:14,,2026-05-27 17:36:14,2026-05-27 17:36:14
844,PO-000844,6,13,4,sent,BRL,127105.79,127105.79,2023-09-27 01:59:23,2023-10-11,2023-09-27 01:59:23,2023-09-27 01:59:23
845,PO-000845,3,5,3,cancelled,BRL,116686.64,116686.64,2025-08-28 21:16:58,2025-09-22,2025-08-28 21:16:58,2025-08-28 21:16:58
846,PO-000846,16,5,5,received,BRL,28573.97,28573.97,2021-03-09 22:20:10,2021-04-04,2021-03-09 22:20:10,2021-03-09 22:20:10
847,PO-000847,19,13,2,received,BRL,73970.10,73970.10,2026-01-01 23:54:08,2026-02-12,2026-01-01 23:54:08,2026-01-01 23:54:08
848,PO-000848,3,5,3,received,BRL,44125.05,44125.05,2024-10-18 12:35:57,2024-11-02,2024-10-18 12:35:57,2024-10-18 12:35:57
849,PO-000849,25,5,6,partially_received,BRL,167241.29,167241.29,2023-09-30 05:30:55,2023-10-31,2023-09-30 05:30:55,2023-09-30 05:30:55
850,PO-000850,8,13,1,partially_received,BRL,116287.66,116287.66,2026-11-14 20:03:34,2026-12-28,2026-11-14 20:03:34,2026-11-14 20:03:34
851,PO-000851,14,13,4,draft,BRL,12487.96,12487.96,2024-10-02 15:07:12,2024-11-04,2024-10-02 15:07:12,2024-10-02 15:07:12
852,PO-000852,3,13,1,partially_received,BRL,54856.44,54856.44,2024-09-11 00:24:10,2024-10-09,2024-09-11 00:24:10,2024-09-11 00:24:10
853,PO-000853,9,5,1,received,BRL,88145.76,88145.76,2021-08-31 08:37:36,2021-09-07,2021-08-31 08:37:36,2021-08-31 08:37:36
854,PO-000854,23,13,4,partially_received,BRL,98291.57,98291.57,2022-08-12 14:44:29,2022-08-19,2022-08-12 14:44:29,2022-08-12 14:44:29
855,PO-000855,23,5,4,partially_received,BRL,55511.04,55511.04,2024-10-18 06:41:40,2024-11-17,2024-10-18 06:41:40,2024-10-18 06:41:40
856,PO-000856,6,5,2,received,BRL,64722.06,64722.06,2021-01-06 16:39:47,2021-02-19,2021-01-06 16:39:47,2021-01-06 16:39:47
857,PO-000857,3,13,1,partially_received,BRL,143514.36,143514.36,2021-01-18 06:13:10,2021-03-15,2021-01-18 06:13:10,2021-01-18 06:13:10
858,PO-000858,14,5,2,sent,BRL,30175.70,30175.70,2025-01-03 02:21:35,2025-02-02,2025-01-03 02:21:35,2025-01-03 02:21:35
859,PO-000859,17,13,6,received,BRL,43755.48,43755.48,2022-03-13 11:35:59,2022-03-17,2022-03-13 11:35:59,2022-03-13 11:35:59
860,PO-000860,21,13,2,received,BRL,107439.62,107439.62,2023-12-03 19:33:31,2023-12-27,2023-12-03 19:33:31,2023-12-03 19:33:31
861,PO-000861,16,13,6,received,BRL,23506.74,23506.74,2024-09-29 15:06:00,2024-10-31,2024-09-29 15:06:00,2024-09-29 15:06:00
862,PO-000862,20,13,3,received,BRL,86769.39,86769.39,2025-12-05 15:57:57,2026-01-17,2025-12-05 15:57:57,2025-12-05 15:57:57
863,PO-000863,22,5,3,cancelled,BRL,35760.14,35760.14,2025-09-09 16:00:17,2025-10-05,2025-09-09 16:00:17,2025-09-09 16:00:17
864,PO-000864,25,13,4,received,BRL,23944.66,23944.66,2022-12-06 07:41:58,,2022-12-06 07:41:58,2022-12-06 07:41:58
865,PO-000865,15,5,1,received,BRL,159154.37,159154.37,2024-09-25 02:53:17,2024-11-20,2024-09-25 02:53:17,2024-09-25 02:53:17
866,PO-000866,22,5,6,partially_received,BRL,2355.12,2355.12,2025-08-27 03:18:10,2025-09-22,2025-08-27 03:18:10,2025-08-27 03:18:10
867,PO-000867,25,13,2,received,BRL,78476.62,78476.62,2026-12-23 08:11:20,2027-01-21,2026-12-23 08:11:20,2026-12-23 08:11:20
868,PO-000868,22,5,1,partially_received,BRL,29417.02,29417.02,2025-08-19 20:12:12,2025-09-08,2025-08-19 20:12:12,2025-08-19 20:12:12
869,PO-000869,21,5,4,received,BRL,96223.53,96223.53,2024-12-20 11:02:44,2025-02-01,2024-12-20 11:02:44,2024-12-20 11:02:44
870,PO-000870,10,5,3,received,BRL,117733.42,117733.42,2023-04-13 12:58:15,2023-04-25,2023-04-13 12:58:15,2023-04-13 12:58:15
871,PO-000871,1,13,2,received,BRL,1930.18,1930.18,2024-06-13 13:23:54,2024-07-31,2024-06-13 13:23:54,2024-06-13 13:23:54
872,PO-000872,11,5,5,partially_received,BRL,155372.72,155372.72,2020-02-17 11:55:34,2020-03-03,2020-02-17 11:55:34,2020-02-17 11:55:34
873,PO-000873,15,5,1,partially_received,BRL,151176.38,151176.38,2026-08-04 12:23:36,2026-09-13,2026-08-04 12:23:36,2026-08-04 12:23:36
874,PO-000874,23,13,4,received,BRL,85438.19,85438.19,2023-03-23 21:53:25,2023-04-14,2023-03-23 21:53:25,2023-03-23 21:53:25
875,PO-000875,1,13,6,sent,BRL,56804.86,56804.86,2026-12-21 21:27:31,2027-01-29,2026-12-21 21:27:31,2026-12-21 21:27:31
876,PO-000876,10,13,1,received,BRL,104309.79,104309.79,2024-09-10 05:39:57,2024-10-01,2024-09-10 05:39:57,2024-09-10 05:39:57
877,PO-000877,13,13,5,received,BRL,43179.45,43179.45,2022-04-20 05:00:49,2022-04-27,2022-04-20 05:00:49,2022-04-20 05:00:49
878,PO-000878,17,13,3,received,BRL,108026.45,108026.45,2026-11-27 04:23:16,2027-01-22,2026-11-27 04:23:16,2026-11-27 04:23:16
879,PO-000879,21,13,5,received,BRL,154581.22,154581.22,2025-11-30 08:33:18,2026-01-29,2025-11-30 08:33:18,2025-11-30 08:33:18
880,PO-000880,4,13,2,partially_received,BRL,8898.00,8898.00,2023-05-20 08:47:04,2023-06-05,2023-05-20 08:47:04,2023-05-20 08:47:04
881,PO-000881,9,5,1,sent,BRL,48237.00,48237.00,2024-10-21 18:14:40,,2024-10-21 18:14:40,2024-10-21 18:14:40
882,PO-000882,13,13,3,sent,BRL,13847.04,13847.04,2023-04-23 15:25:38,,2023-04-23 15:25:38,2023-04-23 15:25:38
883,PO-000883,20,5,2,received,BRL,58936.89,58936.89,2024-10-03 05:02:19,2024-11-16,2024-10-03 05:02:19,2024-10-03 05:02:19
884,PO-000884,11,13,5,partially_received,BRL,57222.08,57222.08,2026-09-29 14:15:09,2026-11-09,2026-09-29 14:15:09,2026-09-29 14:15:09
885,PO-000885,22,13,6,received,BRL,46232.00,46232.00,2024-11-06 11:07:27,2024-11-18,2024-11-06 11:07:27,2024-11-06 11:07:27
886,PO-000886,7,5,3,received,BRL,7987.56,7987.56,2026-12-05 15:30:24,,2026-12-05 15:30:24,2026-12-05 15:30:24
887,PO-000887,12,5,3,partially_received,BRL,61843.33,61843.33,2026-10-13 11:17:44,2026-11-29,2026-10-13 11:17:44,2026-10-13 11:17:44
888,PO-000888,18,5,1,received,BRL,84307.06,84307.06,2024-12-14 16:16:58,2025-01-14,2024-12-14 16:16:58,2024-12-14 16:16:58
889,PO-000889,8,13,4,partially_received,BRL,146016.16,146016.16,2025-01-12 15:52:36,2025-03-02,2025-01-12 15:52:36,2025-01-12 15:52:36
890,PO-000890,9,5,1,received,BRL,30428.35,30428.35,2021-01-11 18:06:56,2021-02-27,2021-01-11 18:06:56,2021-01-11 18:06:56
891,PO-000891,23,13,4,received,BRL,66834.40,66834.40,2020-08-02 14:33:42,2020-08-12,2020-08-02 14:33:42,2020-08-02 14:33:42
892,PO-000892,22,5,1,sent,BRL,144064.58,144064.58,2022-10-28 00:35:56,2022-12-27,2022-10-28 00:35:56,2022-10-28 00:35:56
893,PO-000893,13,13,5,received,BRL,141323.88,141323.88,2024-01-29 06:47:03,2024-03-15,2024-01-29 06:47:03,2024-01-29 06:47:03
894,PO-000894,3,5,3,partially_received,BRL,127501.47,127501.47,2025-09-19 00:24:55,2025-09-28,2025-09-19 00:24:55,2025-09-19 00:24:55
895,PO-000895,10,13,5,partially_received,BRL,177343.66,177343.66,2025-04-16 09:01:01,2025-05-01,2025-04-16 09:01:01,2025-04-16 09:01:01
896,PO-000896,1,5,3,received,BRL,33876.83,33876.83,2023-08-01 16:28:34,2023-09-14,2023-08-01 16:28:34,2023-08-01 16:28:34
897,PO-000897,16,13,2,partially_received,BRL,43218.68,43218.68,2025-08-30 07:56:12,,2025-08-30 07:56:12,2025-08-30 07:56:12
898,PO-000898,12,13,1,received,EUR,61704.11,61704.11,2024-01-14 17:21:11,2024-02-20,2024-01-14 17:21:11,2024-01-14 17:21:11
899,PO-000899,19,5,4,sent,BRL,87143.06,87143.06,2022-02-17 22:30:24,2022-03-28,2022-02-17 22:30:24,2022-02-17 22:30:24
900,PO-000900,6,13,6,received,BRL,39153.22,39153.22,2026-12-07 16:39:44,,2026-12-07 16:39:44,2026-12-07 16:39:44
901,PO-000901,22,13,5,received,BRL,48777.43,48777.43,2026-01-30 06:18:26,2026-02-07,2026-01-30 06:18:26,2026-01-30 06:18:26
902,PO-000902,17,13,1,received,BRL,32354.19,32354.19,2025-07-30 09:05:20,2025-09-12,2025-07-30 09:05:20,2025-07-30 09:05:20
903,PO-000903,20,13,1,sent,BRL,9460.24,9460.24,2026-08-24 04:16:14,2026-09-04,2026-08-24 04:16:14,2026-08-24 04:16:14
904,PO-000904,18,13,4,partially_received,BRL,78367.60,78367.60,2022-12-19 15:03:08,2023-02-13,2022-12-19 15:03:08,2022-12-19 15:03:08
905,PO-000905,6,13,3,partially_received,BRL,26669.61,26669.61,2026-11-09 12:26:40,2026-11-28,2026-11-09 12:26:40,2026-11-09 12:26:40
906,PO-000906,12,13,5,partially_received,BRL,6447.84,6447.84,2024-12-20 08:20:38,2025-01-10,2024-12-20 08:20:38,2024-12-20 08:20:38
907,PO-000907,19,5,5,sent,BRL,54061.40,54061.40,2024-10-23 02:52:21,2024-11-03,2024-10-23 02:52:21,2024-10-23 02:52:21
908,PO-000908,5,13,4,partially_received,BRL,6575.58,6575.58,2023-11-12 10:26:07,2023-12-20,2023-11-12 10:26:07,2023-11-12 10:26:07
909,PO-000909,23,13,5,received,BRL,109425.93,109425.93,2026-12-05 14:03:15,,2026-12-05 14:03:15,2026-12-05 14:03:15
910,PO-000910,17,5,5,received,BRL,69486.39,69486.39,2024-10-10 11:48:11,2024-11-16,2024-10-10 11:48:11,2024-10-10 11:48:11
911,PO-000911,17,5,4,received,BRL,16747.14,16747.14,2026-08-26 10:23:48,2026-09-04,2026-08-26 10:23:48,2026-08-26 10:23:48
912,PO-000912,13,13,1,draft,BRL,11138.52,11138.52,2025-11-11 14:43:13,2025-12-03,2025-11-11 14:43:13,2025-11-11 14:43:13
913,PO-000913,10,13,2,received,BRL,41719.46,41719.46,2024-12-16 00:00:34,2024-12-20,2024-12-16 00:00:34,2024-12-16 00:00:34
914,PO-000914,11,5,1,partially_received,BRL,93586.07,93586.07,2023-11-28 01:24:15,2023-12-23,2023-11-28 01:24:15,2023-11-28 01:24:15
915,PO-000915,12,5,3,received,USD,92671.66,92671.66,2020-12-30 11:37:11,2021-01-23,2020-12-30 11:37:11,2020-12-30 11:37:11
916,PO-000916,5,13,4,received,BRL,76762.43,76762.43,2023-09-21 14:21:18,2023-10-05,2023-09-21 14:21:18,2023-09-21 14:21:18
917,PO-000917,18,13,4,received,BRL,64346.14,64346.14,2021-11-21 11:36:30,2022-01-20,2021-11-21 11:36:30,2021-11-21 11:36:30
918,PO-000918,16,13,6,received,BRL,35354.88,35354.88,2022-09-14 00:21:49,2022-10-09,2022-09-14 00:21:49,2022-09-14 00:21:49
919,PO-000919,8,5,5,received,BRL,34666.59,34666.59,2025-05-25 07:20:33,2025-07-20,2025-05-25 07:20:33,2025-05-25 07:20:33
920,PO-000920,21,13,2,cancelled,BRL,120640.44,120640.44,2024-10-17 22:06:21,2024-12-15,2024-10-17 22:06:21,2024-10-17 22:06:21
921,PO-000921,24,13,1,partially_received,BRL,49631.06,49631.06,2023-12-14 11:37:51,2024-02-03,2023-12-14 11:37:51,2023-12-14 11:37:51
922,PO-000922,12,5,5,partially_received,EUR,65130.89,65130.89,2024-01-06 20:44:16,2024-02-12,2024-01-06 20:44:16,2024-01-06 20:44:16
923,PO-000923,15,13,4,draft,BRL,75035.44,75035.44,2023-10-27 01:14:41,2023-11-10,2023-10-27 01:14:41,2023-10-27 01:14:41
924,PO-000924,21,5,3,received,BRL,135098.60,135098.60,2025-10-28 14:30:09,2025-12-24,2025-10-28 14:30:09,2025-10-28 14:30:09
925,PO-000925,22,13,4,draft,BRL,86858.58,86858.58,2025-12-11 21:55:59,2026-01-03,2025-12-11 21:55:59,2025-12-11 21:55:59
926,PO-000926,22,5,4,received,BRL,141528.51,141528.51,2026-11-06 20:00:17,2026-11-18,2026-11-06 20:00:17,2026-11-06 20:00:17
927,PO-000927,21,5,4,received,BRL,177656.95,177656.95,2026-01-10 06:56:17,2026-02-24,2026-01-10 06:56:17,2026-01-10 06:56:17
928,PO-000928,14,5,2,sent,BRL,45034.98,45034.98,2024-07-20 02:26:16,2024-07-27,2024-07-20 02:26:16,2024-07-20 02:26:16
929,PO-000929,16,5,3,received,BRL,8554.00,8554.00,2023-07-05 23:08:50,2023-08-27,2023-07-05 23:08:50,2023-07-05 23:08:50
930,PO-000930,7,13,4,partially_received,BRL,32611.00,32611.00,2020-12-30 12:44:39,2021-02-12,2020-12-30 12:44:39,2020-12-30 12:44:39
931,PO-000931,12,5,2,received,USD,59367.75,59367.75,2020-08-02 21:22:35,2020-09-10,2020-08-02 21:22:35,2020-08-02 21:22:35
932,PO-000932,25,5,3,partially_received,BRL,17328.15,17328.15,2024-06-10 18:25:53,2024-07-11,2024-06-10 18:25:53,2024-06-10 18:25:53
933,PO-000933,19,5,3,received,BRL,14698.95,14698.95,2025-09-24 12:56:36,2025-11-04,2025-09-24 12:56:36,2025-09-24 12:56:36
934,PO-000934,6,5,1,received,BRL,191545.59,191545.59,2024-10-09 11:51:29,2024-11-14,2024-10-09 11:51:29,2024-10-09 11:51:29
935,PO-000935,6,5,3,received,BRL,6403.10,6403.10,2023-05-06 02:53:41,2023-06-16,2023-05-06 02:53:41,2023-05-06 02:53:41
936,PO-000936,9,5,6,received,BRL,37148.48,37148.48,2024-08-19 06:17:50,2024-08-30,2024-08-19 06:17:50,2024-08-19 06:17:50
937,PO-000937,25,5,4,received,BRL,18594.68,18594.68,2025-10-28 04:03:43,,2025-10-28 04:03:43,2025-10-28 04:03:43
938,PO-000938,13,13,3,sent,BRL,107092.18,107092.18,2025-06-19 14:09:17,,2025-06-19 14:09:17,2025-06-19 14:09:17
939,PO-000939,21,13,4,sent,BRL,69060.64,69060.64,2023-12-30 23:24:34,2024-01-24,2023-12-30 23:24:34,2023-12-30 23:24:34
940,PO-000940,7,5,3,partially_received,BRL,37518.62,37518.62,2023-12-25 14:19:54,2024-01-27,2023-12-25 14:19:54,2023-12-25 14:19:54
941,PO-000941,9,13,6,partially_received,BRL,28922.51,28922.51,2025-07-18 16:17:10,2025-07-26,2025-07-18 16:17:10,2025-07-18 16:17:10
942,PO-000942,8,5,6,partially_received,BRL,58999.14,58999.14,2020-11-05 21:00:47,2020-11-28,2020-11-05 21:00:47,2020-11-05 21:00:47
943,PO-000943,22,13,2,partially_received,BRL,144926.70,144926.70,2024-01-08 20:40:45,2024-02-14,2024-01-08 20:40:45,2024-01-08 20:40:45
944,PO-000944,7,5,5,sent,BRL,79375.53,79375.53,2024-05-22 13:55:08,2024-07-18,2024-05-22 13:55:08,2024-05-22 13:55:08
945,PO-000945,13,5,3,received,BRL,71194.32,71194.32,2021-09-17 15:12:59,2021-10-30,2021-09-17 15:12:59,2021-09-17 15:12:59
946,PO-000946,19,13,4,received,BRL,33792.00,33792.00,2026-10-22 19:25:00,2026-12-21,2026-10-22 19:25:00,2026-10-22 19:25:00
947,PO-000947,6,13,4,received,BRL,31686.68,31686.68,2023-06-02 17:31:21,2023-07-22,2023-06-02 17:31:21,2023-06-02 17:31:21
948,PO-000948,25,13,5,received,BRL,41160.23,41160.23,2024-05-02 14:37:09,2024-06-27,2024-05-02 14:37:09,2024-05-02 14:37:09
949,PO-000949,19,13,4,received,BRL,61420.92,61420.92,2026-01-15 04:54:39,2026-03-13,2026-01-15 04:54:39,2026-01-15 04:54:39
950,PO-000950,19,13,5,partially_received,BRL,116389.69,116389.69,2025-07-19 03:53:27,2025-08-13,2025-07-19 03:53:27,2025-07-19 03:53:27
951,PO-000951,22,5,1,sent,BRL,119344.43,119344.43,2023-03-28 05:34:48,2023-04-05,2023-03-28 05:34:48,2023-03-28 05:34:48
952,PO-000952,7,5,1,received,BRL,114326.63,114326.63,2025-12-16 11:58:00,,2025-12-16 11:58:00,2025-12-16 11:58:00
953,PO-000953,20,5,5,partially_received,BRL,189030.43,189030.43,2026-10-03 14:55:27,2026-10-30,2026-10-03 14:55:27,2026-10-03 14:55:27
954,PO-000954,24,5,6,received,BRL,69530.30,69530.30,2026-09-07 16:21:46,2026-10-20,2026-09-07 16:21:46,2026-09-07 16:21:46
955,PO-000955,21,13,5,received,BRL,95752.21,95752.21,2026-11-13 05:36:41,2026-12-07,2026-11-13 05:36:41,2026-11-13 05:36:41
956,PO-000956,23,13,1,received,BRL,103231.49,103231.49,2026-09-01 04:00:57,2026-09-20,2026-09-01 04:00:57,2026-09-01 04:00:57
957,PO-000957,24,13,1,draft,BRL,40553.77,40553.77,2025-02-05 16:47:51,2025-02-27,2025-02-05 16:47:51,2025-02-05 16:47:51
958,PO-000958,1,5,2,sent,BRL,81539.57,81539.57,2025-11-08 07:15:29,2026-01-06,2025-11-08 07:15:29,2025-11-08 07:15:29
959,PO-000959,1,13,5,sent,BRL,66353.49,66353.49,2024-10-04 09:31:55,2024-10-20,2024-10-04 09:31:55,2024-10-04 09:31:55
960,PO-000960,4,5,5,received,BRL,126707.56,126707.56,2022-11-06 00:35:28,2022-11-17,2022-11-06 00:35:28,2022-11-06 00:35:28
961,PO-000961,7,5,3,received,BRL,107288.26,107288.26,2025-07-31 09:42:46,2025-08-26,2025-07-31 09:42:46,2025-07-31 09:42:46
962,PO-000962,11,13,5,partially_received,BRL,15022.37,15022.37,2021-09-17 07:59:35,2021-10-31,2021-09-17 07:59:35,2021-09-17 07:59:35
963,PO-000963,11,5,4,cancelled,BRL,22432.74,22432.74,2024-09-29 12:38:52,2024-10-27,2024-09-29 12:38:52,2024-09-29 12:38:52
964,PO-000964,2,5,3,partially_received,BRL,91794.19,91794.19,2020-10-10 13:08:18,2020-11-14,2020-10-10 13:08:18,2020-10-10 13:08:18
965,PO-000965,6,13,5,received,BRL,74323.21,74323.21,2026-11-02 17:21:04,2026-12-30,2026-11-02 17:21:04,2026-11-02 17:21:04
966,PO-000966,25,5,4,received,BRL,126417.24,126417.24,2026-11-22 04:38:23,,2026-11-22 04:38:23,2026-11-22 04:38:23
967,PO-000967,15,13,6,received,BRL,106670.94,106670.94,2025-01-09 20:52:53,2025-02-17,2025-01-09 20:52:53,2025-01-09 20:52:53
968,PO-000968,20,5,1,received,BRL,73862.80,73862.80,2024-10-22 20:16:49,2024-10-25,2024-10-22 20:16:49,2024-10-22 20:16:49
969,PO-000969,6,13,3,partially_received,BRL,11902.54,11902.54,2025-09-27 14:08:50,,2025-09-27 14:08:50,2025-09-27 14:08:50
970,PO-000970,17,5,1,received,BRL,146813.37,146813.37,2024-06-28 08:32:20,2024-07-04,2024-06-28 08:32:20,2024-06-28 08:32:20
971,PO-000971,23,5,4,sent,BRL,27519.86,27519.86,2024-02-23 08:18:11,2024-03-16,2024-02-23 08:18:11,2024-02-23 08:18:11
972,PO-000972,7,5,5,cancelled,BRL,16441.30,16441.30,2024-03-20 02:55:22,2024-05-19,2024-03-20 02:55:22,2024-03-20 02:55:22
973,PO-000973,3,5,2,received,BRL,3541.96,3541.96,2025-07-24 05:52:19,2025-08-03,2025-07-24 05:52:19,2025-07-24 05:52:19
974,PO-000974,24,5,5,partially_received,BRL,106193.02,106193.02,2021-07-24 07:04:20,2021-09-18,2021-07-24 07:04:20,2021-07-24 07:04:20
975,PO-000975,14,13,1,received,BRL,15987.72,15987.72,2026-04-09 02:03:00,2026-05-19,2026-04-09 02:03:00,2026-04-09 02:03:00
976,PO-000976,16,5,4,received,BRL,182748.43,182748.43,2021-10-17 14:55:38,2021-12-10,2021-10-17 14:55:38,2021-10-17 14:55:38
977,PO-000977,5,13,4,received,BRL,44505.70,44505.70,2021-08-03 22:13:02,,2021-08-03 22:13:02,2021-08-03 22:13:02
978,PO-000978,11,5,4,received,BRL,97051.17,97051.17,2026-06-18 17:22:29,2026-08-16,2026-06-18 17:22:29,2026-06-18 17:22:29
979,PO-000979,16,13,4,partially_received,BRL,150855.78,150855.78,2021-10-15 09:57:56,2021-11-05,2021-10-15 09:57:56,2021-10-15 09:57:56
980,PO-000980,11,13,4,received,BRL,63302.24,63302.24,2024-09-14 06:37:27,2024-10-03,2024-09-14 06:37:27,2024-09-14 06:37:27
981,PO-000981,21,13,2,received,BRL,93841.98,93841.98,2025-11-16 20:01:29,2025-12-27,2025-11-16 20:01:29,2025-11-16 20:01:29
982,PO-000982,3,5,4,received,BRL,155767.54,155767.54,2026-11-22 07:09:51,2027-01-08,2026-11-22 07:09:51,2026-11-22 07:09:51
983,PO-000983,7,5,3,partially_received,BRL,5109.44,5109.44,2020-09-13 00:36:12,2020-09-24,2020-09-13 00:36:12,2020-09-13 00:36:12
984,PO-000984,14,5,4,received,BRL,146757.48,146757.48,2025-02-08 18:31:10,2025-02-11,2025-02-08 18:31:10,2025-02-08 18:31:10
985,PO-000985,13,5,4,received,BRL,47444.55,47444.55,2024-06-09 16:14:54,2024-07-23,2024-06-09 16:14:54,2024-06-09 16:14:54
986,PO-000986,1,5,3,received,BRL,157168.52,157168.52,2026-03-06 10:37:00,2026-04-02,2026-03-06 10:37:00,2026-03-06 10:37:00
987,PO-000987,10,5,1,received,BRL,148130.68,148130.68,2026-01-05 16:33:16,2026-01-22,2026-01-05 16:33:16,2026-01-05 16:33:16
988,PO-000988,10,13,5,cancelled,BRL,48518.94,48518.94,2026-12-24 18:35:07,2027-02-07,2026-12-24 18:35:07,2026-12-24 18:35:07
989,PO-000989,8,13,6,received,USD,152109.79,152109.79,2024-12-01 02:34:01,2025-01-17,2024-12-01 02:34:01,2024-12-01 02:34:01
990,PO-000990,9,5,2,received,BRL,43398.24,43398.24,2025-09-05 22:07:40,2025-09-11,2025-09-05 22:07:40,2025-09-05 22:07:40
991,PO-000991,22,13,2,received,BRL,140389.36,140389.36,2025-01-28 05:52:23,2025-02-10,2025-01-28 05:52:23,2025-01-28 05:52:23
992,PO-000992,13,13,3,sent,BRL,161910.78,161910.78,2024-05-29 11:03:03,2024-06-26,2024-05-29 11:03:03,2024-05-29 11:03:03
993,PO-000993,3,13,2,sent,BRL,149200.49,149200.49,2024-06-27 05:41:10,2024-08-07,2024-06-27 05:41:10,2024-06-27 05:41:10
994,PO-000994,17,5,4,received,BRL,84759.32,84759.32,2026-11-29 13:57:55,2026-12-11,2026-11-29 13:57:55,2026-11-29 13:57:55
995,PO-000995,21,13,5,received,BRL,126147.38,126147.38,2026-05-15 06:00:29,,2026-05-15 06:00:29,2026-05-15 06:00:29
996,PO-000996,16,13,5,received,BRL,50720.25,50720.25,2025-01-07 01:51:39,2025-03-02,2025-01-07 01:51:39,2025-01-07 01:51:39
997,PO-000997,21,5,5,received,BRL,59137.49,59137.49,2022-09-23 06:06:41,2022-11-01,2022-09-23 06:06:41,2022-09-23 06:06:41
998,PO-000998,7,13,4,received,BRL,131423.43,131423.43,2023-09-09 00:13:46,2023-10-11,2023-09-09 00:13:46,2023-09-09 00:13:46
999,PO-000999,10,13,6,received,BRL,110788.92,110788.92,2020-08-17 07:18:16,2020-09-26,2020-08-17 07:18:16,2020-08-17 07:18:16
1000,PO-001000,16,13,1,received,BRL,57188.17,57188.17,2026-06-28 13:54:58,2026-08-01,2026-06-28 13:54:58,2026-06-28 13:54:58
1001,PO-001001,20,5,3,partially_received,BRL,200406.18,200406.18,2026-12-24 18:08:15,2027-01-29,2026-12-24 18:08:15,2026-12-24 18:08:15
1002,PO-001002,4,5,6,received,BRL,4238.16,4238.16,2021-01-21 21:19:58,,2021-01-21 21:19:58,2021-01-21 21:19:58
1003,PO-001003,11,5,6,received,BRL,114402.33,114402.33,2024-10-09 11:15:49,2024-10-21,2024-10-09 11:15:49,2024-10-09 11:15:49
1004,PO-001004,6,13,5,received,BRL,104948.83,104948.83,2022-08-14 12:55:30,2022-09-05,2022-08-14 12:55:30,2022-08-14 12:55:30
1005,PO-001005,20,13,4,partially_received,BRL,96018.98,96018.98,2024-08-19 20:49:33,2024-09-26,2024-08-19 20:49:33,2024-08-19 20:49:33
1006,PO-001006,23,5,6,received,BRL,6453.92,6453.92,2022-03-06 15:09:49,2022-03-31,2022-03-06 15:09:49,2022-03-06 15:09:49
1007,PO-001007,4,13,3,received,BRL,6441.10,6441.10,2020-11-29 15:24:01,2020-12-20,2020-11-29 15:24:01,2020-11-29 15:24:01
1008,PO-001008,13,13,2,partially_received,BRL,44509.86,44509.86,2026-10-17 00:18:27,2026-11-05,2026-10-17 00:18:27,2026-10-17 00:18:27
1009,PO-001009,6,5,4,received,BRL,68649.77,68649.77,2026-10-21 12:21:54,,2026-10-21 12:21:54,2026-10-21 12:21:54
1010,PO-001010,9,5,2,partially_received,BRL,15802.29,15802.29,2024-10-17 22:51:32,2024-12-05,2024-10-17 22:51:32,2024-10-17 22:51:32
1011,PO-001011,9,5,6,received,BRL,57144.85,57144.85,2025-01-30 16:25:16,2025-03-23,2025-01-30 16:25:16,2025-01-30 16:25:16
1012,PO-001012,17,5,1,cancelled,BRL,10304.80,10304.80,2022-06-14 06:12:55,2022-06-29,2022-06-14 06:12:55,2022-06-14 06:12:55
1013,PO-001013,8,13,6,received,BRL,45895.20,45895.20,2023-11-07 06:45:54,2023-12-25,2023-11-07 06:45:54,2023-11-07 06:45:54
1014,PO-001014,14,13,2,partially_received,BRL,151636.28,151636.28,2024-09-11 15:04:36,2024-09-25,2024-09-11 15:04:36,2024-09-11 15:04:36
1015,PO-001015,10,5,6,received,BRL,55786.08,55786.08,2025-11-20 00:30:10,2025-12-10,2025-11-20 00:30:10,2025-11-20 00:30:10
1016,PO-001016,8,5,5,received,USD,136825.21,136825.21,2023-09-17 15:15:31,2023-09-28,2023-09-17 15:15:31,2023-09-17 15:15:31
1017,PO-001017,24,13,4,sent,BRL,32571.60,32571.60,2023-12-21 22:31:44,2024-01-12,2023-12-21 22:31:44,2023-12-21 22:31:44
1018,PO-001018,2,5,1,partially_received,BRL,129262.53,129262.53,2024-12-12 14:04:42,2025-01-26,2024-12-12 14:04:42,2024-12-12 14:04:42
1019,PO-001019,20,5,3,received,BRL,158344.49,158344.49,2022-08-29 20:30:41,,2022-08-29 20:30:41,2022-08-29 20:30:41
1020,PO-001020,2,13,2,sent,BRL,100923.79,100923.79,2025-12-24 07:04:21,,2025-12-24 07:04:21,2025-12-24 07:04:21
1021,PO-001021,17,13,3,received,BRL,872.52,872.52,2026-10-22 12:41:30,2026-11-12,2026-10-22 12:41:30,2026-10-22 12:41:30
1022,PO-001022,17,5,2,received,BRL,53433.22,53433.22,2026-12-12 05:11:49,2027-02-02,2026-12-12 05:11:49,2026-12-12 05:11:49
1023,PO-001023,12,5,5,draft,EUR,43330.17,43330.17,2026-11-23 11:30:02,2026-12-13,2026-11-23 11:30:02,2026-11-23 11:30:02
1024,PO-001024,16,5,1,received,BRL,56637.50,56637.50,2024-08-02 00:43:51,2024-09-18,2024-08-02 00:43:51,2024-08-02 00:43:51
1025,PO-001025,5,13,3,received,BRL,122853.48,122853.48,2023-12-15 18:38:05,,2023-12-15 18:38:05,2023-12-15 18:38:05
1026,PO-001026,21,5,5,sent,BRL,96444.25,96444.25,2022-12-12 15:02:40,,2022-12-12 15:02:40,2022-12-12 15:02:40
1027,PO-001027,18,5,5,received,BRL,78236.86,78236.86,2020-11-15 09:11:07,2020-12-01,2020-11-15 09:11:07,2020-11-15 09:11:07
1028,PO-001028,6,5,6,received,BRL,48425.65,48425.65,2026-10-28 16:10:26,2026-12-24,2026-10-28 16:10:26,2026-10-28 16:10:26
1029,PO-001029,23,13,2,received,BRL,47672.92,47672.92,2025-10-20 13:34:45,2025-12-18,2025-10-20 13:34:45,2025-10-20 13:34:45
1030,PO-001030,20,5,2,received,BRL,124078.38,124078.38,2025-09-29 19:52:35,2025-11-14,2025-09-29 19:52:35,2025-09-29 19:52:35
1031,PO-001031,5,13,6,received,BRL,107661.46,107661.46,2023-02-12 02:07:01,2023-03-01,2023-02-12 02:07:01,2023-02-12 02:07:01
1032,PO-001032,6,13,6,received,BRL,5601.80,5601.80,2024-07-21 06:04:23,2024-09-14,2024-07-21 06:04:23,2024-07-21 06:04:23
1033,PO-001033,11,13,5,received,BRL,55932.75,55932.75,2024-09-02 13:09:36,,2024-09-02 13:09:36,2024-09-02 13:09:36
1034,PO-001034,12,5,1,received,BRL,108482.71,108482.71,2023-08-15 13:32:06,2023-09-09,2023-08-15 13:32:06,2023-08-15 13:32:06
1035,PO-001035,18,5,1,sent,BRL,68288.40,68288.40,2020-06-06 04:23:25,2020-08-04,2020-06-06 04:23:25,2020-06-06 04:23:25
1036,PO-001036,24,13,4,received,BRL,128052.28,128052.28,2022-11-13 14:16:00,2022-12-30,2022-11-13 14:16:00,2022-11-13 14:16:00
1037,PO-001037,17,5,6,received,BRL,102658.94,102658.94,2025-01-30 13:46:01,2025-03-22,2025-01-30 13:46:01,2025-01-30 13:46:01
1038,PO-001038,21,13,5,sent,BRL,87133.25,87133.25,2025-02-16 05:47:26,2025-03-18,2025-02-16 05:47:26,2025-02-16 05:47:26
1039,PO-001039,8,5,4,partially_received,EUR,86288.07,86288.07,2022-08-23 18:39:37,,2022-08-23 18:39:37,2022-08-23 18:39:37
1040,PO-001040,25,13,5,received,BRL,121281.87,121281.87,2025-12-28 16:09:04,2026-01-25,2025-12-28 16:09:04,2025-12-28 16:09:04
1041,PO-001041,6,5,4,received,BRL,71469.34,71469.34,2025-01-07 03:18:42,,2025-01-07 03:18:42,2025-01-07 03:18:42
1042,PO-001042,15,5,3,partially_received,BRL,110022.95,110022.95,2021-11-13 15:06:11,2022-01-02,2021-11-13 15:06:11,2021-11-13 15:06:11
1043,PO-001043,23,5,1,received,BRL,69198.12,69198.12,2021-10-23 14:46:02,2021-11-17,2021-10-23 14:46:02,2021-10-23 14:46:02
1044,PO-001044,18,13,5,received,BRL,109023.13,109023.13,2022-10-13 06:36:58,2022-11-16,2022-10-13 06:36:58,2022-10-13 06:36:58
1045,PO-001045,6,13,1,received,BRL,131866.76,131866.76,2020-07-31 13:45:20,2020-09-11,2020-07-31 13:45:20,2020-07-31 13:45:20
1046,PO-001046,14,5,5,received,BRL,149198.10,149198.10,2026-04-11 12:55:37,2026-05-07,2026-04-11 12:55:37,2026-04-11 12:55:37
1047,PO-001047,18,13,6,sent,BRL,100684.22,100684.22,2024-07-08 23:21:03,2024-07-30,2024-07-08 23:21:03,2024-07-08 23:21:03
1048,PO-001048,1,13,3,received,BRL,83044.98,83044.98,2023-09-16 15:34:29,2023-09-28,2023-09-16 15:34:29,2023-09-16 15:34:29
1049,PO-001049,10,5,6,received,BRL,52029.88,52029.88,2020-09-21 21:29:30,2020-10-08,2020-09-21 21:29:30,2020-09-21 21:29:30
1050,PO-001050,13,5,6,sent,BRL,96645.57,96645.57,2024-03-19 20:49:18,2024-05-06,2024-03-19 20:49:18,2024-03-19 20:49:18
1051,PO-001051,20,5,3,received,BRL,117449.82,117449.82,2024-10-23 13:24:30,2024-12-20,2024-10-23 13:24:30,2024-10-23 13:24:30
1052,PO-001052,6,13,6,sent,BRL,12070.53,12070.53,2020-08-29 02:36:12,2020-10-26,2020-08-29 02:36:12,2020-08-29 02:36:12
1053,PO-001053,12,13,5,received,BRL,80174.64,80174.64,2024-01-26 14:44:55,2024-03-07,2024-01-26 14:44:55,2024-01-26 14:44:55
1054,PO-001054,20,5,1,received,BRL,164583.72,164583.72,2022-10-17 09:32:09,2022-11-28,2022-10-17 09:32:09,2022-10-17 09:32:09
1055,PO-001055,13,13,2,received,BRL,118046.34,118046.34,2026-12-09 21:58:36,,2026-12-09 21:58:36,2026-12-09 21:58:36
1056,PO-001056,11,13,6,partially_received,BRL,34713.09,34713.09,2020-04-01 03:52:36,2020-05-12,2020-04-01 03:52:36,2020-04-01 03:52:36
1057,PO-001057,5,13,5,received,BRL,256.52,256.52,2024-09-19 19:33:43,,2024-09-19 19:33:43,2024-09-19 19:33:43
1058,PO-001058,24,5,5,received,BRL,24495.93,24495.93,2025-09-27 09:56:20,2025-10-30,2025-09-27 09:56:20,2025-09-27 09:56:20
1059,PO-001059,14,13,5,received,BRL,151988.39,151988.39,2022-01-15 00:31:00,2022-03-16,2022-01-15 00:31:00,2022-01-15 00:31:00
1060,PO-001060,10,5,6,received,BRL,55031.92,55031.92,2025-06-29 12:02:43,2025-07-02,2025-06-29 12:02:43,2025-06-29 12:02:43
1061,PO-001061,14,5,5,sent,BRL,92932.55,92932.55,2022-08-30 23:41:25,2022-10-29,2022-08-30 23:41:25,2022-08-30 23:41:25
1062,PO-001062,7,13,3,received,BRL,67345.75,67345.75,2022-05-20 17:52:17,2022-06-25,2022-05-20 17:52:17,2022-05-20 17:52:17
1063,PO-001063,17,5,5,cancelled,BRL,26419.11,26419.11,2023-06-06 20:35:34,2023-06-11,2023-06-06 20:35:34,2023-06-06 20:35:34
1064,PO-001064,6,5,2,cancelled,BRL,56502.14,56502.14,2024-02-24 18:38:57,2024-03-22,2024-02-24 18:38:57,2024-02-24 18:38:57
1065,PO-001065,1,5,6,received,BRL,1650.00,1650.00,2024-10-15 17:18:17,2024-12-10,2024-10-15 17:18:17,2024-10-15 17:18:17
1066,PO-001066,15,13,4,sent,BRL,26905.14,26905.14,2021-12-17 09:37:10,2022-01-02,2021-12-17 09:37:10,2021-12-17 09:37:10
1067,PO-001067,22,13,6,partially_received,BRL,142384.88,142384.88,2024-01-02 00:24:22,2024-01-27,2024-01-02 00:24:22,2024-01-02 00:24:22
1068,PO-001068,7,13,3,partially_received,BRL,38108.64,38108.64,2026-10-02 21:05:53,2026-11-18,2026-10-02 21:05:53,2026-10-02 21:05:53
1069,PO-001069,4,13,4,sent,BRL,30884.98,30884.98,2025-07-04 11:42:53,2025-07-30,2025-07-04 11:42:53,2025-07-04 11:42:53
1070,PO-001070,17,13,1,received,BRL,55847.85,55847.85,2026-11-06 14:37:13,2026-12-29,2026-11-06 14:37:13,2026-11-06 14:37:13
1071,PO-001071,13,5,2,received,BRL,87765.93,87765.93,2023-09-09 04:37:08,2023-10-10,2023-09-09 04:37:08,2023-09-09 04:37:08
1072,PO-001072,3,5,5,partially_received,BRL,149235.59,149235.59,2025-08-11 01:45:24,2025-09-18,2025-08-11 01:45:24,2025-08-11 01:45:24
1073,PO-001073,17,5,3,received,BRL,87534.06,87534.06,2020-09-05 09:34:11,,2020-09-05 09:34:11,2020-09-05 09:34:11
1074,PO-001074,10,5,6,received,BRL,68264.93,68264.93,2026-11-11 18:04:23,2026-12-24,2026-11-11 18:04:23,2026-11-11 18:04:23
1075,PO-001075,8,13,5,received,USD,148976.78,148976.78,2023-10-24 12:35:31,2023-11-30,2023-10-24 12:35:31,2023-10-24 12:35:31
1076,PO-001076,16,13,4,received,BRL,28034.82,28034.82,2020-03-18 09:06:13,2020-04-19,2020-03-18 09:06:13,2020-03-18 09:06:13
1077,PO-001077,10,13,3,partially_received,BRL,26036.54,26036.54,2025-09-28 09:29:18,2025-11-05,2025-09-28 09:29:18,2025-09-28 09:29:18
1078,PO-001078,2,13,5,received,BRL,152199.03,152199.03,2026-11-11 21:12:16,,2026-11-11 21:12:16,2026-11-11 21:12:16
1079,PO-001079,18,13,1,received,BRL,44780.01,44780.01,2024-02-21 13:04:42,2024-03-10,2024-02-21 13:04:42,2024-02-21 13:04:42
1080,PO-001080,1,5,2,cancelled,BRL,71029.06,71029.06,2026-10-29 16:20:13,2026-11-05,2026-10-29 16:20:13,2026-10-29 16:20:13
1081,PO-001081,10,5,3,partially_received,BRL,157490.99,157490.99,2020-04-12 16:57:59,2020-05-09,2020-04-12 16:57:59,2020-04-12 16:57:59
1082,PO-001082,21,13,2,received,BRL,23903.25,23903.25,2023-01-13 23:30:39,2023-01-19,2023-01-13 23:30:39,2023-01-13 23:30:39
1083,PO-001083,15,5,1,sent,BRL,63708.58,63708.58,2026-02-03 14:27:24,,2026-02-03 14:27:24,2026-02-03 14:27:24
1084,PO-001084,10,13,4,partially_received,BRL,74221.91,74221.91,2023-08-17 03:29:29,,2023-08-17 03:29:29,2023-08-17 03:29:29
1085,PO-001085,17,13,3,received,BRL,98542.82,98542.82,2023-12-21 11:36:07,2024-01-10,2023-12-21 11:36:07,2023-12-21 11:36:07
1086,PO-001086,6,13,3,cancelled,BRL,71468.14,71468.14,2021-10-04 01:36:24,,2021-10-04 01:36:24,2021-10-04 01:36:24
1087,PO-001087,13,5,4,partially_received,BRL,112284.97,112284.97,2024-08-11 03:35:44,,2024-08-11 03:35:44,2024-08-11 03:35:44
1088,PO-001088,22,5,2,received,BRL,46275.58,46275.58,2023-05-25 14:01:30,2023-06-15,2023-05-25 14:01:30,2023-05-25 14:01:30
1089,PO-001089,5,5,6,received,BRL,144514.14,144514.14,2025-09-16 07:06:18,2025-11-11,2025-09-16 07:06:18,2025-09-16 07:06:18
1090,PO-001090,5,13,6,received,BRL,52887.43,52887.43,2022-01-10 11:02:19,2022-02-13,2022-01-10 11:02:19,2022-01-10 11:02:19
1091,PO-001091,20,13,3,received,BRL,54654.67,54654.67,2026-01-10 04:08:07,2026-01-24,2026-01-10 04:08:07,2026-01-10 04:08:07
1092,PO-001092,19,13,5,received,BRL,146776.82,146776.82,2023-09-24 11:37:14,2023-11-03,2023-09-24 11:37:14,2023-09-24 11:37:14
1093,PO-001093,6,13,6,received,BRL,89357.65,89357.65,2021-10-30 12:15:28,,2021-10-30 12:15:28,2021-10-30 12:15:28
1094,PO-001094,19,5,4,received,BRL,63605.05,63605.05,2022-10-07 11:04:22,2022-10-13,2022-10-07 11:04:22,2022-10-07 11:04:22
1095,PO-001095,6,5,5,received,BRL,200262.80,200262.80,2024-03-26 01:25:07,2024-04-22,2024-03-26 01:25:07,2024-03-26 01:25:07
1096,PO-001096,18,13,1,partially_received,BRL,70542.25,70542.25,2022-01-23 21:21:03,2022-03-22,2022-01-23 21:21:03,2022-01-23 21:21:03
1097,PO-001097,6,5,5,partially_received,BRL,89684.70,89684.70,2022-08-02 21:44:55,,2022-08-02 21:44:55,2022-08-02 21:44:55
1098,PO-001098,14,13,2,sent,BRL,41597.82,41597.82,2020-10-25 05:57:48,,2020-10-25 05:57:48,2020-10-25 05:57:48
1099,PO-001099,19,5,6,received,BRL,62851.39,62851.39,2020-10-11 18:33:07,2020-10-28,2020-10-11 18:33:07,2020-10-11 18:33:07
1100,PO-001100,16,13,5,received,BRL,58595.37,58595.37,2020-08-12 22:11:09,2020-09-16,2020-08-12 22:11:09,2020-08-12 22:11:09
1101,PO-001101,14,5,3,received,BRL,117119.99,117119.99,2026-11-14 00:48:17,,2026-11-14 00:48:17,2026-11-14 00:48:17
1102,PO-001102,8,13,2,received,EUR,8451.60,8451.60,2025-07-08 20:25:09,2025-08-14,2025-07-08 20:25:09,2025-07-08 20:25:09
1103,PO-001103,15,5,2,received,BRL,33086.70,33086.70,2022-03-27 00:08:07,,2022-03-27 00:08:07,2022-03-27 00:08:07
1104,PO-001104,24,13,3,draft,BRL,116492.06,116492.06,2024-01-16 23:24:57,,2024-01-16 23:24:57,2024-01-16 23:24:57
1105,PO-001105,24,5,4,received,BRL,105766.38,105766.38,2025-09-03 06:56:52,2025-09-21,2025-09-03 06:56:52,2025-09-03 06:56:52
1106,PO-001106,23,5,4,received,BRL,191.15,191.15,2026-05-18 11:51:59,2026-06-29,2026-05-18 11:51:59,2026-05-18 11:51:59
1107,PO-001107,14,13,3,received,BRL,73390.05,73390.05,2022-07-17 23:21:57,2022-08-13,2022-07-17 23:21:57,2022-07-17 23:21:57
1108,PO-001108,13,5,3,draft,BRL,97478.61,97478.61,2026-01-04 20:20:12,2026-01-29,2026-01-04 20:20:12,2026-01-04 20:20:12
1109,PO-001109,13,13,2,received,BRL,4503.18,4503.18,2023-11-26 21:16:34,2023-12-21,2023-11-26 21:16:34,2023-11-26 21:16:34
1110,PO-001110,12,5,6,received,EUR,92439.10,92439.10,2025-09-17 20:14:09,2025-11-11,2025-09-17 20:14:09,2025-09-17 20:14:09
1111,PO-001111,23,5,3,received,BRL,17309.90,17309.90,2023-07-02 09:53:25,2023-07-27,2023-07-02 09:53:25,2023-07-02 09:53:25
1112,PO-001112,5,13,3,received,BRL,126393.53,126393.53,2026-05-15 10:54:14,2026-06-27,2026-05-15 10:54:14,2026-05-15 10:54:14
1113,PO-001113,2,5,6,received,BRL,48468.33,48468.33,2025-09-16 09:02:50,2025-11-12,2025-09-16 09:02:50,2025-09-16 09:02:50
1114,PO-001114,11,13,6,received,BRL,56341.80,56341.80,2025-12-07 17:48:00,2026-02-01,2025-12-07 17:48:00,2025-12-07 17:48:00
1115,PO-001115,2,5,5,cancelled,BRL,70251.00,70251.00,2022-06-14 12:20:50,2022-07-16,2022-06-14 12:20:50,2022-06-14 12:20:50
1116,PO-001116,5,5,1,partially_received,BRL,155479.48,155479.48,2023-07-28 15:52:33,2023-09-06,2023-07-28 15:52:33,2023-07-28 15:52:33
1117,PO-001117,2,13,6,cancelled,BRL,128160.25,128160.25,2024-12-19 00:15:28,2025-01-30,2024-12-19 00:15:28,2024-12-19 00:15:28
1118,PO-001118,2,5,5,draft,BRL,184610.12,184610.12,2024-09-14 04:08:46,2024-10-24,2024-09-14 04:08:46,2024-09-14 04:08:46
1119,PO-001119,22,13,4,received,BRL,200448.02,200448.02,2026-11-01 12:10:52,2026-12-21,2026-11-01 12:10:52,2026-11-01 12:10:52
1120,PO-001120,1,5,3,received,BRL,19612.25,19612.25,2020-01-27 01:09:33,2020-03-05,2020-01-27 01:09:33,2020-01-27 01:09:33
1121,PO-001121,14,5,1,draft,BRL,107818.15,107818.15,2026-11-14 21:16:50,2026-12-22,2026-11-14 21:16:50,2026-11-14 21:16:50
1122,PO-001122,22,13,4,partially_received,BRL,15495.54,15495.54,2025-08-29 19:29:00,2025-09-16,2025-08-29 19:29:00,2025-08-29 19:29:00
1123,PO-001123,5,5,5,received,BRL,137019.25,137019.25,2024-06-15 09:53:54,2024-06-26,2024-06-15 09:53:54,2024-06-15 09:53:54
1124,PO-001124,18,5,4,received,BRL,37843.53,37843.53,2025-03-11 07:15:26,2025-04-24,2025-03-11 07:15:26,2025-03-11 07:15:26
1125,PO-001125,23,13,5,partially_received,BRL,635.56,635.56,2025-01-17 10:41:38,2025-03-14,2025-01-17 10:41:38,2025-01-17 10:41:38
1126,PO-001126,15,5,3,received,BRL,80030.48,80030.48,2022-12-10 22:08:05,2023-02-03,2022-12-10 22:08:05,2022-12-10 22:08:05
1127,PO-001127,5,13,5,received,BRL,9284.39,9284.39,2023-09-26 23:44:12,2023-10-26,2023-09-26 23:44:12,2023-09-26 23:44:12
1128,PO-001128,8,5,6,received,BRL,102580.50,102580.50,2025-08-24 15:31:07,,2025-08-24 15:31:07,2025-08-24 15:31:07
1129,PO-001129,2,13,2,received,BRL,16723.20,16723.20,2025-06-17 19:31:55,2025-08-03,2025-06-17 19:31:55,2025-06-17 19:31:55
1130,PO-001130,7,5,1,received,BRL,149032.55,149032.55,2026-04-18 05:53:18,2026-05-25,2026-04-18 05:53:18,2026-04-18 05:53:18
1131,PO-001131,21,5,1,received,BRL,31814.12,31814.12,2022-03-02 20:33:55,2022-04-23,2022-03-02 20:33:55,2022-03-02 20:33:55
1132,PO-001132,22,13,2,received,BRL,125894.45,125894.45,2020-10-24 02:49:27,2020-11-24,2020-10-24 02:49:27,2020-10-24 02:49:27
1133,PO-001133,24,13,3,partially_received,BRL,53587.67,53587.67,2023-09-10 17:33:26,2023-09-28,2023-09-10 17:33:26,2023-09-10 17:33:26
1134,PO-001134,15,13,6,sent,BRL,113220.21,113220.21,2026-03-15 19:46:44,2026-04-15,2026-03-15 19:46:44,2026-03-15 19:46:44
1135,PO-001135,22,5,6,received,BRL,102986.04,102986.04,2025-08-10 06:51:02,2025-08-13,2025-08-10 06:51:02,2025-08-10 06:51:02
1136,PO-001136,9,5,3,received,BRL,34038.40,34038.40,2021-05-07 04:43:00,,2021-05-07 04:43:00,2021-05-07 04:43:00
1137,PO-001137,9,13,5,sent,BRL,34804.00,34804.00,2023-02-26 19:32:50,,2023-02-26 19:32:50,2023-02-26 19:32:50
1138,PO-001138,18,13,4,received,BRL,115391.79,115391.79,2022-01-02 11:01:54,2022-01-25,2022-01-02 11:01:54,2022-01-02 11:01:54
1139,PO-001139,8,13,4,received,USD,96636.75,96636.75,2023-10-17 21:25:15,2023-12-01,2023-10-17 21:25:15,2023-10-17 21:25:15
1140,PO-001140,18,5,2,received,BRL,66611.16,66611.16,2021-12-01 09:00:21,2021-12-28,2021-12-01 09:00:21,2021-12-01 09:00:21
1141,PO-001141,13,13,4,cancelled,BRL,146273.17,146273.17,2023-09-23 08:13:51,,2023-09-23 08:13:51,2023-09-23 08:13:51
1142,PO-001142,6,13,4,received,BRL,48284.60,48284.60,2020-09-12 00:22:49,2020-10-02,2020-09-12 00:22:49,2020-09-12 00:22:49
1143,PO-001143,11,5,6,sent,BRL,222433.70,222433.70,2021-08-15 18:36:59,2021-08-29,2021-08-15 18:36:59,2021-08-15 18:36:59
1144,PO-001144,3,5,6,partially_received,BRL,73192.11,73192.11,2020-11-21 21:10:40,2020-12-24,2020-11-21 21:10:40,2020-11-21 21:10:40
1145,PO-001145,23,13,4,partially_received,BRL,44358.30,44358.30,2020-01-01 05:31:21,2020-01-14,2020-01-01 05:31:21,2020-01-01 05:31:21
1146,PO-001146,18,13,4,cancelled,BRL,78631.85,78631.85,2025-03-10 16:44:54,2025-04-25,2025-03-10 16:44:54,2025-03-10 16:44:54
1147,PO-001147,8,5,4,received,USD,39092.68,39092.68,2026-11-04 03:18:10,2026-11-28,2026-11-04 03:18:10,2026-11-04 03:18:10
1148,PO-001148,1,5,4,partially_received,BRL,164937.25,164937.25,2021-07-17 16:28:37,2021-08-26,2021-07-17 16:28:37,2021-07-17 16:28:37
1149,PO-001149,15,5,4,sent,BRL,72693.64,72693.64,2024-09-07 07:12:21,2024-09-20,2024-09-07 07:12:21,2024-09-07 07:12:21
1150,PO-001150,3,13,3,partially_received,BRL,27519.90,27519.90,2025-08-18 04:51:33,2025-09-05,2025-08-18 04:51:33,2025-08-18 04:51:33
1151,PO-001151,1,5,4,received,BRL,106677.14,106677.14,2026-12-09 17:33:36,,2026-12-09 17:33:36,2026-12-09 17:33:36
1152,PO-001152,21,13,1,received,BRL,179654.85,179654.85,2026-01-24 20:37:24,,2026-01-24 20:37:24,2026-01-24 20:37:24
1153,PO-001153,18,5,1,received,BRL,161127.76,161127.76,2026-07-21 17:57:01,2026-09-11,2026-07-21 17:57:01,2026-07-21 17:57:01
1154,PO-001154,15,13,4,sent,BRL,25919.10,25919.10,2022-12-15 03:50:26,,2022-12-15 03:50:26,2022-12-15 03:50:26
1155,PO-001155,6,13,4,received,BRL,88903.26,88903.26,2021-10-01 03:46:50,2021-11-24,2021-10-01 03:46:50,2021-10-01 03:46:50
1156,PO-001156,8,13,4,received,BRL,75578.70,75578.70,2020-11-09 12:34:42,2020-12-05,2020-11-09 12:34:42,2020-11-09 12:34:42
1157,PO-001157,9,13,3,partially_received,BRL,11642.31,11642.31,2024-06-30 15:27:08,2024-08-16,2024-06-30 15:27:08,2024-06-30 15:27:08
1158,PO-001158,20,5,2,received,BRL,46729.20,46729.20,2023-08-12 18:11:02,2023-10-04,2023-08-12 18:11:02,2023-08-12 18:11:02
1159,PO-001159,16,13,5,sent,BRL,78561.62,78561.62,2025-04-18 04:03:47,2025-05-30,2025-04-18 04:03:47,2025-04-18 04:03:47
1160,PO-001160,5,13,5,partially_received,BRL,27409.50,27409.50,2026-08-08 02:50:02,2026-08-17,2026-08-08 02:50:02,2026-08-08 02:50:02
1161,PO-001161,3,13,1,received,BRL,88038.10,88038.10,2020-09-11 05:47:29,2020-11-07,2020-09-11 05:47:29,2020-09-11 05:47:29
1162,PO-001162,14,13,6,received,BRL,119510.45,119510.45,2022-09-03 10:05:10,2022-10-27,2022-09-03 10:05:10,2022-09-03 10:05:10
1163,PO-001163,22,5,1,received,BRL,80775.54,80775.54,2026-10-09 20:38:09,2026-11-03,2026-10-09 20:38:09,2026-10-09 20:38:09
1164,PO-001164,5,5,3,draft,BRL,7351.50,7351.50,2024-01-01 09:33:33,2024-02-23,2024-01-01 09:33:33,2024-01-01 09:33:33
1165,PO-001165,24,5,6,received,BRL,27946.13,27946.13,2026-12-14 07:24:13,2027-02-11,2026-12-14 07:24:13,2026-12-14 07:24:13
1166,PO-001166,10,5,3,partially_received,BRL,64877.47,64877.47,2026-03-08 04:15:26,,2026-03-08 04:15:26,2026-03-08 04:15:26
1167,PO-001167,10,5,6,received,BRL,27055.76,27055.76,2025-11-26 05:07:29,2026-01-24,2025-11-26 05:07:29,2025-11-26 05:07:29
1168,PO-001168,14,13,1,received,BRL,109631.70,109631.70,2025-06-17 19:47:41,2025-08-10,2025-06-17 19:47:41,2025-06-17 19:47:41
1169,PO-001169,8,5,5,cancelled,BRL,38946.85,38946.85,2022-09-14 15:26:51,2022-11-05,2022-09-14 15:26:51,2022-09-14 15:26:51
1170,PO-001170,15,13,5,draft,BRL,33357.12,33357.12,2021-02-21 08:51:17,2021-04-20,2021-02-21 08:51:17,2021-02-21 08:51:17
1171,PO-001171,4,5,2,cancelled,BRL,34148.38,34148.38,2025-10-09 18:17:45,2025-10-19,2025-10-09 18:17:45,2025-10-09 18:17:45
1172,PO-001172,21,5,2,received,BRL,13428.45,13428.45,2023-10-07 08:12:05,,2023-10-07 08:12:05,2023-10-07 08:12:05
1173,PO-001173,16,5,4,partially_received,BRL,114994.15,114994.15,2021-10-10 06:50:45,2021-10-13,2021-10-10 06:50:45,2021-10-10 06:50:45
1174,PO-001174,6,5,6,partially_received,BRL,73450.17,73450.17,2026-08-06 02:17:19,2026-08-26,2026-08-06 02:17:19,2026-08-06 02:17:19
1175,PO-001175,11,5,4,draft,BRL,65743.45,65743.45,2022-09-15 17:48:41,2022-09-21,2022-09-15 17:48:41,2022-09-15 17:48:41
1176,PO-001176,19,5,6,received,BRL,239080.19,239080.19,2020-10-17 03:43:51,2020-11-28,2020-10-17 03:43:51,2020-10-17 03:43:51
1177,PO-001177,4,5,3,received,BRL,74386.78,74386.78,2024-11-02 21:50:50,2024-12-02,2024-11-02 21:50:50,2024-11-02 21:50:50
1178,PO-001178,10,5,5,sent,BRL,79005.77,79005.77,2026-11-04 15:06:05,2026-12-09,2026-11-04 15:06:05,2026-11-04 15:06:05
1179,PO-001179,24,5,6,received,BRL,123023.72,123023.72,2024-01-06 16:19:28,2024-02-01,2024-01-06 16:19:28,2024-01-06 16:19:28
1180,PO-001180,9,13,4,received,BRL,132460.39,132460.39,2020-09-09 19:38:40,2020-10-01,2020-09-09 19:38:40,2020-09-09 19:38:40
1181,PO-001181,16,13,2,received,BRL,35610.55,35610.55,2023-11-01 17:31:06,2023-11-04,2023-11-01 17:31:06,2023-11-01 17:31:06
1182,PO-001182,15,5,5,received,BRL,90637.33,90637.33,2021-05-11 01:37:23,2021-05-25,2021-05-11 01:37:23,2021-05-11 01:37:23
1183,PO-001183,13,5,6,sent,BRL,52187.28,52187.28,2023-02-17 07:25:17,2023-03-08,2023-02-17 07:25:17,2023-02-17 07:25:17
1184,PO-001184,19,13,6,received,BRL,30299.40,30299.40,2022-08-28 19:33:33,2022-10-25,2022-08-28 19:33:33,2022-08-28 19:33:33
1185,PO-001185,18,5,2,received,BRL,77388.83,77388.83,2022-02-18 10:02:58,2022-03-14,2022-02-18 10:02:58,2022-02-18 10:02:58
1186,PO-001186,22,13,4,received,BRL,97264.10,97264.10,2026-06-16 09:27:03,2026-08-02,2026-06-16 09:27:03,2026-06-16 09:27:03
1187,PO-001187,7,13,5,received,BRL,92436.06,92436.06,2024-10-20 18:48:57,2024-11-22,2024-10-20 18:48:57,2024-10-20 18:48:57
1188,PO-001188,12,5,5,received,USD,160140.69,160140.69,2023-10-29 10:57:10,2023-12-12,2023-10-29 10:57:10,2023-10-29 10:57:10
1189,PO-001189,20,13,6,sent,BRL,12409.43,12409.43,2023-08-03 17:46:08,2023-09-07,2023-08-03 17:46:08,2023-08-03 17:46:08
1190,PO-001190,7,5,2,partially_received,BRL,21264.39,21264.39,2025-03-30 09:10:02,2025-04-10,2025-03-30 09:10:02,2025-03-30 09:10:02
1191,PO-001191,6,5,1,received,BRL,90047.78,90047.78,2024-12-23 21:24:32,2025-01-12,2024-12-23 21:24:32,2024-12-23 21:24:32
1192,PO-001192,7,5,1,received,BRL,76320.05,76320.05,2026-03-30 20:03:41,2026-04-08,2026-03-30 20:03:41,2026-03-30 20:03:41
1193,PO-001193,21,5,2,partially_received,BRL,104250.90,104250.90,2026-07-07 22:55:09,2026-07-19,2026-07-07 22:55:09,2026-07-07 22:55:09
1194,PO-001194,11,13,2,received,BRL,57831.08,57831.08,2020-11-23 01:14:31,2021-01-08,2020-11-23 01:14:31,2020-11-23 01:14:31
1195,PO-001195,9,5,4,received,BRL,81131.72,81131.72,2022-03-20 15:32:59,2022-04-12,2022-03-20 15:32:59,2022-03-20 15:32:59
1196,PO-001196,12,13,2,received,EUR,90600.58,90600.58,2025-06-06 12:58:02,2025-07-06,2025-06-06 12:58:02,2025-06-06 12:58:02
1197,PO-001197,15,5,3,received,BRL,38709.66,38709.66,2026-01-30 20:47:08,2026-02-06,2026-01-30 20:47:08,2026-01-30 20:47:08
1198,PO-001198,7,5,2,received,BRL,45527.10,45527.10,2025-07-15 17:07:32,2025-08-23,2025-07-15 17:07:32,2025-07-15 17:07:32
1199,PO-001199,11,13,5,partially_received,BRL,29954.56,29954.56,2025-02-21 07:25:03,2025-04-17,2025-02-21 07:25:03,2025-02-21 07:25:03
1200,PO-001200,19,13,4,partially_received,BRL,102798.15,102798.15,2024-12-20 18:04:52,2025-02-08,2024-12-20 18:04:52,2024-12-20 18:04:52
1201,PO-001201,19,5,2,received,BRL,149012.14,149012.14,2020-08-10 03:21:28,2020-10-05,2020-08-10 03:21:28,2020-08-10 03:21:28
1202,PO-001202,10,13,2,received,BRL,191210.70,191210.70,2022-11-26 04:31:21,2022-12-17,2022-11-26 04:31:21,2022-11-26 04:31:21
1203,PO-001203,5,5,3,draft,BRL,50064.75,50064.75,2026-09-27 06:56:56,2026-10-12,2026-09-27 06:56:56,2026-09-27 06:56:56
1204,PO-001204,17,5,6,sent,BRL,23706.38,23706.38,2024-05-13 16:42:25,2024-07-09,2024-05-13 16:42:25,2024-05-13 16:42:25
1205,PO-001205,6,13,5,received,BRL,91791.88,91791.88,2026-01-04 05:42:43,2026-02-17,2026-01-04 05:42:43,2026-01-04 05:42:43
1206,PO-001206,12,5,1,received,EUR,10883.89,10883.89,2025-10-30 01:18:04,2025-11-29,2025-10-30 01:18:04,2025-10-30 01:18:04
1207,PO-001207,10,13,6,sent,BRL,113951.18,113951.18,2026-10-09 10:58:59,2026-11-10,2026-10-09 10:58:59,2026-10-09 10:58:59
1208,PO-001208,2,13,5,draft,BRL,40528.51,40528.51,2024-02-03 14:51:19,,2024-02-03 14:51:19,2024-02-03 14:51:19
1209,PO-001209,11,13,4,sent,BRL,107182.08,107182.08,2021-12-25 04:40:00,2022-02-21,2021-12-25 04:40:00,2021-12-25 04:40:00
1210,PO-001210,18,13,2,partially_received,BRL,51590.84,51590.84,2021-09-17 13:55:53,,2021-09-17 13:55:53,2021-09-17 13:55:53
1211,PO-001211,18,13,5,partially_received,BRL,73110.90,73110.90,2022-12-19 00:53:41,2023-02-01,2022-12-19 00:53:41,2022-12-19 00:53:41
1212,PO-001212,9,5,1,sent,BRL,67062.28,67062.28,2026-10-07 22:11:13,2026-10-25,2026-10-07 22:11:13,2026-10-07 22:11:13
1213,PO-001213,2,5,4,partially_received,BRL,11097.33,11097.33,2021-04-30 18:03:54,2021-05-11,2021-04-30 18:03:54,2021-04-30 18:03:54
1214,PO-001214,3,13,3,received,BRL,113911.48,113911.48,2024-09-19 09:29:58,2024-11-12,2024-09-19 09:29:58,2024-09-19 09:29:58
1215,PO-001215,6,5,4,received,BRL,123002.47,123002.47,2020-10-26 19:58:27,2020-11-18,2020-10-26 19:58:27,2020-10-26 19:58:27
1216,PO-001216,17,13,1,partially_received,BRL,66131.65,66131.65,2020-05-25 08:25:51,,2020-05-25 08:25:51,2020-05-25 08:25:51
1217,PO-001217,2,5,1,received,BRL,123997.28,123997.28,2023-08-01 14:28:47,2023-08-24,2023-08-01 14:28:47,2023-08-01 14:28:47
1218,PO-001218,6,5,5,received,BRL,87503.56,87503.56,2022-11-19 14:07:47,,2022-11-19 14:07:47,2022-11-19 14:07:47
1219,PO-001219,1,5,6,received,BRL,115968.30,115968.30,2020-08-14 10:47:39,2020-09-25,2020-08-14 10:47:39,2020-08-14 10:47:39
1220,PO-001220,25,13,1,draft,BRL,23390.28,23390.28,2020-02-04 20:00:26,2020-03-20,2020-02-04 20:00:26,2020-02-04 20:00:26
1221,PO-001221,21,5,4,partially_received,BRL,73055.26,73055.26,2025-01-05 13:17:42,2025-01-24,2025-01-05 13:17:42,2025-01-05 13:17:42
1222,PO-001222,12,5,3,received,EUR,90154.36,90154.36,2022-09-26 23:09:38,,2022-09-26 23:09:38,2022-09-26 23:09:38
1223,PO-001223,21,5,4,received,BRL,72146.95,72146.95,2026-11-16 12:16:35,,2026-11-16 12:16:35,2026-11-16 12:16:35
1224,PO-001224,15,5,6,received,BRL,62002.26,62002.26,2026-04-29 04:39:59,2026-05-17,2026-04-29 04:39:59,2026-04-29 04:39:59
1225,PO-001225,25,13,2,partially_received,BRL,29698.05,29698.05,2026-07-04 17:41:55,2026-07-10,2026-07-04 17:41:55,2026-07-04 17:41:55
1226,PO-001226,7,13,4,received,BRL,121202.49,121202.49,2026-09-04 21:06:37,2026-10-20,2026-09-04 21:06:37,2026-09-04 21:06:37
1227,PO-001227,23,5,3,received,BRL,150515.62,150515.62,2022-06-13 15:36:21,2022-06-22,2022-06-13 15:36:21,2022-06-13 15:36:21
1228,PO-001228,8,5,6,sent,BRL,9878.76,9878.76,2022-09-25 08:41:48,,2022-09-25 08:41:48,2022-09-25 08:41:48
1229,PO-001229,5,5,5,partially_received,BRL,10983.14,10983.14,2021-12-25 21:58:01,,2021-12-25 21:58:01,2021-12-25 21:58:01
1230,PO-001230,23,5,2,received,BRL,70976.79,70976.79,2022-10-01 16:15:49,2022-10-14,2022-10-01 16:15:49,2022-10-01 16:15:49
1231,PO-001231,22,5,6,received,BRL,56517.99,56517.99,2022-10-08 22:32:34,2022-10-22,2022-10-08 22:32:34,2022-10-08 22:32:34
1232,PO-001232,21,13,4,received,BRL,65749.20,65749.20,2026-10-01 12:29:11,2026-11-03,2026-10-01 12:29:11,2026-10-01 12:29:11
1233,PO-001233,12,13,2,received,BRL,154162.52,154162.52,2022-03-08 18:52:22,,2022-03-08 18:52:22,2022-03-08 18:52:22
1234,PO-001234,15,5,1,received,BRL,113510.97,113510.97,2024-08-03 18:54:15,2024-08-21,2024-08-03 18:54:15,2024-08-03 18:54:15
1235,PO-001235,6,5,3,sent,BRL,75710.31,75710.31,2023-11-07 22:13:00,2023-11-20,2023-11-07 22:13:00,2023-11-07 22:13:00
1236,PO-001236,5,5,1,received,BRL,23173.70,23173.70,2023-12-17 22:34:57,2024-01-15,2023-12-17 22:34:57,2023-12-17 22:34:57
1237,PO-001237,16,5,4,received,BRL,21596.77,21596.77,2024-09-04 08:34:20,2024-10-14,2024-09-04 08:34:20,2024-09-04 08:34:20
1238,PO-001238,8,13,4,draft,USD,547.91,547.91,2025-05-29 03:43:09,2025-07-01,2025-05-29 03:43:09,2025-05-29 03:43:09
1239,PO-001239,17,5,5,partially_received,BRL,134643.99,134643.99,2025-10-07 12:21:04,2025-11-23,2025-10-07 12:21:04,2025-10-07 12:21:04
1240,PO-001240,8,13,5,received,EUR,73642.97,73642.97,2026-09-14 11:37:56,2026-11-03,2026-09-14 11:37:56,2026-09-14 11:37:56
1241,PO-001241,12,13,2,received,BRL,166483.11,166483.11,2025-03-03 17:45:35,,2025-03-03 17:45:35,2025-03-03 17:45:35
1242,PO-001242,5,5,4,received,BRL,153674.21,153674.21,2023-09-14 14:08:29,,2023-09-14 14:08:29,2023-09-14 14:08:29
1243,PO-001243,17,5,4,received,BRL,56697.53,56697.53,2023-10-27 20:56:19,,2023-10-27 20:56:19,2023-10-27 20:56:19
1244,PO-001244,20,13,4,received,BRL,54510.26,54510.26,2026-08-07 07:54:48,2026-09-26,2026-08-07 07:54:48,2026-08-07 07:54:48
1245,PO-001245,19,13,3,received,BRL,56362.76,56362.76,2021-09-15 14:17:48,2021-10-10,2021-09-15 14:17:48,2021-09-15 14:17:48
1246,PO-001246,22,5,6,received,BRL,17013.81,17013.81,2026-06-18 03:36:04,,2026-06-18 03:36:04,2026-06-18 03:36:04
1247,PO-001247,10,5,6,partially_received,BRL,42569.52,42569.52,2020-07-01 15:26:09,2020-08-07,2020-07-01 15:26:09,2020-07-01 15:26:09
1248,PO-001248,18,5,6,sent,BRL,89101.69,89101.69,2024-08-09 11:27:43,2024-09-08,2024-08-09 11:27:43,2024-08-09 11:27:43
1249,PO-001249,10,5,1,received,BRL,79550.36,79550.36,2020-09-03 03:07:22,2020-10-15,2020-09-03 03:07:22,2020-09-03 03:07:22
1250,PO-001250,13,13,6,received,BRL,128045.51,128045.51,2024-12-10 15:34:32,2024-12-19,2024-12-10 15:34:32,2024-12-10 15:34:32
1251,PO-001251,6,13,5,partially_received,BRL,118482.83,118482.83,2023-10-22 00:38:11,,2023-10-22 00:38:11,2023-10-22 00:38:11
1252,PO-001252,1,13,5,received,BRL,19081.40,19081.40,2025-06-13 01:26:11,2025-08-12,2025-06-13 01:26:11,2025-06-13 01:26:11
1253,PO-001253,20,5,1,received,BRL,53078.66,53078.66,2026-07-27 14:23:42,2026-08-20,2026-07-27 14:23:42,2026-07-27 14:23:42
1254,PO-001254,11,5,6,partially_received,BRL,2449.86,2449.86,2026-09-21 13:32:41,,2026-09-21 13:32:41,2026-09-21 13:32:41
1255,PO-001255,21,13,1,sent,BRL,121043.44,121043.44,2025-09-06 21:25:57,2025-10-02,2025-09-06 21:25:57,2025-09-06 21:25:57
1256,PO-001256,1,13,6,partially_received,BRL,146028.11,146028.11,2024-10-05 01:57:19,2024-11-22,2024-10-05 01:57:19,2024-10-05 01:57:19
1257,PO-001257,17,5,6,received,BRL,44802.48,44802.48,2025-08-08 22:20:16,2025-09-07,2025-08-08 22:20:16,2025-08-08 22:20:16
1258,PO-001258,17,13,5,received,BRL,15634.65,15634.65,2021-09-30 08:44:55,2021-11-29,2021-09-30 08:44:55,2021-09-30 08:44:55
1259,PO-001259,21,5,6,received,BRL,33024.84,33024.84,2022-12-19 15:18:15,,2022-12-19 15:18:15,2022-12-19 15:18:15
1260,PO-001260,12,13,3,received,BRL,65132.18,65132.18,2024-06-04 22:36:24,2024-07-19,2024-06-04 22:36:24,2024-06-04 22:36:24
1261,PO-001261,22,5,3,partially_received,BRL,79435.92,79435.92,2026-05-05 08:53:37,,2026-05-05 08:53:37,2026-05-05 08:53:37
1262,PO-001262,25,5,1,draft,BRL,8507.68,8507.68,2025-04-16 10:40:25,2025-05-30,2025-04-16 10:40:25,2025-04-16 10:40:25
1263,PO-001263,21,5,4,received,BRL,71534.60,71534.60,2021-11-10 21:03:54,2021-12-10,2021-11-10 21:03:54,2021-11-10 21:03:54
1264,PO-001264,14,13,1,received,BRL,144636.00,144636.00,2020-09-11 16:37:28,,2020-09-11 16:37:28,2020-09-11 16:37:28
1265,PO-001265,2,13,1,received,BRL,113949.62,113949.62,2025-01-13 11:23:39,2025-01-16,2025-01-13 11:23:39,2025-01-13 11:23:39
1266,PO-001266,21,13,4,received,BRL,90697.95,90697.95,2022-09-19 20:30:18,2022-11-04,2022-09-19 20:30:18,2022-09-19 20:30:18
1267,PO-001267,24,13,1,sent,BRL,37034.61,37034.61,2025-08-07 12:34:25,2025-09-18,2025-08-07 12:34:25,2025-08-07 12:34:25
1268,PO-001268,6,13,1,partially_received,BRL,51006.45,51006.45,2022-12-06 06:50:51,2023-01-30,2022-12-06 06:50:51,2022-12-06 06:50:51
1269,PO-001269,22,5,2,received,BRL,4398.52,4398.52,2023-01-06 15:39:00,2023-01-12,2023-01-06 15:39:00,2023-01-06 15:39:00
1270,PO-001270,9,13,1,partially_received,BRL,69780.54,69780.54,2026-12-02 08:54:10,2027-01-03,2026-12-02 08:54:10,2026-12-02 08:54:10
1271,PO-001271,8,13,2,received,EUR,84601.56,84601.56,2024-12-11 10:57:09,2025-01-25,2024-12-11 10:57:09,2024-12-11 10:57:09
1272,PO-001272,15,5,2,partially_received,BRL,85897.11,85897.11,2022-11-28 04:11:14,2023-01-25,2022-11-28 04:11:14,2022-11-28 04:11:14
1273,PO-001273,4,13,1,received,BRL,177476.15,177476.15,2021-02-26 00:43:04,2021-03-16,2021-02-26 00:43:04,2021-02-26 00:43:04
1274,PO-001274,7,13,4,received,BRL,73742.49,73742.49,2022-12-02 16:37:42,2023-01-14,2022-12-02 16:37:42,2022-12-02 16:37:42
1275,PO-001275,15,5,3,received,BRL,60925.20,60925.20,2021-03-23 06:28:15,2021-03-28,2021-03-23 06:28:15,2021-03-23 06:28:15
1276,PO-001276,5,13,5,sent,BRL,45604.00,45604.00,2022-06-11 00:14:09,2022-06-17,2022-06-11 00:14:09,2022-06-11 00:14:09
1277,PO-001277,10,13,2,received,BRL,148140.88,148140.88,2025-07-21 07:29:25,2025-09-12,2025-07-21 07:29:25,2025-07-21 07:29:25
1278,PO-001278,3,13,3,received,BRL,157765.62,157765.62,2025-11-08 05:52:49,2025-11-11,2025-11-08 05:52:49,2025-11-08 05:52:49
1279,PO-001279,13,13,5,received,BRL,7056.60,7056.60,2026-08-30 08:46:48,2026-10-27,2026-08-30 08:46:48,2026-08-30 08:46:48
1280,PO-001280,15,13,4,received,BRL,5909.85,5909.85,2022-09-11 19:27:22,2022-11-06,2022-09-11 19:27:22,2022-09-11 19:27:22
1281,PO-001281,19,5,6,received,BRL,72018.47,72018.47,2023-07-05 14:27:35,2023-09-02,2023-07-05 14:27:35,2023-07-05 14:27:35
1282,PO-001282,10,5,1,received,BRL,40720.40,40720.40,2021-09-02 16:59:55,2021-10-25,2021-09-02 16:59:55,2021-09-02 16:59:55
1283,PO-001283,6,13,1,received,BRL,25508.56,25508.56,2020-02-04 17:53:26,2020-03-06,2020-02-04 17:53:26,2020-02-04 17:53:26
1284,PO-001284,20,5,5,sent,BRL,53565.26,53565.26,2022-07-02 01:50:51,2022-07-30,2022-07-02 01:50:51,2022-07-02 01:50:51
1285,PO-001285,21,13,1,received,BRL,36414.46,36414.46,2020-04-21 11:11:39,2020-06-14,2020-04-21 11:11:39,2020-04-21 11:11:39
1286,PO-001286,2,5,3,received,BRL,59005.76,59005.76,2026-12-01 14:33:40,,2026-12-01 14:33:40,2026-12-01 14:33:40
1287,PO-001287,22,13,2,partially_received,BRL,12139.69,12139.69,2026-10-16 03:07:02,2026-11-20,2026-10-16 03:07:02,2026-10-16 03:07:02
1288,PO-001288,23,13,4,sent,BRL,22141.73,22141.73,2022-09-22 19:52:09,2022-11-16,2022-09-22 19:52:09,2022-09-22 19:52:09
1289,PO-001289,16,13,3,partially_received,BRL,65687.01,65687.01,2025-11-05 06:05:44,2025-12-21,2025-11-05 06:05:44,2025-11-05 06:05:44
1290,PO-001290,4,5,6,sent,BRL,90044.24,90044.24,2026-08-15 04:42:45,2026-09-26,2026-08-15 04:42:45,2026-08-15 04:42:45
1291,PO-001291,21,5,2,cancelled,BRL,110224.98,110224.98,2021-08-08 17:59:54,,2021-08-08 17:59:54,2021-08-08 17:59:54
1292,PO-001292,9,13,1,cancelled,BRL,107537.63,107537.63,2023-06-01 07:17:07,2023-07-01,2023-06-01 07:17:07,2023-06-01 07:17:07
1293,PO-001293,3,5,1,received,BRL,17683.38,17683.38,2023-12-25 04:35:44,,2023-12-25 04:35:44,2023-12-25 04:35:44
1294,PO-001294,13,13,1,partially_received,BRL,88294.10,88294.10,2023-10-20 12:12:03,,2023-10-20 12:12:03,2023-10-20 12:12:03
1295,PO-001295,2,5,4,received,BRL,83306.28,83306.28,2020-09-21 19:38:18,2020-11-03,2020-09-21 19:38:18,2020-09-21 19:38:18
1296,PO-001296,18,13,1,partially_received,BRL,98796.15,98796.15,2024-11-23 14:19:11,2024-12-26,2024-11-23 14:19:11,2024-11-23 14:19:11
1297,PO-001297,21,5,2,received,BRL,64002.85,64002.85,2023-12-03 03:11:30,2023-12-24,2023-12-03 03:11:30,2023-12-03 03:11:30
1298,PO-001298,13,13,5,received,BRL,27878.77,27878.77,2026-04-20 02:55:22,,2026-04-20 02:55:22,2026-04-20 02:55:22
1299,PO-001299,2,5,2,received,BRL,3554.76,3554.76,2023-10-03 15:57:43,2023-11-16,2023-10-03 15:57:43,2023-10-03 15:57:43
1300,PO-001300,18,5,3,received,BRL,113536.02,113536.02,2024-10-07 23:40:56,,2024-10-07 23:40:56,2024-10-07 23:40:56
1301,PO-001301,3,5,6,received,BRL,154692.68,154692.68,2026-12-10 19:56:06,2026-12-25,2026-12-10 19:56:06,2026-12-10 19:56:06
1302,PO-001302,18,5,6,received,BRL,140597.96,140597.96,2026-07-08 11:38:00,2026-08-10,2026-07-08 11:38:00,2026-07-08 11:38:00
1303,PO-001303,11,5,4,received,BRL,11139.87,11139.87,2025-11-03 20:13:47,2025-11-17,2025-11-03 20:13:47,2025-11-03 20:13:47
1304,PO-001304,2,13,4,sent,BRL,93468.06,93468.06,2022-11-29 10:37:33,,2022-11-29 10:37:33,2022-11-29 10:37:33
1305,PO-001305,25,5,1,partially_received,BRL,131287.93,131287.93,2024-05-04 12:00:47,2024-05-15,2024-05-04 12:00:47,2024-05-04 12:00:47
1306,PO-001306,16,5,3,received,BRL,14800.32,14800.32,2025-12-11 16:00:07,2026-01-21,2025-12-11 16:00:07,2025-12-11 16:00:07
1307,PO-001307,12,13,1,received,BRL,101564.45,101564.45,2026-11-23 11:43:46,2026-12-15,2026-11-23 11:43:46,2026-11-23 11:43:46
1308,PO-001308,4,13,4,sent,BRL,23522.22,23522.22,2020-10-08 11:42:11,2020-11-29,2020-10-08 11:42:11,2020-10-08 11:42:11
1309,PO-001309,10,5,2,received,BRL,28423.16,28423.16,2023-09-08 16:29:20,2023-10-02,2023-09-08 16:29:20,2023-09-08 16:29:20
1310,PO-001310,15,13,3,received,BRL,91306.08,91306.08,2026-12-23 16:47:20,2027-01-13,2026-12-23 16:47:20,2026-12-23 16:47:20
1311,PO-001311,11,5,4,received,BRL,52490.50,52490.50,2022-11-25 06:35:20,2022-12-09,2022-11-25 06:35:20,2022-11-25 06:35:20
1312,PO-001312,5,13,4,received,BRL,47813.66,47813.66,2025-09-14 23:56:15,2025-10-01,2025-09-14 23:56:15,2025-09-14 23:56:15
1313,PO-001313,2,13,3,received,BRL,117941.99,117941.99,2026-07-17 06:01:57,,2026-07-17 06:01:57,2026-07-17 06:01:57
1314,PO-001314,8,5,1,received,USD,22789.10,22789.10,2020-10-18 03:32:17,,2020-10-18 03:32:17,2020-10-18 03:32:17
1315,PO-001315,23,13,1,received,BRL,167824.75,167824.75,2023-08-08 18:57:37,2023-08-11,2023-08-08 18:57:37,2023-08-08 18:57:37
1316,PO-001316,17,5,6,sent,BRL,97292.04,97292.04,2022-10-14 05:00:47,2022-11-03,2022-10-14 05:00:47,2022-10-14 05:00:47
1317,PO-001317,20,5,2,received,BRL,11789.28,11789.28,2024-11-29 14:20:15,2024-12-05,2024-11-29 14:20:15,2024-11-29 14:20:15
1318,PO-001318,14,13,6,received,BRL,31063.05,31063.05,2025-04-06 09:14:32,,2025-04-06 09:14:32,2025-04-06 09:14:32
1319,PO-001319,15,13,6,received,BRL,17914.89,17914.89,2024-12-17 13:42:05,2024-12-27,2024-12-17 13:42:05,2024-12-17 13:42:05
1320,PO-001320,16,13,2,received,BRL,37741.08,37741.08,2026-10-06 10:40:19,2026-10-26,2026-10-06 10:40:19,2026-10-06 10:40:19
1321,PO-001321,1,5,5,received,BRL,111160.96,111160.96,2026-11-07 16:02:21,2026-11-30,2026-11-07 16:02:21,2026-11-07 16:02:21
1322,PO-001322,21,13,4,received,BRL,63244.21,63244.21,2026-10-16 23:04:56,2026-11-02,2026-10-16 23:04:56,2026-10-16 23:04:56
1323,PO-001323,16,13,6,partially_received,BRL,3403.63,3403.63,2020-10-18 16:29:44,2020-10-24,2020-10-18 16:29:44,2020-10-18 16:29:44
1324,PO-001324,21,13,5,partially_received,BRL,57453.71,57453.71,2023-08-01 05:48:49,,2023-08-01 05:48:49,2023-08-01 05:48:49
1325,PO-001325,21,5,6,received,BRL,98942.25,98942.25,2026-07-31 20:50:05,2026-08-20,2026-07-31 20:50:05,2026-07-31 20:50:05
1326,PO-001326,1,13,2,draft,BRL,60849.81,60849.81,2023-09-22 21:35:30,2023-10-16,2023-09-22 21:35:30,2023-09-22 21:35:30
1327,PO-001327,22,5,2,received,BRL,142691.06,142691.06,2026-02-13 02:47:05,2026-03-23,2026-02-13 02:47:05,2026-02-13 02:47:05
1328,PO-001328,24,5,2,draft,BRL,14155.82,14155.82,2024-12-23 11:11:18,,2024-12-23 11:11:18,2024-12-23 11:11:18
1329,PO-001329,14,13,2,partially_received,BRL,174826.98,174826.98,2024-01-23 13:09:53,2024-02-23,2024-01-23 13:09:53,2024-01-23 13:09:53
1330,PO-001330,18,13,3,received,BRL,102941.43,102941.43,2020-11-05 08:00:02,2020-12-01,2020-11-05 08:00:02,2020-11-05 08:00:02
1331,PO-001331,8,13,5,received,EUR,2255.52,2255.52,2026-07-21 13:25:28,,2026-07-21 13:25:28,2026-07-21 13:25:28
1332,PO-001332,18,5,4,cancelled,BRL,111739.20,111739.20,2023-12-27 12:38:15,2024-02-19,2023-12-27 12:38:15,2023-12-27 12:38:15
1333,PO-001333,9,13,1,draft,BRL,86792.53,86792.53,2025-12-20 18:27:49,2026-01-25,2025-12-20 18:27:49,2025-12-20 18:27:49
1334,PO-001334,16,5,2,received,BRL,79364.09,79364.09,2022-11-22 15:10:58,,2022-11-22 15:10:58,2022-11-22 15:10:58
1335,PO-001335,7,5,4,received,BRL,87741.22,87741.22,2023-10-30 16:02:00,,2023-10-30 16:02:00,2023-10-30 16:02:00
1336,PO-001336,5,5,5,received,BRL,117579.19,117579.19,2026-05-11 16:06:02,2026-06-05,2026-05-11 16:06:02,2026-05-11 16:06:02
1337,PO-001337,12,13,5,received,EUR,58578.28,58578.28,2026-10-29 20:17:43,2026-11-11,2026-10-29 20:17:43,2026-10-29 20:17:43
1338,PO-001338,15,13,6,received,BRL,148813.70,148813.70,2023-03-01 17:35:56,2023-03-08,2023-03-01 17:35:56,2023-03-01 17:35:56
1339,PO-001339,22,5,1,cancelled,BRL,39337.41,39337.41,2022-10-10 05:45:14,2022-12-02,2022-10-10 05:45:14,2022-10-10 05:45:14
1340,PO-001340,13,13,1,received,BRL,38727.63,38727.63,2026-10-20 20:02:26,2026-10-27,2026-10-20 20:02:26,2026-10-20 20:02:26
1341,PO-001341,23,13,4,received,BRL,36708.96,36708.96,2023-12-28 18:04:00,2024-02-06,2023-12-28 18:04:00,2023-12-28 18:04:00
1342,PO-001342,5,5,6,partially_received,BRL,1836.10,1836.10,2023-03-11 02:19:01,2023-04-11,2023-03-11 02:19:01,2023-03-11 02:19:01
1343,PO-001343,24,5,2,sent,BRL,155237.80,155237.80,2026-11-12 06:44:45,2026-12-21,2026-11-12 06:44:45,2026-11-12 06:44:45
1344,PO-001344,13,5,6,received,BRL,140161.84,140161.84,2023-10-27 23:38:12,2023-12-23,2023-10-27 23:38:12,2023-10-27 23:38:12
1345,PO-001345,22,13,1,sent,BRL,241021.60,241021.60,2026-10-02 13:27:51,2026-11-05,2026-10-02 13:27:51,2026-10-02 13:27:51
1346,PO-001346,7,5,1,draft,BRL,60259.34,60259.34,2026-05-24 09:47:05,2026-06-04,2026-05-24 09:47:05,2026-05-24 09:47:05
1347,PO-001347,15,13,3,received,BRL,143438.55,143438.55,2022-11-16 05:48:54,2023-01-02,2022-11-16 05:48:54,2022-11-16 05:48:54
1348,PO-001348,8,13,2,received,EUR,61277.86,61277.86,2023-11-29 08:56:33,2023-12-16,2023-11-29 08:56:33,2023-11-29 08:56:33
1349,PO-001349,23,13,1,cancelled,BRL,1024.26,1024.26,2020-04-12 08:15:36,2020-05-29,2020-04-12 08:15:36,2020-04-12 08:15:36
1350,PO-001350,21,5,3,received,BRL,180987.39,180987.39,2024-05-21 03:57:09,2024-06-20,2024-05-21 03:57:09,2024-05-21 03:57:09
1351,PO-001351,7,5,1,partially_received,BRL,80929.40,80929.40,2022-10-27 20:01:40,2022-12-09,2022-10-27 20:01:40,2022-10-27 20:01:40
1352,PO-001352,12,5,6,received,USD,76130.00,76130.00,2025-08-27 06:09:51,2025-10-21,2025-08-27 06:09:51,2025-08-27 06:09:51
1353,PO-001353,11,13,4,received,BRL,73368.42,73368.42,2025-10-19 01:21:21,2025-12-18,2025-10-19 01:21:21,2025-10-19 01:21:21
1354,PO-001354,3,5,4,sent,BRL,20926.68,20926.68,2025-12-26 15:35:17,2026-01-20,2025-12-26 15:35:17,2025-12-26 15:35:17
1355,PO-001355,12,5,1,received,USD,41515.74,41515.74,2020-01-27 12:45:48,2020-03-13,2020-01-27 12:45:48,2020-01-27 12:45:48
1356,PO-001356,16,5,5,sent,BRL,133771.06,133771.06,2020-09-06 09:05:28,2020-10-21,2020-09-06 09:05:28,2020-09-06 09:05:28
1357,PO-001357,3,13,6,received,BRL,23791.24,23791.24,2024-06-01 04:08:03,2024-07-25,2024-06-01 04:08:03,2024-06-01 04:08:03
1358,PO-001358,12,13,6,draft,USD,84600.56,84600.56,2025-12-12 02:32:59,2026-01-08,2025-12-12 02:32:59,2025-12-12 02:32:59
1359,PO-001359,20,13,2,draft,BRL,143345.32,143345.32,2021-11-22 10:26:21,2021-12-20,2021-11-22 10:26:21,2021-11-22 10:26:21
1360,PO-001360,13,5,4,received,BRL,32807.72,32807.72,2023-12-12 10:56:14,2024-01-10,2023-12-12 10:56:14,2023-12-12 10:56:14
1361,PO-001361,3,5,2,received,BRL,3616.50,3616.50,2021-06-06 06:58:02,2021-06-10,2021-06-06 06:58:02,2021-06-06 06:58:02
1362,PO-001362,18,5,6,sent,BRL,77792.86,77792.86,2025-01-15 13:53:55,2025-03-05,2025-01-15 13:53:55,2025-01-15 13:53:55
1363,PO-001363,7,5,4,received,BRL,24867.81,24867.81,2025-09-26 16:30:44,2025-10-09,2025-09-26 16:30:44,2025-09-26 16:30:44
1364,PO-001364,12,13,2,sent,BRL,8597.00,8597.00,2020-07-11 09:52:37,2020-07-20,2020-07-11 09:52:37,2020-07-11 09:52:37
1365,PO-001365,2,5,6,partially_received,BRL,142348.16,142348.16,2025-11-08 07:49:07,2025-12-24,2025-11-08 07:49:07,2025-11-08 07:49:07
1366,PO-001366,5,13,4,received,BRL,9913.20,9913.20,2026-04-29 23:08:28,2026-06-17,2026-04-29 23:08:28,2026-04-29 23:08:28
1367,PO-001367,11,5,5,partially_received,BRL,35919.88,35919.88,2026-01-08 17:57:58,2026-01-14,2026-01-08 17:57:58,2026-01-08 17:57:58
1368,PO-001368,24,5,6,received,BRL,78234.43,78234.43,2020-01-10 03:19:46,2020-02-21,2020-01-10 03:19:46,2020-01-10 03:19:46
1369,PO-001369,22,5,5,received,BRL,119568.50,119568.50,2022-10-02 21:16:20,2022-12-01,2022-10-02 21:16:20,2022-10-02 21:16:20
1370,PO-001370,19,5,1,partially_received,BRL,21361.97,21361.97,2025-04-14 06:18:02,,2025-04-14 06:18:02,2025-04-14 06:18:02
1371,PO-001371,5,13,6,received,BRL,48598.55,48598.55,2024-07-24 23:06:11,2024-08-28,2024-07-24 23:06:11,2024-07-24 23:06:11
1372,PO-001372,8,5,4,sent,BRL,4102.24,4102.24,2023-09-08 15:54:23,2023-09-27,2023-09-08 15:54:23,2023-09-08 15:54:23
1373,PO-001373,22,5,1,received,BRL,78885.53,78885.53,2026-09-30 01:37:25,2026-11-10,2026-09-30 01:37:25,2026-09-30 01:37:25
1374,PO-001374,3,13,1,partially_received,BRL,105048.42,105048.42,2024-12-08 00:12:20,2025-02-06,2024-12-08 00:12:20,2024-12-08 00:12:20
1375,PO-001375,11,13,6,partially_received,BRL,95775.93,95775.93,2024-09-21 08:54:27,2024-11-15,2024-09-21 08:54:27,2024-09-21 08:54:27
1376,PO-001376,3,5,4,received,BRL,125331.68,125331.68,2022-08-21 21:19:57,2022-09-07,2022-08-21 21:19:57,2022-08-21 21:19:57
1377,PO-001377,25,5,5,received,BRL,199272.20,199272.20,2023-03-19 09:09:09,2023-04-04,2023-03-19 09:09:09,2023-03-19 09:09:09
1378,PO-001378,20,13,3,received,BRL,123611.43,123611.43,2020-11-07 10:31:22,2020-12-22,2020-11-07 10:31:22,2020-11-07 10:31:22
1379,PO-001379,10,13,5,partially_received,BRL,97618.38,97618.38,2020-10-29 02:11:15,2020-11-19,2020-10-29 02:11:15,2020-10-29 02:11:15
1380,PO-001380,15,5,5,received,BRL,131665.46,131665.46,2025-11-09 04:39:56,2025-12-08,2025-11-09 04:39:56,2025-11-09 04:39:56
1381,PO-001381,4,5,6,draft,BRL,101994.83,101994.83,2020-09-25 17:19:33,2020-11-03,2020-09-25 17:19:33,2020-09-25 17:19:33
1382,PO-001382,1,13,4,received,BRL,68432.20,68432.20,2024-07-25 22:00:20,2024-08-24,2024-07-25 22:00:20,2024-07-25 22:00:20
1383,PO-001383,21,5,6,cancelled,BRL,109964.16,109964.16,2020-11-17 02:52:14,2020-12-26,2020-11-17 02:52:14,2020-11-17 02:52:14
1384,PO-001384,25,13,6,received,BRL,111182.13,111182.13,2021-12-25 11:54:19,2022-02-20,2021-12-25 11:54:19,2021-12-25 11:54:19
1385,PO-001385,3,13,4,cancelled,BRL,78200.04,78200.04,2026-09-03 17:51:49,2026-10-02,2026-09-03 17:51:49,2026-09-03 17:51:49
1386,PO-001386,25,5,6,received,BRL,121800.41,121800.41,2021-12-17 16:07:03,2022-02-01,2021-12-17 16:07:03,2021-12-17 16:07:03
1387,PO-001387,19,13,2,received,BRL,112688.58,112688.58,2026-10-08 01:21:47,,2026-10-08 01:21:47,2026-10-08 01:21:47
1388,PO-001388,6,13,5,partially_received,BRL,156545.77,156545.77,2026-07-26 14:41:03,2026-09-14,2026-07-26 14:41:03,2026-07-26 14:41:03
1389,PO-001389,1,13,1,received,BRL,192908.28,192908.28,2026-10-22 06:10:32,2026-11-02,2026-10-22 06:10:32,2026-10-22 06:10:32
1390,PO-001390,8,13,6,received,BRL,29314.35,29314.35,2026-11-02 12:44:46,2026-11-28,2026-11-02 12:44:46,2026-11-02 12:44:46
1391,PO-001391,17,13,3,received,BRL,25409.80,25409.80,2020-12-11 22:25:14,2020-12-15,2020-12-11 22:25:14,2020-12-11 22:25:14
1392,PO-001392,23,5,4,received,BRL,87767.84,87767.84,2025-08-14 14:13:57,2025-09-27,2025-08-14 14:13:57,2025-08-14 14:13:57
1393,PO-001393,8,5,2,received,USD,73958.52,73958.52,2020-11-17 18:26:06,2020-12-29,2020-11-17 18:26:06,2020-11-17 18:26:06
1394,PO-001394,7,13,2,received,BRL,93952.91,93952.91,2023-10-31 22:47:02,2023-11-06,2023-10-31 22:47:02,2023-10-31 22:47:02
1395,PO-001395,5,13,4,partially_received,BRL,38571.04,38571.04,2026-12-11 23:02:28,,2026-12-11 23:02:28,2026-12-11 23:02:28
1396,PO-001396,11,13,1,received,BRL,87150.63,87150.63,2022-07-29 07:34:46,,2022-07-29 07:34:46,2022-07-29 07:34:46
1397,PO-001397,16,5,5,received,BRL,40250.00,40250.00,2024-10-14 22:41:23,2024-12-01,2024-10-14 22:41:23,2024-10-14 22:41:23
1398,PO-001398,22,13,6,sent,BRL,169660.77,169660.77,2025-02-22 06:55:18,,2025-02-22 06:55:18,2025-02-22 06:55:18
1399,PO-001399,2,5,4,received,BRL,147926.56,147926.56,2022-10-17 17:16:54,2022-12-09,2022-10-17 17:16:54,2022-10-17 17:16:54
1400,PO-001400,13,5,6,partially_received,BRL,127817.77,127817.77,2022-02-16 14:26:44,2022-03-21,2022-02-16 14:26:44,2022-02-16 14:26:44
1401,PO-001401,8,13,6,received,EUR,190372.79,190372.79,2025-10-16 11:57:25,2025-10-23,2025-10-16 11:57:25,2025-10-16 11:57:25
1402,PO-001402,18,5,5,draft,BRL,45698.04,45698.04,2023-12-18 07:24:12,2023-12-28,2023-12-18 07:24:12,2023-12-18 07:24:12
1403,PO-001403,20,5,2,received,BRL,28746.66,28746.66,2025-09-02 03:41:20,2025-10-21,2025-09-02 03:41:20,2025-09-02 03:41:20
1404,PO-001404,5,13,4,received,BRL,1957.68,1957.68,2025-01-19 18:48:59,2025-01-24,2025-01-19 18:48:59,2025-01-19 18:48:59
1405,PO-001405,16,13,6,received,BRL,112212.66,112212.66,2021-11-02 17:05:34,,2021-11-02 17:05:34,2021-11-02 17:05:34
1406,PO-001406,18,5,1,received,BRL,108630.22,108630.22,2024-10-13 06:31:01,,2024-10-13 06:31:01,2024-10-13 06:31:01
1407,PO-001407,20,13,1,received,BRL,8122.90,8122.90,2026-11-03 05:12:56,2026-11-18,2026-11-03 05:12:56,2026-11-03 05:12:56
1408,PO-001408,24,13,5,partially_received,BRL,67871.18,67871.18,2024-04-12 22:00:38,2024-06-04,2024-04-12 22:00:38,2024-04-12 22:00:38
1409,PO-001409,19,5,4,partially_received,BRL,56761.86,56761.86,2025-10-05 02:08:46,2025-11-11,2025-10-05 02:08:46,2025-10-05 02:08:46
1410,PO-001410,1,13,4,received,BRL,147547.64,147547.64,2023-05-26 00:05:06,2023-06-09,2023-05-26 00:05:06,2023-05-26 00:05:06
1411,PO-001411,2,5,2,received,BRL,77627.16,77627.16,2022-11-24 05:20:51,,2022-11-24 05:20:51,2022-11-24 05:20:51
1412,PO-001412,23,5,1,sent,BRL,61044.27,61044.27,2024-03-11 04:58:41,2024-04-18,2024-03-11 04:58:41,2024-03-11 04:58:41
1413,PO-001413,15,13,2,received,BRL,43364.27,43364.27,2024-12-22 15:33:19,2025-01-16,2024-12-22 15:33:19,2024-12-22 15:33:19
1414,PO-001414,6,5,4,received,BRL,142392.79,142392.79,2024-10-07 11:00:55,2024-11-30,2024-10-07 11:00:55,2024-10-07 11:00:55
1415,PO-001415,2,13,5,sent,BRL,29383.77,29383.77,2024-06-17 23:05:13,2024-07-07,2024-06-17 23:05:13,2024-06-17 23:05:13
1416,PO-001416,14,13,2,received,BRL,41705.19,41705.19,2021-10-17 11:19:53,2021-11-30,2021-10-17 11:19:53,2021-10-17 11:19:53
1417,PO-001417,5,13,6,received,BRL,61414.32,61414.32,2020-05-04 20:39:29,2020-06-26,2020-05-04 20:39:29,2020-05-04 20:39:29
1418,PO-001418,3,5,1,received,BRL,92087.55,92087.55,2026-12-16 07:28:42,2027-02-13,2026-12-16 07:28:42,2026-12-16 07:28:42
1419,PO-001419,23,13,1,draft,BRL,43093.45,43093.45,2024-03-10 09:46:13,,2024-03-10 09:46:13,2024-03-10 09:46:13
1420,PO-001420,7,5,5,sent,BRL,177754.81,177754.81,2025-02-08 00:38:05,2025-03-20,2025-02-08 00:38:05,2025-02-08 00:38:05
1421,PO-001421,15,5,1,received,BRL,69959.25,69959.25,2026-01-10 17:31:59,2026-03-07,2026-01-10 17:31:59,2026-01-10 17:31:59
1422,PO-001422,13,13,5,received,BRL,86314.81,86314.81,2026-04-01 14:17:59,2026-04-27,2026-04-01 14:17:59,2026-04-01 14:17:59
1423,PO-001423,11,5,4,received,BRL,110723.22,110723.22,2023-09-18 02:41:02,,2023-09-18 02:41:02,2023-09-18 02:41:02
1424,PO-001424,14,13,3,sent,BRL,57318.42,57318.42,2023-05-12 15:25:58,2023-06-07,2023-05-12 15:25:58,2023-05-12 15:25:58
1425,PO-001425,8,5,3,received,USD,104057.92,104057.92,2025-11-20 13:57:04,2026-01-04,2025-11-20 13:57:04,2025-11-20 13:57:04
1426,PO-001426,11,13,6,received,BRL,23327.25,23327.25,2024-08-13 02:25:48,2024-09-11,2024-08-13 02:25:48,2024-08-13 02:25:48
1427,PO-001427,21,13,5,draft,BRL,55476.42,55476.42,2020-10-22 20:52:10,2020-11-01,2020-10-22 20:52:10,2020-10-22 20:52:10
1428,PO-001428,10,5,3,received,BRL,73878.75,73878.75,2026-09-18 05:59:31,,2026-09-18 05:59:31,2026-09-18 05:59:31
1429,PO-001429,16,5,3,received,BRL,68080.65,68080.65,2024-02-17 20:15:31,,2024-02-17 20:15:31,2024-02-17 20:15:31
1430,PO-001430,9,13,1,cancelled,BRL,28925.55,28925.55,2023-04-28 02:14:18,2023-06-06,2023-04-28 02:14:18,2023-04-28 02:14:18
1431,PO-001431,11,13,5,received,BRL,13660.08,13660.08,2024-05-09 15:09:34,2024-05-30,2024-05-09 15:09:34,2024-05-09 15:09:34
1432,PO-001432,11,5,6,sent,BRL,50487.81,50487.81,2023-10-11 13:49:51,2023-11-17,2023-10-11 13:49:51,2023-10-11 13:49:51
1433,PO-001433,22,13,5,received,BRL,122801.77,122801.77,2026-11-03 05:47:03,2026-12-01,2026-11-03 05:47:03,2026-11-03 05:47:03
1434,PO-001434,12,5,6,received,BRL,136812.24,136812.24,2022-06-12 07:55:12,2022-08-01,2022-06-12 07:55:12,2022-06-12 07:55:12
1435,PO-001435,8,13,1,received,USD,51679.98,51679.98,2024-11-21 00:36:21,2025-01-10,2024-11-21 00:36:21,2024-11-21 00:36:21
1436,PO-001436,3,5,6,received,BRL,96975.33,96975.33,2022-09-29 02:17:25,2022-10-12,2022-09-29 02:17:25,2022-09-29 02:17:25
1437,PO-001437,3,13,6,received,BRL,121137.85,121137.85,2025-11-14 06:55:14,2025-12-18,2025-11-14 06:55:14,2025-11-14 06:55:14
1438,PO-001438,8,5,3,partially_received,BRL,21140.58,21140.58,2024-07-26 04:52:02,2024-09-08,2024-07-26 04:52:02,2024-07-26 04:52:02
1439,PO-001439,11,5,3,received,BRL,93888.44,93888.44,2024-10-30 16:08:33,2024-12-17,2024-10-30 16:08:33,2024-10-30 16:08:33
1440,PO-001440,21,5,1,partially_received,BRL,180624.47,180624.47,2026-07-04 14:34:27,2026-08-02,2026-07-04 14:34:27,2026-07-04 14:34:27
1441,PO-001441,17,5,1,received,BRL,24816.54,24816.54,2025-12-10 23:13:01,2026-02-07,2025-12-10 23:13:01,2025-12-10 23:13:01
1442,PO-001442,23,5,5,partially_received,BRL,127625.50,127625.50,2024-06-01 14:41:11,2024-06-26,2024-06-01 14:41:11,2024-06-01 14:41:11
1443,PO-001443,23,13,4,received,BRL,40214.10,40214.10,2023-02-15 23:11:47,,2023-02-15 23:11:47,2023-02-15 23:11:47
1444,PO-001444,6,13,1,received,BRL,107029.37,107029.37,2020-11-25 11:49:06,2021-01-20,2020-11-25 11:49:06,2020-11-25 11:49:06
1445,PO-001445,13,5,4,received,BRL,171883.68,171883.68,2026-09-20 10:10:17,2026-11-07,2026-09-20 10:10:17,2026-09-20 10:10:17
1446,PO-001446,25,5,3,received,BRL,136155.63,136155.63,2025-01-20 15:47:43,2025-02-01,2025-01-20 15:47:43,2025-01-20 15:47:43
1447,PO-001447,16,5,3,received,BRL,22964.54,22964.54,2023-10-19 01:53:11,,2023-10-19 01:53:11,2023-10-19 01:53:11
1448,PO-001448,17,13,1,cancelled,BRL,81099.52,81099.52,2022-08-15 06:58:25,2022-09-17,2022-08-15 06:58:25,2022-08-15 06:58:25
1449,PO-001449,1,5,3,received,BRL,9614.82,9614.82,2024-10-18 09:09:00,2024-11-04,2024-10-18 09:09:00,2024-10-18 09:09:00
1450,PO-001450,21,5,2,received,BRL,96585.80,96585.80,2025-08-14 10:08:13,2025-10-04,2025-08-14 10:08:13,2025-08-14 10:08:13
1451,PO-001451,13,5,2,received,BRL,108823.87,108823.87,2026-11-16 23:13:50,2026-12-24,2026-11-16 23:13:50,2026-11-16 23:13:50
1452,PO-001452,13,13,5,received,BRL,94123.15,94123.15,2023-12-05 05:16:14,2024-01-17,2023-12-05 05:16:14,2023-12-05 05:16:14
1453,PO-001453,23,13,5,received,BRL,94524.36,94524.36,2026-01-26 20:38:01,2026-02-20,2026-01-26 20:38:01,2026-01-26 20:38:01
1454,PO-001454,6,5,5,partially_received,BRL,83510.46,83510.46,2026-11-26 03:49:41,2027-01-07,2026-11-26 03:49:41,2026-11-26 03:49:41
1455,PO-001455,1,13,5,received,BRL,15884.85,15884.85,2025-10-14 06:29:42,2025-11-28,2025-10-14 06:29:42,2025-10-14 06:29:42
1456,PO-001456,4,5,6,received,BRL,84341.84,84341.84,2021-06-07 07:02:32,2021-07-11,2021-06-07 07:02:32,2021-06-07 07:02:32
1457,PO-001457,5,5,6,sent,BRL,68624.70,68624.70,2026-02-25 22:45:58,2026-04-22,2026-02-25 22:45:58,2026-02-25 22:45:58
1458,PO-001458,9,5,6,received,BRL,63695.57,63695.57,2021-09-18 17:52:54,2021-10-03,2021-09-18 17:52:54,2021-09-18 17:52:54
1459,PO-001459,19,13,3,received,BRL,178097.93,178097.93,2025-10-08 15:36:58,2025-10-12,2025-10-08 15:36:58,2025-10-08 15:36:58
1460,PO-001460,21,13,4,received,BRL,108527.97,108527.97,2024-11-25 15:22:50,2024-12-23,2024-11-25 15:22:50,2024-11-25 15:22:50
1461,PO-001461,3,5,1,received,BRL,80558.55,80558.55,2024-09-09 04:48:52,2024-10-27,2024-09-09 04:48:52,2024-09-09 04:48:52
1462,PO-001462,25,5,2,received,BRL,72888.95,72888.95,2023-11-27 04:48:14,2023-12-15,2023-11-27 04:48:14,2023-11-27 04:48:14
1463,PO-001463,14,5,5,received,BRL,26145.71,26145.71,2026-05-04 20:28:40,2026-05-19,2026-05-04 20:28:40,2026-05-04 20:28:40
1464,PO-001464,17,5,1,sent,BRL,1160.18,1160.18,2025-06-27 02:50:22,2025-07-30,2025-06-27 02:50:22,2025-06-27 02:50:22
1465,PO-001465,8,5,3,sent,USD,79708.77,79708.77,2026-07-26 09:57:10,2026-07-30,2026-07-26 09:57:10,2026-07-26 09:57:10
1466,PO-001466,15,13,5,partially_received,BRL,72871.18,72871.18,2021-11-11 13:52:45,2021-11-22,2021-11-11 13:52:45,2021-11-11 13:52:45
1467,PO-001467,5,13,2,received,BRL,45155.88,45155.88,2023-01-16 10:06:47,2023-02-24,2023-01-16 10:06:47,2023-01-16 10:06:47
1468,PO-001468,10,5,3,partially_received,BRL,31035.16,31035.16,2026-07-24 03:12:01,2026-09-03,2026-07-24 03:12:01,2026-07-24 03:12:01
1469,PO-001469,19,5,2,received,BRL,58528.50,58528.50,2020-08-13 17:21:10,2020-08-17,2020-08-13 17:21:10,2020-08-13 17:21:10
1470,PO-001470,7,13,1,received,BRL,155002.52,155002.52,2025-08-31 06:32:58,2025-09-06,2025-08-31 06:32:58,2025-08-31 06:32:58
1471,PO-001471,8,13,4,sent,BRL,45375.36,45375.36,2022-10-02 15:04:14,2022-10-14,2022-10-02 15:04:14,2022-10-02 15:04:14
1472,PO-001472,4,13,6,received,BRL,31158.84,31158.84,2023-11-24 17:36:20,2023-12-07,2023-11-24 17:36:20,2023-11-24 17:36:20
1473,PO-001473,12,5,5,received,EUR,100136.08,100136.08,2024-08-08 11:50:25,,2024-08-08 11:50:25,2024-08-08 11:50:25
1474,PO-001474,16,5,3,cancelled,BRL,49541.39,49541.39,2024-09-13 18:13:15,2024-10-19,2024-09-13 18:13:15,2024-09-13 18:13:15
1475,PO-001475,7,13,5,partially_received,BRL,44299.74,44299.74,2020-12-20 09:33:49,2021-01-29,2020-12-20 09:33:49,2020-12-20 09:33:49
1476,PO-001476,16,13,4,partially_received,BRL,110385.58,110385.58,2021-12-09 16:22:52,2022-01-17,2021-12-09 16:22:52,2021-12-09 16:22:52
1477,PO-001477,12,13,3,received,EUR,35538.09,35538.09,2022-05-29 17:16:47,2022-06-15,2022-05-29 17:16:47,2022-05-29 17:16:47
1478,PO-001478,25,5,1,sent,BRL,37984.04,37984.04,2025-06-14 13:13:46,2025-08-07,2025-06-14 13:13:46,2025-06-14 13:13:46
1479,PO-001479,16,13,2,received,BRL,4651.52,4651.52,2025-02-20 22:37:03,2025-04-06,2025-02-20 22:37:03,2025-02-20 22:37:03
1480,PO-001480,5,13,4,received,BRL,18382.56,18382.56,2026-09-01 02:50:03,2026-09-29,2026-09-01 02:50:03,2026-09-01 02:50:03
1481,PO-001481,12,5,4,received,USD,118000.34,118000.34,2026-05-27 01:03:47,2026-07-19,2026-05-27 01:03:47,2026-05-27 01:03:47
1482,PO-001482,19,5,3,draft,BRL,154096.93,154096.93,2025-02-18 02:28:10,2025-04-07,2025-02-18 02:28:10,2025-02-18 02:28:10
1483,PO-001483,19,5,4,received,BRL,128770.49,128770.49,2023-10-09 01:48:20,2023-10-12,2023-10-09 01:48:20,2023-10-09 01:48:20
1484,PO-001484,17,5,4,sent,BRL,184770.69,184770.69,2023-09-06 02:39:02,2023-10-22,2023-09-06 02:39:02,2023-09-06 02:39:02
1485,PO-001485,9,5,2,sent,BRL,121465.04,121465.04,2023-08-23 06:02:22,2023-09-27,2023-08-23 06:02:22,2023-08-23 06:02:22
1486,PO-001486,21,13,5,received,BRL,83972.62,83972.62,2022-12-12 19:34:56,2023-02-05,2022-12-12 19:34:56,2022-12-12 19:34:56
1487,PO-001487,6,13,4,partially_received,BRL,27660.37,27660.37,2020-07-03 20:07:08,2020-08-21,2020-07-03 20:07:08,2020-07-03 20:07:08
1488,PO-001488,4,5,2,received,BRL,29980.20,29980.20,2021-04-08 18:08:41,2021-05-04,2021-04-08 18:08:41,2021-04-08 18:08:41
1489,PO-001489,1,13,4,received,BRL,167895.26,167895.26,2023-09-03 13:46:21,,2023-09-03 13:46:21,2023-09-03 13:46:21
1490,PO-001490,21,5,6,received,BRL,68861.48,68861.48,2021-01-14 15:39:36,2021-01-17,2021-01-14 15:39:36,2021-01-14 15:39:36
1491,PO-001491,4,5,2,draft,BRL,155238.81,155238.81,2024-08-18 16:04:28,2024-10-09,2024-08-18 16:04:28,2024-08-18 16:04:28
1492,PO-001492,23,5,4,received,BRL,47754.77,47754.77,2023-05-23 11:19:29,2023-06-19,2023-05-23 11:19:29,2023-05-23 11:19:29
1493,PO-001493,22,13,4,partially_received,BRL,20873.47,20873.47,2021-11-11 18:17:39,,2021-11-11 18:17:39,2021-11-11 18:17:39
1494,PO-001494,15,5,2,sent,BRL,54924.12,54924.12,2022-06-08 11:12:10,,2022-06-08 11:12:10,2022-06-08 11:12:10
1495,PO-001495,17,5,2,received,BRL,187141.28,187141.28,2022-09-07 06:18:41,2022-10-31,2022-09-07 06:18:41,2022-09-07 06:18:41
1496,PO-001496,2,13,1,received,BRL,36524.46,36524.46,2026-12-24 11:52:45,2027-02-11,2026-12-24 11:52:45,2026-12-24 11:52:45
1497,PO-001497,5,13,6,sent,BRL,58941.49,58941.49,2026-08-03 12:34:00,2026-09-26,2026-08-03 12:34:00,2026-08-03 12:34:00
1498,PO-001498,1,13,4,sent,BRL,33823.50,33823.50,2023-07-14 08:47:19,2023-07-23,2023-07-14 08:47:19,2023-07-14 08:47:19
1499,PO-001499,1,5,2,draft,BRL,15965.92,15965.92,2023-09-20 12:46:52,2023-11-17,2023-09-20 12:46:52,2023-09-20 12:46:52
1500,PO-001500,13,5,1,sent,BRL,11622.73,11622.73,2026-08-19 07:38:27,2026-09-26,2026-08-19 07:38:27,2026-08-19 07:38:27
1501,PO-001501,10,5,5,received,BRL,191264.49,191264.49,2025-11-03 16:46:42,2025-11-17,2025-11-03 16:46:42,2025-11-03 16:46:42
1502,PO-001502,16,13,6,cancelled,BRL,121149.36,121149.36,2025-01-27 02:25:55,2025-03-22,2025-01-27 02:25:55,2025-01-27 02:25:55
1503,PO-001503,17,5,5,partially_received,BRL,59058.81,59058.81,2020-08-26 12:38:47,2020-10-04,2020-08-26 12:38:47,2020-08-26 12:38:47
1504,PO-001504,2,5,2,received,BRL,71087.18,71087.18,2025-09-12 22:59:21,2025-10-05,2025-09-12 22:59:21,2025-09-12 22:59:21
1505,PO-001505,19,5,1,draft,BRL,38329.54,38329.54,2023-10-05 09:51:54,,2023-10-05 09:51:54,2023-10-05 09:51:54
1506,PO-001506,1,13,2,draft,BRL,1795.08,1795.08,2023-08-28 02:24:29,,2023-08-28 02:24:29,2023-08-28 02:24:29
1507,PO-001507,24,5,2,received,BRL,42768.24,42768.24,2023-10-14 04:28:14,2023-12-08,2023-10-14 04:28:14,2023-10-14 04:28:14
1508,PO-001508,24,5,2,sent,BRL,65998.56,65998.56,2022-12-08 07:04:05,2023-01-03,2022-12-08 07:04:05,2022-12-08 07:04:05
1509,PO-001509,9,13,6,cancelled,BRL,128591.77,128591.77,2023-12-17 12:35:55,2024-02-02,2023-12-17 12:35:55,2023-12-17 12:35:55
1510,PO-001510,3,5,6,cancelled,BRL,57248.10,57248.10,2023-10-22 08:47:02,2023-10-30,2023-10-22 08:47:02,2023-10-22 08:47:02
1511,PO-001511,8,13,1,partially_received,USD,12386.66,12386.66,2024-11-08 09:35:47,2024-12-30,2024-11-08 09:35:47,2024-11-08 09:35:47
1512,PO-001512,3,5,3,received,BRL,3645.12,3645.12,2023-11-11 06:23:38,2023-12-04,2023-11-11 06:23:38,2023-11-11 06:23:38
1513,PO-001513,4,13,1,received,BRL,8020.98,8020.98,2026-03-18 20:59:06,2026-05-12,2026-03-18 20:59:06,2026-03-18 20:59:06
1514,PO-001514,12,5,6,sent,USD,13513.05,13513.05,2024-09-29 10:30:44,,2024-09-29 10:30:44,2024-09-29 10:30:44
1515,PO-001515,24,5,4,received,BRL,23152.88,23152.88,2025-07-16 11:53:57,2025-09-09,2025-07-16 11:53:57,2025-07-16 11:53:57
1516,PO-001516,23,5,3,partially_received,BRL,48273.56,48273.56,2023-12-20 04:44:40,2024-02-01,2023-12-20 04:44:40,2023-12-20 04:44:40
1517,PO-001517,4,13,5,received,BRL,157242.29,157242.29,2026-01-02 06:56:56,2026-02-27,2026-01-02 06:56:56,2026-01-02 06:56:56
1518,PO-001518,19,13,2,partially_received,BRL,7185.58,7185.58,2022-05-12 01:08:07,2022-06-06,2022-05-12 01:08:07,2022-05-12 01:08:07
1519,PO-001519,16,5,5,received,BRL,4368.00,4368.00,2026-07-29 10:44:58,2026-08-06,2026-07-29 10:44:58,2026-07-29 10:44:58
1520,PO-001520,23,13,2,received,BRL,104830.46,104830.46,2026-09-10 11:12:37,2026-10-27,2026-09-10 11:12:37,2026-09-10 11:12:37
1521,PO-001521,14,5,2,cancelled,BRL,129515.51,129515.51,2022-07-26 15:51:19,2022-09-01,2022-07-26 15:51:19,2022-07-26 15:51:19
1522,PO-001522,16,13,5,received,BRL,42942.09,42942.09,2024-10-24 10:56:02,2024-11-05,2024-10-24 10:56:02,2024-10-24 10:56:02
1523,PO-001523,8,13,3,cancelled,BRL,75525.80,75525.80,2026-10-10 07:48:29,,2026-10-10 07:48:29,2026-10-10 07:48:29
1524,PO-001524,4,5,3,partially_received,BRL,61059.45,61059.45,2023-12-06 12:19:02,2023-12-15,2023-12-06 12:19:02,2023-12-06 12:19:02
1525,PO-001525,17,5,6,partially_received,BRL,93160.68,93160.68,2020-03-29 01:08:30,2020-05-14,2020-03-29 01:08:30,2020-03-29 01:08:30
1526,PO-001526,8,5,2,sent,BRL,76420.74,76420.74,2026-10-27 03:17:24,2026-12-09,2026-10-27 03:17:24,2026-10-27 03:17:24
1527,PO-001527,6,5,2,received,BRL,162625.26,162625.26,2026-09-09 12:02:42,2026-10-13,2026-09-09 12:02:42,2026-09-09 12:02:42
1528,PO-001528,5,13,5,received,BRL,92049.71,92049.71,2026-08-28 22:57:41,2026-10-01,2026-08-28 22:57:41,2026-08-28 22:57:41
1529,PO-001529,17,13,4,received,BRL,39583.93,39583.93,2021-12-29 21:05:11,2022-02-13,2021-12-29 21:05:11,2021-12-29 21:05:11
1530,PO-001530,11,13,2,received,BRL,52632.68,52632.68,2025-10-31 02:00:47,2025-12-26,2025-10-31 02:00:47,2025-10-31 02:00:47
1531,PO-001531,9,5,3,received,BRL,28706.89,28706.89,2022-12-06 21:37:06,2023-01-01,2022-12-06 21:37:06,2022-12-06 21:37:06
1532,PO-001532,19,13,2,partially_received,BRL,24259.58,24259.58,2024-11-28 09:25:53,2025-01-10,2024-11-28 09:25:53,2024-11-28 09:25:53
1533,PO-001533,4,13,4,partially_received,BRL,62222.17,62222.17,2026-02-17 00:59:00,,2026-02-17 00:59:00,2026-02-17 00:59:00
1534,PO-001534,5,13,2,sent,BRL,59844.37,59844.37,2023-08-12 20:51:22,2023-08-28,2023-08-12 20:51:22,2023-08-12 20:51:22
1535,PO-001535,17,5,2,received,BRL,74986.76,74986.76,2023-07-09 20:43:47,,2023-07-09 20:43:47,2023-07-09 20:43:47
1536,PO-001536,24,5,5,partially_received,BRL,192872.98,192872.98,2026-02-25 03:44:39,2026-03-09,2026-02-25 03:44:39,2026-02-25 03:44:39
1537,PO-001537,2,5,3,partially_received,BRL,33290.32,33290.32,2021-02-23 13:04:48,2021-03-09,2021-02-23 13:04:48,2021-02-23 13:04:48
1538,PO-001538,14,5,4,partially_received,BRL,171726.18,171726.18,2026-09-07 16:17:38,2026-09-22,2026-09-07 16:17:38,2026-09-07 16:17:38
1539,PO-001539,1,13,6,received,BRL,34478.01,34478.01,2021-09-19 10:11:08,2021-09-24,2021-09-19 10:11:08,2021-09-19 10:11:08
1540,PO-001540,9,13,3,partially_received,BRL,22061.26,22061.26,2023-03-20 02:22:51,2023-04-14,2023-03-20 02:22:51,2023-03-20 02:22:51
1541,PO-001541,9,5,3,received,BRL,35317.24,35317.24,2024-01-09 22:11:06,2024-03-09,2024-01-09 22:11:06,2024-01-09 22:11:06
1542,PO-001542,8,5,5,received,BRL,6299.42,6299.42,2025-07-08 14:17:51,2025-08-09,2025-07-08 14:17:51,2025-07-08 14:17:51
1543,PO-001543,5,13,2,received,BRL,85558.92,85558.92,2026-11-22 17:33:29,,2026-11-22 17:33:29,2026-11-22 17:33:29
1544,PO-001544,2,5,5,draft,BRL,173909.48,173909.48,2025-03-08 14:33:54,,2025-03-08 14:33:54,2025-03-08 14:33:54
1545,PO-001545,21,5,3,received,BRL,56871.36,56871.36,2023-10-09 10:41:51,2023-11-04,2023-10-09 10:41:51,2023-10-09 10:41:51
1546,PO-001546,11,5,3,received,BRL,125232.02,125232.02,2025-01-04 00:26:15,,2025-01-04 00:26:15,2025-01-04 00:26:15
1547,PO-001547,16,13,6,partially_received,BRL,93121.05,93121.05,2025-06-30 07:44:02,,2025-06-30 07:44:02,2025-06-30 07:44:02
1548,PO-001548,8,13,5,received,USD,144583.94,144583.94,2023-11-17 11:50:30,,2023-11-17 11:50:30,2023-11-17 11:50:30
1549,PO-001549,14,13,2,partially_received,BRL,44677.36,44677.36,2026-10-17 08:30:07,2026-11-04,2026-10-17 08:30:07,2026-10-17 08:30:07
1550,PO-001550,10,5,3,received,BRL,18275.22,18275.22,2025-12-14 10:14:52,2025-12-31,2025-12-14 10:14:52,2025-12-14 10:14:52
1551,PO-001551,8,13,2,draft,USD,70999.11,70999.11,2025-09-18 20:58:57,2025-10-28,2025-09-18 20:58:57,2025-09-18 20:58:57
1552,PO-001552,23,5,2,received,BRL,37365.42,37365.42,2023-12-18 21:22:50,2024-01-01,2023-12-18 21:22:50,2023-12-18 21:22:50
1553,PO-001553,23,13,3,received,BRL,157056.29,157056.29,2025-12-27 08:46:09,,2025-12-27 08:46:09,2025-12-27 08:46:09
1554,PO-001554,21,5,3,received,BRL,52981.08,52981.08,2026-01-05 20:22:39,,2026-01-05 20:22:39,2026-01-05 20:22:39
1555,PO-001555,2,13,3,received,BRL,35942.35,35942.35,2021-01-18 03:06:27,2021-01-30,2021-01-18 03:06:27,2021-01-18 03:06:27
1556,PO-001556,24,5,2,received,BRL,44705.70,44705.70,2025-01-10 08:38:47,,2025-01-10 08:38:47,2025-01-10 08:38:47
1557,PO-001557,3,5,6,sent,BRL,52109.35,52109.35,2026-06-17 07:58:37,2026-07-26,2026-06-17 07:58:37,2026-06-17 07:58:37
1558,PO-001558,3,5,4,received,BRL,195437.00,195437.00,2022-06-29 21:37:03,2022-07-18,2022-06-29 21:37:03,2022-06-29 21:37:03
1559,PO-001559,23,13,3,partially_received,BRL,172957.94,172957.94,2026-08-12 03:43:32,2026-09-19,2026-08-12 03:43:32,2026-08-12 03:43:32
1560,PO-001560,19,13,5,received,BRL,59973.37,59973.37,2024-12-25 12:38:51,2025-01-30,2024-12-25 12:38:51,2024-12-25 12:38:51
1561,PO-001561,3,13,4,partially_received,BRL,88304.36,88304.36,2024-07-27 02:43:24,2024-09-04,2024-07-27 02:43:24,2024-07-27 02:43:24
1562,PO-001562,16,5,4,partially_received,BRL,3121.44,3121.44,2026-11-22 00:16:25,,2026-11-22 00:16:25,2026-11-22 00:16:25
1563,PO-001563,6,5,4,received,BRL,93066.22,93066.22,2026-08-21 00:45:48,,2026-08-21 00:45:48,2026-08-21 00:45:48
1564,PO-001564,3,5,5,draft,BRL,6227.01,6227.01,2024-01-20 04:59:45,2024-02-20,2024-01-20 04:59:45,2024-01-20 04:59:45
1565,PO-001565,14,5,4,received,BRL,20376.32,20376.32,2025-01-23 07:57:33,2025-02-02,2025-01-23 07:57:33,2025-01-23 07:57:33
1566,PO-001566,13,5,4,received,BRL,26567.94,26567.94,2022-10-11 17:51:17,2022-10-28,2022-10-11 17:51:17,2022-10-11 17:51:17
1567,PO-001567,16,5,4,sent,BRL,141777.24,141777.24,2026-02-13 19:21:14,2026-04-07,2026-02-13 19:21:14,2026-02-13 19:21:14
1568,PO-001568,11,5,2,received,BRL,119061.57,119061.57,2025-10-07 04:52:28,2025-12-05,2025-10-07 04:52:28,2025-10-07 04:52:28
1569,PO-001569,3,13,2,sent,BRL,9744.90,9744.90,2026-08-01 02:29:32,2026-08-12,2026-08-01 02:29:32,2026-08-01 02:29:32
1570,PO-001570,4,13,2,received,BRL,91282.50,91282.50,2022-05-30 09:14:43,2022-06-29,2022-05-30 09:14:43,2022-05-30 09:14:43
1571,PO-001571,5,13,5,received,BRL,291061.53,291061.53,2024-07-30 07:52:15,2024-08-15,2024-07-30 07:52:15,2024-07-30 07:52:15
1572,PO-001572,1,13,1,partially_received,BRL,52396.04,52396.04,2026-12-26 00:59:22,,2026-12-26 00:59:22,2026-12-26 00:59:22
1573,PO-001573,23,13,6,draft,BRL,84115.34,84115.34,2023-01-17 19:39:34,2023-02-13,2023-01-17 19:39:34,2023-01-17 19:39:34
1574,PO-001574,16,5,6,partially_received,BRL,52497.57,52497.57,2026-12-31 17:23:17,2027-01-29,2026-12-31 17:23:17,2026-12-31 17:23:17
1575,PO-001575,6,5,2,received,BRL,69063.29,69063.29,2025-09-17 11:53:26,2025-10-28,2025-09-17 11:53:26,2025-09-17 11:53:26
1576,PO-001576,23,5,5,cancelled,BRL,56851.09,56851.09,2026-11-01 20:30:38,2026-12-27,2026-11-01 20:30:38,2026-11-01 20:30:38
1577,PO-001577,4,13,2,cancelled,BRL,28229.57,28229.57,2024-09-21 00:17:54,,2024-09-21 00:17:54,2024-09-21 00:17:54
1578,PO-001578,11,13,3,received,BRL,126364.39,126364.39,2021-08-15 18:19:18,2021-09-26,2021-08-15 18:19:18,2021-08-15 18:19:18
1579,PO-001579,22,5,2,received,BRL,111471.20,111471.20,2021-11-18 02:55:48,2021-12-03,2021-11-18 02:55:48,2021-11-18 02:55:48
1580,PO-001580,12,5,5,partially_received,EUR,114923.61,114923.61,2026-07-19 03:30:42,2026-09-13,2026-07-19 03:30:42,2026-07-19 03:30:42
1581,PO-001581,10,5,3,received,BRL,105537.04,105537.04,2026-01-17 09:37:07,2026-01-30,2026-01-17 09:37:07,2026-01-17 09:37:07
1582,PO-001582,2,5,2,received,BRL,136964.62,136964.62,2022-12-25 10:40:46,2023-01-19,2022-12-25 10:40:46,2022-12-25 10:40:46
1583,PO-001583,20,5,2,received,BRL,154848.24,154848.24,2026-07-21 04:38:13,2026-09-12,2026-07-21 04:38:13,2026-07-21 04:38:13
1584,PO-001584,23,5,1,received,BRL,141263.02,141263.02,2024-06-28 22:31:04,2024-07-26,2024-06-28 22:31:04,2024-06-28 22:31:04
1585,PO-001585,24,5,2,received,BRL,533.18,533.18,2022-06-30 03:31:05,2022-08-23,2022-06-30 03:31:05,2022-06-30 03:31:05
1586,PO-001586,5,13,1,received,BRL,186407.13,186407.13,2025-03-26 02:53:59,2025-05-23,2025-03-26 02:53:59,2025-03-26 02:53:59
1587,PO-001587,5,13,4,partially_received,BRL,24855.00,24855.00,2022-12-11 12:33:15,2022-12-30,2022-12-11 12:33:15,2022-12-11 12:33:15
1588,PO-001588,19,5,5,received,BRL,86415.39,86415.39,2021-10-05 16:30:54,,2021-10-05 16:30:54,2021-10-05 16:30:54
1589,PO-001589,11,13,2,received,BRL,100876.13,100876.13,2025-01-14 14:38:43,2025-02-02,2025-01-14 14:38:43,2025-01-14 14:38:43
1590,PO-001590,18,5,2,received,BRL,31377.06,31377.06,2022-03-05 01:09:22,2022-04-25,2022-03-05 01:09:22,2022-03-05 01:09:22
1591,PO-001591,3,13,2,received,BRL,36357.12,36357.12,2022-01-17 05:54:39,2022-02-07,2022-01-17 05:54:39,2022-01-17 05:54:39
1592,PO-001592,3,13,3,received,BRL,116514.85,116514.85,2026-12-27 12:40:00,2027-02-07,2026-12-27 12:40:00,2026-12-27 12:40:00
1593,PO-001593,12,5,2,partially_received,USD,44168.61,44168.61,2024-09-19 10:52:00,2024-11-17,2024-09-19 10:52:00,2024-09-19 10:52:00
1594,PO-001594,17,13,6,sent,BRL,79397.60,79397.60,2024-10-05 09:54:31,2024-11-11,2024-10-05 09:54:31,2024-10-05 09:54:31
1595,PO-001595,15,5,3,received,BRL,43905.93,43905.93,2026-12-06 02:24:21,2027-01-09,2026-12-06 02:24:21,2026-12-06 02:24:21
1596,PO-001596,12,13,2,received,BRL,76934.72,76934.72,2021-12-03 18:22:24,2022-01-28,2021-12-03 18:22:24,2021-12-03 18:22:24
1597,PO-001597,14,5,2,partially_received,BRL,86455.90,86455.90,2026-12-01 11:49:32,2026-12-08,2026-12-01 11:49:32,2026-12-01 11:49:32
1598,PO-001598,13,13,6,partially_received,BRL,96752.21,96752.21,2022-12-15 08:09:15,2023-02-01,2022-12-15 08:09:15,2022-12-15 08:09:15
1599,PO-001599,8,13,5,partially_received,BRL,8264.70,8264.70,2021-12-04 22:54:47,2021-12-13,2021-12-04 22:54:47,2021-12-04 22:54:47
1600,PO-001600,5,13,5,received,BRL,23916.44,23916.44,2025-10-31 19:01:41,2025-11-05,2025-10-31 19:01:41,2025-10-31 19:01:41
1601,PO-001601,11,13,6,sent,BRL,157098.18,157098.18,2023-10-15 22:53:52,2023-11-09,2023-10-15 22:53:52,2023-10-15 22:53:52
1602,PO-001602,2,13,2,sent,BRL,94022.06,94022.06,2023-12-17 21:00:21,2023-12-20,2023-12-17 21:00:21,2023-12-17 21:00:21
1603,PO-001603,12,5,5,received,USD,151371.33,151371.33,2023-12-21 02:33:24,2024-02-05,2023-12-21 02:33:24,2023-12-21 02:33:24
1604,PO-001604,7,13,1,draft,BRL,89291.99,89291.99,2025-11-23 12:26:16,2026-01-07,2025-11-23 12:26:16,2025-11-23 12:26:16
1605,PO-001605,11,5,2,received,BRL,8592.36,8592.36,2022-10-02 14:42:36,2022-11-13,2022-10-02 14:42:36,2022-10-02 14:42:36
1606,PO-001606,1,13,5,received,BRL,50557.02,50557.02,2023-10-21 00:05:14,2023-10-25,2023-10-21 00:05:14,2023-10-21 00:05:14
1607,PO-001607,19,5,3,cancelled,BRL,68930.31,68930.31,2021-01-08 19:13:06,2021-01-18,2021-01-08 19:13:06,2021-01-08 19:13:06
1608,PO-001608,12,13,5,received,USD,84865.36,84865.36,2020-09-05 21:00:48,2020-10-06,2020-09-05 21:00:48,2020-09-05 21:00:48
1609,PO-001609,13,5,5,received,BRL,100127.11,100127.11,2023-12-23 03:30:35,2024-02-13,2023-12-23 03:30:35,2023-12-23 03:30:35
1610,PO-001610,20,5,5,received,BRL,57853.56,57853.56,2025-07-21 00:13:15,2025-08-11,2025-07-21 00:13:15,2025-07-21 00:13:15
1611,PO-001611,11,13,1,received,BRL,98336.80,98336.80,2024-07-25 02:00:52,2024-09-04,2024-07-25 02:00:52,2024-07-25 02:00:52
1612,PO-001612,12,5,2,sent,USD,13066.92,13066.92,2026-10-21 04:25:36,2026-11-09,2026-10-21 04:25:36,2026-10-21 04:25:36
1613,PO-001613,20,13,5,received,BRL,6621.93,6621.93,2025-10-30 02:53:47,2025-11-06,2025-10-30 02:53:47,2025-10-30 02:53:47
1614,PO-001614,14,13,4,sent,BRL,79652.90,79652.90,2025-09-28 04:02:12,2025-10-14,2025-09-28 04:02:12,2025-09-28 04:02:12
1615,PO-001615,23,13,1,received,BRL,99962.92,99962.92,2026-12-20 15:58:19,2027-01-30,2026-12-20 15:58:19,2026-12-20 15:58:19
1616,PO-001616,24,5,1,received,BRL,155765.16,155765.16,2024-10-06 16:20:16,2024-10-16,2024-10-06 16:20:16,2024-10-06 16:20:16
1617,PO-001617,23,13,5,received,BRL,175561.33,175561.33,2023-05-12 23:48:46,2023-06-02,2023-05-12 23:48:46,2023-05-12 23:48:46
1618,PO-001618,11,5,4,received,BRL,73573.15,73573.15,2023-10-02 23:08:12,2023-11-18,2023-10-02 23:08:12,2023-10-02 23:08:12
1619,PO-001619,3,5,1,received,BRL,44023.81,44023.81,2022-12-07 17:52:25,2023-01-16,2022-12-07 17:52:25,2022-12-07 17:52:25
1620,PO-001620,24,13,3,sent,BRL,139540.03,139540.03,2024-09-20 22:02:04,2024-11-17,2024-09-20 22:02:04,2024-09-20 22:02:04
1621,PO-001621,10,13,6,partially_received,BRL,55881.22,55881.22,2021-10-10 18:47:08,2021-11-13,2021-10-10 18:47:08,2021-10-10 18:47:08
1622,PO-001622,17,5,3,received,BRL,176244.80,176244.80,2023-10-14 07:23:19,2023-10-28,2023-10-14 07:23:19,2023-10-14 07:23:19
1623,PO-001623,16,13,3,received,BRL,96120.34,96120.34,2024-11-12 12:32:56,2024-11-26,2024-11-12 12:32:56,2024-11-12 12:32:56
1624,PO-001624,8,13,6,cancelled,BRL,32076.72,32076.72,2025-10-24 00:48:46,2025-10-30,2025-10-24 00:48:46,2025-10-24 00:48:46
1625,PO-001625,8,5,6,received,BRL,52595.62,52595.62,2026-04-20 09:22:53,2026-05-04,2026-04-20 09:22:53,2026-04-20 09:22:53
1626,PO-001626,10,5,1,partially_received,BRL,160828.26,160828.26,2026-08-19 07:42:51,,2026-08-19 07:42:51,2026-08-19 07:42:51
1627,PO-001627,16,5,6,received,BRL,127820.05,127820.05,2022-01-06 12:14:27,2022-02-16,2022-01-06 12:14:27,2022-01-06 12:14:27
1628,PO-001628,15,13,4,received,BRL,107901.72,107901.72,2026-10-04 23:35:59,2026-10-28,2026-10-04 23:35:59,2026-10-04 23:35:59
1629,PO-001629,4,5,6,received,BRL,45714.80,45714.80,2025-09-06 12:07:10,2025-10-24,2025-09-06 12:07:10,2025-09-06 12:07:10
1630,PO-001630,3,13,3,received,BRL,67717.36,67717.36,2022-11-22 01:12:16,2023-01-15,2022-11-22 01:12:16,2022-11-22 01:12:16
1631,PO-001631,23,13,3,received,BRL,42065.27,42065.27,2024-11-12 09:34:12,2024-12-12,2024-11-12 09:34:12,2024-11-12 09:34:12
1632,PO-001632,9,5,1,sent,BRL,150234.58,150234.58,2024-11-12 16:38:24,,2024-11-12 16:38:24,2024-11-12 16:38:24
1633,PO-001633,7,5,2,received,BRL,96032.81,96032.81,2025-10-18 02:50:04,2025-12-02,2025-10-18 02:50:04,2025-10-18 02:50:04
1634,PO-001634,22,13,1,partially_received,BRL,48921.97,48921.97,2022-12-21 08:27:39,,2022-12-21 08:27:39,2022-12-21 08:27:39
1635,PO-001635,1,5,5,draft,BRL,46170.45,46170.45,2023-08-29 13:00:31,2023-09-22,2023-08-29 13:00:31,2023-08-29 13:00:31
1636,PO-001636,8,13,1,sent,EUR,82779.40,82779.40,2024-12-28 03:10:29,2025-02-15,2024-12-28 03:10:29,2024-12-28 03:10:29
1637,PO-001637,20,5,2,sent,BRL,126442.48,126442.48,2023-07-18 22:51:56,2023-07-27,2023-07-18 22:51:56,2023-07-18 22:51:56
1638,PO-001638,10,5,2,received,BRL,55580.71,55580.71,2026-11-29 21:07:59,2027-01-04,2026-11-29 21:07:59,2026-11-29 21:07:59
1639,PO-001639,17,13,3,partially_received,BRL,111415.24,111415.24,2021-03-21 20:38:09,2021-04-12,2021-03-21 20:38:09,2021-03-21 20:38:09
1640,PO-001640,2,5,5,received,BRL,169782.64,169782.64,2021-10-28 02:40:30,2021-11-30,2021-10-28 02:40:30,2021-10-28 02:40:30
1641,PO-001641,10,13,4,sent,BRL,114031.35,114031.35,2023-09-09 06:36:22,2023-09-24,2023-09-09 06:36:22,2023-09-09 06:36:22
1642,PO-001642,4,5,3,received,BRL,101585.64,101585.64,2021-05-11 08:11:45,2021-06-21,2021-05-11 08:11:45,2021-05-11 08:11:45
1643,PO-001643,15,13,5,received,BRL,62462.82,62462.82,2025-10-05 01:26:48,2025-10-14,2025-10-05 01:26:48,2025-10-05 01:26:48
1644,PO-001644,8,13,6,received,EUR,45815.60,45815.60,2026-09-03 02:03:54,2026-10-19,2026-09-03 02:03:54,2026-09-03 02:03:54
1645,PO-001645,7,13,6,cancelled,BRL,67460.19,67460.19,2023-05-14 08:40:55,2023-06-04,2023-05-14 08:40:55,2023-05-14 08:40:55
1646,PO-001646,17,13,1,received,BRL,56268.52,56268.52,2024-11-05 18:42:55,,2024-11-05 18:42:55,2024-11-05 18:42:55
1647,PO-001647,19,13,2,partially_received,BRL,42668.85,42668.85,2025-01-18 01:18:49,2025-02-05,2025-01-18 01:18:49,2025-01-18 01:18:49
1648,PO-001648,14,13,5,partially_received,BRL,118019.29,118019.29,2023-11-24 07:53:02,,2023-11-24 07:53:02,2023-11-24 07:53:02
1649,PO-001649,14,13,5,sent,BRL,79261.94,79261.94,2025-10-20 06:17:42,2025-11-26,2025-10-20 06:17:42,2025-10-20 06:17:42
1650,PO-001650,17,13,5,received,BRL,82610.18,82610.18,2023-10-14 07:26:04,,2023-10-14 07:26:04,2023-10-14 07:26:04
1651,PO-001651,23,13,2,sent,BRL,46567.53,46567.53,2022-08-05 15:08:04,,2022-08-05 15:08:04,2022-08-05 15:08:04
1652,PO-001652,13,13,1,sent,BRL,4224.48,4224.48,2020-12-21 02:19:03,2021-02-18,2020-12-21 02:19:03,2020-12-21 02:19:03
1653,PO-001653,6,13,5,received,BRL,132661.71,132661.71,2026-06-19 17:22:00,,2026-06-19 17:22:00,2026-06-19 17:22:00
1654,PO-001654,23,5,5,received,BRL,200769.50,200769.50,2021-12-15 16:42:52,2022-01-05,2021-12-15 16:42:52,2021-12-15 16:42:52
1655,PO-001655,12,5,6,partially_received,BRL,141133.91,141133.91,2024-08-27 06:18:20,2024-09-23,2024-08-27 06:18:20,2024-08-27 06:18:20
1656,PO-001656,25,13,6,partially_received,BRL,58302.41,58302.41,2022-12-26 06:18:03,2023-02-01,2022-12-26 06:18:03,2022-12-26 06:18:03
1657,PO-001657,4,13,5,partially_received,BRL,52431.17,52431.17,2023-08-03 21:25:59,2023-09-30,2023-08-03 21:25:59,2023-08-03 21:25:59
1658,PO-001658,24,13,4,received,BRL,6084.50,6084.50,2023-09-06 03:36:47,,2023-09-06 03:36:47,2023-09-06 03:36:47
1659,PO-001659,10,5,2,sent,BRL,111814.32,111814.32,2021-06-27 04:32:13,2021-08-20,2021-06-27 04:32:13,2021-06-27 04:32:13
1660,PO-001660,11,5,6,partially_received,BRL,17138.88,17138.88,2026-09-06 18:01:32,2026-10-10,2026-09-06 18:01:32,2026-09-06 18:01:32
1661,PO-001661,24,13,6,cancelled,BRL,87617.35,87617.35,2025-06-22 23:26:49,2025-08-04,2025-06-22 23:26:49,2025-06-22 23:26:49
1662,PO-001662,7,13,1,received,BRL,29305.16,29305.16,2020-07-27 05:58:50,2020-08-21,2020-07-27 05:58:50,2020-07-27 05:58:50
1663,PO-001663,15,13,1,sent,BRL,7173.24,7173.24,2023-09-18 21:55:23,2023-09-26,2023-09-18 21:55:23,2023-09-18 21:55:23
1664,PO-001664,14,5,5,partially_received,BRL,36079.45,36079.45,2022-09-19 19:47:27,2022-10-04,2022-09-19 19:47:27,2022-09-19 19:47:27
1665,PO-001665,13,5,2,received,BRL,110636.28,110636.28,2020-05-08 03:24:24,2020-06-08,2020-05-08 03:24:24,2020-05-08 03:24:24
1666,PO-001666,18,5,6,received,BRL,96643.07,96643.07,2020-06-24 04:37:19,2020-07-13,2020-06-24 04:37:19,2020-06-24 04:37:19
1667,PO-001667,6,5,3,received,BRL,36260.80,36260.80,2026-12-27 11:06:27,2027-01-27,2026-12-27 11:06:27,2026-12-27 11:06:27
1668,PO-001668,25,13,3,draft,BRL,114672.84,114672.84,2021-10-05 22:52:38,2021-11-28,2021-10-05 22:52:38,2021-10-05 22:52:38
1669,PO-001669,23,5,5,partially_received,BRL,82055.36,82055.36,2025-11-03 02:18:22,2025-11-10,2025-11-03 02:18:22,2025-11-03 02:18:22
1670,PO-001670,9,5,2,sent,BRL,56029.56,56029.56,2022-12-19 07:38:16,2022-12-25,2022-12-19 07:38:16,2022-12-19 07:38:16
1671,PO-001671,13,13,2,received,BRL,98381.82,98381.82,2020-08-05 21:22:53,2020-09-27,2020-08-05 21:22:53,2020-08-05 21:22:53
1672,PO-001672,10,13,1,draft,BRL,81201.36,81201.36,2022-07-20 03:46:20,2022-08-18,2022-07-20 03:46:20,2022-07-20 03:46:20
1673,PO-001673,11,5,1,cancelled,BRL,117610.25,117610.25,2021-12-20 08:14:09,2022-02-04,2021-12-20 08:14:09,2021-12-20 08:14:09
1674,PO-001674,12,13,1,partially_received,EUR,180745.10,180745.10,2023-12-30 17:05:07,2024-01-25,2023-12-30 17:05:07,2023-12-30 17:05:07
1675,PO-001675,14,13,1,received,BRL,12811.19,12811.19,2020-07-05 10:24:40,2020-08-14,2020-07-05 10:24:40,2020-07-05 10:24:40
1676,PO-001676,4,13,3,received,BRL,112520.86,112520.86,2020-12-22 14:49:03,2020-12-26,2020-12-22 14:49:03,2020-12-22 14:49:03
1677,PO-001677,2,13,6,received,BRL,29065.40,29065.40,2024-01-26 19:29:20,2024-02-26,2024-01-26 19:29:20,2024-01-26 19:29:20
1678,PO-001678,12,13,1,received,USD,66433.29,66433.29,2025-03-24 09:20:58,2025-04-15,2025-03-24 09:20:58,2025-03-24 09:20:58
1679,PO-001679,2,13,5,received,BRL,116017.31,116017.31,2023-11-15 20:46:43,2023-11-27,2023-11-15 20:46:43,2023-11-15 20:46:43
1680,PO-001680,20,13,5,received,BRL,154341.33,154341.33,2024-01-11 19:31:33,2024-02-05,2024-01-11 19:31:33,2024-01-11 19:31:33
1681,PO-001681,3,5,4,received,BRL,49532.57,49532.57,2020-11-03 09:10:44,2020-12-30,2020-11-03 09:10:44,2020-11-03 09:10:44
1682,PO-001682,25,5,2,sent,BRL,86446.43,86446.43,2026-11-24 22:05:32,2026-12-05,2026-11-24 22:05:32,2026-11-24 22:05:32
1683,PO-001683,5,13,3,received,BRL,104305.55,104305.55,2024-09-24 21:35:20,2024-10-26,2024-09-24 21:35:20,2024-09-24 21:35:20
1684,PO-001684,17,5,1,received,BRL,151009.64,151009.64,2021-05-16 21:28:09,2021-07-11,2021-05-16 21:28:09,2021-05-16 21:28:09
1685,PO-001685,20,5,3,sent,BRL,62334.51,62334.51,2024-04-16 12:54:44,2024-04-28,2024-04-16 12:54:44,2024-04-16 12:54:44
1686,PO-001686,3,5,6,partially_received,BRL,58349.41,58349.41,2023-09-07 00:58:05,2023-11-02,2023-09-07 00:58:05,2023-09-07 00:58:05
1687,PO-001687,3,5,4,partially_received,BRL,144779.77,144779.77,2021-03-10 04:55:28,2021-03-21,2021-03-10 04:55:28,2021-03-10 04:55:28
1688,PO-001688,16,13,2,received,BRL,54857.44,54857.44,2026-09-22 15:18:12,2026-09-30,2026-09-22 15:18:12,2026-09-22 15:18:12
1689,PO-001689,3,13,3,partially_received,BRL,17630.56,17630.56,2026-11-07 03:09:59,2026-12-01,2026-11-07 03:09:59,2026-11-07 03:09:59
1690,PO-001690,10,13,4,received,BRL,14720.20,14720.20,2023-12-20 06:51:49,2024-01-03,2023-12-20 06:51:49,2023-12-20 06:51:49
1691,PO-001691,22,13,5,partially_received,BRL,35871.48,35871.48,2021-09-19 20:27:44,2021-10-08,2021-09-19 20:27:44,2021-09-19 20:27:44
1692,PO-001692,11,13,5,partially_received,BRL,34658.31,34658.31,2026-10-13 17:02:28,,2026-10-13 17:02:28,2026-10-13 17:02:28
1693,PO-001693,18,13,2,partially_received,BRL,30158.80,30158.80,2021-10-05 00:19:51,2021-11-10,2021-10-05 00:19:51,2021-10-05 00:19:51
1694,PO-001694,17,5,3,received,BRL,20289.96,20289.96,2021-09-16 19:41:24,,2021-09-16 19:41:24,2021-09-16 19:41:24
1695,PO-001695,12,5,1,partially_received,USD,28359.96,28359.96,2021-08-13 18:04:21,,2021-08-13 18:04:21,2021-08-13 18:04:21
1696,PO-001696,5,13,6,received,BRL,24149.61,24149.61,2021-10-27 12:49:43,2021-12-06,2021-10-27 12:49:43,2021-10-27 12:49:43
1697,PO-001697,25,13,4,sent,BRL,164898.74,164898.74,2026-12-29 11:59:48,2027-02-08,2026-12-29 11:59:48,2026-12-29 11:59:48
1698,PO-001698,7,13,5,partially_received,BRL,20087.40,20087.40,2026-11-22 08:39:33,2026-12-25,2026-11-22 08:39:33,2026-11-22 08:39:33
1699,PO-001699,13,5,3,draft,BRL,93589.98,93589.98,2023-02-15 14:14:19,2023-04-16,2023-02-15 14:14:19,2023-02-15 14:14:19
1700,PO-001700,25,5,4,sent,BRL,162548.38,162548.38,2024-03-07 10:37:49,2024-04-04,2024-03-07 10:37:49,2024-03-07 10:37:49
1701,PO-001701,18,13,6,partially_received,BRL,87009.12,87009.12,2024-04-04 20:31:04,2024-05-19,2024-04-04 20:31:04,2024-04-04 20:31:04
1702,PO-001702,25,5,6,cancelled,BRL,88514.83,88514.83,2021-09-19 18:30:30,,2021-09-19 18:30:30,2021-09-19 18:30:30
1703,PO-001703,6,13,1,sent,BRL,25350.15,25350.15,2021-03-24 19:07:06,2021-05-16,2021-03-24 19:07:06,2021-03-24 19:07:06
1704,PO-001704,6,5,2,received,BRL,202779.93,202779.93,2024-09-17 10:54:03,,2024-09-17 10:54:03,2024-09-17 10:54:03
1705,PO-001705,4,13,3,partially_received,BRL,46531.96,46531.96,2023-02-02 16:10:30,2023-03-24,2023-02-02 16:10:30,2023-02-02 16:10:30
1706,PO-001706,10,5,6,received,BRL,20458.00,20458.00,2025-05-14 10:24:51,2025-06-16,2025-05-14 10:24:51,2025-05-14 10:24:51
1707,PO-001707,6,13,3,received,BRL,130393.78,130393.78,2026-10-12 04:32:16,2026-11-23,2026-10-12 04:32:16,2026-10-12 04:32:16
1708,PO-001708,18,13,6,received,BRL,129539.43,129539.43,2024-11-25 11:18:15,2024-12-28,2024-11-25 11:18:15,2024-11-25 11:18:15
1709,PO-001709,13,13,2,received,BRL,104085.37,104085.37,2026-07-30 16:56:22,2026-09-17,2026-07-30 16:56:22,2026-07-30 16:56:22
1710,PO-001710,1,5,4,received,BRL,17924.62,17924.62,2025-08-06 05:59:22,2025-09-20,2025-08-06 05:59:22,2025-08-06 05:59:22
1711,PO-001711,8,5,1,received,USD,73230.02,73230.02,2025-03-19 15:19:48,,2025-03-19 15:19:48,2025-03-19 15:19:48
1712,PO-001712,3,5,3,received,BRL,199419.59,199419.59,2020-10-10 15:35:40,2020-10-13,2020-10-10 15:35:40,2020-10-10 15:35:40
1713,PO-001713,1,13,5,sent,BRL,4441.72,4441.72,2022-09-22 08:51:02,2022-11-03,2022-09-22 08:51:02,2022-09-22 08:51:02
1714,PO-001714,4,5,5,cancelled,BRL,93645.15,93645.15,2024-02-12 07:57:55,2024-04-07,2024-02-12 07:57:55,2024-02-12 07:57:55
1715,PO-001715,16,5,3,received,BRL,54306.60,54306.60,2023-02-15 21:12:28,2023-02-24,2023-02-15 21:12:28,2023-02-15 21:12:28
1716,PO-001716,13,5,2,partially_received,BRL,43481.35,43481.35,2025-08-31 08:33:12,,2025-08-31 08:33:12,2025-08-31 08:33:12
1717,PO-001717,2,13,1,received,BRL,17116.72,17116.72,2026-09-03 02:42:59,2026-10-21,2026-09-03 02:42:59,2026-09-03 02:42:59
1718,PO-001718,13,13,5,partially_received,BRL,61183.11,61183.11,2020-04-10 14:18:25,2020-04-22,2020-04-10 14:18:25,2020-04-10 14:18:25
1719,PO-001719,1,5,1,partially_received,BRL,172261.17,172261.17,2022-05-04 00:06:18,2022-06-28,2022-05-04 00:06:18,2022-05-04 00:06:18
1720,PO-001720,15,5,4,sent,BRL,82845.97,82845.97,2024-01-24 23:53:23,2024-01-30,2024-01-24 23:53:23,2024-01-24 23:53:23
1721,PO-001721,8,5,6,received,USD,209022.02,209022.02,2021-08-26 00:46:51,2021-09-17,2021-08-26 00:46:51,2021-08-26 00:46:51
1722,PO-001722,16,13,4,received,BRL,808.71,808.71,2024-09-06 07:02:32,2024-09-29,2024-09-06 07:02:32,2024-09-06 07:02:32
1723,PO-001723,20,13,5,partially_received,BRL,166470.72,166470.72,2025-08-03 21:57:55,2025-09-13,2025-08-03 21:57:55,2025-08-03 21:57:55
1724,PO-001724,25,13,3,received,BRL,104393.95,104393.95,2023-10-30 01:47:28,2023-12-20,2023-10-30 01:47:28,2023-10-30 01:47:28
1725,PO-001725,13,13,6,received,BRL,12694.25,12694.25,2025-12-04 17:53:04,2026-01-23,2025-12-04 17:53:04,2025-12-04 17:53:04
1726,PO-001726,21,13,5,partially_received,BRL,38191.94,38191.94,2022-01-27 03:22:20,2022-03-03,2022-01-27 03:22:20,2022-01-27 03:22:20
1727,PO-001727,7,5,6,sent,BRL,150094.77,150094.77,2026-01-01 01:43:17,2026-02-05,2026-01-01 01:43:17,2026-01-01 01:43:17
1728,PO-001728,2,13,2,sent,BRL,37183.74,37183.74,2021-08-20 08:51:48,2021-10-09,2021-08-20 08:51:48,2021-08-20 08:51:48
1729,PO-001729,25,5,2,received,BRL,82469.82,82469.82,2025-10-18 23:05:35,2025-10-25,2025-10-18 23:05:35,2025-10-18 23:05:35
1730,PO-001730,17,5,1,partially_received,BRL,61488.28,61488.28,2024-06-29 16:49:33,2024-07-05,2024-06-29 16:49:33,2024-06-29 16:49:33
1731,PO-001731,6,5,3,partially_received,BRL,56446.83,56446.83,2026-09-19 06:29:31,2026-09-23,2026-09-19 06:29:31,2026-09-19 06:29:31
1732,PO-001732,21,5,2,received,BRL,45915.64,45915.64,2024-12-17 22:06:28,2025-01-01,2024-12-17 22:06:28,2024-12-17 22:06:28
1733,PO-001733,21,5,3,received,BRL,104073.09,104073.09,2022-06-10 23:36:56,2022-06-13,2022-06-10 23:36:56,2022-06-10 23:36:56
1734,PO-001734,16,5,4,received,BRL,81367.63,81367.63,2020-05-18 06:11:36,2020-07-10,2020-05-18 06:11:36,2020-05-18 06:11:36
1735,PO-001735,17,13,3,received,BRL,37772.40,37772.40,2025-01-03 20:15:06,2025-02-14,2025-01-03 20:15:06,2025-01-03 20:15:06
1736,PO-001736,17,13,3,partially_received,BRL,80861.36,80861.36,2026-02-07 12:36:53,2026-04-07,2026-02-07 12:36:53,2026-02-07 12:36:53
1737,PO-001737,16,13,2,received,BRL,1040.90,1040.90,2022-07-06 17:44:37,2022-08-21,2022-07-06 17:44:37,2022-07-06 17:44:37
1738,PO-001738,20,13,3,received,BRL,95740.39,95740.39,2021-08-28 10:52:40,2021-09-04,2021-08-28 10:52:40,2021-08-28 10:52:40
1739,PO-001739,22,13,4,received,BRL,151643.59,151643.59,2023-07-08 07:27:15,,2023-07-08 07:27:15,2023-07-08 07:27:15
1740,PO-001740,4,13,6,received,BRL,22524.28,22524.28,2025-11-08 01:13:01,2026-01-04,2025-11-08 01:13:01,2025-11-08 01:13:01
1741,PO-001741,15,13,4,partially_received,BRL,186555.86,186555.86,2021-07-01 08:23:09,2021-07-05,2021-07-01 08:23:09,2021-07-01 08:23:09
1742,PO-001742,14,5,2,partially_received,BRL,152035.92,152035.92,2024-08-02 01:30:41,,2024-08-02 01:30:41,2024-08-02 01:30:41
1743,PO-001743,2,13,5,received,BRL,63629.48,63629.48,2025-08-06 21:48:09,2025-08-29,2025-08-06 21:48:09,2025-08-06 21:48:09
1744,PO-001744,20,13,3,received,BRL,46734.75,46734.75,2021-11-10 16:53:47,2021-12-27,2021-11-10 16:53:47,2021-11-10 16:53:47
1745,PO-001745,11,13,6,partially_received,BRL,17838.40,17838.40,2025-10-24 17:59:19,,2025-10-24 17:59:19,2025-10-24 17:59:19
1746,PO-001746,16,13,2,received,BRL,467.46,467.46,2023-09-02 08:06:10,2023-10-18,2023-09-02 08:06:10,2023-09-02 08:06:10
1747,PO-001747,8,5,5,received,USD,79393.24,79393.24,2024-10-31 19:36:38,2024-12-14,2024-10-31 19:36:38,2024-10-31 19:36:38
1748,PO-001748,21,5,5,sent,BRL,4950.89,4950.89,2022-10-03 23:08:42,2022-11-22,2022-10-03 23:08:42,2022-10-03 23:08:42
1749,PO-001749,17,5,4,received,BRL,64642.58,64642.58,2026-07-03 19:45:00,,2026-07-03 19:45:00,2026-07-03 19:45:00
1750,PO-001750,5,13,2,received,BRL,64488.28,64488.28,2020-10-05 03:45:28,,2020-10-05 03:45:28,2020-10-05 03:45:28
1751,PO-001751,12,13,2,received,USD,109964.25,109964.25,2026-07-12 01:04:42,2026-08-08,2026-07-12 01:04:42,2026-07-12 01:04:42
1752,PO-001752,12,13,1,received,BRL,5699.25,5699.25,2026-10-29 20:38:03,2026-12-02,2026-10-29 20:38:03,2026-10-29 20:38:03
1753,PO-001753,11,13,5,received,BRL,122504.13,122504.13,2025-08-28 04:00:10,2025-10-05,2025-08-28 04:00:10,2025-08-28 04:00:10
1754,PO-001754,5,13,1,received,BRL,98348.61,98348.61,2020-08-19 04:06:55,,2020-08-19 04:06:55,2020-08-19 04:06:55
1755,PO-001755,18,13,3,partially_received,BRL,76014.46,76014.46,2024-01-31 14:03:42,,2024-01-31 14:03:42,2024-01-31 14:03:42
1756,PO-001756,23,13,2,cancelled,BRL,2114.20,2114.20,2024-10-20 15:32:36,2024-12-07,2024-10-20 15:32:36,2024-10-20 15:32:36
1757,PO-001757,16,13,2,cancelled,BRL,178040.95,178040.95,2021-12-30 11:44:05,2022-01-03,2021-12-30 11:44:05,2021-12-30 11:44:05
1758,PO-001758,19,5,3,received,BRL,15242.24,15242.24,2025-06-04 15:40:39,2025-06-09,2025-06-04 15:40:39,2025-06-04 15:40:39
1759,PO-001759,13,13,5,received,BRL,59784.00,59784.00,2021-03-26 08:55:00,,2021-03-26 08:55:00,2021-03-26 08:55:00
1760,PO-001760,22,5,2,received,BRL,157725.21,157725.21,2023-03-12 23:05:10,2023-05-09,2023-03-12 23:05:10,2023-03-12 23:05:10
1761,PO-001761,14,5,3,partially_received,BRL,57306.97,57306.97,2024-04-18 14:50:03,2024-05-24,2024-04-18 14:50:03,2024-04-18 14:50:03
1762,PO-001762,1,5,3,received,BRL,25271.22,25271.22,2023-12-20 02:13:08,2024-01-26,2023-12-20 02:13:08,2023-12-20 02:13:08
1763,PO-001763,17,13,5,received,BRL,21050.80,21050.80,2022-08-12 13:55:28,2022-09-15,2022-08-12 13:55:28,2022-08-12 13:55:28
1764,PO-001764,5,5,6,received,BRL,109201.10,109201.10,2024-11-10 12:32:15,2024-11-26,2024-11-10 12:32:15,2024-11-10 12:32:15
1765,PO-001765,9,13,6,cancelled,BRL,63988.56,63988.56,2026-02-18 08:23:02,2026-04-07,2026-02-18 08:23:02,2026-02-18 08:23:02
1766,PO-001766,9,13,4,sent,BRL,149993.96,149993.96,2021-08-19 15:57:06,,2021-08-19 15:57:06,2021-08-19 15:57:06
1767,PO-001767,20,5,1,received,BRL,33592.24,33592.24,2026-10-19 18:02:06,2026-11-17,2026-10-19 18:02:06,2026-10-19 18:02:06
1768,PO-001768,2,13,2,sent,BRL,45562.86,45562.86,2024-09-13 21:23:05,2024-09-18,2024-09-13 21:23:05,2024-09-13 21:23:05
1769,PO-001769,8,5,6,received,EUR,102341.91,102341.91,2020-08-13 04:18:10,2020-09-11,2020-08-13 04:18:10,2020-08-13 04:18:10
1770,PO-001770,18,13,6,partially_received,BRL,30959.90,30959.90,2023-07-09 05:11:29,2023-08-25,2023-07-09 05:11:29,2023-07-09 05:11:29
1771,PO-001771,13,5,5,draft,BRL,16769.81,16769.81,2026-07-28 13:19:54,,2026-07-28 13:19:54,2026-07-28 13:19:54
1772,PO-001772,18,5,4,received,BRL,71680.41,71680.41,2022-10-14 01:26:24,2022-11-15,2022-10-14 01:26:24,2022-10-14 01:26:24
1773,PO-001773,15,5,3,sent,BRL,41674.22,41674.22,2021-04-13 10:20:52,2021-04-27,2021-04-13 10:20:52,2021-04-13 10:20:52
1774,PO-001774,16,13,3,sent,BRL,71689.60,71689.60,2022-12-02 12:51:59,2023-01-13,2022-12-02 12:51:59,2022-12-02 12:51:59
1775,PO-001775,24,13,6,received,BRL,223177.95,223177.95,2024-01-17 13:53:31,2024-03-16,2024-01-17 13:53:31,2024-01-17 13:53:31
1776,PO-001776,2,5,3,received,BRL,39157.61,39157.61,2022-01-10 09:26:36,2022-02-27,2022-01-10 09:26:36,2022-01-10 09:26:36
1777,PO-001777,18,5,5,received,BRL,39037.95,39037.95,2024-03-16 03:29:40,,2024-03-16 03:29:40,2024-03-16 03:29:40
1778,PO-001778,18,13,1,partially_received,BRL,147636.48,147636.48,2025-12-17 19:23:05,2026-01-19,2025-12-17 19:23:05,2025-12-17 19:23:05
1779,PO-001779,24,5,4,cancelled,BRL,107901.70,107901.70,2025-11-28 14:17:25,2025-12-02,2025-11-28 14:17:25,2025-11-28 14:17:25
1780,PO-001780,24,13,3,sent,BRL,154741.36,154741.36,2025-12-06 04:07:31,,2025-12-06 04:07:31,2025-12-06 04:07:31
1781,PO-001781,17,13,4,received,BRL,62371.46,62371.46,2020-08-05 03:15:07,2020-09-24,2020-08-05 03:15:07,2020-08-05 03:15:07
1782,PO-001782,7,13,4,received,BRL,220677.92,220677.92,2023-12-24 20:40:55,2024-01-25,2023-12-24 20:40:55,2023-12-24 20:40:55
1783,PO-001783,9,13,4,received,BRL,2314.26,2314.26,2020-05-11 21:46:27,2020-06-24,2020-05-11 21:46:27,2020-05-11 21:46:27
1784,PO-001784,13,5,2,partially_received,BRL,103677.00,103677.00,2024-02-13 22:01:19,2024-04-08,2024-02-13 22:01:19,2024-02-13 22:01:19
1785,PO-001785,3,13,4,sent,BRL,95919.43,95919.43,2023-05-02 15:59:51,2023-06-15,2023-05-02 15:59:51,2023-05-02 15:59:51
1786,PO-001786,13,5,6,received,BRL,31816.64,31816.64,2024-12-15 10:47:45,2025-02-01,2024-12-15 10:47:45,2024-12-15 10:47:45
1787,PO-001787,24,5,4,received,BRL,31146.44,31146.44,2025-06-15 09:45:24,2025-07-21,2025-06-15 09:45:24,2025-06-15 09:45:24
1788,PO-001788,11,5,4,received,BRL,48410.82,48410.82,2023-03-01 22:41:19,2023-03-22,2023-03-01 22:41:19,2023-03-01 22:41:19
1789,PO-001789,23,13,2,partially_received,BRL,238720.43,238720.43,2025-08-18 02:39:20,2025-09-26,2025-08-18 02:39:20,2025-08-18 02:39:20
1790,PO-001790,2,5,3,received,BRL,92530.62,92530.62,2026-09-08 07:38:51,2026-10-16,2026-09-08 07:38:51,2026-09-08 07:38:51
1791,PO-001791,13,13,6,sent,BRL,27610.62,27610.62,2024-02-11 21:05:54,2024-02-25,2024-02-11 21:05:54,2024-02-11 21:05:54
1792,PO-001792,11,13,3,received,BRL,204328.63,204328.63,2022-10-29 16:55:47,2022-11-14,2022-10-29 16:55:47,2022-10-29 16:55:47
1793,PO-001793,13,5,2,received,BRL,14273.76,14273.76,2024-10-10 07:29:28,2024-12-08,2024-10-10 07:29:28,2024-10-10 07:29:28
1794,PO-001794,18,5,5,sent,BRL,94598.85,94598.85,2025-06-14 16:26:35,2025-08-02,2025-06-14 16:26:35,2025-06-14 16:26:35
1795,PO-001795,1,13,1,sent,BRL,120837.50,120837.50,2023-08-07 22:22:39,2023-08-31,2023-08-07 22:22:39,2023-08-07 22:22:39
1796,PO-001796,3,5,6,partially_received,BRL,121467.66,121467.66,2026-08-17 21:29:52,2026-10-16,2026-08-17 21:29:52,2026-08-17 21:29:52
1797,PO-001797,5,13,5,received,BRL,80277.96,80277.96,2026-06-26 21:17:31,2026-08-15,2026-06-26 21:17:31,2026-06-26 21:17:31
1798,PO-001798,4,13,5,received,BRL,61630.18,61630.18,2024-07-02 11:35:45,2024-08-24,2024-07-02 11:35:45,2024-07-02 11:35:45
1799,PO-001799,20,5,1,partially_received,BRL,1832.00,1832.00,2024-08-01 18:13:50,,2024-08-01 18:13:50,2024-08-01 18:13:50
1800,PO-001800,8,5,2,partially_received,USD,45591.24,45591.24,2022-12-15 18:07:24,2022-12-30,2022-12-15 18:07:24,2022-12-15 18:07:24
1801,PO-001801,24,13,2,received,BRL,2156.46,2156.46,2023-11-14 12:28:48,2023-12-29,2023-11-14 12:28:48,2023-11-14 12:28:48
1802,PO-001802,5,13,3,received,BRL,68991.85,68991.85,2024-12-19 13:18:27,2025-01-30,2024-12-19 13:18:27,2024-12-19 13:18:27
1803,PO-001803,1,13,1,draft,BRL,120877.81,120877.81,2022-09-27 22:44:27,2022-10-24,2022-09-27 22:44:27,2022-09-27 22:44:27
1804,PO-001804,19,5,1,received,BRL,60491.01,60491.01,2021-06-16 09:31:10,2021-06-20,2021-06-16 09:31:10,2021-06-16 09:31:10
1805,PO-001805,10,13,6,received,BRL,88608.12,88608.12,2026-08-10 23:07:10,2026-08-29,2026-08-10 23:07:10,2026-08-10 23:07:10
1806,PO-001806,6,5,1,received,BRL,83480.01,83480.01,2020-03-19 23:47:52,2020-03-25,2020-03-19 23:47:52,2020-03-19 23:47:52
1807,PO-001807,5,13,3,received,BRL,16966.88,16966.88,2023-12-14 07:20:43,2024-02-11,2023-12-14 07:20:43,2023-12-14 07:20:43
1808,PO-001808,11,13,6,received,BRL,45016.20,45016.20,2023-04-25 12:13:22,2023-05-25,2023-04-25 12:13:22,2023-04-25 12:13:22
1809,PO-001809,8,13,6,received,USD,72899.40,72899.40,2023-03-06 00:36:49,2023-03-13,2023-03-06 00:36:49,2023-03-06 00:36:49
1810,PO-001810,20,5,6,sent,BRL,63765.52,63765.52,2022-06-30 23:50:13,2022-07-24,2022-06-30 23:50:13,2022-06-30 23:50:13
1811,PO-001811,6,13,5,draft,BRL,46064.84,46064.84,2024-08-10 21:19:44,2024-09-23,2024-08-10 21:19:44,2024-08-10 21:19:44
1812,PO-001812,24,13,1,partially_received,BRL,94865.85,94865.85,2024-10-05 03:13:10,2024-10-11,2024-10-05 03:13:10,2024-10-05 03:13:10
1813,PO-001813,14,13,2,cancelled,BRL,15274.21,15274.21,2026-07-17 23:25:01,2026-08-19,2026-07-17 23:25:01,2026-07-17 23:25:01
1814,PO-001814,15,5,4,received,BRL,156631.09,156631.09,2025-02-24 08:30:29,2025-04-25,2025-02-24 08:30:29,2025-02-24 08:30:29
1815,PO-001815,16,5,1,partially_received,BRL,110339.94,110339.94,2025-09-08 12:06:13,2025-09-14,2025-09-08 12:06:13,2025-09-08 12:06:13
1816,PO-001816,12,5,5,received,BRL,76587.88,76587.88,2025-11-20 07:06:05,2025-12-16,2025-11-20 07:06:05,2025-11-20 07:06:05
1817,PO-001817,3,13,4,received,BRL,105335.70,105335.70,2023-02-08 18:23:58,,2023-02-08 18:23:58,2023-02-08 18:23:58
1818,PO-001818,2,5,6,partially_received,BRL,151234.03,151234.03,2024-09-11 22:30:07,2024-09-21,2024-09-11 22:30:07,2024-09-11 22:30:07
1819,PO-001819,3,5,4,partially_received,BRL,33067.26,33067.26,2021-01-04 17:17:26,2021-02-13,2021-01-04 17:17:26,2021-01-04 17:17:26
1820,PO-001820,16,5,3,partially_received,BRL,170923.24,170923.24,2025-11-10 02:54:53,2025-11-21,2025-11-10 02:54:53,2025-11-10 02:54:53
1821,PO-001821,7,13,5,partially_received,BRL,4273.62,4273.62,2020-02-02 23:15:18,,2020-02-02 23:15:18,2020-02-02 23:15:18
1822,PO-001822,25,5,4,sent,BRL,9316.86,9316.86,2023-01-27 05:07:49,2023-02-09,2023-01-27 05:07:49,2023-01-27 05:07:49
1823,PO-001823,23,5,5,partially_received,BRL,115676.81,115676.81,2024-11-17 04:30:44,2024-12-06,2024-11-17 04:30:44,2024-11-17 04:30:44
1824,PO-001824,7,5,3,received,BRL,29161.59,29161.59,2025-10-22 17:34:31,,2025-10-22 17:34:31,2025-10-22 17:34:31
1825,PO-001825,8,5,4,partially_received,EUR,120278.57,120278.57,2025-12-04 22:13:06,2026-01-10,2025-12-04 22:13:06,2025-12-04 22:13:06
1826,PO-001826,10,13,6,received,BRL,30280.94,30280.94,2021-12-27 19:20:47,2022-01-11,2021-12-27 19:20:47,2021-12-27 19:20:47
1827,PO-001827,12,13,2,cancelled,BRL,103900.35,103900.35,2025-06-26 02:08:27,2025-07-20,2025-06-26 02:08:27,2025-06-26 02:08:27
1828,PO-001828,13,13,6,received,BRL,103827.60,103827.60,2026-07-29 22:10:12,2026-08-15,2026-07-29 22:10:12,2026-07-29 22:10:12
1829,PO-001829,20,5,5,partially_received,BRL,121190.08,121190.08,2026-04-01 11:45:38,2026-05-26,2026-04-01 11:45:38,2026-04-01 11:45:38
1830,PO-001830,4,5,5,received,BRL,37821.35,37821.35,2023-12-23 16:12:26,2024-01-07,2023-12-23 16:12:26,2023-12-23 16:12:26
1831,PO-001831,14,5,2,partially_received,BRL,203343.00,203343.00,2025-03-27 23:43:36,2025-05-03,2025-03-27 23:43:36,2025-03-27 23:43:36
1832,PO-001832,25,13,2,received,BRL,12453.84,12453.84,2026-08-12 06:38:22,2026-08-29,2026-08-12 06:38:22,2026-08-12 06:38:22
1833,PO-001833,2,5,2,sent,BRL,124858.49,124858.49,2020-10-26 17:21:11,2020-12-15,2020-10-26 17:21:11,2020-10-26 17:21:11
1834,PO-001834,13,5,1,received,BRL,50297.99,50297.99,2026-10-30 18:33:15,2026-12-25,2026-10-30 18:33:15,2026-10-30 18:33:15
1835,PO-001835,1,13,4,partially_received,BRL,110961.26,110961.26,2025-02-28 06:23:30,2025-04-03,2025-02-28 06:23:30,2025-02-28 06:23:30
1836,PO-001836,8,5,4,received,USD,68936.01,68936.01,2020-08-21 19:16:50,2020-09-29,2020-08-21 19:16:50,2020-08-21 19:16:50
1837,PO-001837,23,5,5,received,BRL,37070.54,37070.54,2022-07-15 23:52:14,2022-08-15,2022-07-15 23:52:14,2022-07-15 23:52:14
1838,PO-001838,8,13,3,sent,EUR,113149.39,113149.39,2021-08-24 02:27:21,2021-09-15,2021-08-24 02:27:21,2021-08-24 02:27:21
1839,PO-001839,15,5,5,received,BRL,27209.33,27209.33,2025-06-06 15:55:46,2025-07-05,2025-06-06 15:55:46,2025-06-06 15:55:46
1840,PO-001840,9,5,6,sent,BRL,6828.03,6828.03,2026-07-22 12:27:33,,2026-07-22 12:27:33,2026-07-22 12:27:33
1841,PO-001841,7,5,4,partially_received,BRL,81614.31,81614.31,2025-11-07 22:09:27,2025-11-19,2025-11-07 22:09:27,2025-11-07 22:09:27
1842,PO-001842,9,5,1,partially_received,BRL,1208.88,1208.88,2021-12-16 10:31:18,2022-01-04,2021-12-16 10:31:18,2021-12-16 10:31:18
1843,PO-001843,21,5,3,received,BRL,27940.28,27940.28,2023-12-27 19:22:34,2024-01-28,2023-12-27 19:22:34,2023-12-27 19:22:34
1844,PO-001844,4,5,3,sent,BRL,161425.20,161425.20,2024-06-04 15:40:28,2024-06-25,2024-06-04 15:40:28,2024-06-04 15:40:28
1845,PO-001845,4,13,6,partially_received,BRL,129945.95,129945.95,2025-08-10 16:15:24,2025-10-03,2025-08-10 16:15:24,2025-08-10 16:15:24
1846,PO-001846,5,5,6,received,BRL,94399.99,94399.99,2022-04-13 05:15:03,2022-05-07,2022-04-13 05:15:03,2022-04-13 05:15:03
1847,PO-001847,1,13,5,draft,BRL,28077.28,28077.28,2026-12-16 09:48:42,2026-12-30,2026-12-16 09:48:42,2026-12-16 09:48:42
1848,PO-001848,5,5,6,received,BRL,70660.42,70660.42,2022-05-18 12:30:30,2022-05-25,2022-05-18 12:30:30,2022-05-18 12:30:30
1849,PO-001849,9,5,5,received,BRL,62943.86,62943.86,2024-08-11 00:07:34,,2024-08-11 00:07:34,2024-08-11 00:07:34
1850,PO-001850,8,13,2,received,USD,71912.29,71912.29,2026-06-04 07:33:22,2026-07-11,2026-06-04 07:33:22,2026-06-04 07:33:22
1851,PO-001851,2,13,5,received,BRL,15458.50,15458.50,2023-10-23 23:50:54,2023-11-06,2023-10-23 23:50:54,2023-10-23 23:50:54
1852,PO-001852,21,13,6,received,BRL,107499.24,107499.24,2024-10-12 20:31:59,2024-11-19,2024-10-12 20:31:59,2024-10-12 20:31:59
1853,PO-001853,15,5,5,sent,BRL,17624.40,17624.40,2025-10-09 18:43:57,2025-10-22,2025-10-09 18:43:57,2025-10-09 18:43:57
1854,PO-001854,1,5,4,received,BRL,51242.19,51242.19,2026-12-07 01:28:48,2027-01-17,2026-12-07 01:28:48,2026-12-07 01:28:48
1855,PO-001855,13,13,4,received,BRL,58010.12,58010.12,2025-10-17 01:19:16,,2025-10-17 01:19:16,2025-10-17 01:19:16
1856,PO-001856,4,5,6,partially_received,BRL,17417.62,17417.62,2026-05-31 11:02:45,2026-07-04,2026-05-31 11:02:45,2026-05-31 11:02:45
1857,PO-001857,9,5,4,received,BRL,64194.38,64194.38,2022-04-26 01:41:26,2022-06-04,2022-04-26 01:41:26,2022-04-26 01:41:26
1858,PO-001858,1,5,5,received,BRL,87455.09,87455.09,2026-10-12 15:51:21,2026-11-11,2026-10-12 15:51:21,2026-10-12 15:51:21
1859,PO-001859,13,5,2,received,BRL,29220.68,29220.68,2023-09-11 07:34:18,,2023-09-11 07:34:18,2023-09-11 07:34:18
1860,PO-001860,8,5,4,cancelled,USD,101935.28,101935.28,2021-11-23 19:01:00,2022-01-09,2021-11-23 19:01:00,2021-11-23 19:01:00
1861,PO-001861,6,5,6,cancelled,BRL,105832.15,105832.15,2021-06-05 05:54:41,2021-06-10,2021-06-05 05:54:41,2021-06-05 05:54:41
1862,PO-001862,24,13,6,received,BRL,56227.84,56227.84,2024-07-15 23:48:41,2024-08-04,2024-07-15 23:48:41,2024-07-15 23:48:41
1863,PO-001863,13,13,1,partially_received,BRL,57280.95,57280.95,2025-10-04 20:54:22,2025-11-06,2025-10-04 20:54:22,2025-10-04 20:54:22
1864,PO-001864,20,13,4,received,BRL,45225.61,45225.61,2025-07-27 00:35:20,2025-09-13,2025-07-27 00:35:20,2025-07-27 00:35:20
1865,PO-001865,10,13,5,received,BRL,48352.62,48352.62,2023-10-26 07:58:46,2023-11-03,2023-10-26 07:58:46,2023-10-26 07:58:46
1866,PO-001866,23,5,1,received,BRL,76641.89,76641.89,2022-11-02 10:06:12,2022-11-18,2022-11-02 10:06:12,2022-11-02 10:06:12
1867,PO-001867,8,13,4,received,USD,57232.84,57232.84,2025-02-07 07:49:36,2025-02-27,2025-02-07 07:49:36,2025-02-07 07:49:36
1868,PO-001868,24,5,4,received,BRL,28686.86,28686.86,2025-07-17 02:06:21,2025-08-15,2025-07-17 02:06:21,2025-07-17 02:06:21
1869,PO-001869,20,13,6,received,BRL,127880.17,127880.17,2021-01-03 14:01:30,2021-01-29,2021-01-03 14:01:30,2021-01-03 14:01:30
1870,PO-001870,8,13,3,received,BRL,9774.72,9774.72,2021-11-21 17:21:08,2021-12-05,2021-11-21 17:21:08,2021-11-21 17:21:08
1871,PO-001871,4,13,2,cancelled,BRL,13023.41,13023.41,2025-11-10 07:42:33,2025-11-22,2025-11-10 07:42:33,2025-11-10 07:42:33
1872,PO-001872,22,5,1,partially_received,BRL,15008.00,15008.00,2025-01-18 10:23:37,2025-02-18,2025-01-18 10:23:37,2025-01-18 10:23:37
1873,PO-001873,16,13,3,received,BRL,99040.11,99040.11,2023-10-07 00:01:47,2023-10-30,2023-10-07 00:01:47,2023-10-07 00:01:47
1874,PO-001874,1,13,2,sent,BRL,50514.72,50514.72,2022-10-09 18:10:36,2022-10-26,2022-10-09 18:10:36,2022-10-09 18:10:36
1875,PO-001875,8,5,3,cancelled,BRL,83042.90,83042.90,2023-01-26 00:47:28,2023-03-26,2023-01-26 00:47:28,2023-01-26 00:47:28
1876,PO-001876,25,5,4,received,BRL,142774.50,142774.50,2022-08-31 19:40:28,2022-10-23,2022-08-31 19:40:28,2022-08-31 19:40:28
1877,PO-001877,16,13,4,received,BRL,146699.15,146699.15,2026-10-08 11:17:26,2026-11-11,2026-10-08 11:17:26,2026-10-08 11:17:26
1878,PO-001878,18,13,1,partially_received,BRL,49883.92,49883.92,2023-12-07 09:07:44,2023-12-24,2023-12-07 09:07:44,2023-12-07 09:07:44
1879,PO-001879,22,5,3,received,BRL,7477.40,7477.40,2021-06-16 02:45:09,2021-08-09,2021-06-16 02:45:09,2021-06-16 02:45:09
1880,PO-001880,25,13,6,received,BRL,181087.57,181087.57,2023-12-10 20:27:18,2023-12-26,2023-12-10 20:27:18,2023-12-10 20:27:18
1881,PO-001881,14,5,6,received,BRL,118381.55,118381.55,2021-09-14 20:49:41,2021-10-28,2021-09-14 20:49:41,2021-09-14 20:49:41
1882,PO-001882,21,13,5,received,BRL,194759.15,194759.15,2026-09-06 08:26:33,2026-10-10,2026-09-06 08:26:33,2026-09-06 08:26:33
1883,PO-001883,3,13,3,cancelled,BRL,44732.90,44732.90,2020-11-03 07:01:36,,2020-11-03 07:01:36,2020-11-03 07:01:36
1884,PO-001884,11,5,4,draft,BRL,21369.14,21369.14,2025-02-17 02:27:24,2025-03-06,2025-02-17 02:27:24,2025-02-17 02:27:24
1885,PO-001885,1,13,1,sent,BRL,32261.60,32261.60,2026-09-27 15:16:34,2026-10-14,2026-09-27 15:16:34,2026-09-27 15:16:34
1886,PO-001886,17,13,2,received,BRL,111004.95,111004.95,2021-06-07 20:21:00,2021-07-20,2021-06-07 20:21:00,2021-06-07 20:21:00
1887,PO-001887,6,13,6,received,BRL,171196.90,171196.90,2024-09-15 02:18:00,2024-11-13,2024-09-15 02:18:00,2024-09-15 02:18:00
1888,PO-001888,8,5,6,cancelled,USD,31689.08,31689.08,2025-08-18 00:33:48,2025-10-17,2025-08-18 00:33:48,2025-08-18 00:33:48
1889,PO-001889,14,5,4,received,BRL,81741.66,81741.66,2025-10-09 07:01:50,2025-11-11,2025-10-09 07:01:50,2025-10-09 07:01:50
1890,PO-001890,9,5,2,received,BRL,104750.86,104750.86,2021-08-26 20:18:15,2021-09-20,2021-08-26 20:18:15,2021-08-26 20:18:15
1891,PO-001891,24,13,2,partially_received,BRL,112246.33,112246.33,2024-10-07 17:08:45,2024-12-04,2024-10-07 17:08:45,2024-10-07 17:08:45
1892,PO-001892,24,5,2,received,BRL,618.75,618.75,2026-01-12 11:16:54,2026-01-25,2026-01-12 11:16:54,2026-01-12 11:16:54
1893,PO-001893,11,5,4,sent,BRL,115275.86,115275.86,2021-05-10 15:10:55,2021-06-28,2021-05-10 15:10:55,2021-05-10 15:10:55
1894,PO-001894,23,5,6,received,BRL,123508.63,123508.63,2025-09-17 18:29:22,2025-11-15,2025-09-17 18:29:22,2025-09-17 18:29:22
1895,PO-001895,5,5,6,sent,BRL,43762.48,43762.48,2024-11-24 05:51:15,2024-12-13,2024-11-24 05:51:15,2024-11-24 05:51:15
1896,PO-001896,9,13,4,cancelled,BRL,51188.64,51188.64,2026-10-04 19:56:40,2026-11-07,2026-10-04 19:56:40,2026-10-04 19:56:40
1897,PO-001897,14,13,2,sent,BRL,51391.66,51391.66,2026-08-18 04:01:16,2026-09-02,2026-08-18 04:01:16,2026-08-18 04:01:16
1898,PO-001898,22,5,4,received,BRL,85568.73,85568.73,2021-11-12 02:15:48,2021-12-05,2021-11-12 02:15:48,2021-11-12 02:15:48
1899,PO-001899,25,5,1,received,BRL,160379.75,160379.75,2025-07-06 20:38:25,2025-08-02,2025-07-06 20:38:25,2025-07-06 20:38:25
1900,PO-001900,21,5,3,received,BRL,173603.50,173603.50,2023-01-24 00:43:19,2023-03-18,2023-01-24 00:43:19,2023-01-24 00:43:19
1901,PO-001901,24,13,5,sent,BRL,46891.82,46891.82,2025-11-24 05:51:24,,2025-11-24 05:51:24,2025-11-24 05:51:24
1902,PO-001902,13,5,6,sent,BRL,85933.95,85933.95,2026-12-30 00:13:55,2027-02-02,2026-12-30 00:13:55,2026-12-30 00:13:55
1903,PO-001903,3,13,1,received,BRL,87372.16,87372.16,2025-09-30 07:15:18,,2025-09-30 07:15:18,2025-09-30 07:15:18
1904,PO-001904,25,13,3,partially_received,BRL,28756.42,28756.42,2026-10-04 15:37:10,,2026-10-04 15:37:10,2026-10-04 15:37:10
1905,PO-001905,4,13,4,partially_received,BRL,47387.36,47387.36,2026-08-17 11:17:11,,2026-08-17 11:17:11,2026-08-17 11:17:11
1906,PO-001906,10,5,6,received,BRL,69241.22,69241.22,2024-01-14 04:56:37,2024-02-09,2024-01-14 04:56:37,2024-01-14 04:56:37
1907,PO-001907,13,5,5,received,BRL,188281.01,188281.01,2023-09-14 07:28:08,,2023-09-14 07:28:08,2023-09-14 07:28:08
1908,PO-001908,4,5,2,received,BRL,83881.72,83881.72,2020-10-09 13:11:29,,2020-10-09 13:11:29,2020-10-09 13:11:29
1909,PO-001909,19,5,1,received,BRL,26278.98,26278.98,2024-10-12 15:21:28,2024-11-03,2024-10-12 15:21:28,2024-10-12 15:21:28
1910,PO-001910,6,5,1,draft,BRL,109107.02,109107.02,2024-12-08 03:19:48,2025-01-22,2024-12-08 03:19:48,2024-12-08 03:19:48
1911,PO-001911,14,5,1,received,BRL,34405.04,34405.04,2026-04-08 20:31:51,2026-05-20,2026-04-08 20:31:51,2026-04-08 20:31:51
1912,PO-001912,13,13,3,received,BRL,1775.28,1775.28,2025-03-09 12:26:35,2025-03-30,2025-03-09 12:26:35,2025-03-09 12:26:35
1913,PO-001913,2,13,3,received,BRL,136012.86,136012.86,2026-08-09 11:22:56,2026-08-28,2026-08-09 11:22:56,2026-08-09 11:22:56
1914,PO-001914,5,5,1,partially_received,BRL,55285.65,55285.65,2024-05-03 05:27:44,2024-05-19,2024-05-03 05:27:44,2024-05-03 05:27:44
1915,PO-001915,23,13,1,sent,BRL,222772.82,222772.82,2023-09-24 13:30:33,2023-11-14,2023-09-24 13:30:33,2023-09-24 13:30:33
1916,PO-001916,9,13,4,received,BRL,127569.72,127569.72,2022-12-02 03:03:26,2023-01-26,2022-12-02 03:03:26,2022-12-02 03:03:26
1917,PO-001917,8,5,3,received,BRL,6399.18,6399.18,2020-12-15 19:35:58,2021-02-10,2020-12-15 19:35:58,2020-12-15 19:35:58
1918,PO-001918,9,5,6,received,BRL,98371.38,98371.38,2020-05-19 05:29:26,2020-05-25,2020-05-19 05:29:26,2020-05-19 05:29:26
1919,PO-001919,13,5,3,draft,BRL,99677.06,99677.06,2026-01-19 14:53:34,2026-03-03,2026-01-19 14:53:34,2026-01-19 14:53:34
1920,PO-001920,10,13,5,received,BRL,85064.64,85064.64,2026-09-11 04:49:58,2026-11-01,2026-09-11 04:49:58,2026-09-11 04:49:58
1921,PO-001921,2,5,4,received,BRL,111062.23,111062.23,2025-02-22 19:20:19,2025-04-02,2025-02-22 19:20:19,2025-02-22 19:20:19
1922,PO-001922,20,13,1,received,BRL,49597.40,49597.40,2024-09-20 14:59:29,,2024-09-20 14:59:29,2024-09-20 14:59:29
1923,PO-001923,4,5,6,received,BRL,23538.50,23538.50,2024-11-26 12:46:19,2025-01-21,2024-11-26 12:46:19,2024-11-26 12:46:19
1924,PO-001924,17,13,4,partially_received,BRL,97079.72,97079.72,2024-10-08 14:15:20,2024-10-16,2024-10-08 14:15:20,2024-10-08 14:15:20
1925,PO-001925,10,5,1,received,BRL,10698.82,10698.82,2020-05-27 18:36:19,2020-07-24,2020-05-27 18:36:19,2020-05-27 18:36:19
1926,PO-001926,21,13,3,partially_received,BRL,53723.51,53723.51,2023-07-09 14:28:04,2023-08-29,2023-07-09 14:28:04,2023-07-09 14:28:04
1927,PO-001927,4,5,1,received,BRL,7134.37,7134.37,2024-09-21 11:05:19,2024-10-07,2024-09-21 11:05:19,2024-09-21 11:05:19
1928,PO-001928,15,13,6,received,BRL,1984.00,1984.00,2025-12-04 10:51:54,,2025-12-04 10:51:54,2025-12-04 10:51:54
1929,PO-001929,14,5,4,received,BRL,145957.42,145957.42,2020-02-21 13:05:58,2020-03-31,2020-02-21 13:05:58,2020-02-21 13:05:58
1930,PO-001930,12,5,6,sent,USD,95484.35,95484.35,2025-10-05 10:28:18,2025-12-02,2025-10-05 10:28:18,2025-10-05 10:28:18
1931,PO-001931,2,13,3,received,BRL,99994.10,99994.10,2021-11-05 03:00:11,2021-11-25,2021-11-05 03:00:11,2021-11-05 03:00:11
1932,PO-001932,3,13,5,received,BRL,84108.01,84108.01,2025-06-13 12:19:32,2025-08-07,2025-06-13 12:19:32,2025-06-13 12:19:32
1933,PO-001933,8,13,4,received,EUR,69067.72,69067.72,2026-07-31 05:23:13,2026-08-19,2026-07-31 05:23:13,2026-07-31 05:23:13
1934,PO-001934,3,5,1,sent,BRL,3879.60,3879.60,2020-11-06 13:08:16,2020-12-01,2020-11-06 13:08:16,2020-11-06 13:08:16
1935,PO-001935,25,5,4,sent,BRL,140218.12,140218.12,2026-09-01 08:25:36,2026-10-29,2026-09-01 08:25:36,2026-09-01 08:25:36
1936,PO-001936,13,13,5,sent,BRL,22476.48,22476.48,2024-12-27 22:16:08,2025-01-27,2024-12-27 22:16:08,2024-12-27 22:16:08
1937,PO-001937,22,13,2,partially_received,BRL,14754.11,14754.11,2026-10-18 03:11:17,2026-11-10,2026-10-18 03:11:17,2026-10-18 03:11:17
1938,PO-001938,8,13,6,received,BRL,31289.04,31289.04,2026-11-05 02:18:36,2026-12-09,2026-11-05 02:18:36,2026-11-05 02:18:36
1939,PO-001939,18,13,5,sent,BRL,123828.55,123828.55,2025-10-12 06:49:24,,2025-10-12 06:49:24,2025-10-12 06:49:24
1940,PO-001940,6,5,6,received,BRL,143374.43,143374.43,2020-08-13 23:25:19,2020-09-24,2020-08-13 23:25:19,2020-08-13 23:25:19
1941,PO-001941,19,13,5,received,BRL,79428.66,79428.66,2023-08-28 03:42:07,2023-09-04,2023-08-28 03:42:07,2023-08-28 03:42:07
1942,PO-001942,1,5,5,partially_received,BRL,155837.31,155837.31,2022-05-13 14:22:36,2022-06-22,2022-05-13 14:22:36,2022-05-13 14:22:36
1943,PO-001943,22,13,4,cancelled,BRL,99323.13,99323.13,2026-10-13 11:12:37,2026-10-31,2026-10-13 11:12:37,2026-10-13 11:12:37
1944,PO-001944,23,13,2,cancelled,BRL,130207.17,130207.17,2025-10-08 00:00:51,2025-10-11,2025-10-08 00:00:51,2025-10-08 00:00:51
1945,PO-001945,11,5,4,received,BRL,76665.62,76665.62,2022-04-09 04:51:26,2022-04-23,2022-04-09 04:51:26,2022-04-09 04:51:26
1946,PO-001946,2,13,5,partially_received,BRL,9646.78,9646.78,2022-05-15 15:47:05,2022-05-22,2022-05-15 15:47:05,2022-05-15 15:47:05
1947,PO-001947,15,5,2,sent,BRL,93067.96,93067.96,2026-10-03 12:49:09,2026-11-26,2026-10-03 12:49:09,2026-10-03 12:49:09
1948,PO-001948,9,5,3,sent,BRL,94331.44,94331.44,2021-08-09 20:16:23,2021-08-26,2021-08-09 20:16:23,2021-08-09 20:16:23
1949,PO-001949,2,5,5,sent,BRL,231657.08,231657.08,2020-07-12 10:51:20,2020-08-12,2020-07-12 10:51:20,2020-07-12 10:51:20
1950,PO-001950,13,5,4,received,BRL,174053.36,174053.36,2023-03-30 20:59:42,2023-05-20,2023-03-30 20:59:42,2023-03-30 20:59:42
1951,PO-001951,19,13,4,sent,BRL,134218.66,134218.66,2026-11-06 13:46:53,2027-01-04,2026-11-06 13:46:53,2026-11-06 13:46:53
1952,PO-001952,24,5,2,partially_received,BRL,117964.02,117964.02,2024-08-31 23:34:04,2024-10-09,2024-08-31 23:34:04,2024-08-31 23:34:04
1953,PO-001953,21,13,2,received,BRL,26356.80,26356.80,2024-01-25 22:57:25,2024-03-21,2024-01-25 22:57:25,2024-01-25 22:57:25
1954,PO-001954,16,5,3,received,BRL,7315.98,7315.98,2024-07-27 10:17:38,2024-08-25,2024-07-27 10:17:38,2024-07-27 10:17:38
1955,PO-001955,15,5,4,received,BRL,150937.43,150937.43,2024-12-19 17:49:04,2025-02-05,2024-12-19 17:49:04,2024-12-19 17:49:04
1956,PO-001956,5,5,3,partially_received,BRL,93722.76,93722.76,2024-02-27 05:52:44,2024-03-11,2024-02-27 05:52:44,2024-02-27 05:52:44
1957,PO-001957,4,5,2,received,BRL,106031.12,106031.12,2026-02-08 15:55:05,2026-03-11,2026-02-08 15:55:05,2026-02-08 15:55:05
1958,PO-001958,25,13,4,received,BRL,66767.80,66767.80,2026-09-19 13:22:56,2026-09-23,2026-09-19 13:22:56,2026-09-19 13:22:56
1959,PO-001959,20,5,4,received,BRL,33797.34,33797.34,2022-05-22 12:01:31,2022-06-08,2022-05-22 12:01:31,2022-05-22 12:01:31
1960,PO-001960,23,13,1,sent,BRL,123808.64,123808.64,2022-08-25 18:35:24,,2022-08-25 18:35:24,2022-08-25 18:35:24
1961,PO-001961,21,13,1,cancelled,BRL,95524.55,95524.55,2024-12-07 12:02:13,,2024-12-07 12:02:13,2024-12-07 12:02:13
1962,PO-001962,24,13,5,partially_received,BRL,21810.48,21810.48,2022-11-02 00:36:34,2022-12-15,2022-11-02 00:36:34,2022-11-02 00:36:34
1963,PO-001963,17,13,1,partially_received,BRL,83486.24,83486.24,2023-09-16 15:43:57,2023-10-08,2023-09-16 15:43:57,2023-09-16 15:43:57
1964,PO-001964,2,5,2,received,BRL,31962.96,31962.96,2025-12-28 21:24:25,2025-12-31,2025-12-28 21:24:25,2025-12-28 21:24:25
1965,PO-001965,25,5,2,received,BRL,150513.30,150513.30,2022-03-02 06:30:58,2022-04-07,2022-03-02 06:30:58,2022-03-02 06:30:58
1966,PO-001966,11,5,1,partially_received,BRL,80749.56,80749.56,2026-08-09 15:24:52,2026-09-12,2026-08-09 15:24:52,2026-08-09 15:24:52
1967,PO-001967,10,13,5,sent,BRL,17984.63,17984.63,2022-04-27 16:54:55,2022-05-26,2022-04-27 16:54:55,2022-04-27 16:54:55
1968,PO-001968,13,5,3,cancelled,BRL,54977.70,54977.70,2022-06-19 11:01:59,,2022-06-19 11:01:59,2022-06-19 11:01:59
1969,PO-001969,10,5,3,partially_received,BRL,140914.08,140914.08,2026-07-20 02:57:20,2026-08-11,2026-07-20 02:57:20,2026-07-20 02:57:20
1970,PO-001970,16,13,2,partially_received,BRL,18877.00,18877.00,2020-06-27 03:29:28,2020-07-07,2020-06-27 03:29:28,2020-06-27 03:29:28
1971,PO-001971,2,13,3,received,BRL,119487.00,119487.00,2025-11-01 12:42:34,2025-11-26,2025-11-01 12:42:34,2025-11-01 12:42:34
1972,PO-001972,1,5,3,sent,BRL,114170.48,114170.48,2024-08-14 17:12:16,2024-09-26,2024-08-14 17:12:16,2024-08-14 17:12:16
1973,PO-001973,15,13,5,received,BRL,77355.76,77355.76,2024-08-28 12:44:32,2024-10-01,2024-08-28 12:44:32,2024-08-28 12:44:32
1974,PO-001974,5,13,6,partially_received,BRL,38584.55,38584.55,2026-08-24 06:30:45,2026-10-10,2026-08-24 06:30:45,2026-08-24 06:30:45
1975,PO-001975,5,5,5,received,BRL,13996.60,13996.60,2025-09-23 15:33:47,2025-10-16,2025-09-23 15:33:47,2025-09-23 15:33:47
1976,PO-001976,8,5,3,received,USD,72501.31,72501.31,2022-01-19 11:57:28,2022-03-02,2022-01-19 11:57:28,2022-01-19 11:57:28
1977,PO-001977,17,13,2,received,BRL,110775.90,110775.90,2022-11-21 13:58:59,2023-01-01,2022-11-21 13:58:59,2022-11-21 13:58:59
1978,PO-001978,24,5,4,sent,BRL,10867.12,10867.12,2026-09-19 16:27:02,2026-10-03,2026-09-19 16:27:02,2026-09-19 16:27:02
1979,PO-001979,2,5,1,received,BRL,104478.84,104478.84,2021-09-08 06:33:58,2021-10-03,2021-09-08 06:33:58,2021-09-08 06:33:58
1980,PO-001980,12,13,2,received,USD,147479.44,147479.44,2023-03-02 07:20:08,2023-03-24,2023-03-02 07:20:08,2023-03-02 07:20:08
1981,PO-001981,25,5,4,received,BRL,13703.88,13703.88,2024-12-14 18:22:16,2025-02-03,2024-12-14 18:22:16,2024-12-14 18:22:16
1982,PO-001982,23,13,5,partially_received,BRL,111951.89,111951.89,2026-01-16 13:14:22,,2026-01-16 13:14:22,2026-01-16 13:14:22
1983,PO-001983,22,13,5,received,BRL,99792.73,99792.73,2025-10-22 00:40:08,2025-10-28,2025-10-22 00:40:08,2025-10-22 00:40:08
1984,PO-001984,9,13,4,received,BRL,58116.67,58116.67,2024-04-12 22:54:44,2024-05-23,2024-04-12 22:54:44,2024-04-12 22:54:44
1985,PO-001985,12,13,3,received,EUR,105334.01,105334.01,2025-07-24 06:52:30,2025-08-13,2025-07-24 06:52:30,2025-07-24 06:52:30
1986,PO-001986,21,5,1,received,BRL,13452.60,13452.60,2025-04-26 05:31:10,,2025-04-26 05:31:10,2025-04-26 05:31:10
1987,PO-001987,15,13,1,partially_received,BRL,110083.49,110083.49,2023-08-09 16:40:56,2023-09-14,2023-08-09 16:40:56,2023-08-09 16:40:56
1988,PO-001988,15,13,2,received,BRL,80678.83,80678.83,2024-12-31 21:33:50,2025-01-30,2024-12-31 21:33:50,2024-12-31 21:33:50
1989,PO-001989,7,13,2,partially_received,BRL,20731.10,20731.10,2024-09-29 12:21:17,2024-11-09,2024-09-29 12:21:17,2024-09-29 12:21:17
1990,PO-001990,24,5,5,received,BRL,132390.84,132390.84,2022-05-03 21:58:01,2022-05-22,2022-05-03 21:58:01,2022-05-03 21:58:01
1991,PO-001991,23,13,6,received,BRL,4548.48,4548.48,2025-08-24 21:15:07,2025-09-02,2025-08-24 21:15:07,2025-08-24 21:15:07
1992,PO-001992,12,13,4,partially_received,USD,4935.35,4935.35,2024-09-20 19:02:36,2024-11-05,2024-09-20 19:02:36,2024-09-20 19:02:36
1993,PO-001993,25,5,3,received,BRL,10709.46,10709.46,2026-09-17 01:22:36,2026-11-10,2026-09-17 01:22:36,2026-09-17 01:22:36
1994,PO-001994,12,5,5,received,USD,22904.50,22904.50,2021-02-23 14:35:30,2021-03-27,2021-02-23 14:35:30,2021-02-23 14:35:30
1995,PO-001995,20,13,2,received,BRL,52344.24,52344.24,2026-07-27 17:15:45,2026-09-05,2026-07-27 17:15:45,2026-07-27 17:15:45
1996,PO-001996,23,5,5,received,BRL,12957.34,12957.34,2022-07-05 10:46:06,2022-08-08,2022-07-05 10:46:06,2022-07-05 10:46:06
1997,PO-001997,8,5,3,partially_received,BRL,46930.86,46930.86,2026-01-23 02:22:06,2026-01-27,2026-01-23 02:22:06,2026-01-23 02:22:06
1998,PO-001998,7,5,4,received,BRL,550.52,550.52,2020-06-01 10:43:57,2020-06-21,2020-06-01 10:43:57,2020-06-01 10:43:57
1999,PO-001999,17,13,4,received,BRL,114878.67,114878.67,2023-09-02 11:31:55,2023-10-22,2023-09-02 11:31:55,2023-09-02 11:31:55
2000,PO-002000,18,5,1,partially_received,BRL,60270.55,60270.55,2025-04-29 04:57:53,2025-06-04,2025-04-29 04:57:53,2025-04-29 04:57:53
