id,return_number,order_id,customer_id,received_at_location_id,status,reason,total_refund_amount,created_at,updated_at
1,RT-000001,42945,484,3,cancelled,Produto avariado no transporte,6004.35,2026-04-25 22:45:38,2026-04-25 22:45:38
2,RT-000002,48935,741,1,completed,Item não corresponde à descrição,2277.61,2025-01-08 10:45:17,2025-01-08 10:45:17
3,RT-000003,4826,519,5,open,Tamanho/cor incorretos,18978.18,2025-02-13 02:57:06,2025-02-13 02:57:06
4,RT-000004,25838,1688,5,open,Produto com defeito de fábrica,0.00,2026-02-28 16:12:35,2026-02-28 16:12:35
5,RT-000005,38391,1215,6,completed,Tamanho/cor incorretos,5071.60,2023-08-30 01:50:35,2023-08-30 01:50:35
6,RT-000006,18701,1175,2,completed,Cliente desistiu da compra,13791.16,2026-05-01 13:07:05,2026-05-01 13:07:05
7,RT-000007,44586,1654,1,completed,Compra duplicada,1770.44,2024-02-03 00:19:13,2024-02-03 00:19:13
8,RT-000008,43574,619,1,completed,Tamanho/cor incorretos,0.00,2022-02-07 14:05:58,2022-02-07 14:05:58
9,RT-000009,23031,729,5,completed,Tamanho/coor incorretos,2740.72,2021-03-02 13:05:46,2021-03-02 13:05:46
10,RT-000010,4433,649,1,completed,Item não corresponde à descrição,277.32,2020-12-03 06:57:08,2020-12-03 06:57:08
11,RT-000011,36423,251,3,completed,Produto avariado no transporte,0.00,2026-10-01 11:28:39,2026-10-01 11:28:39
12,RT-000012,3143,869,4,completed,Tamanho/cor incorretos,0.00,2023-01-13 02:36:59,2023-01-13 02:36:59
13,RT-000013,10285,205,5,completed,Cliente desistiu da compra,1725.92,2025-02-09 10:08:04,2025-02-09 10:08:04
14,RT-000014,8371,747,6,completed,Item não corresponde à descrição,5969.72,2025-02-07 04:08:19,2025-02-07 04:08:19
15,RT-000015,41621,1959,1,open,Item não corresponde à descrição,8813.53,2027-01-13 09:34:49,2027-01-13 09:34:49
16,RT-000016,3234,1127,1,completed,Produto com defeito de fábrica,15815.39,2025-11-10 03:18:23,2025-11-10 03:18:23
17,RT-000017,38909,622,1,completed,Cliente desistiu da compra,3045.41,2023-12-04 02:42:18,2023-12-04 02:42:18
18,RT-000018,13227,446,3,completed,Produto com defeito de fábrica,7347.36,2026-11-24 09:45:37,2026-11-24 09:45:37
19,RT-000019,7924,1372,4,completed,Tamanho/cor incorretos,2013.71,2021-02-26 07:23:22,2021-02-26 07:23:22
20,RT-000020,17401,133,5,completed,Produto avariado no transporte,1826.97,2022-11-28 14:04:48,2022-11-28 14:04:48
21,RT-000021,25748,261,4,completed,Tamanho/cor incorretos,4832.52,2024-02-02 13:31:30,2024-02-02 13:31:30
22,RT-000022,41662,355,5,completed,Item não corresponde à descrição,3536.51,2024-03-20 22:27:23,2024-03-20 22:27:23
23,RT-000023,43248,960,4,completed,Outros,1228.35,2026-02-23 22:40:41,2026-02-23 22:40:41
24,RT-000024,4261,1698,2,completed,Produto com defeito de fábrica,0.00,2025-05-11 09:37:10,2025-05-11 09:37:10
25,RT-000025,39133,1762,6,completed,Cliente desistiu da compra,18844.70,2026-10-21 02:12:38,2026-10-21 02:12:38
26,RT-000026,7457,760,4,completed,Item não corresponde à descrição,10974.88,2025-05-07 17:56:56,2025-05-07 17:56:56
27,RT-000027,3569,510,5,completed,Cliente desistiu da compra,18211.36,2026-05-07 10:17:05,2026-05-07 10:17:05
28,RT-000028,20621,1294,2,completed,Produto avariado no transporte,5382.40,2022-08-23 22:37:00,2022-08-23 22:37:00
29,RT-000029,32710,1246,2,open,Tamanho/cor incorretos,1276.93,2024-08-15 10:54:20,2024-08-15 10:54:20
30,RT-000030,1664,1821,2,completed,Tamanho/cor incorretos,10481.04,2025-11-26 23:19:56,2025-11-26 23:19:56
31,RT-000031,42909,946,2,completed,Cliente desistiu da compra,0.00,2025-01-11 15:59:04,2025-01-11 15:59:04
32,RT-000032,25871,1129,2,completed,Compra duplicada,2501.65,2024-01-02 07:40:37,2024-01-02 07:40:37
33,RT-000033,178,1734,3,completed,Cliente desistiu da compra,3478.05,2025-04-29 12:21:14,2025-04-29 12:21:14
34,RT-000034,49550,1292,5,completed,Produto avariado no transporte,8259.40,2024-03-01 15:16:03,2024-03-01 15:16:03
35,RT-000035,845,730,4,open,Compra duplicada,0.00,2026-12-28 06:31:01,2026-12-28 06:31:01
36,RT-000036,43953,1625,3,completed,Produto avariado no transporte,2529.43,2024-06-27 09:26:33,2024-06-27 09:26:33
37,RT-000037,312,588,5,completed,Produto com defeito de fábrica,0.00,2026-04-26 12:02:52,2026-04-26 12:02:52
38,RT-000038,43653,1707,2,open,Produto com defeito de fábrica,23871.21,2024-06-06 13:57:46,2024-06-06 13:57:46
39,RT-000039,43115,133,6,completed,Compra duplicada,4963.82,2026-04-25 07:46:27,2026-04-25 07:46:27
40,RT-000040,20543,1294,5,open,Tamanho/cor incorretos,3019.22,2024-06-30 14:22:43,2024-06-30 14:22:43
41,RT-000041,13985,1045,1,open,—,3708.24,2026-12-02 23:09:29,2026-12-02 23:09:29
42,RT-000042,9209,821,4,completed,Cliente desistiu da compra,1612.24,2021-01-13 07:31:04,2021-01-13 07:31:04
43,RT-000043,4111,1423,6,completed,Tamanho/cor incorretos,539.43,2024-03-22 18:30:59,2024-03-22 18:30:59
44,RT-000044,46889,186,6,completed,Tamanho/cor incorretos,2097.84,2024-02-11 22:58:19,2024-02-11 22:58:19
45,RT-000045,19804,162,1,open,Cliente desistiu da compra,6567.66,2020-09-18 15:00:31,2020-09-18 15:00:31
47,RT-000047,11601,114,2,cancelled,Tamanho/cor incorretos,2156.00,2025-04-23 23:10:02,2025-04-23 23:10:02
48,RT-000048,18842,67,2,completed,Compra duplicada,2866.44,2022-04-30 19:15:38,2022-04-30 19:15:38
49,RT-000049,46165,1269,6,completed,Produto avariado no transporte,4878.71,2025-11-22 14:01:20,2025-11-22 14:01:20
50,RT-000050,12685,471,5,completed,Cliente desistiu da compra,391.94,2024-03-21 03:51:34,2024-03-21 03:51:34
51,RT-000051,25890,461,2,completed,?,26978.16,2025-01-25 11:00:06,2025-01-25 11:00:06
52,RT-000052,46768,1738,1,completed,Tamanho/cor incorretos,14946.27,2025-03-30 03:34:16,2025-03-30 03:34:16
53,RT-000053,44257,1079,6,open,Tamanho/cor incorretos,8942.78,2023-03-09 03:16:15,2023-03-09 03:16:15
54,RT-000054,31908,1333,2,cancelled,Cliente desistiu da compra,207.90,2026-02-09 10:21:12,2026-02-09 10:21:12
55,RT-000055,25006,794,6,cancelled,Compra duplicada,2138.38,2024-03-03 07:18:16,2024-03-03 07:18:16
56,RT-000056,23205,350,5,cancelled,Item não corresponde à descrição,9642.03,2021-02-02 21:26:05,2021-02-02 21:26:05
57,RT-000057,33608,446,2,cancelled,Produto avariado no transporte,13008.40,2021-11-02 15:38:51,2021-11-02 15:38:51
58,RT-000058,31816,1320,4,completed,Produto com defeito de fábrica,8761.30,2026-12-01 23:07:06,2026-12-01 23:07:06
59,RT-000059,49583,671,1,completed,Item não corresponde à descrição,2526.33,2026-05-16 19:08:14,2026-05-16 19:08:14
60,RT-000060,40015,1838,2,completed,Compra duplicada,22304.22,2021-01-14 09:11:47,2021-01-14 09:11:47
61,RT-000061,28038,1108,1,completed,Produto avariado no transporte,21062.96,2026-12-30 16:30:10,2026-12-30 16:30:10
62,RT-000062,5584,828,3,open,Produto avariado no transporte,7611.32,2024-11-17 12:06:07,2024-11-17 12:06:07
63,RT-000063,29718,1776,2,completed,Produto avariado no transporte,10459.28,2024-05-06 21:19:07,2024-05-06 21:19:07
64,RT-000064,32529,550,5,completed,Compra duplicada,14997.50,2025-02-02 08:02:12,2025-02-02 08:02:12
65,RT-000065,32794,129,6,completed,Compra duplicada,3685.42,2021-04-25 04:02:39,2021-04-25 04:02:39
66,RT-000066,36723,555,2,completed,Cliente desistiu da compra,3119.13,2025-02-25 01:54:23,2025-02-25 01:54:23
67,RT-000067,35516,427,2,completed,Compra duplicada,1028.21,2023-04-01 10:00:13,2023-04-01 10:00:13
68,RT-000068,597,1209,1,completed,Item não corresponde à descrição,522.87,2023-12-22 00:55:50,2023-12-22 00:55:50
69,RT-000069,46276,979,3,completed,Produto avariado no transporte,25525.30,2024-01-03 22:36:56,2024-01-03 22:36:56
70,RT-000070,5309,1208,1,completed,Produto com defeito de fábrica,0.00,2021-02-08 00:43:49,2021-02-08 00:43:49
71,RT-000071,22766,22,2,completed,Compra duplicada,1110.12,2025-10-13 07:12:58,2025-10-13 07:12:58
72,RT-000072,7651,406,4,completed,Cliente desistiu da compra,22779.00,2026-01-21 16:43:37,2026-01-21 16:43:37
73,RT-000073,20316,346,6,completed,Compra duplicada,3233.34,2020-11-10 15:27:38,2020-11-10 15:27:38
74,RT-000074,6308,1130,5,completed,Item não corresponde à descrição,1521.36,2022-03-26 09:02:24,2022-03-26 09:02:24
75,RT-000075,25450,686,6,completed,Tamanho/cor incorretos,31461.27,2024-05-06 07:54:19,2024-05-06 07:54:19
76,RT-000076,26589,61,4,completed,Compra duplicada,0.00,2022-07-30 11:54:25,2022-07-30 11:54:25
77,RT-000077,30200,615,5,completed,Compra duplicada,3072.26,2020-09-22 03:29:03,2020-09-22 03:29:03
78,RT-000078,15243,587,1,completed,Item não corresponde à descrição,4266.68,2026-11-20 16:01:56,2026-11-20 16:01:56
80,RT-000080,13118,835,3,completed,Cliente desistiu da compra,2945.18,2020-03-17 17:21:20,2020-03-17 17:21:20
81,RT-000081,20764,1481,2,completed,Compra duplicada,2301.52,2026-01-06 18:39:37,2026-01-06 18:39:37
82,RT-000082,48501,1451,4,completed,Cliente desistiu da compra,0.00,2023-10-13 01:06:14,2023-10-13 01:06:14
83,RT-000083,20142,1927,4,completed,Item não corresponde à descrição,2402.23,2024-01-17 15:05:48,2024-01-17 15:05:48
84,RT-000084,37579,1986,3,completed,Item não corresponde à descrição,0.00,2025-05-08 04:11:26,2025-05-08 04:11:26
85,RT-000085,38395,1039,5,completed,Tamanho/cor incorretos,5213.04,2021-12-08 14:27:58,2021-12-08 14:27:58
86,RT-000086,3193,808,3,open,Compra duplicada,3529.00,2023-01-20 00:52:05,2023-01-20 00:52:05
87,RT-000087,18831,1589,3,cancelled,Tamanho/cor incorretos,2963.37,2026-12-28 14:39:12,2026-12-28 14:39:12
88,RT-000088,19399,1626,1,completed,Tamanho/cor incorretos,2868.84,2022-12-23 10:06:04,2022-12-23 10:06:04
89,RT-000089,40710,944,5,completed,Produto avariado no transporte,9841.44,2023-12-30 15:13:01,2023-12-30 15:13:01
90,RT-000090,48474,464,4,cancelled,Produto avariado no transporte,12871.32,2025-01-24 06:20:15,2025-01-24 06:20:15
91,RT-000091,47005,1989,1,completed,Produto com defeito de fábrica,5958.40,2026-12-11 04:04:35,2026-12-11 04:04:35
92,RT-000092,14666,963,5,completed,Cliente desistiu da compra,1621.91,2022-02-04 00:54:05,2022-02-04 00:54:05
93,RT-000093,33664,977,1,completed,Cliente desistiu da compra,6348.71,2023-01-16 07:06:35,2023-01-16 07:06:35
94,RT-000094,9678,193,4,completed,Produto com defeito de fábrica,52.57,2026-01-12 10:41:50,2026-01-12 10:41:50
95,RT-000095,26806,1993,4,completed,Cliente desistiu da compra,3478.08,2021-12-02 07:31:22,2021-12-02 07:31:22
96,RT-000096,43712,1991,4,completed,Produto avariado no transporte,9853.98,2024-02-13 19:36:13,2024-02-13 19:36:13
97,RT-000097,35742,1360,6,completed,Produto avariado no transporte,138.66,2025-02-20 14:23:45,2025-02-20 14:23:45
98,RT-000098,42109,227,3,completed,Cliente desistiu da compra,7696.44,2026-01-02 13:21:06,2026-01-02 13:21:06
99,RT-000099,5866,345,6,completed,Tamanho/cor incorretos,1653.20,2022-10-25 13:20:08,2022-10-25 13:20:08
100,RT-000100,38127,1747,1,completed,Outros,2135.61,2022-05-08 13:00:15,2022-05-08 13:00:15
101,RT-000101,46187,359,3,completed,Produto avariado no transporte,1832.08,2025-05-04 16:33:34,2025-05-04 16:33:34
102,RT-000102,48693,557,1,completed,Produto com defeito de fábrica,658.74,2024-07-10 12:54:27,2024-07-10 12:54:27
103,RT-000103,41961,445,6,cancelled,Compra duplicada,2300.24,2024-08-21 23:02:05,2024-08-21 23:02:05
104,RT-000104,3330,224,2,completed,Cliente desistiu da compra,6537.09,2021-11-09 11:32:55,2021-11-09 11:32:55
105,RT-000105,7830,1941,4,completed,Tamanho/cor incorretos,0.00,2026-03-16 08:28:10,2026-03-16 08:28:10
106,RT-000106,34785,1588,1,completed,Produto avariado no transporte,2563.85,2021-12-22 18:52:02,2021-12-22 18:52:02
107,RT-000107,22190,1293,4,open,Compra duplicada,0.00,2021-04-04 20:01:55,2021-04-04 20:01:55
108,RT-000108,45393,1070,1,completed,Cliente desistiu da compra,0.00,2025-12-20 13:17:22,2025-12-20 13:17:22
109,RT-000109,19572,47,6,completed,Cliente desistiu da compra,18578.35,2026-07-01 16:16:50,2026-07-01 16:16:50
110,RT-000110,40459,1592,5,completed,Item não corresponde à descrição,6502.36,2022-05-30 07:22:14,2022-05-30 07:22:14
111,RT-000111,48236,270,3,completed,Compra duplicada,0.00,2026-12-15 08:06:54,2026-12-15 08:06:54
112,RT-000112,32503,151,5,completed,Compra duplicada,6027.34,2021-03-26 18:00:31,2021-03-26 18:00:31
113,RT-000113,41864,794,1,cancelled,Compra duplicada,1362.27,2025-01-07 18:35:53,2025-01-07 18:35:53
114,RT-000114,27600,1988,6,completed,Item não corresponde à descrição,2761.54,2022-12-01 10:22:54,2022-12-01 10:22:54
115,RT-000115,17780,215,1,completed,Produto com defeito de fábrica,1149.14,2026-05-05 19:40:16,2026-05-05 19:40:16
116,RT-000116,26408,351,4,cancelled,Cliente desistiu da compra,5678.22,2024-03-21 17:11:11,2024-03-21 17:11:11
117,RT-000117,29579,953,6,completed,Cliente desistiu da compra,16553.46,2024-01-25 20:01:49,2024-01-25 20:01:49
118,RT-000118,12875,1791,4,completed,Item não corresponde à descrição,6439.32,2024-03-07 12:07:47,2024-03-07 12:07:47
119,RT-000119,35931,68,2,completed,Compra duplicada,20134.05,2020-06-18 07:39:15,2020-06-18 07:39:15
120,RT-000120,525,563,5,completed,Compra duplicada,3840.30,2026-11-28 01:20:42,2026-11-28 01:20:42
121,RT-000121,7526,1265,3,completed,Compra duplicada,4784.06,2026-02-21 01:35:17,2026-02-21 01:35:17
122,RT-000122,3369,13,6,completed,Produto com defeito de fábrica,8274.60,2025-11-05 08:57:21,2025-11-05 08:57:21
123,RT-000123,26761,103,2,completed,Compra duplicada,7161.09,2021-03-13 14:32:33,2021-03-13 14:32:33
124,RT-000124,48992,313,2,completed,Produto avariado no transporte,2138.76,2022-03-13 12:25:07,2022-03-13 12:25:07
125,RT-000125,43195,1731,4,completed,Compra duplicada,36.65,2023-01-24 05:11:06,2023-01-24 05:11:06
126,RT-000126,37230,340,6,completed,Produto avariado no transporte,2247.99,2026-03-19 23:46:06,2026-03-19 23:46:06
127,RT-000127,32968,1854,5,completed,Tamanho/cor incorretos,594.44,2024-03-08 01:01:03,2024-03-08 01:01:03
128,RT-000128,15039,1055,6,completed,Item não corresponde à descrição,0.00,2023-11-23 04:10:29,2023-11-23 04:10:29
129,RT-000129,32646,142,1,cancelled,Produto com defeito de fábrica,0.00,2022-11-22 07:10:01,2022-11-22 07:10:01
130,RT-000130,14888,1397,4,cancelled,Tamanho/cor incorretos,4303.06,2026-03-06 15:41:08,2026-03-06 15:41:08
131,RT-000131,26638,451,5,completed,Item não corresponde à descrição,0.00,2027-01-17 08:39:53,2027-01-17 08:39:53
132,RT-000132,48570,40,1,open,Produto com defeito de fábrica,2880.87,2024-10-30 03:39:30,2024-10-30 03:39:30
133,RT-000133,6997,337,5,cancelled,Tamanho/cor incorretos,17187.12,2025-10-19 10:47:22,2025-10-19 10:47:22
134,RT-000134,26764,1480,4,completed,Compra duplicada,4459.59,2024-04-23 22:19:59,2024-04-23 22:19:59
135,RT-000135,8119,1156,1,completed,Produto avariado no transporte,2783.63,2022-07-16 00:30:54,2022-07-16 00:30:54
136,RT-000136,1803,241,5,completed,Cliente desistiu da compra,0.00,2022-01-05 22:41:38,2022-01-05 22:41:38
137,RT-000137,12192,269,6,completed,Produto com defeito de fábrica,0.00,2024-04-13 20:49:20,2024-04-13 20:49:20
138,RT-000138,17522,1687,4,open,Produto avariado no transporte,0.00,2026-04-10 10:40:47,2026-04-10 10:40:47
139,RT-000139,46570,1933,6,completed,Tamanho/cor incorretos,1725.92,2025-12-15 11:52:20,2025-12-15 11:52:20
140,RT-000140,15827,942,6,completed,Compra duplicada,15535.80,2021-04-08 02:46:43,2021-04-08 02:46:43
141,RT-000141,35837,287,6,cancelled,cliente desistiu,2363.80,2024-10-01 06:16:37,2024-10-01 06:16:37
142,RT-000142,22734,1160,1,completed,Produto avariado no transporte,10386.00,2026-11-14 20:12:14,2026-11-14 20:12:14
143,RT-000143,11091,1503,3,completed,Produto avariado no transporte,4866.10,2023-01-15 17:15:05,2023-01-15 17:15:05
144,RT-000144,6515,356,2,completed,Tamanho/cor incorretos,6229.49,2024-03-20 22:52:55,2024-03-20 22:52:55
145,RT-000145,6475,519,6,completed,Cliente desistiu da compra,0.00,2025-11-07 16:09:20,2025-11-07 16:09:20
146,RT-000146,12993,328,3,open,Tamanho/cor incorretos,3708.24,2023-06-05 22:57:28,2023-06-05 22:57:28
147,RT-000147,6512,316,3,completed,Compra duplicada,2721.70,2020-03-27 08:58:07,2020-03-27 08:58:07
148,RT-000148,43129,1325,6,completed,Item não corresponde à descrição,0.00,2020-04-14 12:46:33,2020-04-14 12:46:33
149,RT-000149,24793,1355,1,completed,Produto com defeito de fábrica,0.00,2025-12-24 10:32:01,2025-12-24 10:32:01
150,RT-000150,37825,93,3,completed,Compra duplicada,11056.26,2026-07-23 21:20:36,2026-07-23 21:20:36
151,RT-000151,29514,528,6,completed,Compra duplicada,964.88,2021-11-07 15:03:59,2021-11-07 15:03:59
153,RT-000153,5339,152,4,completed,Compra duplicada,920.67,2023-01-09 09:03:38,2023-01-09 09:03:38
154,RT-000154,20709,671,3,completed,Compra duplicada,760.92,2024-12-04 05:29:12,2024-12-04 05:29:12
155,RT-000155,4653,1423,1,completed,Produto com defeito de fábrica,17248.00,2020-03-24 20:20:18,2020-03-24 20:20:18
156,RT-000156,26392,260,3,completed,Tamanho/cor incorretos,8112.72,2022-11-09 09:26:48,2022-11-09 09:26:48
157,RT-000157,5104,1287,5,completed,Compra duplicada,9293.95,2022-11-17 14:29:45,2022-11-17 14:29:45
158,RT-000158,9585,1821,5,completed,Cliente desistiu da compra,12156.32,2026-09-27 15:53:21,2026-09-27 15:53:21
159,RT-000159,37724,115,1,completed,Produto com defeito de fábrica,868.09,2023-01-20 08:45:02,2023-01-20 08:45:02
160,RT-000160,18910,1258,4,completed,Cliente desistiu da compra,1425.15,2021-02-10 17:15:46,2021-02-10 17:15:46
161,RT-000161,44820,1381,5,completed,Compra duplicada,865.53,2022-02-09 13:23:39,2022-02-09 13:23:39
162,RT-000162,12401,571,4,open,Tamanho/cor incorretos,2079.95,2022-05-20 15:06:16,2022-05-20 15:06:16
163,RT-000163,33924,882,2,completed,Cliente desistiu da compra,0.00,2026-10-23 11:10:16,2026-10-23 11:10:16
164,RT-000164,21584,544,4,completed,Tamanho/cor incorretos,2761.54,2021-05-14 09:14:24,2021-05-14 09:14:24
165,RT-000165,19285,384,4,completed,Cliente desistiu da compra,2806.26,2022-07-01 03:56:33,2022-07-01 03:56:33
166,RT-000166,41883,359,5,completed,Produto com defeito de fábrica,509.32,2023-12-18 07:19:29,2023-12-18 07:19:29
167,RT-000167,36751,527,5,cancelled,Tamanho/cor incorretos,0.00,2024-09-12 19:35:52,2024-09-12 19:35:52
168,RT-000168,20576,85,3,completed,Compra duplicada,984.70,2026-12-13 01:48:59,2026-12-13 01:48:59
169,RT-000169,41693,716,6,open,Produto com defeito de fábrica,0.00,2021-12-20 09:45:59,2021-12-20 09:45:59
170,RT-000170,46412,740,6,completed,Compra duplicada,0.00,2021-05-06 10:46:11,2021-05-06 10:46:11
171,RT-000171,13269,1449,3,completed,Compra duplicada,1639.82,2023-03-10 20:41:22,2023-03-10 20:41:22
172,RT-000172,20362,1031,1,completed,Produto avariado no transporte,7384.05,2022-05-10 00:11:18,2022-05-10 00:11:18
173,RT-000173,42739,1627,6,completed,Tamanho/cor incorretos,2647.26,2024-02-22 09:16:46,2024-02-22 09:16:46
176,RT-000176,48927,476,5,completed,Produto avariado no transporte,2612.73,2023-03-03 23:37:26,2023-03-03 23:37:26
177,RT-000177,33732,202,4,open,Produto avariado no transporte,14276.41,2022-03-07 19:18:50,2022-03-07 19:18:50
178,RT-000178,8903,1739,6,cancelled,Cliente desistiu da compra,3148.53,2025-12-15 14:27:00,2025-12-15 14:27:00
179,RT-000179,34135,799,2,completed,Produto avariado no transporte,0.00,2025-01-23 00:48:08,2025-01-23 00:48:08
180,RT-000180,14740,1125,2,completed,Compra duplicada,5744.05,2025-01-10 15:48:54,2025-01-10 15:48:54
181,RT-000181,31562,8,1,open,Compra duplicada,23189.49,2024-02-13 06:57:33,2024-02-13 06:57:33
182,RT-000182,20258,1457,1,open,Item não corresponde à descrição,0.00,2021-05-15 05:56:43,2021-05-15 05:56:43
183,RT-000183,44606,915,3,completed,Produto com defeito de fábrica,2763.78,2026-11-25 15:27:04,2026-11-25 15:27:04
184,RT-000184,44347,248,4,completed,Cliente desistiu da compra,2845.64,2020-06-22 10:34:38,2020-06-22 10:34:38
185,RT-000185,40195,1228,6,completed,Produto com defeito de fábrica,7107.63,2025-11-30 05:39:13,2025-11-30 05:39:13
186,RT-000186,37813,1421,1,completed,Item não corresponde à descrição,11523.75,2027-01-06 12:06:03,2027-01-06 12:06:03
187,RT-000187,37156,968,2,completed,Item não corresponde à descrição,0.00,2023-03-07 22:46:15,2023-03-07 22:46:15
188,RT-000188,49418,804,5,completed,Compra duplicada,12124.12,2026-12-29 20:40:49,2026-12-29 20:40:49
189,RT-000189,15523,1102,6,completed,Compra duplicada,9881.68,2025-11-13 21:14:22,2025-11-13 21:14:22
190,RT-000190,27551,1904,3,completed,Compra duplicada,518.20,2025-02-21 18:59:10,2025-02-21 18:59:10
191,RT-000191,24908,256,6,cancelled,Tamanho/cor incorretos,0.00,2021-07-08 07:26:29,2021-07-08 07:26:29
192,RT-000192,28451,437,6,cancelled,Item não corresponde à descrição,6943.12,2023-01-06 05:13:14,2023-01-06 05:13:14
193,RT-000193,21540,1114,2,completed,Tamanho/cor incorretos,11447.46,2020-02-19 13:06:23,2020-02-19 13:06:23
194,RT-000194,25828,1966,6,completed,Produto avariado no transporte,2916.36,2025-04-02 08:16:10,2025-04-02 08:16:10
195,RT-000195,37165,238,4,completed,Produt oavariado no transporte,4668.90,2025-05-19 13:39:58,2025-05-19 13:39:58
196,RT-000196,6322,224,3,completed,Produto avariado no transporte,3127.34,2024-01-01 13:35:39,2024-01-01 13:35:39
197,RT-000197,21202,373,1,cancelled,Item não corresponde à descrição,2548.26,2023-02-04 11:57:32,2023-02-04 11:57:32
198,RT-000198,18509,81,2,completed,Tamanho/cor incorretos,3930.39,2024-04-06 00:36:36,2024-04-06 00:36:36
199,RT-000199,45346,676,4,cancelled,Compra duplicada,4990.38,2022-06-22 23:14:00,2022-06-22 23:14:00
200,RT-000200,35974,366,1,completed,Item não corresponde à descrição,18959.32,2026-12-02 00:31:04,2026-12-02 00:31:04
201,RT-000201,31188,1893,6,completed,Cliente desistiu da compra,1891.34,2024-03-31 13:14:30,2024-03-31 13:14:30
202,RT-000202,40253,757,6,completed,Item não corresponde à descrição,0.00,2021-08-07 23:46:44,2021-08-07 23:46:44
203,RT-000203,47558,1354,1,completed,Produto com defeito de fábrica,27883.80,2026-02-21 12:19:20,2026-02-21 12:19:20
204,RT-000204,18037,1283,4,cancelled,Item não corresponde à descrição,0.00,2022-12-30 04:31:15,2022-12-30 04:31:15
205,RT-000205,7339,110,2,completed,Cliente desistiu da compra,0.00,2025-11-05 07:49:22,2025-11-05 07:49:22
206,RT-000206,586,1994,1,completed,Produto avariado no transporte,2428.81,2026-05-22 03:11:58,2026-05-22 03:11:58
207,RT-000207,8765,71,4,completed,Produto com defeito de fábrica,12972.60,2024-07-12 22:07:40,2024-07-12 22:07:40
208,RT-000208,5341,656,6,completed,Item não corresponde à descrição,9732.20,2026-02-07 12:54:56,2026-02-07 12:54:56
209,RT-000209,44369,471,3,completed,Produto com defeito de fábrica,2189.02,2025-03-29 01:10:02,2025-03-29 01:10:02
211,RT-000211,34551,896,1,completed,Produto avariado no transporte,6315.38,2021-06-12 12:32:02,2021-06-12 12:32:02
212,RT-000212,47619,722,3,open,Item não corresponde à descrição,14028.12,2026-04-22 09:57:21,2026-04-22 09:57:21
213,RT-000213,26300,888,5,open,Tamanho/cor incorretos,0.00,2024-01-02 22:37:15,2024-01-02 22:37:15
214,RT-000214,47302,295,2,completed,Cliente desistiu da compra,0.00,2026-09-25 12:29:12,2026-09-25 12:29:12
215,RT-000215,15455,370,1,completed,Cliente desistiu da compra,0.00,2023-09-06 17:26:27,2023-09-06 17:26:27
216,RT-000216,18026,1244,1,completed,Cliente desistiu da compra,2217.71,2024-03-20 15:13:08,2024-03-20 15:13:08
217,RT-000217,19857,1500,2,completed,Produto com defeito de fábrica,0.00,2025-03-09 02:38:38,2025-03-09 02:38:38
218,RT-000218,49535,786,1,completed,Tamanho/cor incorretos,0.00,2023-09-06 12:08:30,2023-09-06 12:08:30
219,RT-000219,12802,1699,2,completed,Produto com defeito de fábrica,15082.02,2024-12-09 16:10:35,2024-12-09 16:10:35
220,RT-000220,16406,1094,5,completed,Tamanho/cor incorretos,0.00,2024-04-04 00:11:32,2024-04-04 00:11:32
221,RT-000221,18365,23,3,completed,Cliente desistiu da compra,212.31,2021-05-09 08:11:16,2021-05-09 08:11:16
222,RT-000222,34765,329,6,open,Cliente desistiu da compra,4312.76,2025-02-19 05:35:32,2025-02-19 05:35:32
223,RT-000223,37544,873,3,open,Item não corresponde à descrição,5298.34,2021-03-18 13:52:53,2021-03-18 13:52:53
224,RT-000224,18287,1941,1,completed,Cliente desistiu da compra,7299.15,2023-12-21 06:54:54,2023-12-21 06:54:54
225,RT-000225,679,1374,4,completed, Compra duplicada,0.00,2027-01-13 02:07:27,2027-01-13 02:07:27
226,RT-000226,48688,625,4,completed,Cliente desistiu da compra,1359.18,2024-11-23 22:37:20,2024-11-23 22:37:20
227,RT-000227,12800,2,1,completed,Cliente desistiu da compra,6008.40,2021-04-06 08:52:05,2021-04-06 08:52:05
228,RT-000228,33774,1309,6,completed,Produto com defeito de fábrica,13560.42,2024-12-26 04:12:46,2024-12-26 04:12:46
229,RT-000229,36375,685,4,completed,Compra duplicada,26374.32,2025-06-25 20:28:39,2025-06-25 20:28:39
230,RT-000230,49587,956,5,completed,Item não corresponde à descrição,2785.44,2025-01-23 05:31:40,2025-01-23 05:31:40
231,RT-000231,28112,1091,1,completed,Produto com defeito de fábrica,3357.11,2021-03-20 21:21:15,2021-03-20 21:21:15
232,RT-000232,17579,446,4,completed,Produto avariado no transporte,0.00,2022-04-30 18:10:11,2022-04-30 18:10:11
233,RT-000233,4881,1269,5,completed,Produto com defeito de fábrica,0.00,2023-12-01 07:07:14,2023-12-01 07:07:14
234,RT-000234,1994,1262,3,completed,Produto avariado no transporte,3412.83,2025-05-15 00:14:50,2025-05-15 00:14:50
235,RT-000235,40647,1720,3,completed,Item não corresponde à descrição,3732.21,2021-01-02 10:18:39,2021-01-02 10:18:39
236,RT-000236,2094,1364,4,completed,,27037.80,2023-03-28 06:35:35,2023-03-28 06:35:35
237,RT-000237,37679,458,5,completed,Produto avariado no transporte,3083.36,2020-10-29 12:08:13,2020-10-29 12:08:13
238,RT-000238,29379,743,2,completed,Cliente desistiu da compra,7169.93,2022-03-14 03:41:42,2022-03-14 03:41:42
239,RT-000239,10216,1315,3,open,Item não corresponde à descrição,7707.06,2023-06-24 08:54:33,2023-06-24 08:54:33
240,RT-000240,24449,985,4,completed,Produto com defeito de fábrica,4280.16,2023-11-24 14:57:43,2023-11-24 14:57:43
241,RT-000241,21981,1089,1,completed,Item não corresponde à descrição,1078.27,2023-04-15 03:24:11,2023-04-15 03:24:11
242,RT-000242,1673,648,3,completed,Produto com defeito de fábrica,0.00,2021-01-17 10:31:12,2021-01-17 10:31:12
245,RT-000245,16150,366,5,completed,Item não corresponde à descrição,0.00,2024-11-19 18:35:21,2024-11-19 18:35:21
246,RT-000246,48691,1484,5,open,Item não corresponde à descrição,0.00,2023-05-09 11:27:03,2023-05-09 11:27:03
247,RT-000247,41716,1963,3,completed,Item não corresponde à descrição,0.00,2025-09-24 09:15:10,2025-09-24 09:15:10
248,RT-000248,8944,1304,4,completed,Cliente desistiu da compra,13681.40,2023-02-18 12:26:30,2023-02-18 12:26:30
249,RT-000249,12097,1990,3,open,Compra duplicada,4552.65,2022-10-12 08:47:23,2022-10-12 08:47:23
250,RT-000250,26100,1501,1,completed,Cliente desistiu da compra,4064.55,2026-03-04 03:31:01,2026-03-04 03:31:01
251,RT-000251,11296,422,6,completed,Cliente desistiu da compra,8176.04,2023-08-17 05:12:54,2023-08-17 05:12:54
252,RT-000252,24811,569,1,completed,Item não corresponde à descrição,0.00,2023-09-13 22:06:05,2023-09-13 22:06:05
253,RT-000253,9436,138,1,completed,Produto com defeito de fábrica,0.00,2026-01-24 10:05:49,2026-01-24 10:05:49
254,RT-000254,47765,87,5,completed,Produto avariado no transporte,431.13,2026-05-07 13:45:20,2026-05-07 13:45:20
255,RT-000255,41525,1023,1,open,Produto com defeito de fábrica,770.73,2024-03-14 12:15:17,2024-03-14 12:15:17
256,RT-000256,32697,632,4,completed,Tamanho/cor incorretos,2181.28,2026-04-02 00:41:11,2026-04-02 00:41:11
257,RT-000257,39772,204,2,completed,Tamanho/cor incorretoos,28749.90,2021-04-08 01:28:18,2021-04-08 01:28:18
258,RT-000258,33669,782,5,completed,Produto avariado no transporte,1742.58,2022-11-04 11:55:43,2022-11-04 11:55:43
259,RT-000259,36447,1560,3,completed,Tamanho/cor incorretos,2637.66,2022-01-25 20:33:13,2022-01-25 20:33:13
260,RT-000260,5635,1995,2,cancelled,Tamanho/cor incorretos,2355.20,2026-05-05 17:31:58,2026-05-05 17:31:58
261,RT-000261,18957,1330,3,completed,Produto com defeito de fábrica,2217.71,2021-12-24 07:31:35,2021-12-24 07:31:35
262,RT-000262,44583,578,2,completed,Compra duplicada,0.00,2020-06-02 02:55:00,2020-06-02 02:55:00
263,RT-000263,47443,6,4,completed,Cliente desistiu da compra,24596.04,2020-05-15 22:37:24,2020-05-15 22:37:24
264,RT-000264,24477,1648,6,completed,Produto avariado no transporte,12985.86,2024-12-03 19:26:48,2024-12-03 19:26:48
265,RT-000265,33043,1280,6,completed,Cliente desistiu da compra,0.00,2021-02-06 22:30:19,2021-02-06 22:30:19
266,RT-000266,4729,1923,4,cancelled,Tamanho/cor incorretos,2954.61,2026-07-17 11:13:40,2026-07-17 11:13:40
267,RT-000267,15946,25,2,completed,Compra duplicada,12407.05,2020-03-04 14:54:01,2020-03-04 14:54:01
268,RT-000268,11540,1118,6,completed,Produto avariado no transporte,0.00,2020-08-31 15:15:15,2020-08-31 15:15:15
269,RT-000269,30947,230,2,completed,Produto avariado no transporte,0.00,2026-06-30 02:51:59,2026-06-30 02:51:59
270,RT-000270,25248,1482,5,completed,Cliente desistiu da compra,2545.65,2026-06-03 03:59:31,2026-06-03 03:59:31
271,RT-000271,30369,1277,5,completed,Cliente desistiu da compra,8320.29,2024-11-03 04:10:24,2024-11-03 04:10:24
272,RT-000272,45360,1243,4,completed,Cliente desistiu da compra,5357.67,2021-07-09 11:40:20,2021-07-09 11:40:20
273,RT-000273,18030,1156,3,completed,Produto avariado no transporte,31146.16,2023-12-30 11:24:24,2023-12-30 11:24:24
274,RT-000274,11151,1394,2,completed,Cliente desistiu da compra,1781.99,2024-03-29 18:47:10,2024-03-29 18:47:10
275,RT-000275,9739,715,5,completed,Compra duplicada,0.00,2020-07-24 06:30:56,2020-07-24 06:30:56
276,RT-000276,35578,1987,1,completed,Produto com defeito de fábrica,6215.48,2022-10-06 16:22:57,2022-10-06 16:22:57
278,RT-000278,31062,1734,5,completed,Compra duplicada,5497.94,2026-01-07 20:01:32,2026-01-07 20:01:32
279,RT-000279,23625,593,5,cancelled,Tamanho/cor incorretos,212.31,2026-11-23 22:31:37,2026-11-23 22:31:37
280,RT-000280,11490,413,6,completed,Item não corresponde à descrição,21022.04,2025-04-18 04:49:02,2025-04-18 04:49:02
281,RT-000281,4400,1215,4,completed,Item não corresponde à descrição,20839.50,2021-12-28 04:38:36,2021-12-28 04:38:36
282,RT-000282,15831,641,3,completed,Compra duplicada ,0.00,2024-12-11 01:45:27,2024-12-11 01:45:27
283,RT-000283,4228,1478,4,completed,Produto com defeito de fábrica,0.00,2022-02-13 11:14:29,2022-02-13 11:14:29
284,RT-000284,30192,903,1,completed,Compra duplicada,3991.80,2025-07-31 00:33:52,2025-07-31 00:33:52
285,RT-000285,6408,902,2,completed,Compra duplicada,10752.08,2025-01-03 06:11:45,2025-01-03 06:11:45
286,RT-000286,15788,1340,3,completed,Compra duplicada,1149.60,2023-03-16 16:42:30,2023-03-16 16:42:30
287,RT-000287,33330,907,1,completed,Tamanho/cor incorretos,4471.89,2025-06-22 22:05:06,2025-06-22 22:05:06
288,RT-000288,2539,1030,5,completed,Item não corresponde à descrição,1611.17,2020-02-15 02:14:55,2020-02-15 02:14:55
289,RT-000289,620,449,2,completed,Produto avariado no transporte,5688.92,2024-12-31 12:57:32,2024-12-31 12:57:32
290,RT-000290,1295,623,2,cancelled,Tamanho/cor incorretos,0.00,2026-02-09 17:14:05,2026-02-09 17:14:05
291,RT-000291,27128,1179,5,completed,Item não corresponde à descrição,3749.70,2025-02-23 08:07:43,2025-02-23 08:07:43
292,RT-000292,19447,1944,2,completed,Produto avariado no transporte,21373.36,2026-02-13 01:47:52,2026-02-13 01:47:52
293,RT-000293,41694,821,3,completed,Produto avariado no transporte,4079.00,2026-02-24 13:04:53,2026-02-24 13:04:53
294,RT-000294,37365,1833,1,completed,compra duplicada,16186.28,2023-01-16 10:15:02,2023-01-16 10:15:02
295,RT-000295,30544,1575,5,completed,Item não corresponde à descrição,1463.58,2024-11-17 07:01:11,2024-11-17 07:01:11
296,RT-000296,37189,1562,3,cancelled,Tamanho/cor incorretos,17335.43,2023-05-07 16:13:07,2023-05-07 16:13:07
297,RT-000297,16998,284,5,completed,Produto com defeito de fábrica,3835.65,2020-03-05 03:49:11,2020-03-05 03:49:11
298,RT-000298,38148,906,3,completed,Compra duplicada,3185.84,2020-02-15 22:27:01,2020-02-15 22:27:01
299,RT-000299,42964,1022,4,completed,Produto com defeito de fábrica,2422.72,2020-01-18 10:01:52,2020-01-18 10:01:52
300,RT-000300,24872,1546,1,completed,Item não corresponde à descrição,0.00,2026-12-31 06:56:43,2026-12-31 06:56:43
301,RT-000301,42969,88,4,completed,Item não corresponde à descrição,0.00,2023-01-17 06:18:09,2023-01-17 06:18:09
302,RT-000302,49585,1708,2,completed,Produto com defeito de fábrica,1907.91,2026-09-08 17:45:59,2026-09-08 17:45:59
303,RT-000303,4887,710,2,completed,Tamanho/cor iincorretos,9514.47,2024-03-03 23:18:48,2024-03-03 23:18:48
304,RT-000304,7718,1346,6,completed,Tamanho/cor incorretos,4118.64,2021-10-27 12:23:00,2021-10-27 12:23:00
305,RT-000305,11434,1859,5,completed,Cliente desistiu da compra,1970.92,2025-10-24 04:33:17,2025-10-24 04:33:17
306,RT-000306,4505,987,6,completed,Produto avariado no transporte,0.00,2022-11-20 08:28:22,2022-11-20 08:28:22
307,RT-000307,99,860,3,completed,Produto avariado no transporte,5246.70,2026-03-20 00:52:23,2026-03-20 00:52:23
308,RT-000308,38982,1553,3,cancelled,Compra duplicada,18134.34,2023-03-06 13:18:11,2023-03-06 13:18:11
309,RT-000309,45224,848,3,completed,Tamanho/cor incorretos,14611.12,2022-05-14 10:02:08,2022-05-14 10:02:08
310,RT-000310,40557,196,4,completed,Item não corresponde à descrição,5261.05,2023-01-17 20:39:54,2023-01-17 20:39:54
311,RT-000311,19356,1293,4,completed,Compra duplicada,18558.85,2026-03-06 20:21:53,2026-03-06 20:21:53
312,RT-000312,48770,339,1,open,Tamanho/cor incorretos,13277.95,2025-09-26 20:56:14,2025-09-26 20:56:14
313,RT-000313,33045,430,2,cancelled,Compra duplicada,4624.50,2026-12-24 06:02:03,2026-12-24 06:02:03
314,RT-000314,33553,1412,5,completed,Compra duplicada,1856.75,2025-12-10 19:38:21,2025-12-10 19:38:21
315,RT-000315,35344,1681,2,open,Cliente desistiu da compra,0.00,2023-02-26 20:18:43,2023-02-26 20:18:43
316,RT-000316,39037,538,4,completed,Item não corresponde à descrição,3221.68,2025-09-11 16:13:19,2025-09-11 16:13:19
317,RT-000317,41793,1112,1,completed,Item não corresponde à descrição,821.48,2026-03-27 03:22:08,2026-03-27 03:22:08
318,RT-000318,43225,222,4,completed,Tamanho/cor incorretos,3325.66,2023-03-10 14:45:15,2023-03-10 14:45:15
319,RT-000319,36185,536,1,completed,Produto avariado no transporte,5958.40,2025-12-06 06:34:04,2025-12-06 06:34:04
320,RT-000320,36763,1793,4,completed,Item não corresponde à descrição,7505.35,2027-01-12 10:11:49,2027-01-12 10:11:49
321,RT-000321,13320,1839,5,completed,Tamanho/cor incorretos,4559.59,2021-05-10 19:17:13,2021-05-10 19:17:13
322,RT-000322,35806,1796,2,completed,Cliente desistiu da compra,5750.72,2022-03-15 03:26:09,2022-03-15 03:26:09
323,RT-000323,9900,1116,5,completed,Item não corresponde à descrição,9987.30,2022-12-24 12:26:44,2022-12-24 12:26:44
324,RT-000324,23413,1463,4,completed,Compra duplicada,11828.88,2024-09-15 00:22:34,2024-09-15 00:22:34
325,RT-000325,1439,707,5,completed,Produto com defeito de fábrica,14858.94,2024-08-04 03:29:10,2024-08-04 03:29:10
326,RT-000326,18501,784,6,completed,Tamanho/cor incorretos,14246.48,2021-12-08 08:29:28,2021-12-08 08:29:28
328,RT-000328,39898,1212,2,open,Tamanho/cor incorretos,5617.26,2027-01-18 22:21:28,2027-01-18 22:21:28
329,RT-000329,7557,1068,3,completed,Produto avariado no transporte,6897.12,2025-04-01 17:21:31,2025-04-01 17:21:31
330,RT-000330,36213,1884,4,completed,Produto avariado no transporte,15669.48,2023-08-24 03:05:08,2023-08-24 03:05:08
331,RT-000331,3098,802,2,completed,Produto avariado no transporte,0.00,2026-04-04 09:04:52,2026-04-04 09:04:52
332,RT-000332,19435,1030,5,completed,Produto avariado no transporte,0.00,2024-11-20 00:38:12,2024-11-20 00:38:12
333,RT-000333,49495,651,4,open,Produto avariado no transporte,3105.00,2023-04-24 20:08:49,2023-04-24 20:08:49
334,RT-000334,18517,994,6,cancelled,Item não corresponde à descrição,1074.54,2023-06-03 01:47:17,2023-06-03 01:47:17
335,RT-000335,23030,1227,5,cancelled,Compra duplicada,1832.14,2025-02-24 07:28:53,2025-02-24 07:28:53
336,RT-000336,9728,17,5,completed,Compra duplicada,2952.03,2026-05-15 18:49:29,2026-05-15 18:49:29
337,RT-000337,421,1378,1,completed,Cliente desistiu da compra,11247.25,2022-05-15 15:02:06,2022-05-15 15:02:06
338,RT-000338,20887,289,6,completed,Tamanho/cor incorretos,258.93,2024-11-24 09:23:13,2024-11-24 09:23:13
339,RT-000339,32573,1431,2,completed,Item não corresponde à descrição,16812.28,2026-01-19 02:49:00,2026-01-19 02:49:00
340,RT-000340,20132,268,4,completed,Cliente desistiu da compra,542.80,2026-02-12 02:49:54,2026-02-12 02:49:54
341,RT-000341,29357,235,3,completed,Produto avariado no transporte,5095.42,2026-03-21 21:48:48,2026-03-21 21:48:48
342,RT-000342,97,1664,4,completed,Tamanho/cor incorretos,7451.40,2024-10-27 12:44:12,2024-10-27 12:44:12
343,RT-000343,30631,1313,2,cancelled,Produto avariado no transporte,16515.62,2025-01-18 10:09:28,2025-01-18 10:09:28
344,RT-000344,45159,1938,2,completed,Cliente desistiu da compra,2952.04,2026-02-09 07:47:38,2026-02-09 07:47:38
345,RT-000345,7942,549,3,cancelled,Cliente desistiu da compra,0.00,2025-06-30 03:40:33,2025-06-30 03:40:33
346,RT-000346,22517,699,6,completed,Produto com defeito de fábrica,0.00,2025-04-14 00:37:23,2025-04-14 00:37:23
347,RT-000347,23541,1755,6,completed,Compra duplicada,0.00,2020-09-02 00:50:08,2020-09-02 00:50:08
348,RT-000348,43834,592,4,completed,Item não corresponde à descrição,1752.23,2026-12-12 11:22:12,2026-12-12 11:22:12
349,RT-000349,19385,1351,2,completed,Cliente desistiu da compra,0.00,2021-07-03 00:26:49,2021-07-03 00:26:49
350,RT-000350,48312,1236,2,completed,Compra duplicada,21256.76,2024-02-27 08:39:59,2024-02-27 08:39:59
351,RT-000351,42480,714,2,completed,Tamanho/cor incorretos,2118.14,2021-01-12 05:53:17,2021-01-12 05:53:17
352,RT-000352,14755,657,2,completed,Item não corresponde à descrição,1075.09,2022-02-13 14:12:16,2022-02-13 14:12:16
353,RT-000353,4799,1014,5,completed,Produto com defeito de fábrica,1824.05,2026-02-25 05:45:40,2026-02-25 05:45:40
354,RT-000354,45438,28,1,cancelled,Cliente desistiu da compra,0.00,2026-05-08 05:06:56,2026-05-08 05:06:56
355,RT-000355,45835,834,1,completed,Cliente desistiu da compra,3873.52,2026-04-20 07:39:12,2026-04-20 07:39:12
356,RT-000356,18394,1009,3,completed,Produto com defeito de fábrica,0.00,2024-11-12 09:53:32,2024-11-12 09:53:32
357,RT-000357,20144,767,2,completed,Produto avariado no transporte,4480.46,2027-01-06 03:40:17,2027-01-06 03:40:17
358,RT-000358,48430,1525,4,completed,Item não corresponde à descrição,623.70,2026-06-05 08:48:14,2026-06-05 08:48:14
359,RT-000359,49542,1318,6,completed,Produto avariado no transporte,3733.72,2021-04-13 19:46:03,2021-04-13 19:46:03
360,RT-000360,22929,1615,1,completed,Tamanho/cor incorretos,2855.52,2025-01-19 08:55:13,2025-01-19 08:55:13
361,RT-000361,5085,1501,2,cancelled,?,12111.50,2022-12-16 18:06:35,2022-12-16 18:06:35
362,RT-000362,4279,144,1,completed,Cliente desistiu da compra,5256.69,2020-12-08 10:49:02,2020-12-08 10:49:02
363,RT-000363,45228,1782,1,completed,Tamanho/cor incorretos,7952.19,2024-07-15 05:46:25,2024-07-15 05:46:25
364,RT-000364,26372,9,6,completed,Produto com defeito de fábrica,4806.64,2023-04-12 08:51:45,2023-04-12 08:51:45
365,RT-000365,20241,828,5,completed,Produto com defeito de fábrica,6906.60,2023-02-12 11:01:42,2023-02-12 11:01:42
366,RT-000366,29426,1481,4,completed,Tamanho/cor incorretos,0.00,2024-12-11 14:33:31,2024-12-11 14:33:31
367,RT-000367,40753,475,5,completed,Produto com defeito de fábrica,5282.72,2024-07-10 15:12:20,2024-07-10 15:12:20
368,RT-000368,17416,654,5,completed,outros,22062.98,2024-10-11 12:50:54,2024-10-11 12:50:54
369,RT-000369,11684,1272,4,completed,Produto avariado no transporte,0.00,2026-08-30 23:32:34,2026-08-30 23:32:34
370,RT-000370,29217,759,4,cancelled,Cliente desistiu da compra,3279.64,2022-06-22 14:49:42,2022-06-22 14:49:42
371,RT-000371,35860,543,2,completed,Tamanho/cor incorretos,1502.37,2020-10-08 10:05:59,2020-10-08 10:05:59
372,RT-000372,3859,1158,5,completed,Compra duplicada,6465.78,2022-04-08 15:49:50,2022-04-08 15:49:50
373,RT-000373,42494,453,4,completed,Cliente desistiu da compra,1110.66,2022-12-07 02:22:57,2022-12-07 02:22:57
374,RT-000374,46296,249,2,completed,Produto com defeito de fábrica,1686.65,2021-05-13 08:50:37,2021-05-13 08:50:37
375,RT-000375,26233,1859,4,completed,Produto avariado no transporte,7488.93,2026-04-17 21:09:31,2026-04-17 21:09:31
376,RT-000376,8999,287,5,open,Item não corresponde à descrição,3081.12,2026-05-30 17:47:09,2026-05-30 17:47:09
377,RT-000377,3366,215,2,completed,Produto avariado no transporte,13031.43,2026-12-19 03:38:41,2026-12-19 03:38:41
378,RT-000378,33049,18,2,completed,Compra duplicada,10096.20,2022-05-08 21:34:24,2022-05-08 21:34:24
379,RT-000379,14274,425,3,completed,Compra duplicada,11924.36,2026-02-11 00:01:27,2026-02-11 00:01:27
380,RT-000380,16585,532,2,open,Cliente desistiu da compra,7890.58,2025-10-31 13:57:10,2025-10-31 13:57:10
381,RT-000381,28427,666,6,completed,Item não corresponde à descrição,728.82,2022-05-15 21:35:05,2022-05-15 21:35:05
382,RT-000382,41034,452,6,open,Item não corresponde à descrição,705.44,2020-02-01 04:48:26,2020-02-01 04:48:26
383,RT-000383,49152,841,2,completed,Tamanho/cor incorretos,970.50,2021-04-26 10:33:38,2021-04-26 10:33:38
384,RT-000384,44931,1526,1,completed,Compra duplicada,5275.84,2026-01-25 15:15:53,2026-01-25 15:15:53
385,RT-000385,41423,1210,3,completed,Tamanho/cor incorretos,5458.86,2023-03-23 07:20:23,2023-03-23 07:20:23
386,RT-000386,1631,1603,4,completed,Cliente desistiu da compra,1136.58,2022-03-22 00:39:33,2022-03-22 00:39:33
387,RT-000387,13111,328,1,completed,Produto avariado no transporte,5080.74,2022-01-15 10:53:09,2022-01-15 10:53:09
388,RT-000388,37629,246,1,completed,Item não corresponde à descrição,531.14,2022-02-07 19:29:10,2022-02-07 19:29:10
389,RT-000389,9284,1769,6,completed,Item não corresponde à descrição,0.00,2024-03-12 07:23:34,2024-03-12 07:23:34
390,RT-000390,7488,616,2,completed,Produto com defeito de fábrica,20409.87,2024-01-06 14:13:10,2024-01-06 14:13:10
391,RT-000391,29701,246,6,completed,Produto avariado no transporte,8677.14,2024-03-13 10:34:42,2024-03-13 10:34:42
392,RT-000392,45905,1089,2,cancelled,Cliente desistiu da compra,0.00,2023-04-05 15:06:16,2023-04-05 15:06:16
393,RT-000393,44813,1020,2,cancelled,Produto com defeito de fábrica,1285.04,2022-03-18 14:19:00,2022-03-18 14:19:00
394,RT-000394,30281,1645,4,completed,Tamanho/cor incorretos,15551.71,2026-05-17 06:07:50,2026-05-17 06:07:50
395,RT-000395,9451,805,4,completed,Cliente desistiu da compra,1389.22,2026-04-02 07:34:51,2026-04-02 07:34:51
396,RT-000396,6728,865,2,cancelled,Produto com defeito de fábrica,7136.82,2026-02-23 02:24:46,2026-02-23 02:24:46
397,RT-000397,21079,18,6,open,Tamanho/cor incorretos,12410.04,2022-08-09 03:40:47,2022-08-09 03:40:47
398,RT-000398,24331,1041,2,completed,Tamanho/cor incorretos,11122.52,2026-01-05 18:18:57,2026-01-05 18:18:57
399,RT-000399,45807,1907,5,completed,Produto avariado no transporte,3767.89,2025-03-21 06:02:48,2025-03-21 06:02:48
400,RT-000400,7548,1235,3,cancelled,Produto avariado no transporte,2565.88,2023-04-01 16:48:26,2023-04-01 16:48:26
401,RT-000401,32603,36,4,completed,Produto com defeito de fábrica,5733.68,2021-02-01 05:34:16,2021-02-01 05:34:16
402,RT-000402,29004,853,3,open,Tamanho/cor incorretos,35614.30,2025-03-02 16:08:25,2025-03-02 16:08:25
403,RT-000403,28217,1685,2,completed,Cliente desistiu da compra,2990.13,2025-12-13 03:04:29,2025-12-13 03:04:29
404,RT-000404,38174,1893,2,completed,Cliente desistiu da compra,20892.64,2020-12-23 23:33:58,2020-12-23 23:33:58
405,RT-000405,35545,334,3,completed,Tamanho/cor incorretos,9249.92,2024-01-02 15:10:54,2024-01-02 15:10:54
406,RT-000406,29527,617,3,completed,outros,0.00,2021-02-03 08:59:01,2021-02-03 08:59:01
407,RT-000407,28238,1583,4,open,Item não corresponde à descrição,33813.27,2020-04-27 16:50:07,2020-04-27 16:50:07
408,RT-000408,25763,1681,5,completed,Item não corresponde à descrição,0.00,2023-02-04 16:59:16,2023-02-04 16:59:16
409,RT-000409,1586,448,6,completed,Cliente desistiu da compra,3664.16,2026-12-27 09:13:12,2026-12-27 09:13:12
410,RT-000410,22762,152,2,cancelled,Cliente desistiu da compra,15361.30,2024-11-30 07:29:40,2024-11-30 07:29:40
411,RT-000411,40676,372,3,completed,Item não corresponde à descrição,862.14,2022-03-01 11:08:54,2022-03-01 11:08:54
412,RT-000412,16457,1339,6,completed,Tamanho/cor incorretos,8774.34,2020-11-29 05:14:12,2020-11-29 05:14:12
413,RT-000413,44619,1426,5,open,Cliente desistiu da compra,0.00,2020-02-07 05:52:31,2020-02-07 05:52:31
414,RT-000414,19592,623,1,cancelled,Tamanho/cor incorretos,7692.75,2024-10-01 11:26:27,2024-10-01 11:26:27
415,RT-000415,4582,1384,4,completed,Item não corresponde à descrição,7928.46,2023-01-21 19:04:31,2023-01-21 19:04:31
416,RT-000416,33033,121,3,completed,Compra duplicada,11252.82,2021-01-31 00:40:26,2021-01-31 00:40:26
417,RT-000417,3641,928,6,completed,Compra duplicada,0.00,2023-03-26 09:13:57,2023-03-26 09:13:57
418,RT-000418,38032,180,4,completed,Cliente desistiu da compra,56727.54,2024-12-28 22:49:36,2024-12-28 22:49:36
419,RT-000419,43044,1828,2,open,Tamanho/cor incorretos,12086.60,2024-10-07 12:10:43,2024-10-07 12:10:43
420,RT-000420,39424,1568,2,completed,Compra duplicada,19446.12,2026-02-05 03:32:12,2026-02-05 03:32:12
421,RT-000421,43128,1293,1,completed,Item não corresponde à descrição,2974.82,2020-02-25 12:06:39,2020-02-25 12:06:39
422,RT-000422,15815,902,4,completed,Tamanho/cor incorretos,10708.92,2022-02-24 11:12:30,2022-02-24 11:12:30
423,RT-000423,25407,672,6,completed,Cliente desistiu da compra,10971.62,2021-02-14 06:16:49,2021-02-14 06:16:49
424,RT-000424,22006,1517,4,completed,Tamanho/cor incorretos,0.00,2026-01-22 01:00:11,2026-01-22 01:00:11
425,RT-000425,44125,104,4,completed,Item não corresponde à descrição,3655.52,2021-03-23 09:57:35,2021-03-23 09:57:35
426,RT-000426,42806,1537,3,completed,Produto com defeito de fábrica,9024.24,2026-06-17 01:37:48,2026-06-17 01:37:48
427,RT-000427,10834,705,4,completed,Produto com defeito de fábrica,15548.74,2020-03-03 19:01:36,2020-03-03 19:01:36
428,RT-000428,21127,510,1,cancelled,Item não corresponde à descrição,0.00,2025-11-28 19:03:07,2025-11-28 19:03:07
429,RT-000429,10082,1920,3,completed,Tamanho/cor incorretos,6176.66,2021-06-06 17:51:31,2021-06-06 17:51:31
430,RT-000430,36663,1887,3,completed,Produto com defeito de fábrica,0.00,2022-02-12 14:59:56,2022-02-12 14:59:56
431,RT-000431,41777,1962,1,completed,Produto avariado no transporte,18744.02,2023-03-21 04:56:31,2023-03-21 04:56:31
432,RT-000432,10711,1340,5,completed,Compra duplicada,13036.72,2021-09-02 00:58:24,2021-09-02 00:58:24
433,RT-000433,7243,83,3,completed,Compra duplicada,3166.59,2023-04-02 03:44:54,2023-04-02 03:44:54
434,RT-000434,6690,1244,6,completed,Produto com defeito de fábrica,4391.25,2025-03-01 13:34:50,2025-03-01 13:34:50
435,RT-000435,43038,1292,1,completed,Cliente desistiu da compra,0.00,2026-01-17 12:22:00,2026-01-17 12:22:00
436,RT-000436,28417,1403,3,completed,Compra duplicada,8434.20,2026-09-14 11:45:58,2026-09-14 11:45:58
437,RT-000437,49455,19,1,completed,Produto avariado no transporte,6196.20,2022-04-03 10:50:19,2022-04-03 10:50:19
438,RT-000438,37680,1875,5,completed,Tamanho/cor incorretos,19789.48,2023-04-22 13:56:10,2023-04-22 13:56:10
439,RT-000439,12088,1677,6,open,Cliente desistiu da compra,138.66,2025-10-29 07:32:10,2025-10-29 07:32:10
440,RT-000440,7896,1821,2,completed,Compra duplicada,5832.60,2023-11-22 15:37:42,2023-11-22 15:37:42
441,RT-000441,45731,472,5,completed,Produto com defeito de fábrica,823.05,2024-01-29 11:40:43,2024-01-29 11:40:43
442,RT-000442,17048,1433,5,cancelled,Produto avariado no transporte,9416.79,2022-03-13 06:26:34,2022-03-13 06:26:34
443,RT-000443,4458,923,1,completed,Produto com defeito de fábrica,6389.18,2021-01-11 22:21:14,2021-01-11 22:21:14
444,RT-000444,2682,153,3,completed,Item não corresponde à descrição,13530.07,2020-02-28 04:26:10,2020-02-28 04:26:10
445,RT-000445,21527,937,4,cancelled,Cliente desistiu da compra,4795.53,2026-04-29 01:01:06,2026-04-29 01:01:06
446,RT-000446,36869,1374,5,completed,Tamanho/cor incorretos,0.00,2023-12-05 18:07:44,2023-12-05 18:07:44
447,RT-000447,5078,523,3,completed,Tamanho/cor incorretos,14503.92,2026-01-22 08:04:22,2026-01-22 08:04:22
448,RT-000448,1161,78,5,open,Compra duplicada,2398.56,2026-12-27 05:37:44,2026-12-27 05:37:44
449,RT-000449,43275,1709,2,completed,Cliente desistiu da compra,30320.54,2025-07-16 09:55:25,2025-07-16 09:55:25
450,RT-000450,27812,1317,2,completed,Produto com defeito de fábrica,6986.64,2025-12-10 21:39:14,2025-12-10 21:39:14
451,RT-000451,1757,1665,3,completed,Compra duplicada,0.00,2024-09-22 19:44:39,2024-09-22 19:44:39
452,RT-000452,33039,1918,3,open,Cliente desistiu da compra,2036.26,2024-12-31 22:50:56,2024-12-31 22:50:56
453,RT-000453,9691,1099,5,completed,Item não corresponde à descrição,13057.90,2025-02-17 22:58:02,2025-02-17 22:58:02
454,RT-000454,32320,1258,2,completed,Tamanho/cor incorretos,21116.92,2024-03-14 23:17:12,2024-03-14 23:17:12
455,RT-000455,27144,305,2,completed,Produto avariado no transporte,3755.98,2025-02-04 23:36:05,2025-02-04 23:36:05
456,RT-000456,41902,1325,6,completed,Compra duplicada,27514.06,2020-11-22 00:13:28,2020-11-22 00:13:28
457,RT-000457,28542,1331,6,completed,Produto com defeito de fábrica,543.46,2024-08-25 16:23:03,2024-08-25 16:23:03
458,RT-000458,42595,1565,3,completed,Produto com defeito de fábrica,8071.98,2025-02-23 10:14:25,2025-02-23 10:14:25
459,RT-000459,40477,1029,1,completed,Produto com defeito de fábrica,5932.72,2024-10-11 01:54:26,2024-10-11 01:54:26
460,RT-000460,42787,1978,4,completed,Produto avariado no transporte,12383.80,2025-11-12 20:27:14,2025-11-12 20:27:14
461,RT-000461,13457,646,6,completed,Cliente desistiu da compra,5016.14,2021-11-09 06:07:55,2021-11-09 06:07:55
462,RT-000462,26015,1640,4,completed,Cliente desistiu da compra,4427.91,2024-07-03 19:06:29,2024-07-03 19:06:29
463,RT-000463,9400,1793,6,completed,Tamanho/cor incorretos,5432.98,2021-01-20 07:09:31,2021-01-20 07:09:31
464,RT-000464,48801,202,6,cancelled,Cliente desistiu da compra,5468.72,2025-06-22 11:44:02,2025-06-22 11:44:02
465,RT-000465,4064,917,5,open,Produto com defeito de fábrica,7997.76,2025-11-04 07:04:13,2025-11-04 07:04:13
466,RT-000466,33124,290,2,completed,Cliente desistiu da compra,4973.44,2025-01-11 19:20:38,2025-01-11 19:20:38
467,RT-000467,6693,544,2,completed,Produto com defeito de fábrica,2942.30,2023-01-17 18:33:26,2023-01-17 18:33:26
468,RT-000468,4940,1176,2,open,Produto com defeito de fábrica,2554.55,2023-05-22 11:23:20,2023-05-22 11:23:20
469,RT-000469,18900,223,2,completed,Cliente desistiu da compra,3194.59,2026-02-04 03:07:58,2026-02-04 03:07:58
470,RT-000470,12346,1002,1,completed,Produto com defeito de fábrica,0.00,2024-12-27 11:50:43,2024-12-27 11:50:43
471,RT-000471,8969,884,2,completed,Compra duplicada,305.25,2026-02-11 02:48:54,2026-02-11 02:48:54
472,RT-000472,6429,1773,6,completed,Compra duplicada,8440.74,2025-03-01 18:16:43,2025-03-01 18:16:43
473,RT-000473,41837,775,5,completed,Item não corresponde à descrição,0.00,2021-01-13 02:38:09,2021-01-13 02:38:09
474,RT-000474,5313,740,6,completed,Produto com defeito de fábrica,3206.80,2021-03-28 22:25:15,2021-03-28 22:25:15
475,RT-000475,15661,1411,5,cancelled,Item não corresponde à descrição,2306.10,2025-03-04 16:03:41,2025-03-04 16:03:41
476,RT-000476,38317,874,3,completed,Cliente desistiu da compra,6990.86,2026-10-20 14:59:25,2026-10-20 14:59:25
477,RT-000477,11542,807,5,completed,Produto avariado no transporte,0.00,2023-03-08 06:08:03,2023-03-08 06:08:03
478,RT-000478,20181,1333,6,completed,Item não corresponde à descrição,6109.44,2021-08-31 19:16:25,2021-08-31 19:16:25
479,RT-000479,18581,116,5,completed,Produto avariado no transporte,8064.28,2022-02-02 13:57:52,2022-02-02 13:57:52
480,RT-000480,7359,1326,5,completed,Item não corresponde à descrição,760.92,2024-11-12 13:00:18,2024-11-12 13:00:18
481,RT-000481,26496,1109,2,completed,Cliente desistiu da compra,20875.88,2024-04-30 17:04:36,2024-04-30 17:04:36
482,RT-000482,8510,1156,6,cancelled,Produto com defeito de fábrica,0.00,2024-01-21 02:53:17,2024-01-21 02:53:17
483,RT-000483,4411,473,4,completed,Produto com defeito de fábrica,2152.22,2025-03-17 17:21:33,2025-03-17 17:21:33
484,RT-000484,24502,605,6,completed,Cliente desistiu da compra,16143.36,2026-09-09 23:23:44,2026-09-09 23:23:44
485,RT-000485,29786,948,4,completed,Tamanho/cor incorretos,2912.59,2021-03-11 08:25:03,2021-03-11 08:25:03
486,RT-000486,7146,1260,4,completed,Tamanho/cor incorretos,274.50,2026-02-18 00:43:27,2026-02-18 00:43:27
487,RT-000487,16991,1105,2,completed,Produto com defeito de fábrica,3272.16,2023-06-11 14:54:16,2023-06-11 14:54:16
488,RT-000488,31936,1473,4,completed,Compra duplicada,0.00,2020-12-26 22:08:40,2020-12-26 22:08:40
489,RT-000489,20358,1943,4,open,Cliente desistiu da compra,0.00,2025-10-19 08:14:23,2025-10-19 08:14:23
490,RT-000490,29294,1640,5,completed,Cliente desistiu da compra,1045.74,2026-12-21 09:48:14,2026-12-21 09:48:14
491,RT-000491,16629,1304,6,completed,Produto avariado no transporte,7367.48,2026-03-16 13:32:15,2026-03-16 13:32:15
492,RT-000492,33212,728,6,completed,Produto avariado no transporte,4456.38,2026-06-04 15:48:41,2026-06-04 15:48:41
493,RT-000493,42363,1053,1,completed,Compra duplicada,6720.57,2024-01-17 18:05:24,2024-01-17 18:05:24
494,RT-000494,39250,1726,5,completed,Produto avariado no transporte,2614.35,2026-03-06 22:00:10,2026-03-06 22:00:10
495,RT-000495,3227,1753,2,completed,Cliente desistiu da compra,13123.95,2020-11-15 18:48:33,2020-11-15 18:48:33
496,RT-000496,26456,909,3,completed,Cliente desistiu da compra,17925.48,2022-11-28 10:28:36,2022-11-28 10:28:36
497,RT-000497,31897,1636,5,completed,Produto com defeito de fábrica,22290.84,2024-03-19 20:59:26,2024-03-19 20:59:26
498,RT-000498,23403,1652,3,completed,Item não corresponde à descrição,7549.23,2021-02-15 03:27:33,2021-02-15 03:27:33
499,RT-000499,28426,1952,6,completed,Compra duplicada,1472.59,2025-12-22 10:35:08,2025-12-22 10:35:08
500,RT-000500,37051,1573,3,cancelled,Produto avariado no transporte,1827.76,2021-08-04 01:31:08,2021-08-04 01:31:08
501,RT-000501,45612,1843,1,completed,Produto com defeito de fábrica,4924.66,2026-02-25 16:34:54,2026-02-25 16:34:54
502,RT-000502,41187,468,3,cancelled,Produto avariado no transporte,0.00,2025-12-30 14:19:42,2025-12-30 14:19:42
503,RT-000503,24708,1066,3,completed,Item não corresponde à descrição,7518.57,2026-07-19 21:40:46,2026-07-19 21:40:46
504,RT-000504,33899,1755,2,completed,Tamanho/cor incorretos,0.00,2023-03-26 19:42:50,2023-03-26 19:42:50
506,RT-000506,12130,1988,5,completed,Produto avariado no transporte,2655.96,2024-07-21 01:35:54,2024-07-21 01:35:54
507,RT-000507,39244,1338,3,cancelled,Item não corresponde à descrição,8814.78,2021-07-09 08:01:19,2021-07-09 08:01:19
508,RT-000508,35972,1647,2,cancelled,Produto com defeito de fábrica,8599.80,2023-12-13 07:06:26,2023-12-13 07:06:26
509,RT-000509,22579,758,2,completed,—,5560.54,2026-04-19 11:31:27,2026-04-19 11:31:27
510,RT-000510,16170,873,6,completed,Compra duplicada,2866.84,2024-11-01 08:12:49,2024-11-01 08:12:49
511,RT-000511,39171,1948,4,completed,Cliente desistiu da compra,2946.48,2026-03-20 07:32:13,2026-03-20 07:32:13
512,RT-000512,31120,910,5,cancelled,Cliente desistiu da compra,8530.38,2025-03-25 19:13:43,2025-03-25 19:13:43
513,RT-000513,15200,309,3,completed,Tamanho/cor incorretos,4093.75,2020-02-16 07:28:20,2020-02-16 07:28:20
514,RT-000514,3806,1521,6,completed,Cliente desistiu da compra,12591.45,2025-02-16 13:44:47,2025-02-16 13:44:47
515,RT-000515,38560,299,3,open,Produto avariado no transporte,7973.42,2026-11-30 15:40:57,2026-11-30 15:40:57
516,RT-000516,49988,1947,5,completed,Cliente desistiu da compra,0.00,2020-12-22 20:28:57,2020-12-22 20:28:57
517,RT-000517,23889,607,3,completed,Cliente desistiu da compra,13221.99,2021-05-03 15:16:56,2021-05-03 15:16:56
518,RT-000518,45664,435,5,open,Produto avariado no transporte,0.00,2025-12-03 03:48:27,2025-12-03 03:48:27
519,RT-000519,37682,1295,5,completed,Item não corresponde à descrição,0.00,2020-03-12 11:16:33,2020-03-12 11:16:33
520,RT-000520,25574,1170,3,completed,Compra duplicada,3212.60,2026-11-10 14:35:18,2026-11-10 14:35:18
521,RT-000521,6842,369,1,cancelled,Cliente desistiu da compra,27314.10,2024-03-15 04:26:30,2024-03-15 04:26:30
522,RT-000522,13181,581,5,completed,Compra duplicada,6848.04,2024-07-14 05:45:21,2024-07-14 05:45:21
523,RT-000523,49709,1653,2,completed,Produto com defeito de fábrica,9382.02,2025-09-27 08:33:39,2025-09-27 08:33:39
524,RT-000524,23561,488,2,completed,Produto com defeito de fábrica,11765.30,2023-04-15 04:49:32,2023-04-15 04:49:32
525,RT-000525,18907,1087,1,completed,Produto avariado no transporte,4048.18,2024-04-27 00:05:13,2024-04-27 00:05:13
526,RT-000526,20800,1446,1,completed,Produto avariado no transporte,1920.15,2026-01-02 03:51:49,2026-01-02 03:51:49
527,RT-000527,34807,1822,2,completed,Compra duplicada,983.07,2022-04-11 14:32:55,2022-04-11 14:32:55
528,RT-000528,10294,1568,1,completed,Tamanho/cor incorretos,6287.60,2021-05-08 04:32:58,2021-05-08 04:32:58
529,RT-000529,41328,1693,1,completed,Produto com defeito de fábrica,415.98,2023-02-11 13:06:49,2023-02-11 13:06:49
530,RT-000530,18788,1082,4,cancelled,Cliente desistiu da compra,6966.36,2024-09-11 16:00:22,2024-09-11 16:00:22
531,RT-000531,45911,871,4,open,Produto com defeito de fábrica,6056.80,2023-10-19 18:03:06,2023-10-19 18:03:06
532,RT-000532,3939,657,1,cancelled,Compra duplicada,2471.60,2024-06-19 01:20:26,2024-06-19 01:20:26
533,RT-000533,2457,1040,1,completed,Item não corresponde à descrição,0.00,2021-12-31 15:09:12,2021-12-31 15:09:12
534,RT-000534,19306,1452,5,cancelled,Cliente desistiu da compra,1432.75,2022-11-25 22:36:45,2022-11-25 22:36:45
535,RT-000535,3046,1889,5,completed,Cliente desistiu da compra,349.98,2026-02-23 17:51:45,2026-02-23 17:51:45
536,RT-000536,24868,510,4,completed,Produto avariado no transporte,1252.68,2026-06-13 06:09:21,2026-06-13 06:09:21
537,RT-000537,1267,1042,1,completed,Produto avariado no transporte,20669.36,2023-03-16 13:15:58,2023-03-16 13:15:58
538,RT-000538,38630,854,5,cancelled,Compra duplicada,13287.24,2023-02-27 01:30:21,2023-02-27 01:30:21
539,RT-000539,28782,665,5,cancelled,Tamanho/cor incorretos,24919.76,2024-09-05 11:52:35,2024-09-05 11:52:35
540,RT-000540,2369,1378,3,completed,Cliente desistiu da compra,15884.43,2021-02-19 11:23:05,2021-02-19 11:23:05
541,RT-000541,35417,196,6,completed,Produto avariado no transporte,11813.76,2025-01-18 12:07:32,2025-01-18 12:07:32
542,RT-000542,49374,921,5,completed,Cliente desistiu da compra,8997.80,2025-05-18 08:54:56,2025-05-18 08:54:56
543,RT-000543,8339,598,2,completed,Compra duplicada,182.24,2024-11-21 00:08:39,2024-11-21 00:08:39
544,RT-000544,5483,98,4,completed,Tamanho/cor incorretos,3244.64,2026-04-17 02:36:57,2026-04-17 02:36:57
546,RT-000546,2265,267,2,open,Tamanho/cor incorretos,0.00,2021-12-12 00:22:17,2021-12-12 00:22:17
547,RT-000547,33209,289,1,open,Compra duplicada,2619.07,2025-02-23 16:11:58,2025-02-23 16:11:58
548,RT-000548,9897,1387,2,open,Compra duplicada,2928.56,2025-01-09 12:01:26,2025-01-09 12:01:26
549,RT-000549,15469,101,5,cancelled,Compra duplicada,345.64,2026-01-29 17:08:52,2026-01-29 17:08:52
550,RT-000550,44358,1078,2,completed,Compra duplicada,6916.36,2021-02-18 12:10:09,2021-02-18 12:10:09
551,RT-000551,17837,1588,1,completed,Compra duplicada,8157.69,2023-06-12 11:46:47,2023-06-12 11:46:47
552,RT-000552,29749,1787,1,completed,Produto avariado no transporte,12839.72,2023-03-25 10:51:41,2023-03-25 10:51:41
553,RT-000553,47340,1230,6,completed,Compra duplicada,5530.08,2025-12-01 00:46:14,2025-12-01 00:46:14
554,RT-000554,14358,87,6,completed,Cliente desistiu da compra,2284.70,2025-10-01 05:47:10,2025-10-01 05:47:10
555,RT-000555,24762,333,1,completed,Item não corresponde à descrição,2916.36,2025-06-22 23:09:13,2025-06-22 23:09:13
556,RT-000556,12888,688,4,completed,Cliente desistiu da compra,2453.61,2022-02-05 12:31:43,2022-02-05 12:31:43
557,RT-000557,46734,1035,6,completed,Produto avariado no transporte,0.00,2022-08-12 00:26:18,2022-08-12 00:26:18
558,RT-000558,30744,1969,4,completed,Produto avariado no transporte,178.58,2024-12-26 06:16:17,2024-12-26 06:16:17
559,RT-000559,45518,1120,6,completed,Item não corresponde à descrição,4093.19,2025-04-25 17:50:37,2025-04-25 17:50:37
560,RT-000560,7442,1599,2,cancelled,Produto avariado no transporte,0.00,2020-06-02 08:19:15,2020-06-02 08:19:15
561,RT-000561,15360,1818,1,completed,Produto com defeito de fábrica,5066.73,2022-03-17 16:49:59,2022-03-17 16:49:59
562,RT-000562,7218,349,5,completed,Compra duplicada,1943.52,2022-11-11 07:36:12,2022-11-11 07:36:12
563,RT-000563,40637,1157,2,completed,Produto avariado no transporte,0.00,2022-01-30 06:40:54,2022-01-30 06:40:54
564,RT-000564,45238,1283,1,cancelled,Produto avariado no transporte,15149.70,2020-02-11 09:39:51,2020-02-11 09:39:51
565,RT-000565,28856,998,1,cancelled,Item não corresponde à descrição,6709.16,2025-12-22 12:24:23,2025-12-22 12:24:23
566,RT-000566,5760,724,4,open,Tamanho/cor incorretos,3483.18,2025-02-08 05:40:33,2025-02-08 05:40:33
567,RT-000567,33385,690,1,completed,Produto avariado no transporte,22079.96,2024-01-13 09:06:43,2024-01-13 09:06:43
568,RT-000568,20248,340,2,completed,Produto avariado no transporte,0.00,2021-09-16 10:48:59,2021-09-16 10:48:59
569,RT-000569,25089,1836,1,completed,Tamanho/cor incorretos,1129.98,2023-04-03 18:09:19,2023-04-03 18:09:19
570,RT-000570,31052,1732,3,completed,Cliente desistiu da compra,21098.10,2024-11-03 19:35:19,2024-11-03 19:35:19
571,RT-000571,49123,1824,4,completed,Compra duplicada,6550.65,2026-04-06 05:03:54,2026-04-06 05:03:54
572,RT-000572,20794,456,6,completed,Cliente desistiu da compra,0.00,2023-04-10 04:34:14,2023-04-10 04:34:14
573,RT-000573,12232,1068,1,completed,Item não corresponde à descrição,0.00,2023-03-12 13:02:08,2023-03-12 13:02:08
574,RT-000574,23016,781,1,completed,Produto avariado no transporte,4252.24,2024-11-19 10:31:26,2024-11-19 10:31:26
575,RT-000575,37484,184,4,completed,Tamanho/cor incorretos,6571.64,2024-12-23 01:42:14,2024-12-23 01:42:14
576,RT-000576,11,869,1,completed,Tamanho/cor incorretos,2243.34,2026-05-22 04:14:24,2026-05-22 04:14:24
577,RT-000577,39137,1661,3,completed,Compra duplicada,9519.00,2024-12-26 16:37:11,2024-12-26 16:37:11
578,RT-000578,21840,473,5,cancelled,Produto com defeito de fábrica,10230.60,2027-01-16 03:07:41,2027-01-16 03:07:41
579,RT-000579,31431,1327,6,completed,Produto avariado no transporte,0.00,2020-06-07 19:34:25,2020-06-07 19:34:25
580,RT-000580,21104,1352,6,open,cliente desistiu,34073.46,2024-07-17 16:46:54,2024-07-17 16:46:54
581,RT-000581,39143,1691,1,open,Produto com defeito de fábrica,1757.40,2025-04-07 15:00:48,2025-04-07 15:00:48
582,RT-000582,8154,590,3,completed,Cliente desistiu da compra,4887.60,2025-09-17 06:28:27,2025-09-17 06:28:27
583,RT-000583,23581,1677,5,completed,Produto com defeito de fábrica,0.00,2026-06-07 09:13:14,2026-06-07 09:13:14
584,RT-000584,4426,30,4,completed,Item não corresponde à descrição,5045.90,2024-11-06 16:27:18,2024-11-06 16:27:18
585,RT-000585,25117,785,4,completed,Cliente desistiu da compra,548.70,2023-11-08 07:30:49,2023-11-08 07:30:49
586,RT-000586,12546,690,6,open,COMPRA DUPLICADA,3360.82,2024-03-03 16:10:41,2024-03-03 16:10:41
587,RT-000587,1453,719,2,completed,Item não corresponde à descrição,10937.44,2021-01-31 10:47:21,2021-01-31 10:47:21
588,RT-000588,20447,1041,6,completed,Produto avariado no transporte,12688.37,2024-03-25 07:14:06,2024-03-25 07:14:06
589,RT-000589,20933,1412,2,completed,—,6942.36,2025-08-12 15:29:38,2025-08-12 15:29:38
590,RT-000590,20266,1611,3,cancelled,Tamanho/cor incorretos,2326.21,2025-12-19 01:38:11,2025-12-19 01:38:11
591,RT-000591,25562,1569,6,cancelled,Tamanho/cor incorretos,10117.32,2022-03-18 15:31:20,2022-03-18 15:31:20
592,RT-000592,358,1926,3,open,Produto com defeito de fábrica,6659.13,2024-06-01 09:24:32,2024-06-01 09:24:32
593,RT-000593,22127,1983,1,completed,Produto com defeito de fábrica,9015.86,2025-03-29 09:54:07,2025-03-29 09:54:07
594,RT-000594,30345,1947,4,completed,Item não corresponde à descrição,10602.92,2024-02-21 20:50:26,2024-02-21 20:50:26
595,RT-000595,34734,1451,2,cancelled,Produto avariado no transporte,14860.64,2023-03-12 23:36:08,2023-03-12 23:36:08
596,RT-000596,18791,29,4,completed,Produto com defeito de fábrica,18113.70,2025-05-14 17:03:21,2025-05-14 17:03:21
597,RT-000597,38226,85,5,completed,Cliente desistiu da compra,5530.08,2021-07-11 11:34:41,2021-07-11 11:34:41
598,RT-000598,5567,1303,5,completed,Cliente desistiu da compra,12183.78,2026-07-05 16:38:51,2026-07-05 16:38:51
599,RT-000599,3788,729,2,completed,Produto com defeito de fábrica,21683.79,2023-11-05 00:20:41,2023-11-05 00:20:41
600,RT-000600,15769,1887,2,completed,Cliente desistiu da compra,0.00,2025-05-10 14:31:07,2025-05-10 14:31:07
601,RT-000601,43828,764,4,completed,Produto com defeito de fábrica,11521.05,2024-02-18 18:59:17,2024-02-18 18:59:17
602,RT-000602,4644,1443,3,completed,Item não corresponde à descrição,9253.12,2022-12-11 00:10:59,2022-12-11 00:10:59
603,RT-000603,47702,1046,6,completed,Produto avariado no transporte,11254.55,2022-05-03 23:59:36,2022-05-03 23:59:36
604,RT-000604,5408,1954,2,completed,Produto avariado no transporte,11562.87,2025-01-14 08:51:23,2025-01-14 08:51:23
605,RT-000605,7713,510,5,completed,Cliente desistiu da compra,0.00,2025-10-27 20:03:13,2025-10-27 20:03:13
606,RT-000606,18328,167,6,completed,Compra duplicada,408.06,2025-12-21 02:11:06,2025-12-21 02:11:06
607,RT-000607,7537,58,6,completed,Produto com defeito de fábrica,5263.90,2026-02-18 23:08:21,2026-02-18 23:08:21
608,RT-000608,23652,1016,5,open,Compra duplicada,3754.05,2025-07-18 05:33:11,2025-07-18 05:33:11
609,RT-000609,43754,986,1,completed,Item não corresponde à descrição,2067.78,2023-04-25 10:46:16,2023-04-25 10:46:16
610,RT-000610,24760,471,3,completed,Tamanho/cor incorretos,7554.87,2026-01-19 01:31:32,2026-01-19 01:31:32
611,RT-000611,9597,404,2,cancelled,Tamanho/cor incorretos,13707.52,2024-01-30 16:05:04,2024-01-30 16:05:04
612,RT-000612,33827,1900,6,completed,Produto avariado no transporte,8865.63,2020-11-01 21:05:44,2020-11-01 21:05:44
613,RT-000613,43146,569,2,completed,Cliente desistiu da compra,360.16,2020-02-10 14:42:17,2020-02-10 14:42:17
614,RT-000614,39298,1419,2,cancelled,Cliente desistiu da compra,11033.00,2024-03-04 13:10:23,2024-03-04 13:10:23
615,RT-000615,9426,482,4,completed,Item não corresponde à descrição,5599.32,2025-04-25 16:51:23,2025-04-25 16:51:23
616,RT-000616,36534,9,4,completed,Tamanho/cor incorretos,1972.36,2025-10-17 19:35:51,2025-10-17 19:35:51
617,RT-000617,20451,429,3,completed,Item não corresponde à descrição,8951.81,2022-01-06 02:05:09,2022-01-06 02:05:09
618,RT-000618,37481,1043,5,completed,Produto avariado no transporte,7766.88,2024-02-03 09:28:33,2024-02-03 09:28:33
619,RT-000619,23531,1331,3,completed,Item não corresponde à descrição,1832.08,2026-12-17 20:56:34,2026-12-17 20:56:34
620,RT-000620,10148,687,5,completed,Item não corresponde à descrição,17535.15,2023-02-02 21:04:42,2023-02-02 21:04:42
621,RT-000621,16660,59,3,completed,Outros,3315.00,2021-02-23 21:51:40,2021-02-23 21:51:40
622,RT-000622,16417,1148,5,completed,item não corresponde à descrição,1502.37,2025-11-18 07:36:13,2025-11-18 07:36:13
623,RT-000623,3802,74,1,completed,Compra duplicada,1761.91,2023-10-15 10:07:18,2023-10-15 10:07:18
624,RT-000624,7997,934,2,completed,Tamanho/cor incorretos,7672.98,2026-08-21 06:24:00,2026-08-21 06:24:00
625,RT-000625,1858,1635,6,completed,Compra duplicada,1002.92,2027-01-11 20:26:05,2027-01-11 20:26:05
626,RT-000626,26469,1595,1,completed,Item não corresponde à descrição,725.20,2026-04-19 08:29:41,2026-04-19 08:29:41
627,RT-000627,41845,603,1,cancelled,Produto avariado no transporte,518.20,2026-04-09 16:03:23,2026-04-09 16:03:23
628,RT-000628,42162,1427,4,completed,Item não corresponde à descrição,10846.36,2020-03-01 21:53:45,2020-03-01 21:53:45
629,RT-000629,23166,1993,3,completed,Compra duplicada,7898.61,2023-03-25 14:04:57,2023-03-25 14:04:57
630,RT-000630,5114,825,2,completed,Compra duplicada,16832.45,2020-03-01 13:11:13,2020-03-01 13:11:13
631,RT-000631,31452,325,3,open,Item não corresponde à descrição,13671.80,2021-11-13 19:11:09,2021-11-13 19:11:09
632,RT-000632,42287,1594,5,completed,Cliente desistiu da compra,14821.87,2024-03-02 00:06:49,2024-03-02 00:06:49
633,RT-000633,11310,229,4,completed,Item não corresponde à descrição,11763.17,2021-03-09 00:10:19,2021-03-09 00:10:19
634,RT-000634,31720,1951,5,completed,Cliente desistiu da compra,21329.51,2020-03-03 19:09:43,2020-03-03 19:09:43
635,RT-000635,7859,147,4,cancelled,Compra duplicada,1339.20,2024-04-12 08:20:08,2024-04-12 08:20:08
636,RT-000636,45783,405,1,completed,,4587.26,2024-11-05 20:03:57,2024-11-05 20:03:57
637,RT-000637,31131,657,6,completed,Produto com defeito de fábrica,21410.46,2020-02-09 17:28:41,2020-02-09 17:28:41
638,RT-000638,4962,890,3,completed,Item não corresponde à descrição,3257.01,2025-01-06 17:02:43,2025-01-06 17:02:43
639,RT-000639,34127,916,5,completed,Cliente desistiu da compra,3696.60,2020-04-09 17:16:45,2020-04-09 17:16:45
640,RT-000640,37994,98,2,open,Cliente desistiu da compra,0.00,2027-01-05 05:45:21,2027-01-05 05:45:21
641,RT-000641,7252,1445,3,completed,Produto com defeito de fábrica,0.00,2026-01-16 17:25:58,2026-01-16 17:25:58
642,RT-000642,10742,1086,5,completed,Tamanho/cor incorretos,7966.80,2025-11-22 22:01:46,2025-11-22 22:01:46
643,RT-000643,19251,89,2,cancelled, Item não corresponde à descrição,0.00,2023-02-13 13:10:11,2023-02-13 13:10:11
644,RT-000644,17561,1559,3,completed,Produto ccom defeito de fábrica,12941.17,2026-03-13 00:06:17,2026-03-13 00:06:17
645,RT-000645,45925,184,6,completed,Cliente desistiu da compra,3519.64,2024-12-13 23:37:16,2024-12-13 23:37:16
646,RT-000646,14570,828,3,completed,Compra duplicada,20903.01,2024-02-04 20:17:55,2024-02-04 20:17:55
647,RT-000647,5731,476,6,completed,Compra duplicada,0.00,2026-10-19 19:40:28,2026-10-19 19:40:28
648,RT-000648,27682,1547,2,completed,Cliente desistiu da compra,1349.10,2021-01-09 06:03:06,2021-01-09 06:03:06
649,RT-000649,24194,285,5,completed,Produto avariado no transporte,0.00,2026-03-20 01:08:27,2026-03-20 01:08:27
650,RT-000650,24909,1276,1,open,Item não corresponde à descrição,2260.13,2021-12-02 14:39:36,2021-12-02 14:39:36
651,RT-000651,32914,281,5,cancelled,Item não corresponde à descrição,0.00,2024-12-28 14:44:34,2024-12-28 14:44:34
652,RT-000652,10686,750,5,completed,?,5092.36,2023-10-01 20:26:28,2023-10-01 20:26:28
653,RT-000653,40567,1683,6,completed,Cliente desistiu da compra,0.00,2023-03-08 19:41:19,2023-03-08 19:41:19
654,RT-000654,35317,1449,2,completed,Cliente desistiu da compra,1313.88,2027-01-27 04:02:14,2027-01-27 04:02:14
655,RT-000655,37925,1515,3,completed,Tamanho/cor incorretos,9462.84,2026-04-10 09:51:35,2026-04-10 09:51:35
656,RT-000656,32666,314,4,completed,Produto com defeito de fábrica,1970.92,2025-12-22 15:08:15,2025-12-22 15:08:15
657,RT-000657,44909,857,4,completed,Produto avariado no transporte,20291.18,2022-10-17 04:47:42,2022-10-17 04:47:42
658,RT-000658,9351,871,4,completed,Item não corresponde à descrição,3272.16,2026-10-19 19:11:35,2026-10-19 19:11:35
660,RT-000660,20790,1709,4,completed,Cliente desistiu da compra,1629.17,2025-02-26 14:38:27,2025-02-26 14:38:27
661,RT-000661,6534,947,1,completed,Cliente desistiu da compra,31092.49,2026-11-11 12:41:00,2026-11-11 12:41:00
662,RT-000662,42445,1423,4,completed,outros,4705.98,2025-08-13 14:13:37,2025-08-13 14:13:37
663,RT-000663,1378,1941,1,completed,Produto avariado no transporte,2249.39,2020-12-19 15:24:14,2020-12-19 15:24:14
664,RT-000664,7352,1221,2,completed,Cliente desistiu da compra,1614.87,2024-02-17 07:54:29,2024-02-17 07:54:29
665,RT-000665,11934,1406,1,completed,Produto com defeito de fábrica,311.37,2021-04-17 18:08:11,2021-04-17 18:08:11
666,RT-000666,28425,1605,2,completed,Tamanho/cor incorretos,9288.71,2026-01-05 04:49:43,2026-01-05 04:49:43
667,RT-000667,34037,336,5,completed,Compra duplicada,3079.54,2026-05-02 15:06:09,2026-05-02 15:06:09
668,RT-000668,29021,1730,5,completed,Item não corresponde à descrição,0.00,2026-08-17 08:16:41,2026-08-17 08:16:41
669,RT-000669,21087,1501,2,completed,Item não corresponde à descrição,11454.73,2023-02-16 02:33:52,2023-02-16 02:33:52
670,RT-000670,46290,834,4,completed,Cliente desistiu da compra,496.50,2021-03-15 07:54:19,2021-03-15 07:54:19
671,RT-000671,42753,1879,2,completed,Cliente desistiu da compra,7557.74,2026-11-15 10:55:22,2026-11-15 10:55:22
672,RT-000672,21038,1092,5,completed,Tamanho/cor incorretos,11119.06,2024-12-10 14:54:38,2024-12-10 14:54:38
673,RT-000673,16097,269,4,open,Compra duplicada,0.00,2020-09-17 09:07:22,2020-09-17 09:07:22
674,RT-000674,30861,1396,5,completed,Tamanho/cor incorretos,5326.76,2026-05-09 02:12:55,2026-05-09 02:12:55
675,RT-000675,28353,1284,6,completed,Outros,242.94,2026-12-30 18:01:09,2026-12-30 18:01:09
676,RT-000676,23733,1859,5,completed, Produto com defeito de fábrica,0.00,2024-03-28 03:46:40,2024-03-28 03:46:40
677,RT-000677,14608,546,1,completed,Produto avariado no transporte,0.00,2026-10-17 13:15:08,2026-10-17 13:15:08
678,RT-000678,1752,302,1,cancelled,Produto avariado no transporte,0.00,2021-09-28 17:46:50,2021-09-28 17:46:50
679,RT-000679,20534,1471,1,completed,Item não corresponde à descrição,12578.42,2025-03-22 06:47:26,2025-03-22 06:47:26
680,RT-000680,5591,744,2,cancelled,Cliente desistiu da compra,293.35,2025-06-21 21:44:14,2025-06-21 21:44:14
681,RT-000681,11103,1064,3,completed,Produto avariado no transporte,3234.81,2024-11-27 19:10:31,2024-11-27 19:10:31
682,RT-000682,37284,1235,6,completed,Item não corresponde à descrição,3004.74,2022-01-03 22:56:52,2022-01-03 22:56:52
683,RT-000683,11946,113,1,completed,Produto avariado no transporte,8263.29,2023-01-20 04:56:31,2023-01-20 04:56:31
684,RT-000684,36480,635,2,completed,Compra duplicada,17606.61,2022-01-07 19:01:02,2022-01-07 19:01:02
685,RT-000685,23346,1527,1,completed,Produto com defeito de fábrica,1004.76,2020-03-27 16:03:58,2020-03-27 16:03:58
686,RT-000686,37613,1650,2,cancelled,Produto avariado no transporte,2097.84,2021-03-15 23:41:20,2021-03-15 23:41:20
687,RT-000687,19767,46,2,completed,Produto avariado no transporte,3134.40,2020-02-17 07:03:19,2020-02-17 07:03:19
688,RT-000688,44274,1360,1,completed,Produto com defeito de fábrica,6722.03,2023-01-17 17:27:48,2023-01-17 17:27:48
689,RT-000689,3127,940,4,completed,Tamanho/cor incorretos,0.00,2021-05-02 08:19:14,2021-05-02 08:19:14
690,RT-000690,16995,1011,5,completed,Produto com defeito de fábrica,2778.44,2021-01-27 00:24:40,2021-01-27 00:24:40
691,RT-000691,15851,1447,5,completed,Produto avariado no transporte,8402.60,2021-10-11 02:36:32,2021-10-11 02:36:32
692,RT-000692,1810,622,1,completed,Tamanho/cor incorretos,9306.24,2026-12-11 01:45:47,2026-12-11 01:45:47
693,RT-000693,8034,271,4,completed,Produto avariado no transporte,7367.48,2022-07-11 17:23:37,2022-07-11 17:23:37
694,RT-000694,12750,1030,5,completed,Produto avariado no transporte,1320.30,2021-10-24 22:54:29,2021-10-24 22:54:29
695,RT-000695,14435,84,4,open,Cliente desistui da compra,1951.07,2024-11-30 18:54:20,2024-11-30 18:54:20
696,RT-000696,18873,1447,2,completed,Cliente desistiu da compra,14191.62,2025-01-06 08:57:57,2025-01-06 08:57:57
697,RT-000697,43999,690,4,cancelled,Produto avariado no transporte,10786.60,2024-02-29 10:47:28,2024-02-29 10:47:28
698,RT-000698,31101,610,3,completed,produto com defeito de fábrica,3374.44,2023-02-07 14:42:56,2023-02-07 14:42:56
699,RT-000699,15034,3,5,completed,Produto avariado no transporte,9644.22,2024-09-26 09:19:09,2024-09-26 09:19:09
700,RT-000700,1340,397,2,completed,Item não corresponde à descrição,0.00,2026-03-28 21:53:38,2026-03-28 21:53:38
701,RT-000701,45621,1146,2,completed,Item não corresponde à descrição,12751.61,2024-02-06 20:40:35,2024-02-06 20:40:35
702,RT-000702,38408,1738,4,completed,Cliente desistiu da compra,40735.56,2020-03-19 04:58:14,2020-03-19 04:58:14
703,RT-000703,3405,1961,5,completed,Produto com defeitoo de fábrica,5372.24,2022-01-28 07:18:04,2022-01-28 07:18:04
704,RT-000704,42987,213,6,completed,Cliente desistiu da compra,1278.83,2020-12-10 15:25:38,2020-12-10 15:25:38
705,RT-000705,443,1578,1,completed,Produto com defeito de fábrica,0.00,2025-01-04 14:13:20,2025-01-04 14:13:20
706,RT-000706,38844,1882,2,completed,Tamanho/cor incorretos,4486.68,2024-02-15 10:33:50,2024-02-15 10:33:50
707,RT-000707,26592,714,6,open,Compra duplicada,0.00,2025-10-28 11:42:52,2025-10-28 11:42:52
708,RT-000708,1989,581,2,completed,Produto com defeito de fábrica,11737.89,2025-01-21 20:45:25,2025-01-21 20:45:25
709,RT-000709,21273,1139,5,completed,Cliente desistiu da compra,34548.72,2025-04-04 02:06:15,2025-04-04 02:06:15
710,RT-000710,2965,1240,2,completed,Item não corresponde à descrição,6505.40,2022-02-28 01:51:18,2022-02-28 01:51:18
711,RT-000711,45622,1053,4,completed,Produto com defeito de fábrica,0.00,2024-10-23 21:49:13,2024-10-23 21:49:13
712,RT-000712,25897,989,1,completed,Produto com defeito de fábrica,0.00,2020-03-09 10:19:35,2020-03-09 10:19:35
713,RT-000713,26073,1928,4,completed,Item não corresponde à descrição,3593.34,2026-01-30 21:36:46,2026-01-30 21:36:46
714,RT-000714,45362,223,5,completed,Compra duplicada,2553.86,2020-12-29 12:01:21,2020-12-29 12:01:21
715,RT-000715,7433,347,6,completed,Tamanho/cor incorretos,6715.30,2021-04-06 19:53:40,2021-04-06 19:53:40
716,RT-000716,6481,1802,5,cancelled,Tamanho/cor incorretos,302.58,2023-12-14 17:58:14,2023-12-14 17:58:14
717,RT-000717,48928,200,1,completed,,14261.60,2023-05-26 02:32:33,2023-05-26 02:32:33
718,RT-000718,21033,1266,4,cancelled,Produto avariado no transporte,15358.83,2025-11-17 06:35:44,2025-11-17 06:35:44
719,RT-000719,972,1828,4,completed,Produto avariado no transporte,9943.89,2025-03-31 00:13:50,2025-03-31 00:13:50
720,RT-000720,23193,1946,4,cancelled,Cliente desistiu da compra,100.17,2022-11-23 07:12:48,2022-11-23 07:12:48
721,RT-000721,43633,904,4,completed,Compra duplicada,1453.44,2023-02-22 21:30:28,2023-02-22 21:30:28
722,RT-000722,37430,1370,1,completed,Produto com defeito de fábrica,6587.40,2023-05-07 13:33:44,2023-05-07 13:33:44
723,RT-000723,23269,1408,6,completed,Tamanho/cor incorretos,0.00,2022-03-12 19:30:21,2022-03-12 19:30:21
724,RT-000724,13957,782,4,completed,Item não corresponde à descrição,3624.96,2027-01-22 05:55:28,2027-01-22 05:55:28
725,RT-000725,48089,1494,3,completed,Produto com defeito de fábrica,3929.79,2023-04-13 01:56:18,2023-04-13 01:56:18
726,RT-000726,35009,1751,4,completed,Compra duplicada,8668.79,2025-11-13 20:11:39,2025-11-13 20:11:39
727,RT-000727,32059,1034,4,completed,Cliente desistiu da compra,6225.66,2024-03-05 11:42:13,2024-03-05 11:42:13
728,RT-000728,39571,1946,6,completed,Item não corresponde à descrição,4299.63,2026-08-08 22:55:25,2026-08-08 22:55:25
729,RT-000729,36317,1415,6,completed,Produto avariado no transporte,3083.67,2022-06-26 04:54:25,2022-06-26 04:54:25
730,RT-000730,446,501,6,completed,Tamanho/cor incorretos,16053.65,2020-01-19 06:50:19,2020-01-19 06:50:19
731,RT-000731,22883,1516,1,open,Produto com defeito de fábrica,5005.15,2025-03-11 03:47:56,2025-03-11 03:47:56
732,RT-000732,17714,763,2,completed,Cliente desistiu da compra,0.00,2024-06-25 19:31:04,2024-06-25 19:31:04
733,RT-000733,44662,964,2,completed,Compra duplicada,0.00,2025-03-08 16:12:42,2025-03-08 16:12:42
734,RT-000734,39245,128,2,open,Tamanho/cor incorretos,0.00,2026-03-19 19:09:25,2026-03-19 19:09:25
735,RT-000735,18723,1626,6,open,Item não corresponde à descrição,26666.64,2021-02-23 15:30:19,2021-02-23 15:30:19
736,RT-000736,16200,648,4,completed,Compra duplicada,3507.90,2023-06-23 19:59:19,2023-06-23 19:59:19
737,RT-000737,16625,1523,3,completed,Produto avariado no transporte,0.00,2021-12-16 12:21:32,2021-12-16 12:21:32
738,RT-000738,27134,1742,5,completed,Produto avariado no transporte,12086.60,2025-04-21 04:40:48,2025-04-21 04:40:48
739,RT-000739,3074,81,4,completed, Tamanho/cor incorretos,0.00,2026-12-26 21:18:45,2026-12-26 21:18:45
740,RT-000740,35350,318,2,completed,Compra duplicada,8550.90,2023-03-15 10:37:01,2023-03-15 10:37:01
741,RT-000741,13837,1397,5,open,Tamanho/cor incorretos,2281.30,2025-01-16 06:31:41,2025-01-16 06:31:41
742,RT-000742,11050,1396,1,completed,Item não corresponde à descrição,5482.00,2024-11-07 02:05:03,2024-11-07 02:05:03
743,RT-000743,1507,1133,2,completed,Produto com defeito de fábrica,4744.72,2022-10-18 15:17:52,2022-10-18 15:17:52
744,RT-000744,29075,1892,4,completed,Item não corresponde à descrição,699.53,2025-01-27 23:30:39,2025-01-27 23:30:39
745,RT-000745,42255,1984,5,cancelled,Produto com defeito de fábrica,1958.94,2023-11-13 15:05:49,2023-11-13 15:05:49
746,RT-000746,25255,768,5,completed,Compra duplicada,3327.87,2025-05-01 14:08:55,2025-05-01 14:08:55
748,RT-000748,41545,1566,2,cancelled,Produto avariado no transporte,4304.44,2026-02-01 15:01:22,2026-02-01 15:01:22
749,RT-000749,37382,1658,4,cancelled,Produto com defeito de fábrica,11399.23,2020-12-29 01:08:53,2020-12-29 01:08:53
750,RT-000750,29015,746,5,completed,Produto avariado no transporte,0.00,2024-05-03 22:46:24,2024-05-03 22:46:24
751,RT-000751,35929,831,3,completed,Cliente desistiu da compra,286.64,2026-06-25 14:41:58,2026-06-25 14:41:58
752,RT-000752,15172,876,3,completed,Produto avariado no transporte,9565.85,2023-11-13 03:17:59,2023-11-13 03:17:59
753,RT-000753,8486,921,6,open,Produto com defeito de fábrica,41640.41,2026-07-26 13:06:18,2026-07-26 13:06:18
754,RT-000754,36797,706,2,completed,Produto avariado no transporte,237.38,2021-07-09 01:42:07,2021-07-09 01:42:07
755,RT-000755,16430,759,1,cancelled,Item não corresponde à descrição,1674.37,2023-01-12 12:17:33,2023-01-12 12:17:33
756,RT-000756,41176,1033,3,completed,Tamanho/cor incorretos,17640.39,2025-10-17 01:56:23,2025-10-17 01:56:23
757,RT-000757,38000,748,3,open,Compra duplicada,0.00,2024-12-23 18:18:41,2024-12-23 18:18:41
758,RT-000758,8009,482,1,completed,Tamanho/cor incorretos,453.87,2026-04-08 05:59:39,2026-04-08 05:59:39
759,RT-000759,16901,1755,2,open,Cliente desistiu da compra,3872.34,2025-01-10 22:50:33,2025-01-10 22:50:33
760,RT-000760,41100,1515,4,open,Cliente desistiu da compra,6802.24,2023-03-18 02:50:58,2023-03-18 02:50:58
761,RT-000761,21946,1599,5,completed,Produto com defeito de fábrica,0.00,2021-05-29 08:39:54,2021-05-29 08:39:54
762,RT-000762,3172,346,2,completed,Cliente desistiu da compra,0.00,2022-08-02 13:13:06,2022-08-02 13:13:06
763,RT-000763,38768,1490,6,cancelled,Outros,17168.83,2026-03-28 09:05:32,2026-03-28 09:05:32
764,RT-000764,49517,307,5,completed,—,8533.36,2024-03-20 21:59:29,2024-03-20 21:59:29
765,RT-000765,23562,1336,1,completed,Produto avariado no transporte,2422.72,2025-04-13 16:57:35,2025-04-13 16:57:35
766,RT-000766,2132,1363,1,cancelled,Cliente desistiu da compra,0.00,2020-12-31 10:45:00,2020-12-31 10:45:00
767,RT-000767,21941,846,3,open,Compra duplicada,0.00,2026-12-14 22:32:59,2026-12-14 22:32:59
768,RT-000768,49886,1204,4,open,Tamanho/cor incorretos,18150.11,2022-10-05 13:01:47,2022-10-05 13:01:47
769,RT-000769,6907,456,1,completed,Compra duplicada,13232.80,2026-12-27 20:48:28,2026-12-27 20:48:28
770,RT-000770,38636,872,3,completed,Tamanho/cor incorretos,0.00,2025-11-05 13:58:24,2025-11-05 13:58:24
771,RT-000771,38793,1888,1,completed,Tamanho/cor incorretos,7362.35,2026-01-17 16:46:32,2026-01-17 16:46:32
772,RT-000772,18463,1383,4,completed,Cliente desistiu da compra,23193.93,2021-11-26 19:47:29,2021-11-26 19:47:29
773,RT-000773,21515,1728,6,completed,Tamanho/cor incorretos,7775.53,2026-12-03 11:10:41,2026-12-03 11:10:41
774,RT-000774,48204,1607,3,completed,,0.00,2023-11-01 14:41:12,2023-11-01 14:41:12
775,RT-000775,21553,1596,5,completed,Produto com defeito de fábrica,5388.55,2024-03-04 03:26:39,2024-03-04 03:26:39
776,RT-000776,6541,1650,3,open,Cliente desistiu da compra,8599.80,2027-01-25 13:34:11,2027-01-25 13:34:11
777,RT-000777,642,917,5,completed,Tamanho/cor incorretos,1637.50,2021-02-17 16:39:26,2021-02-17 16:39:26
778,RT-000778,33302,1849,3,completed,Compra duplicada,0.00,2022-03-09 14:40:46,2022-03-09 14:40:46
779,RT-000779,33607,1306,5,completed,Tamanho/cor incorretos,0.00,2023-02-04 02:22:12,2023-02-04 02:22:12
780,RT-000780,13833,830,3,completed,Produto avariado no transporte,10566.90,2023-12-19 09:18:08,2023-12-19 09:18:08
781,RT-000781,14401,954,4,open,Compra duplicada,5950.18,2020-12-25 11:34:22,2020-12-25 11:34:22
782,RT-000782,1785,1390,4,open,Tamanho/cor incorretos,1242.96,2020-03-09 05:00:52,2020-03-09 05:00:52
783,RT-000783,15290,1657,6,completed,Produto avariado no transporte,2651.34,2020-10-27 00:04:05,2020-10-27 00:04:05
784,RT-000784,17764,167,5,completed,Item não corresponde à descrição,0.00,2024-04-09 08:41:10,2024-04-09 08:41:10
785,RT-000785,4707,1033,4,completed,Compra duplicada,2527.10,2021-12-20 22:50:22,2021-12-20 22:50:22
788,RT-000788,31582,1432,6,completed,Produto avariado no transporte,2107.49,2022-05-20 14:44:04,2022-05-20 14:44:04
789,RT-000789,38264,1581,4,completed,Item não corresponde à descrição,22981.40,2025-10-15 19:49:45,2025-10-15 19:49:45
790,RT-000790,1010,1584,1,completed,Compra duplicada,7683.33,2025-02-08 06:45:21,2025-02-08 06:45:21
791,RT-000791,11673,1023,4,completed,Item não corresponde à descrição,9934.14,2021-01-02 18:33:03,2021-01-02 18:33:03
792,RT-000792,10158,406,5,completed,Compra duplicada,19443.68,2022-10-28 17:57:02,2022-10-28 17:57:02
793,RT-000793,13071,1071,5,completed,Compra duplicada,0.00,2026-01-20 06:10:38,2026-01-20 06:10:38
794,RT-000794,13482,1500,3,cancelled,Produto com defeito de fábrica,0.00,2020-03-19 11:26:13,2020-03-19 11:26:13
795,RT-000795,27996,1004,4,cancelled,,4114.08,2025-12-29 04:15:15,2025-12-29 04:15:15
796,RT-000796,38772,1997,2,completed,Compra duplicada,9678.04,2023-06-07 07:50:39,2023-06-07 07:50:39
797,RT-000797,23946,1484,2,completed,Outros,1915.60,2022-04-02 11:37:07,2022-04-02 11:37:07
798,RT-000798,4388,1164,3,cancelled,Compra duplicada,2483.80,2026-03-20 09:11:14,2026-03-20 09:11:14
799,RT-000799,17963,866,3,cancelled,Produto com defeito de fábrica,1912.78,2024-10-20 18:21:49,2024-10-20 18:21:49
800,RT-000800,33388,1012,1,completed,Compra duplicada,24440.96,2021-01-11 09:52:30,2021-01-11 09:52:30
801,RT-000801,888,272,1,cancelled,Cliente desistiu da compra,1908.62,2024-03-28 03:00:37,2024-03-28 03:00:37
802,RT-000802,9477,921,4,completed,Compra duplicada,0.00,2026-05-10 12:36:34,2026-05-10 12:36:34
803,RT-000803,15619,467,4,completed,Tamanho/cor incorretos,6127.12,2026-04-12 13:38:09,2026-04-12 13:38:09
804,RT-000804,23509,125,6,open,Compra duplicada,6991.52,2022-12-09 17:49:09,2022-12-09 17:49:09
805,RT-000805,39093,1118,4,completed,Item não corresponde à descrição,3249.24,2020-01-31 12:34:52,2020-01-31 12:34:52
806,RT-000806,36790,1601,6,completed,Item não corresponde à descrição,5227.74,2025-08-01 12:49:49,2025-08-01 12:49:49
807,RT-000807,33202,1725,5,completed,Compra duplicada,2579.96,2027-01-07 04:37:11,2027-01-07 04:37:11
808,RT-000808,35303,1473,1,completed,Cliente desistiu da compra,4407.33,2024-03-18 12:14:17,2024-03-18 12:14:17
809,RT-000809,28790,30,4,completed,Cliente desistiu da compra,0.00,2023-01-22 12:01:14,2023-01-22 12:01:14
810,RT-000810,37490,1504,5,completed,Tamanho/cor incorretos,13727.12,2023-03-08 00:07:30,2023-03-08 00:07:30
811,RT-000811,15485,1820,6,completed,Cliente desistiu da compra,407.01,2026-01-15 19:37:07,2026-01-15 19:37:07
812,RT-000812,27490,1134,1,completed,Item não corresponde à descrição,0.00,2024-10-16 12:14:22,2024-10-16 12:14:22
813,RT-000813,7635,160,5,completed,Tamanho/cor incorretos,12113.94,2024-04-24 03:29:48,2024-04-24 03:29:48
814,RT-000814,40994,886,4,completed,Item não corresponde à descrição,1654.94,2021-09-15 06:13:08,2021-09-15 06:13:08
815,RT-000815,20745,877,2,completed,Compra duplicada,2973.06,2023-10-19 23:44:18,2023-10-19 23:44:18
816,RT-000816,43818,1401,2,cancelled,Cliente desistiu da compra,9382.02,2022-01-05 15:28:46,2022-01-05 15:28:46
817,RT-000817,39875,1093,1,completed,Compra duplicada,6371.73,2021-06-23 19:29:26,2021-06-23 19:29:26
818,RT-000818,47670,752,5,completed,Cliente desistiu da compra,10712.82,2026-01-03 14:59:06,2026-01-03 14:59:06
819,RT-000819,8149,798,5,completed,Compra duplicada ,7026.26,2024-02-11 13:52:24,2024-02-11 13:52:24
820,RT-000820,17712,1769,1,cancelled,Cliente desistiu da compra,0.00,2025-09-02 05:48:14,2025-09-02 05:48:14
821,RT-000821,9820,1142,4,completed,Tamanho/cor incorretos,3809.23,2021-02-12 04:12:55,2021-02-12 04:12:55
822,RT-000822,8355,1491,5,cancelled,,0.00,2025-04-06 03:53:38,2025-04-06 03:53:38
823,RT-000823,19616,756,4,completed,Tamanho/cor incorretos,283.33,2021-07-08 04:55:22,2021-07-08 04:55:22
824,RT-000824,34951,1162,3,cancelled,Item não corresponde à descrição,10420.65,2020-04-29 15:16:47,2020-04-29 15:16:47
825,RT-000825,49312,452,2,completed,Produto com defeito de fábrica,7195.23,2022-01-21 17:02:34,2022-01-21 17:02:34
826,RT-000826,7792,141,4,completed,Item não corresponde à descrição,1796.67,2021-12-16 09:29:21,2021-12-16 09:29:21
827,RT-000827,40165,1081,4,completed,Cliente desistiu da compra,25349.49,2026-02-09 00:41:36,2026-02-09 00:41:36
828,RT-000828,12197,31,1,completed,Tamanho/cor incorretos,1475.54,2024-04-21 07:39:59,2024-04-21 07:39:59
829,RT-000829,26490,1576,4,completed,Item não corresponde à descrição,1528.42,2024-11-04 02:26:04,2024-11-04 02:26:04
830,RT-000830,37482,190,5,completed,Produto com defeito de fábrica,0.00,2023-10-15 18:58:55,2023-10-15 18:58:55
831,RT-000831,48355,405,6,completed,Cliente desistiu da compra,1563.67,2023-02-14 18:27:28,2023-02-14 18:27:28
833,RT-000833,45727,614,6,completed,Cliente desistiu da compra,7176.72,2024-01-02 01:33:30,2024-01-02 01:33:30
834,RT-000834,42185,1331,5,open,Tamanho/cor incorretos,0.00,2023-10-16 21:01:20,2023-10-16 21:01:20
835,RT-000835,8166,920,4,completed,Item não corresponde à descrição,9976.05,2023-12-17 05:04:25,2023-12-17 05:04:25
836,RT-000836,16282,1395,6,completed,Produto com defeito de fábrica,2623.23,2023-07-02 22:39:38,2023-07-02 22:39:38
837,RT-000837,35358,1866,3,completed,Produto com defeito de fábrica,28626.03,2025-06-22 07:23:13,2025-06-22 07:23:13
838,RT-000838,30097,102,6,open,Produto com defeito de fábrica,0.00,2026-03-01 06:37:22,2026-03-01 06:37:22
839,RT-000839,40427,1496,1,completed,Tamanho/cor incorretos,6977.40,2021-04-13 21:37:06,2021-04-13 21:37:06
840,RT-000840,46873,204,5,completed,Cliente desistiu da compra,4829.44,2024-06-07 17:54:40,2024-06-07 17:54:40
841,RT-000841,45182,63,1,completed,Cliente desistiu da compra,2038.04,2024-09-15 10:21:55,2024-09-15 10:21:55
842,RT-000842,33059,410,4,completed,Produto com defeito de fábrica,2002.01,2024-07-13 01:28:15,2024-07-13 01:28:15
843,RT-000843,28119,917,6,completed,Compra duplicada,20017.23,2021-11-29 00:53:40,2021-11-29 00:53:40
844,RT-000844,23751,741,2,completed,Tamanho/cor incorretos,815.67,2026-01-07 20:37:56,2026-01-07 20:37:56
845,RT-000845,29016,223,5,cancelled,Produto com defeito de fábrica,2276.42,2022-03-16 07:28:55,2022-03-16 07:28:55
846,RT-000846,44173,502,3,cancelled,Produto avariado no transporte,1183.89,2026-04-20 06:23:05,2026-04-20 06:23:05
847,RT-000847,45930,1958,5,completed,Cliente desistiu da compra,5690.55,2025-01-27 07:49:35,2025-01-27 07:49:35
848,RT-000848,28364,327,3,completed,Tamanho/cor incorretos,14277.68,2021-04-10 03:55:08,2021-04-10 03:55:08
849,RT-000849,22838,1838,6,open,Item não corresponde à descrição,1628.04,2020-05-19 23:07:45,2020-05-19 23:07:45
850,RT-000850,30835,13,3,completed,CLIENTE DESISTIU DA COMPRA,621.48,2021-10-03 11:28:31,2021-10-03 11:28:31
851,RT-000851,38777,1318,6,completed,Item não corresponde à descrição,54.33,2026-02-14 00:11:55,2026-02-14 00:11:55
852,RT-000852,15724,245,3,completed,Compra duplicada,0.00,2023-09-30 15:34:56,2023-09-30 15:34:56
853,RT-000853,49795,1621,5,cancelled,Item não corressponde à descrição,756.45,2025-01-12 01:58:00,2025-01-12 01:58:00
854,RT-000854,47422,1911,1,completed,Produto avariado no transporte,537.06,2025-01-27 03:05:41,2025-01-27 03:05:41
855,RT-000855,35316,90,4,completed,Tamanho/cor incorretos,1262.96,2020-05-30 09:50:36,2020-05-30 09:50:36
856,RT-000856,15208,1305,6,cancelled,Tamanho/cor incorretos,6927.63,2020-09-11 22:45:59,2020-09-11 22:45:59
857,RT-000857,18229,1043,3,completed,Compra duplicada,2344.97,2020-05-23 03:06:12,2020-05-23 03:06:12
858,RT-000858,28776,953,2,completed,Produto avariado no transporte,9523.08,2026-10-21 18:49:11,2026-10-21 18:49:11
859,RT-000859,48459,502,4,completed,Outros,30348.87,2024-03-27 08:20:01,2024-03-27 08:20:01
861,RT-000861,49690,1789,6,open,Cliente desistiu da compra,9593.64,2023-11-12 15:40:47,2023-11-12 15:40:47
862,RT-000862,12312,1508,5,completed,Compra duplicada,0.00,2026-02-13 07:03:31,2026-02-13 07:03:31
863,RT-000863,8946,206,5,completed,Item não corresponde à descrição,1864.59,2021-06-13 21:16:07,2021-06-13 21:16:07
864,RT-000864,18992,249,2,completed,Produto avariado no transporte,3337.95,2023-11-13 14:35:07,2023-11-13 14:35:07
865,RT-000865,25323,478,1,completed,Item não corresponde à descrição,0.00,2026-01-23 00:53:21,2026-01-23 00:53:21
866,RT-000866,40131,754,5,completed,Item não corresponde à descrição,543.46,2021-09-08 21:27:44,2021-09-08 21:27:44
867,RT-000867,33660,353,6,completed,Cliente desistiu da compra,0.00,2026-02-14 14:52:55,2026-02-14 14:52:55
868,RT-000868,33835,13,6,completed,Produto avariado no transporte,20219.28,2025-01-13 15:04:53,2025-01-13 15:04:53
869,RT-000869,2492,1022,6,completed,Item não corresponde à descrição,2351.02,2022-01-24 00:32:44,2022-01-24 00:32:44
870,RT-000870,37848,249,6,completed,Cliente desistiu da compra,4153.30,2024-12-23 11:11:54,2024-12-23 11:11:54
871,RT-000871,29334,1913,3,completed,Produto com defeito de fábrica,12702.05,2026-10-24 14:58:23,2026-10-24 14:58:23
872,RT-000872,2098,1372,2,open,Produto avariado no transporte,4224.80,2024-01-13 18:50:18,2024-01-13 18:50:18
873,RT-000873,47151,970,6,completed,Produto com defeito de fábrica,1325.84,2021-12-21 14:02:08,2021-12-21 14:02:08
874,RT-000874,22588,1982,5,completed,Compra duplicada,36112.59,2022-09-28 15:27:43,2022-09-28 15:27:43
875,RT-000875,49113,727,4,completed,Item não corresponde à descrição,2651.68,2024-06-04 14:14:49,2024-06-04 14:14:49
876,RT-000876,11249,1025,6,completed,Produto avariado no transporte,496.50,2023-09-14 20:31:59,2023-09-14 20:31:59
877,RT-000877,23343,694,1,completed,Produto com defeito de fábrica,4541.40,2021-08-21 14:05:12,2021-08-21 14:05:12
878,RT-000878,18703,408,3,completed,Produto com defeito de fábrica,1744.87,2023-02-20 07:26:53,2023-02-20 07:26:53
879,RT-000879,12298,523,3,completed,Item não corresponde à descrição,0.00,2024-08-22 19:21:39,2024-08-22 19:21:39
880,RT-000880,20938,1229,2,completed,Tamanho/cor incorretos,9650.96,2024-06-03 17:21:37,2024-06-03 17:21:37
881,RT-000881,13008,1568,3,completed,Item não corresponde à descrição,2297.62,2022-03-09 23:47:53,2022-03-09 23:47:53
882,RT-000882,28677,1543,3,completed,Compra duplicada,1561.84,2025-11-16 08:16:26,2025-11-16 08:16:26
883,RT-000883,43854,1551,6,cancelled,Cliente desistiu da compra,0.00,2025-07-14 15:37:06,2025-07-14 15:37:06
884,RT-000884,22866,296,6,open,Produto avariado no transporte,12658.86,2026-02-27 00:30:17,2026-02-27 00:30:17
885,RT-000885,19161,25,2,completed,Item não corresponde à descrição,16903.04,2024-10-13 14:35:05,2024-10-13 14:35:05
886,RT-000886,24893,68,1,completed, Tamanho/cor incorretos,283.33,2025-04-02 11:03:42,2025-04-02 11:03:42
887,RT-000887,2877,971,6,completed,Tamanho/cor incorretos,0.00,2025-10-19 21:40:24,2025-10-19 21:40:24
888,RT-000888,1413,1584,4,completed,Compra duplicada,720.71,2026-05-30 09:24:15,2026-05-30 09:24:15
889,RT-000889,47194,977,4,completed,Cliente desistiu da compra,2525.92,2026-03-03 22:36:33,2026-03-03 22:36:33
890,RT-000890,44332,176,5,completed,Cliente desistiu da compra,8281.23,2023-11-23 04:11:54,2023-11-23 04:11:54
891,RT-000891,44622,785,4,cancelled,Produto avariado no transporte,2985.90,2023-03-31 02:01:47,2023-03-31 02:01:47
892,RT-000892,22269,1319,1,completed,Cliente desistiu da compra,10073.16,2026-12-13 19:55:13,2026-12-13 19:55:13
893,RT-000893,49548,1180,3,completed,Cliente desistiu da compra,5700.85,2025-03-26 16:27:21,2025-03-26 16:27:21
894,RT-000894,31830,138,2,completed,Compra duplicada,1371.86,2023-12-09 22:06:54,2023-12-09 22:06:54
895,RT-000895,15531,304,1,completed,Tamanho/cor incorretos,0.00,2021-11-24 21:17:08,2021-11-24 21:17:08
896,RT-000896,39279,1869,4,cancelled,Produto com defeito de fábrica,3073.64,2024-01-29 00:55:32,2024-01-29 00:55:32
897,RT-000897,33781,1917,3,completed,Item não corresponde à descrição,1135.35,2020-04-28 09:38:33,2020-04-28 09:38:33
898,RT-000898,16652,452,5,completed,Tamanho/cor incorretos,7268.38,2024-11-01 02:12:56,2024-11-01 02:12:56
899,RT-000899,13682,892,2,completed,Produto avariado no transporte,15461.92,2022-03-05 15:48:48,2022-03-05 15:48:48
900,RT-000900,14289,247,6,completed,Compra duplicada,5958.40,2023-06-24 18:33:13,2023-06-24 18:33:13
901,RT-000901,26275,1651,2,completed,Item não corresponde à descrição,2875.18,2020-11-21 03:13:51,2020-11-21 03:13:51
902,RT-000902,48494,1837,1,cancelled,Produto com defeito de fábrica,1485.16,2026-06-17 03:38:35,2026-06-17 03:38:35
903,RT-000903,42188,1737,1,completed,Cliente desistiu da compra,19714.92,2024-09-14 16:04:46,2024-09-14 16:04:46
904,RT-000904,35056,624,6,completed,Produto avariado no transporte,951.05,2025-04-08 17:01:41,2025-04-08 17:01:41
906,RT-000906,19156,432,3,cancelled,Item não corresponde à descrição,5629.38,2025-10-09 00:22:58,2025-10-09 00:22:58
907,RT-000907,36568,245,6,completed,Compra duplicada,13875.12,2021-08-12 20:40:46,2021-08-12 20:40:46
908,RT-000908,2225,991,5,completed,Produto com defeito de fábrica,0.00,2024-10-26 11:09:41,2024-10-26 11:09:41
909,RT-000909,22092,1349,1,completed,Item não corresponde à descrição,0.00,2026-04-12 05:09:17,2026-04-12 05:09:17
910,RT-000910,31137,954,4,completed,Compra duplicada,4804.46,2021-12-18 05:31:35,2021-12-18 05:31:35
911,RT-000911,28309,1614,3,cancelled,Produto avariado no transporte,3627.25,2025-10-02 01:54:58,2025-10-02 01:54:58
912,RT-000912,1262,1913,2,completed,Compra duplicada,14212.41,2026-04-18 22:27:29,2026-04-18 22:27:29
913,RT-000913,46842,838,3,completed,Produto com defeito de fábrica,4582.00,2025-05-18 19:40:15,2025-05-18 19:40:15
914,RT-000914,21128,1512,4,completed,Cliente desistiu da compra,277.89,2025-12-08 23:21:18,2025-12-08 23:21:18
915,RT-000915,22044,585,3,completed,Item não corresponde à descrição,4501.82,2026-08-13 08:03:53,2026-08-13 08:03:53
916,RT-000916,27467,479,4,completed,Produto com defeito de fábrica,0.00,2021-01-21 14:38:04,2021-01-21 14:38:04
917,RT-000917,24750,148,2,open,Tamanho/cor incorretos,1179.74,2025-08-28 20:33:39,2025-08-28 20:33:39
918,RT-000918,17993,141,4,completed,Tamanho/cor incorretos,4708.20,2025-02-07 09:41:39,2025-02-07 09:41:39
919,RT-000919,7470,335,2,completed,Item não corresponde à descrição,1927.56,2025-02-05 06:16:42,2025-02-05 06:16:42
920,RT-000920,48836,49,4,completed,Tamanho/cor incorretos,3910.52,2025-12-14 18:05:32,2025-12-14 18:05:32
921,RT-000921,23615,1679,4,completed,Cliente desistiu da compra,16414.79,2025-11-01 16:43:21,2025-11-01 16:43:21
922,RT-000922,5372,1703,6,completed,Compra duplicada,964.88,2022-03-14 03:21:13,2022-03-14 03:21:13
923,RT-000923,21301,1266,2,completed,Produto avariado no transporte,13133.67,2024-06-22 19:24:57,2024-06-22 19:24:57
924,RT-000924,36313,1948,2,completed,Compra duplicada,1036.00,2023-04-05 12:45:31,2023-04-05 12:45:31
925,RT-000925,8374,1631,2,completed,Item não corresponde à descriçãoo,16672.15,2023-04-27 13:17:44,2023-04-27 13:17:44
926,RT-000926,33716,748,1,completed,Produto variado no transporte,0.00,2020-03-24 12:32:51,2020-03-24 12:32:51
927,RT-000927,12626,1464,3,completed,Item não corresponde à descrição,0.00,2026-05-07 00:49:04,2026-05-07 00:49:04
928,RT-000928,47791,1554,5,completed,Item não corresponde à descrição,7222.05,2020-05-29 05:09:47,2020-05-29 05:09:47
929,RT-000929,26399,1230,4,completed,Item não corresponde à descrição,2871.92,2025-09-29 01:09:15,2025-09-29 01:09:15
930,RT-000930,21046,1869,5,completed,Produto avariado no transporte,26730.36,2026-12-29 13:41:57,2026-12-29 13:41:57
931,RT-000931,12628,921,4,cancelled,Item não corresponde à descrição,9931.18,2027-01-23 00:34:18,2027-01-23 00:34:18
932,RT-000932,4990,1872,2,cancelled,Cliente desistiu da compra,0.00,2025-11-23 14:33:14,2025-11-23 14:33:14
933,RT-000933,107,219,4,completed,Produto com  defeito de fábrica,4775.62,2027-01-16 22:22:59,2027-01-16 22:22:59
934,RT-000934,25485,1124,3,completed,Tamanho/cor incorretos,3533.76,2026-03-20 09:07:52,2026-03-20 09:07:52
935,RT-000935,26529,408,4,completed,Compra duplicada,1235.80,2026-11-02 07:51:17,2026-11-02 07:51:17
936,RT-000936,881,1266,5,completed,Cliente desistiu da compra,0.00,2021-10-21 03:33:03,2021-10-21 03:33:03
937,RT-000937,5934,1819,1,completed,Produto com defeito de fábrica,1476.72,2026-03-03 07:55:18,2026-03-03 07:55:18
938,RT-000938,21471,244,1,completed,Cliente desistiu da compra,0.00,2025-12-17 10:03:54,2025-12-17 10:03:54
939,RT-000939,6748,129,6,completed,Tamanho/cor incorretos,7182.76,2022-12-31 11:35:25,2022-12-31 11:35:25
940,RT-000940,17317,1811,5,completed,Item não corresponde à descrição,1350.67,2026-01-24 19:23:51,2026-01-24 19:23:51
941,RT-000941,41434,782,2,completed,Compra duplicada,711.87,2026-12-08 13:19:26,2026-12-08 13:19:26
942,RT-000942,19866,1082,2,completed,Tamanho/cor incorretos,8231.16,2024-11-26 00:49:34,2024-11-26 00:49:34
943,RT-000943,21217,73,1,completed,Tamanho/cor incorretos,8918.91,2025-12-15 01:32:31,2025-12-15 01:32:31
944,RT-000944,3443,1881,3,completed,Compra duplicada,2540.41,2025-08-26 22:35:21,2025-08-26 22:35:21
945,RT-000945,19485,501,1,open,Cliente desistiu da compra,39249.92,2024-05-31 10:11:25,2024-05-31 10:11:25
946,RT-000946,8641,1683,4,completed,Produto avariado no transporte,12787.40,2023-03-26 19:29:43,2023-03-26 19:29:43
947,RT-000947,15826,781,4,completed,Item não corresponde à descrição,6358.76,2026-10-07 02:29:06,2026-10-07 02:29:06
948,RT-000948,17690,810,4,completed,Produto avariado no transporte,3513.40,2022-09-19 18:07:44,2022-09-19 18:07:44
949,RT-000949,14937,226,2,completed,Produto avariado no transporte,2776.28,2027-01-09 14:52:13,2027-01-09 14:52:13
950,RT-000950,1965,1921,5,completed,Tamanho/cor incorretos,2222.02,2026-02-23 01:46:24,2026-02-23 01:46:24
951,RT-000951,11027,1702,6,cancelled,Produto avariado no transporte,1696.35,2024-06-18 21:30:38,2024-06-18 21:30:38
952,RT-000952,37578,744,3,cancelled,Produto avariado no transporte,1561.84,2026-08-28 17:03:50,2026-08-28 17:03:50
953,RT-000953,22514,1188,6,open,Compra duplicada,12999.22,2023-11-29 11:00:22,2023-11-29 11:00:22
954,RT-000954,8385,958,6,completed,Compra duplicada,6398.04,2025-01-20 11:25:51,2025-01-20 11:25:51
955,RT-000955,40913,131,5,completed,Cliente desistiu da compra,0.00,2025-01-27 06:07:03,2025-01-27 06:07:03
956,RT-000956,46037,1097,1,completed,Cliente desistiu da compra,0.00,2024-12-29 11:00:40,2024-12-29 11:00:40
957,RT-000957,46491,774,5,completed,Produto com defeito de fábrica,3157.67,2022-12-04 17:06:06,2022-12-04 17:06:06
958,RT-000958,36044,1002,4,completed,Tamanho/cor incorretos,13481.85,2025-02-21 11:47:12,2025-02-21 11:47:12
959,RT-000959,47526,1080,4,completed,Produto com defeito de fábrica,0.00,2024-04-11 15:36:58,2024-04-11 15:36:58
960,RT-000960,15408,949,3,completed,Produto avariado no transporte,151.29,2024-05-27 15:20:48,2024-05-27 15:20:48
961,RT-000961,4726,600,6,completed,Produto com defeito de fábrica,1371.04,2024-06-18 11:37:16,2024-06-18 11:37:16
962,RT-000962,14576,786,4,completed,Produto com defeito de fábrica,27170.17,2026-12-05 00:09:50,2026-12-05 00:09:50
963,RT-000963,7618,309,4,cancelled,Tamanho/cor incorretos,1260.21,2020-03-17 19:43:00,2020-03-17 19:43:00
964,RT-000964,6141,1845,3,completed,Produto com defeito de fábrica,4880.46,2022-08-13 18:30:40,2022-08-13 18:30:40
965,RT-000965,12727,1926,4,completed,Tamanho/cor incorretos,1408.72,2024-03-07 16:58:50,2024-03-07 16:58:50
966,RT-000966,6414,1092,5,completed,Produto avariado no transporte,2845.64,2020-09-27 10:42:20,2020-09-27 10:42:20
967,RT-000967,40358,88,4,open,Compra duplicada,7963.85,2024-12-12 20:00:07,2024-12-12 20:00:07
968,RT-000968,22531,733,1,open,Cliente desistiu da compra,0.00,2025-05-01 05:52:52,2025-05-01 05:52:52
969,RT-000969,37548,813,3,completed,Cliente desistiu da compra,1260.21,2022-02-11 23:25:32,2022-02-11 23:25:32
970,RT-000970,13149,1931,4,completed,Tamanho/cor incorretos,15748.83,2022-02-14 03:39:38,2022-02-14 03:39:38
971,RT-000971,44234,1422,4,completed,Cliente desistiu da compra,0.00,2026-08-13 11:27:48,2026-08-13 11:27:48
972,RT-000972,36130,817,6,completed,Item não corresponde à descrição,0.00,2022-05-20 21:53:45,2022-05-20 21:53:45
973,RT-000973,4523,1399,2,completed,Item não corresponde à descrição,7795.16,2025-05-25 12:15:35,2025-05-25 12:15:35
974,RT-000974,42587,1898,6,completed,Cliente desistiu da compra,12281.28,2021-12-12 14:37:15,2021-12-12 14:37:15
975,RT-000975,21061,1439,2,completed,Item não corresponde à descrição,2546.56,2022-01-16 07:13:11,2022-01-16 07:13:11
976,RT-000976,43763,1347,3,completed,Cliente desistiu da compra,7587.75,2020-03-09 21:07:33,2020-03-09 21:07:33
977,RT-000977,26074,1850,5,open,Compra duplicada,16761.90,2026-03-26 18:45:46,2026-03-26 18:45:46
978,RT-000978,45483,924,6,completed,Compra duplicada,3516.69,2022-09-13 08:49:50,2022-09-13 08:49:50
979,RT-000979,12263,1555,4,completed,Produto com defeito de fábrica,2535.80,2026-01-23 09:38:52,2026-01-23 09:38:52
980,RT-000980,27221,399,3,completed,Compra duplicada,3084.28,2020-06-05 01:35:04,2020-06-05 01:35:04
981,RT-000981,11302,945,1,completed,Item não corresponde à descrição,406.78,2025-02-06 06:32:01,2025-02-06 06:32:01
982,RT-000982,5746,1272,3,completed,Produto com defeito de fábrica,9637.12,2024-11-09 03:10:18,2024-11-09 03:10:18
983,RT-000983,16392,1425,3,completed,Produto avariado no transporte,11579.64,2022-04-10 20:22:37,2022-04-10 20:22:37
984,RT-000984,43118,1084,2,completed,Compra duplicada,1285.04,2020-02-24 14:55:23,2020-02-24 14:55:23
985,RT-000985,24109,405,4,cancelled,Produto com defeito de fábrica,1970.92,2022-10-17 18:09:36,2022-10-17 18:09:36
986,RT-000986,19984,1634,2,completed,Produto avariado no transporte,1178.62,2022-04-13 22:33:40,2022-04-13 22:33:40
987,RT-000987,19775,181,2,completed,Produto avariado no transporte,2620.26,2021-02-22 10:16:21,2021-02-22 10:16:21
988,RT-000988,17508,658,5,completed,Item não corresponde à descrição,6657.60,2025-07-01 00:41:20,2025-07-01 00:41:20
989,RT-000989,43726,1775,1,completed,Compra duplicada,1354.02,2023-02-13 11:19:08,2023-02-13 11:19:08
990,RT-000990,24493,831,2,completed,Tamanho/cor incorretos,3751.57,2025-02-21 13:49:59,2025-02-21 13:49:59
991,RT-000991,7410,1823,4,completed,Compra duplicada,2824.81,2021-05-27 18:20:09,2021-05-27 18:20:09
992,RT-000992,45568,939,6,completed,Compra duplicada,643.62,2022-04-25 20:37:34,2022-04-25 20:37:34
993,RT-000993,22918,914,3,open,Item não corresponde à descrição,2327.76,2026-01-23 13:39:21,2026-01-23 13:39:21
994,RT-000994,39612,1704,2,completed,Item não corresponde à descrição,5054.20,2020-02-02 17:21:31,2020-02-02 17:21:31
995,RT-000995,338,439,6,completed,Produto com defeito de fábrica,4815.54,2026-08-06 10:55:39,2026-08-06 10:55:39
997,RT-000997,49768,350,5,completed,,35214.07,2026-07-26 12:06:30,2026-07-26 12:06:30
998,RT-000998,46421,803,6,completed,Produto avariado no transporte,0.00,2021-03-27 06:47:49,2021-03-27 06:47:49
999,RT-000999,16545,1613,5,completed,Item não corresponde à descrição,3541.34,2020-01-31 00:21:46,2020-01-31 00:21:46
1000,RT-001000,1205,1777,4,completed,Item não corresponde à descrição,1711.49,2025-05-16 04:42:39,2025-05-16 04:42:39
