product_variant_id,location_id,quantity_on_hand,reorder_point,updated_at
1,1,1.000,,2026-12-25 03:59:07
1,2,1.000,,2026-12-16 23:19:00
1,3,1.000,,2026-12-04 06:26:43
1,4,1.000,,2026-10-14 11:17:26
1,5,1.000,,2026-12-15 23:40:27
1,6,15.330,,2026-11-08 15:19:58
2,1,1.000,,2026-11-08 02:27:02
2,2,1.000,,2026-11-13 01:13:10
2,3,1.000,,2026-04-23 23:20:34
2,4,1.000,,2026-12-12 00:56:43
2,5,1.000,,2026-04-30 18:08:27
2,6,1.000,,2026-11-11 20:44:14
3,1,1.000,,2026-11-05 23:25:00
3,2,1.000,,2026-04-17 08:26:59
3,3,1.000,,2026-12-15 07:01:43
3,4,1.000,,2026-12-16 09:02:21
3,5,1.000,,2026-10-12 17:34:54
3,6,1.000,,2026-12-30 22:59:02
4,1,1.000,,2026-09-09 21:56:22
4,2,1.000,,2026-11-18 03:33:41
4,3,1.000,,2026-08-12 21:11:32
4,4,1.000,,2026-11-08 20:41:38
4,5,1.000,,2026-08-22 02:27:41
4,6,1.000,,2026-08-11 04:40:29
5,1,1.000,,2026-10-27 04:18:32
5,2,1.000,,2026-12-22 07:51:42
5,3,1.000,,2026-07-16 09:49:11
5,4,1.000,,2026-12-05 14:39:12
5,5,1.000,,2026-12-29 20:40:49
5,6,1.000,,2026-12-23 02:44:47
6,1,1.000,,2026-06-30 21:42:17
6,2,1.000,,2026-10-04 08:49:12
6,3,1.000,,2026-12-13 10:20:28
6,4,1.000,,2026-11-23 16:23:35
6,5,1.000,,2026-12-14 06:56:29
6,6,1.000,,2026-12-14 01:23:20
7,1,1.000,,2026-11-27 17:54:34
7,2,1.000,,2026-12-09 03:35:03
7,3,1.000,,2026-10-24 06:12:52
7,4,1.000,,2026-11-15 16:56:14
7,5,2.000,,2026-06-30 17:22:00
7,6,1.000,,2026-08-17 10:58:20
8,1,1.000,,2026-01-28 09:22:06
8,2,1.000,,2026-11-09 02:22:17
8,3,1.000,,2026-10-01 12:18:04
8,4,1.000,,2026-12-05 09:48:14
8,5,1.000,,2026-12-31 06:24:32
8,6,1.000,,2026-11-07 05:37:28
9,1,1.000,,2026-10-13 21:22:12
9,2,1.000,,2026-11-10 08:34:31
9,3,1.000,,2026-03-21 21:09:38
9,4,1.000,,2026-12-26 01:28:48
9,5,1.000,,2026-12-04 07:11:54
9,6,1.000,,2026-12-08 15:42:49
10,1,1.000,,2026-08-24 14:16:21
10,2,1.000,,2026-12-27 21:57:04
10,3,1.000,,2026-10-31 14:51:55
10,4,1.000,,2026-12-31 08:29:14
10,5,1.000,,2026-11-23 11:25:48
10,6,1.000,,2026-12-15 04:50:32
11,1,1.000,,2026-08-16 09:53:41
11,2,1.000,,2026-05-09 20:57:08
11,3,1.000,,2026-10-11 16:58:30
11,4,1.000,,2026-12-26 16:22:28
11,5,1.000,,2026-12-28 01:23:08
11,6,1.000,,2026-12-05 13:02:06
12,1,1.000,,2026-12-02 11:43:46
12,2,1.000,,2026-11-09 14:55:40
12,3,1.000,,2026-12-21 06:16:33
12,4,1.000,,2026-12-04 17:54:35
12,5,2.000,,2026-08-18 17:54:20
12,6,1.000,,2026-02-14 07:46:04
13,1,1.000,,2026-12-02 22:25:21
13,2,1.000,,2026-03-19 11:23:53
13,3,1.000,,2026-10-31 04:23:15
13,4,1.000,,2026-02-16 07:47:06
13,5,1.000,,2026-12-28 09:49:58
13,6,1.000,,2026-12-11 19:11:15
14,1,1.000,,2026-11-14 04:39:13
14,2,1.000,,2026-12-02 04:42:09
14,3,1.000,,2026-04-16 19:11:02
14,4,1.000,,2026-12-31 20:18:10
14,5,1.000,,2026-08-18 18:04:26
14,6,1.000,,2026-11-10 09:35:02
15,1,1.000,,2026-12-08 23:31:58
15,2,1.000,,2026-04-15 09:04:40
15,3,1.000,,2026-11-24 08:06:54
15,4,1.000,,2026-05-25 08:54:19
15,5,1.000,,2026-10-27 01:36:05
15,6,1.000,,2026-11-17 16:14:21
16,1,1.000,,2026-11-21 13:03:33
16,2,1.000,,2026-12-18 19:35:34
16,3,1.000,,2026-11-27 20:51:35
16,4,1.000,,2026-11-17 00:04:54
16,5,1.000,,2026-09-06 14:20:25
16,6,1.000,,2026-12-19 18:22:44
17,1,1.000,,2026-12-23 01:37:54
17,2,1.000,,2026-08-11 21:07:02
17,3,1.000,,2026-01-26 11:39:32
17,4,1.000,,2026-12-18 15:55:42
17,5,0.280,,2026-12-31 18:51:57
17,6,1.000,,2026-10-30 10:25:18
18,1,1.000,,2026-11-30 07:52:55
18,2,1.000,,2026-07-13 11:22:56
18,3,1.000,,2026-10-31 14:51:55
18,4,1.000,,2026-11-19 10:45:32
18,5,1.000,,2026-06-05 21:13:28
18,6,1.000,,2026-12-19 08:43:33
19,1,1.000,,2026-10-21 21:04:11
19,2,1.000,,2026-11-01 07:20:55
19,3,51.000,,2026-12-03 11:58:19
19,4,1.000,,2026-11-17 12:30:59
19,5,1.000,,2026-12-22 10:30:10
19,6,1.000,,2026-04-14 01:08:37
20,1,1.000,,2026-12-11 03:40:09
20,2,1.000,,2026-11-18 17:58:30
20,3,1.000,,2026-09-12 21:23:10
20,4,1.000,,2026-12-04 16:17:59
20,5,1.000,,2026-12-17 16:48:49
20,6,1.000,,2026-12-20 07:43:36
21,1,1.000,,2026-09-23 22:26:48
21,2,1.000,,2026-12-26 23:23:09
21,3,1.000,,2026-06-14 19:03:25
21,4,1.000,,2026-12-10 05:05:10
21,5,1.000,,2025-04-27 03:15:19
21,6,1.000,,2026-11-09 16:13:45
22,1,1.000,,2026-09-15 02:13:47
22,2,1.000,,2026-10-18 19:46:06
22,3,0.470,,2026-10-30 05:31:20
22,4,1.000,,2027-01-22 05:55:28
22,5,1.000,,2026-10-23 01:54:08
22,6,22.000,,2026-12-25 05:55:28
23,1,1.000,,2026-11-23 07:50:46
23,2,1.000,,2026-02-15 13:17:48
23,3,1.000,,2026-12-18 14:11:28
23,4,1.000,,2026-12-04 13:57:55
23,5,1.000,,2026-05-11 20:28:11
23,6,1.000,,2026-04-30 22:24:50
24,1,1.000,,2026-11-21 14:16:50
24,2,1.000,,2026-12-06 09:01:47
24,3,1.000,,2026-12-21 12:28:06
24,4,1.000,,2026-02-05 15:05:34
24,5,1.000,,2026-10-12 23:01:04
24,6,1.000,,2026-01-12 09:11:28
25,1,1.000,,2026-11-23 07:25:15
25,2,1.000,,2026-12-02 09:56:02
25,3,1.000,,2026-06-11 12:53:38
25,4,1.000,,2026-12-31 08:21:07
25,5,1.000,,2026-12-14 00:34:02
25,6,1.000,,2026-03-23 10:31:30
26,1,1.000,,2026-11-04 09:45:33
26,2,1.000,,2026-01-02 13:49:58
26,3,1.000,,2026-11-22 17:04:20
26,4,1.000,,2026-05-25 08:54:19
26,5,1.000,,2026-09-22 02:22:10
26,6,1.000,,2026-10-17 07:47:36
27,1,1.000,,2026-06-25 22:12:21
27,2,1.000,,2026-10-20 21:43:41
27,3,1.000,,2026-10-27 05:08:48
27,4,1.000,,2026-12-07 13:23:58
27,5,1.000,,2026-11-07 11:54:06
27,6,1.000,,2026-10-31 06:01:36
28,1,1.000,,2026-09-07 08:25:03
28,2,1.000,,2026-08-26 07:09:52
28,3,8.000,,2025-01-27 15:54:13
28,4,1.000,,2026-12-13 13:56:49
28,5,1.000,,2026-11-26 22:57:40
28,6,1.000,,2026-12-02 21:28:37
29,1,1.000,,2026-12-07 14:42:20
29,2,1.000,,2026-12-27 01:38:02
29,3,1.000,,2026-12-18 07:56:19
29,4,1.000,,2026-11-17 00:04:54
29,5,1.000,,2026-12-19 02:51:33
29,6,1.000,,2026-12-23 19:56:06
30,1,1.000,,2026-12-02 19:27:42
30,2,1.000,,2026-10-11 07:48:15
30,3,1.000,,2026-10-24 00:44:08
30,4,1.000,,2026-12-17 02:30:11
30,5,1.000,,2026-04-06 20:53:06
30,6,1.000,,2026-09-13 04:36:25
31,1,1.000,,2026-12-11 15:27:01
31,2,1.000,,2027-01-06 03:40:17
31,3,1.000,,2026-12-09 20:07:39
31,4,1.000,,2026-12-12 01:29:42
31,5,1.000,,2026-11-12 07:28:15
31,6,1.000,,2026-12-21 03:40:17
32,1,1.000,,2026-08-14 06:38:43
32,2,1.000,,2026-10-01 20:38:47
32,3,1.000,,2026-05-17 08:28:50
32,4,1.000,,2026-12-31 20:18:10
32,5,1.000,,2026-05-01 22:23:44
32,6,1.000,,2026-12-05 14:35:50
33,1,1.000,,2026-12-31 03:51:27
33,2,1.000,,2026-12-19 10:15:39
33,3,1.000,,2026-11-12 08:45:08
33,4,1.000,,2026-12-28 00:55:28
33,5,1.000,,2026-12-15 23:40:27
33,6,1.000,,2026-10-06 14:06:49
34,1,1.000,,2026-12-30 08:06:16
34,2,1.000,,2026-11-01 18:28:41
34,3,1.000,,2026-10-25 03:24:12
34,4,1.000,,2026-10-17 04:47:10
34,5,1.000,,2026-11-24 10:04:43
34,6,1.000,,2026-09-23 15:29:29
35,1,1.000,,2026-09-18 22:13:52
35,2,1.000,,2026-11-19 17:58:58
35,3,1.000,,2026-12-02 00:54:03
35,4,1.000,,2026-04-16 10:40:57
35,5,1.000,,2026-11-01 02:59:19
35,6,1.000,,2026-11-18 11:20:37
36,1,1.000,,2026-11-12 00:53:12
36,2,1.000,,2026-12-26 23:23:09
36,3,4.000,,2026-04-12 11:17:55
36,4,1.000,,2026-12-09 23:30:03
36,5,1.000,,2026-12-22 06:30:40
36,6,1.000,,2026-10-10 16:05:52
37,1,12.380,,2026-11-14 12:00:08
37,2,1.000,,2026-11-05 20:22:13
37,3,1.000,,2026-12-17 21:42:05
37,4,1.000,,2026-06-04 06:30:37
37,5,1.000,,2026-12-10 21:52:30
37,6,1.000,,2026-11-02 21:17:09
38,1,1.000,,2026-11-28 23:43:18
38,2,3.770,,2026-10-22 03:39:34
38,3,1.000,,2026-11-21 16:36:04
38,4,1.000,,2026-12-31 01:30:07
38,5,1.000,,2026-12-23 05:53:01
38,6,1.000,,2026-10-03 14:47:41
39,1,1.000,,2026-10-19 13:43:36
39,2,1.000,,2026-11-10 14:39:23
39,3,1.000,,2026-09-22 22:51:18
39,4,1.000,,2026-11-27 17:41:24
39,5,1.000,,2026-08-28 08:52:22
39,6,1.000,,2026-02-12 06:06:04
40,1,1.000,,2026-11-26 00:43:50
40,2,1.000,,2026-07-04 12:15:53
40,3,1.000,,2027-01-06 07:47:17
40,4,1.000,,2026-05-05 01:15:38
40,5,1.000,,2026-12-23 05:53:01
40,6,1.000,,2026-12-19 06:14:26
41,1,1.000,,2026-12-15 23:06:15
41,2,1.000,,2026-07-20 20:58:05
41,3,1.000,,2026-01-17 10:03:55
41,4,1.000,,2026-11-01 20:20:26
41,5,1.000,,2026-10-09 19:51:38
41,6,1.000,,2026-09-16 01:03:12
42,1,1.000,,2026-12-31 03:51:27
42,2,1.000,,2026-03-11 14:02:11
42,3,1.000,,2026-11-17 09:46:07
42,4,1.000,,2026-11-30 03:08:18
42,5,1.000,,2026-08-21 13:08:01
42,6,1.000,,2026-11-28 01:48:59
43,1,1.000,,2026-06-11 05:20:28
43,2,1.000,,2026-11-20 05:11:57
43,3,1.000,,2026-08-01 02:57:20
43,4,1.000,,2026-12-13 13:56:49
43,5,1.000,,2026-12-05 12:16:31
43,6,1.000,,2026-12-22 11:11:30
44,1,1.000,,2026-10-06 19:49:39
44,2,1.000,,2026-07-25 07:04:57
44,3,1.000,,2026-04-08 15:06:09
44,4,1.000,,2026-12-01 03:06:23
44,5,1.000,,2026-08-15 17:42:16
44,6,1.000,,2026-12-19 12:57:28
45,1,1.000,,2026-10-15 00:42:33
45,2,1.000,,2026-12-25 10:25:25
45,3,1.000,,2026-12-20 03:36:36
45,4,1.000,,2026-12-13 13:56:49
45,5,1.000,,2026-10-16 23:34:29
45,6,1.000,,2026-11-16 00:01:26
46,1,1.000,,2026-06-06 17:36:14
46,2,1.000,,2026-12-06 23:51:21
46,3,1.000,,2026-11-29 18:16:45
46,4,20.000,,2026-11-07 18:19:33
46,5,1.000,,2026-12-28 13:11:18
46,6,1.000,,2026-09-03 10:05:59
47,1,1.000,,2026-04-06 17:24:21
47,2,1.000,,2026-11-01 01:04:37
47,3,1.000,,2026-12-04 08:21:15
47,4,1.000,,2026-07-27 20:14:18
47,5,1.000,,2026-11-30 23:07:06
47,6,1.000,,2026-12-09 00:15:06
48,1,1.000,,2026-12-30 17:52:14
48,2,1.000,,2026-10-11 22:59:35
48,3,1.000,,2026-12-21 06:16:33
48,4,1.000,,2026-12-15 10:17:59
48,5,1.000,,2026-11-20 13:10:43
48,6,1.000,,2026-09-28 16:34:25
49,1,1.000,,2026-12-28 00:47:52
49,2,1.000,,2026-12-09 12:03:48
49,3,1.000,,2026-02-15 11:55:11
49,4,1.000,,2026-12-12 13:30:31
49,5,1.000,,2026-09-03 02:29:06
49,6,1.000,,2026-10-23 21:43:51
50,1,1.000,,2026-09-22 13:46:05
50,2,1.000,,2026-11-23 04:06:54
50,3,1.000,,2026-12-18 14:59:54
50,4,1.000,,2026-11-28 11:18:17
50,5,1.000,,2026-10-15 12:34:36
50,6,1.000,,2026-10-07 17:58:49
51,1,1.000,,2026-11-03 22:02:49
51,2,1.000,,2026-12-18 06:50:26
51,3,1.000,,2026-11-09 06:38:11
51,4,1.000,,2026-12-03 20:04:02
51,5,1.000,,2026-09-08 20:26:19
51,6,1.000,,2026-12-11 21:02:57
52,1,1.000,,2026-12-20 07:21:47
52,2,1.000,,2026-11-12 22:29:59
52,3,1.000,,2026-12-03 05:41:00
52,4,1.000,,2026-08-13 12:56:23
52,5,1.000,,2026-12-22 10:30:10
52,6,1.000,,2026-03-16 11:07:42
53,1,1.000,,2026-10-24 20:18:29
53,2,1.000,,2026-05-23 22:05:40
53,3,1.000,,2026-11-20 08:11:07
53,4,29.000,,2026-10-13 06:57:57
53,5,1.000,,2026-12-17 16:48:49
53,6,1.000,,2026-12-23 02:44:47
54,1,1.000,,2026-11-04 11:26:01
54,2,1.000,,2026-11-27 21:31:31
54,3,1.000,,2026-11-25 14:41:21
54,4,1.000,,2026-11-30 07:42:45
54,5,1.000,,2026-09-29 14:02:56
54,6,1.000,,2026-04-30 18:02:18
55,1,1.000,,2026-12-05 14:39:01
55,2,1.000,,2026-11-11 07:22:43
55,3,1.000,,2026-12-02 02:45:16
55,4,1.000,,2026-12-12 01:29:42
55,5,1.000,,2026-10-03 10:54:22
55,6,1.000,,2026-11-13 16:30:20
56,1,1.000,,2026-11-09 03:59:35
56,2,1.000,,2026-12-18 23:53:27
56,3,1.000,,2026-04-30 03:56:58
56,4,1.000,,2026-12-13 23:07:26
56,5,1.000,,2026-12-11 05:22:24
56,6,1.000,,2026-09-07 06:58:16
57,1,1.000,,2026-12-19 22:22:59
57,2,1.000,,2026-03-24 16:46:47
57,3,1.000,,2026-07-26 15:20:04
57,4,1.000,,2026-05-11 05:49:53
57,5,1.000,,2026-09-29 01:19:26
57,6,1.000,,2026-04-18 20:58:33
58,1,1.000,,2026-11-20 12:06:57
58,2,1.000,,2026-12-25 00:34:18
58,3,1.000,,2026-12-16 18:44:18
58,4,1.000,,2026-11-12 02:35:35
58,5,1.000,,2026-12-14 06:56:29
58,6,1.000,,2026-11-10 05:34:16
59,1,1.000,,2026-12-17 06:48:18
59,2,1.000,,2026-12-28 22:54:54
59,3,1.000,,2025-11-09 11:41:26
59,4,5.000,,2026-03-27 08:51:44
59,5,1.000,,2026-11-15 05:59:23
59,6,1.000,,2026-03-15 10:07:21
60,1,1.000,,2026-12-25 00:01:10
60,2,1.000,,2026-12-13 00:05:38
60,3,1.000,,2026-11-29 18:16:45
60,4,1.000,,2026-12-31 17:49:21
60,5,1.000,,2026-06-22 23:27:32
60,6,1.000,,2026-12-28 14:33:39
61,1,1.000,,2026-12-20 06:00:20
61,2,1.000,,2026-07-08 03:51:33
61,3,1.000,,2026-06-11 16:04:11
61,4,1.000,,2026-07-29 07:52:46
61,5,1.000,,2026-12-07 15:07:48
61,6,1.000,,2026-12-11 16:47:46
62,1,1.000,,2026-08-10 18:45:49
62,2,1.000,,2026-11-09 14:55:40
62,3,1.000,,2026-11-29 15:21:28
62,4,1.000,,2026-10-31 04:56:15
62,5,1.000,,2026-11-23 21:23:14
62,6,1.000,,2026-11-30 21:49:40
63,1,1.000,,2026-11-15 15:40:57
63,2,1.000,,2026-11-15 06:34:39
63,3,1.000,,2026-09-10 07:10:09
63,4,1.000,,2026-12-16 16:43:48
63,5,1.000,,2026-07-28 15:54:48
63,6,1.000,,2026-12-23 15:04:15
64,1,1.000,,2026-12-10 23:50:23
64,2,1.000,,2026-11-21 20:43:29
64,3,1.000,,2026-12-16 18:44:18
64,4,1.000,,2026-11-20 18:26:26
64,5,1.000,,2026-12-31 13:17:02
64,6,1.000,,2026-11-06 18:21:58
65,1,1.000,,2026-11-23 07:50:46
65,2,1.000,,2026-04-09 17:10:23
65,3,1.000,,2026-06-04 05:47:55
65,4,1.000,,2026-12-29 17:42:36
65,5,1.000,,2026-11-18 18:15:44
65,6,1.000,,2026-10-02 01:56:49
66,1,1.000,,2026-08-14 14:28:58
66,2,1.000,,2026-12-26 06:41:46
66,3,1.000,,2026-10-08 14:07:20
66,4,1.000,,2026-10-13 18:43:27
66,5,39.000,,2026-11-09 20:17:43
66,6,1.000,,2026-10-11 19:00:46
67,1,1.000,,2026-09-26 20:41:34
67,2,1.000,,2026-12-31 10:31:49
67,3,27.840,,2026-12-22 02:24:21
67,4,1.000,,2025-12-08 21:31:54
67,5,1.000,,2026-09-14 15:43:04
67,6,1.000,,2026-12-12 14:07:49
68,1,1.000,,2026-01-30 23:30:24
68,2,1.000,,2026-10-21 07:35:11
68,3,1.000,,2026-11-26 01:46:05
68,4,1.000,,2026-10-03 22:03:24
68,5,1.000,,2026-03-05 06:35:42
68,6,1.000,,2026-12-17 23:35:14
69,1,1.000,,2026-12-19 22:22:59
69,2,1.000,,2026-11-23 09:25:57
69,3,1.000,,2026-12-22 14:38:34
69,4,1.000,,2027-01-16 22:22:59
69,5,1.000,,2026-09-25 08:54:31
69,6,1.000,,2026-08-02 09:39:14
70,1,1.000,,2026-11-06 00:53:10
70,2,1.000,,2026-02-07 17:25:48
70,3,1.000,,2026-09-27 02:06:54
70,4,1.000,,2026-11-21 15:26:41
70,5,1.000,,2026-12-13 08:42:26
70,6,1.000,,2026-11-08 20:00:50
71,1,1.000,,2026-11-03 22:02:49
71,2,1.000,,2026-12-03 23:31:53
71,3,1.000,,2026-12-01 02:19:09
71,4,1.000,,2026-11-22 11:39:07
71,5,1.000,,2026-10-27 14:15:09
71,6,1.000,,2026-12-04 11:04:59
72,1,1.000,,2026-11-27 22:23:28
72,2,1.000,,2026-12-20 19:11:05
72,3,11.000,,2026-10-16 14:53:41
72,4,1.000,,2026-12-23 15:12:35
72,5,1.000,,2026-12-16 14:03:15
72,6,1.000,,2026-10-19 20:21:39
73,1,1.000,,2026-12-03 14:41:33
73,2,1.000,,2026-09-17 02:44:25
73,3,1.000,,2026-12-22 15:27:02
73,4,1.000,,2026-06-12 09:00:44
73,5,1.000,,2026-05-15 02:55:22
73,6,1.000,,2026-10-11 19:00:46
74,1,1.000,,2026-02-06 21:23:37
74,2,1.000,,2026-12-18 19:35:34
74,3,1.000,,2026-12-24 08:45:09
74,4,1.000,,2026-12-30 01:34:32
74,5,1.000,,2026-12-19 02:51:33
74,6,1.000,,2026-12-29 12:26:18
75,1,1.000,,2026-10-03 00:55:06
75,2,1.000,,2026-03-23 05:59:39
75,3,1.000,,2026-10-28 06:24:28
75,4,1.000,,2026-12-07 05:57:47
75,5,1.000,,2026-12-22 11:59:54
75,6,1.000,,2026-11-25 17:02:10
76,1,1.000,,2026-10-26 03:13:49
76,2,1.000,,2026-10-18 19:46:06
76,3,1.000,,2026-12-03 11:10:27
76,4,1.000,,2026-10-27 21:24:48
76,5,1.000,,2026-12-11 07:41:07
76,6,1.000,,2026-12-12 14:07:49
77,1,1.000,,2026-10-05 06:38:21
77,2,1.000,,2026-05-17 11:01:07
77,3,1.000,,2026-11-07 12:00:55
77,4,1.000,,2026-11-27 15:31:51
77,5,1.000,,2026-11-13 11:51:03
77,6,1.000,,2026-12-18 01:00:27
78,1,1.000,,2026-06-29 19:28:09
78,2,1.000,,2026-12-18 06:30:08
78,3,1.000,,2026-10-05 08:51:28
78,4,1.000,,2026-08-29 09:42:52
78,5,1.000,,2026-12-30 06:35:23
78,6,1.000,,2026-11-05 05:03:13
79,1,1.000,,2026-04-11 00:26:35
79,2,1.000,,2026-01-22 01:14:15
79,3,1.000,,2026-11-06 05:47:12
79,4,1.000,,2026-12-26 18:41:12
79,5,1.000,,2026-12-22 01:57:27
79,6,0.000,,2026-12-08 01:20:28
80,1,1.000,,2026-12-12 03:51:30
80,2,1.000,,2026-12-27 06:09:11
80,3,1.000,,2026-03-13 00:06:17
80,4,4.000,,2026-12-29 03:09:52
80,5,1.000,,2026-12-23 11:03:49
80,6,1.000,,2026-12-23 22:34:13
81,1,1.000,,2026-12-27 02:01:54
81,2,1.000,,2026-12-24 03:43:19
81,3,1.000,,2026-12-05 07:23:42
81,4,1.000,,2026-08-29 11:23:25
81,5,1.000,,2026-10-07 07:28:12
81,6,1.000,,2026-12-09 14:55:09
82,1,1.000,,2026-11-23 07:25:15
82,2,1.000,,2027-01-21 19:14:04
82,3,1.000,,2026-09-20 22:32:40
82,4,1.000,,2026-11-09 22:35:52
82,5,1.000,,2026-11-29 16:32:14
82,6,1.000,,2026-12-17 05:55:32
83,1,1.000,,2026-10-15 11:57:44
83,2,1.000,,2026-11-27 12:30:25
83,3,1.000,,2026-09-12 21:23:10
83,4,1.000,,2026-10-26 19:25:00
83,5,1.000,,2026-03-31 14:36:17
83,6,1.000,,2026-12-18 22:38:30
84,1,1.000,,2026-03-03 02:14:46
84,2,1.000,,2026-12-30 15:49:28
84,3,1.000,,2026-12-19 23:13:03
84,4,1.000,,2026-12-23 15:12:35
84,5,1.000,,2026-11-01 01:29:31
84,6,1.000,,2026-12-21 22:14:40
85,1,1.000,,2026-12-09 02:10:24
85,2,1.000,,2026-03-16 10:36:02
85,3,1.000,,2026-12-08 17:00:19
85,4,1.000,,2026-08-23 12:52:31
85,5,1.000,,2026-12-26 06:26:28
85,6,1.000,,2026-12-02 18:14:50
86,1,1.000,,2026-12-07 02:41:21
86,2,1.000,,2026-01-23 10:20:33
86,3,1.000,,2026-12-21 14:49:50
86,4,1.000,,2026-12-29 03:07:41
86,5,1.000,,2026-12-04 18:26:36
86,6,1.000,,2026-11-01 00:18:40
87,1,1.000,,2026-05-19 06:38:47
87,2,1.000,,2026-12-14 22:56:08
87,3,1.000,,2026-11-01 20:12:14
87,4,1.000,,2026-12-05 23:56:43
87,5,1.000,,2026-12-11 11:45:13
87,6,1.000,,2026-10-31 06:01:36
88,1,1.000,,2026-11-16 09:48:44
88,2,1.000,,2026-05-06 12:27:54
88,3,1.000,,2025-11-27 06:39:10
88,4,1.000,,2026-03-04 22:03:08
88,5,1.000,,2026-11-28 04:32:08
88,6,1.000,,2026-04-15 06:46:43
89,1,1.000,,2026-02-10 01:44:22
89,2,1.000,,2026-10-05 15:39:24
89,3,1.000,,2026-11-19 09:15:16
89,4,1.000,,2026-08-17 08:47:02
89,5,1.000,,2026-12-14 23:31:23
89,6,1.000,,2026-12-01 15:16:23
90,1,1.000,,2026-10-08 12:47:19
90,2,1.000,,2026-01-22 02:15:09
90,3,1.000,,2026-05-28 23:41:28
90,4,1.000,,2026-12-18 07:36:19
90,5,1.000,,2026-12-05 18:33:33
90,6,1.000,,2026-12-26 14:31:56
91,1,1.000,,2026-11-07 05:47:56
91,2,1.000,,2026-12-22 17:14:54
91,3,1.000,,2026-11-12 15:09:46
91,4,1.000,,2026-12-30 01:34:32
91,5,1.000,,2026-12-26 13:14:19
91,6,1.000,,2026-10-17 07:47:36
92,1,1.000,,2026-10-10 17:53:15
92,2,1.000,,2026-12-03 23:31:53
92,3,1.000,,2026-12-19 20:03:37
92,4,1.000,,2026-12-29 17:42:36
92,5,1.000,,2026-11-27 11:48:37
92,6,1.000,,2026-09-22 22:35:24
93,1,1.000,,2026-11-14 04:39:13
93,2,1.000,,2026-10-07 17:30:16
93,3,1.000,,2026-12-29 01:45:40
93,4,1.000,,2026-09-04 06:02:20
93,5,1.000,,2026-12-07 14:09:27
93,6,1.000,,2026-11-08 07:29:05
94,1,1.000,,2026-12-04 14:52:35
94,2,1.000,,2026-12-27 16:50:31
94,3,1.000,,2026-12-17 17:43:18
94,4,15.080,,2027-01-04 23:02:28
94,5,1.000,,2026-12-05 20:28:31
94,6,1.000,,2026-10-02 23:54:09
95,1,1.000,,2026-12-06 14:29:41
95,2,1.000,,2026-11-26 11:03:00
95,3,1.000,,2026-12-06 10:02:36
95,4,1.000,,2026-06-29 06:44:34
95,5,1.000,,2026-12-03 03:52:30
95,6,1.000,,2026-01-20 18:42:16
96,1,1.000,,2026-12-27 02:08:54
96,2,1.000,,2026-05-25 09:07:25
96,3,1.000,,2026-11-19 16:59:02
96,4,1.000,,2026-12-21 11:07:56
96,5,1.000,,2026-03-01 00:01:00
96,6,1.000,,2026-09-14 02:49:52
97,1,1.000,,2026-12-31 06:56:43
97,2,1.000,,2026-06-29 13:29:21
97,3,1.000,,2026-02-12 17:01:50
97,4,1.000,,2026-12-03 04:58:40
97,5,1.000,,2026-11-26 06:56:43
97,6,1.000,,2026-10-10 00:04:25
98,1,1.000,,2026-10-28 21:46:55
98,2,1.000,,2026-12-05 23:05:30
98,3,1.000,,2026-12-10 11:52:04
98,4,1.000,,2026-12-06 15:48:27
98,5,1.000,,2026-11-10 04:02:30
98,6,1.000,,2026-12-19 18:22:44
99,1,1.000,,2026-11-04 09:45:33
99,2,1.000,,2026-08-13 12:17:57
99,3,1.000,,2026-03-20 15:58:49
99,4,1.000,,2026-08-18 04:10:36
99,5,1.000,,2026-11-29 07:03:00
99,6,1.000,,2026-12-21 05:02:48
100,1,1.000,,2026-12-15 04:15:53
100,2,1.000,,2026-04-03 13:41:33
100,3,1.000,,2026-12-11 14:32:29
100,4,1.000,,2026-12-01 05:18:08
100,5,1.000,,2026-12-22 13:26:39
100,6,1.000,,2026-12-03 12:08:56
101,1,1.000,,2026-10-03 00:55:06
101,2,1.000,,2026-12-15 08:52:21
101,3,1.000,,2026-12-28 12:40:00
101,4,1.000,,2026-12-14 20:48:33
101,5,1.000,,2026-09-27 15:53:21
101,6,1.000,,2026-12-08 12:28:09
102,1,1.000,,2026-08-14 04:30:28
102,2,1.000,,2026-09-23 16:35:58
102,3,1.000,,2026-10-30 05:31:20
102,4,1.000,,2026-05-05 13:46:35
102,5,1.000,,2025-11-06 21:45:54
102,6,1.000,,2026-02-14 14:52:55
103,1,1.000,,2026-12-23 14:22:20
103,2,1.000,,2026-12-30 07:41:42
103,3,1.000,,2026-12-06 12:26:40
103,4,1.000,,2026-11-14 07:36:36
103,5,1.000,,2026-12-19 02:51:33
103,6,1.000,,2026-09-25 04:28:53
104,1,1.000,,2026-04-27 20:31:51
104,2,1.000,,2026-10-09 17:00:10
104,3,1.000,,2026-12-04 09:53:53
104,4,1.000,,2026-12-13 19:04:28
104,5,1.000,,2026-11-24 10:04:43
104,6,1.000,,2026-12-16 03:52:10
105,1,1.000,,2026-05-19 01:11:43
105,2,1.000,,2026-12-04 05:23:04
105,3,1.000,,2026-12-29 16:06:32
105,4,1.000,,2026-11-19 16:41:35
105,5,1.000,,2026-06-26 21:54:00
105,6,1.000,,2026-11-29 06:34:35
106,1,1.000,,2026-11-04 02:38:13
106,2,1.000,,2026-10-24 00:21:55
106,3,1.000,,2025-12-24 20:40:47
106,4,1.000,,2026-12-16 09:02:21
106,5,1.000,,2026-11-20 14:22:56
106,6,1.000,,2026-12-08 12:28:09
107,1,1.000,,2026-12-21 02:23:16
107,2,17.000,,2026-12-23 12:53:51
107,3,1.000,,2026-12-04 09:54:34
107,4,1.000,,2026-12-04 12:16:35
107,5,1.000,,2026-06-29 22:14:03
107,6,1.000,,2026-11-07 10:21:52
108,1,1.000,,2026-04-17 19:08:14
108,2,1.000,,2026-02-28 03:05:17
108,3,1.000,,2026-04-22 19:40:17
108,4,1.000,,2027-01-12 10:11:49
108,5,1.000,,2026-07-08 01:02:34
108,6,1.000,,2026-12-23 20:36:12
109,1,1.000,,2026-04-11 16:26:30
109,2,1.000,,2026-12-18 19:35:34
109,3,1.000,,2026-11-07 17:22:23
109,4,1.000,,2026-12-25 16:30:53
109,5,1.000,,2026-11-27 06:42:01
109,6,1.000,,2026-12-31 09:35:56
110,1,1.000,,2026-12-01 01:16:57
110,2,1.000,,2026-12-15 05:45:21
110,3,1.000,,2026-06-20 06:45:19
110,4,0.920,,2026-08-11 19:03:07
110,5,1.000,,2026-12-30 04:43:07
110,6,1.000,,2026-11-07 10:21:52
111,1,1.000,,2026-12-30 08:06:16
111,2,1.000,,2026-12-12 00:06:28
111,3,1.000,,2026-12-16 00:13:44
111,4,1.000,,2026-11-24 12:07:12
111,5,1.000,,2026-11-19 23:38:25
111,6,1.000,,2026-12-17 23:35:14
112,1,1.000,,2026-11-20 07:59:12
112,2,1.000,,2026-10-23 03:07:02
112,3,1.000,,2026-12-18 06:12:39
112,4,1.000,,2026-10-21 03:41:54
112,5,1.000,,2026-12-09 20:40:49
112,6,1.000,,2026-11-13 22:29:47
113,1,29.000,,2027-01-05 19:00:40
113,2,1.000,,2026-10-10 01:59:08
113,3,1.000,,2026-12-26 18:05:31
113,4,1.000,,2026-10-25 20:48:07
113,5,1.000,,2026-10-29 08:34:12
113,6,1.000,,2026-11-29 04:28:51
114,1,1.000,,2026-10-10 01:37:25
114,2,1.000,,2026-08-13 13:34:47
114,3,1.000,,2026-09-17 04:12:15
114,4,1.000,,2026-11-30 23:23:53
114,5,1.000,,2026-12-04 13:58:03
114,6,1.000,,2026-10-23 22:38:53
115,1,1.000,,2026-09-21 20:31:38
115,2,1.000,,2026-12-19 03:38:41
115,3,1.000,,2026-11-20 16:40:48
115,4,17.000,,2026-11-07 09:53:29
115,5,1.000,,2026-12-29 18:52:09
115,6,1.000,,2026-11-07 05:37:28
116,1,1.000,,2026-06-01 04:46:36
116,2,1.000,,2026-10-30 04:16:43
116,3,1.000,,2026-12-22 05:15:43
116,4,1.000,,2026-11-23 12:10:52
116,5,1.000,,2026-12-14 15:16:05
116,6,1.000,,2026-10-21 04:41:13
117,1,1.000,,2026-11-06 00:41:29
117,2,1.000,,2025-12-27 06:53:17
117,3,1.000,,2026-11-28 22:10:25
117,4,1.000,,2026-11-19 16:07:43
117,5,1.000,,2025-09-13 20:58:05
117,6,1.000,,2026-12-21 12:16:42
118,1,1.000,,2026-12-20 03:05:25
118,2,1.000,,2026-11-21 20:01:34
118,3,1.000,,2026-12-20 23:06:34
118,4,1.000,,2026-10-19 01:22:22
118,5,1.000,,2026-11-10 14:15:21
118,6,43.000,,2026-11-06 02:35:31
119,1,1.000,,2026-10-04 07:50:10
119,2,1.000,,2026-12-10 13:56:16
119,3,1.000,,2026-10-25 23:20:05
119,4,1.000,,2026-11-12 09:12:41
119,5,1.000,,2026-12-29 20:40:49
119,6,5.680,,2026-12-23 19:56:06
120,1,1.000,,2026-11-21 04:31:17
120,2,1.000,,2026-09-27 14:25:33
120,3,1.000,,2026-12-26 13:12:14
120,4,1.000,,2026-10-13 18:43:27
120,5,1.000,,2026-05-26 20:05:48
120,6,1.000,,2026-02-28 10:37:17
121,1,1.000,,2026-09-01 09:14:26
121,2,1.000,,2026-11-23 10:30:57
121,3,1.000,,2026-11-24 20:20:55
121,4,1.000,,2026-11-21 15:10:54
121,5,1.000,,2026-11-13 15:31:09
121,6,1.000,,2026-08-21 20:17:34
122,1,1.000,,2026-03-04 01:12:08
122,2,1.000,,2026-03-17 08:23:44
122,3,1.000,,2026-12-08 12:00:09
122,4,1.000,,2026-10-07 12:37:21
122,5,1.000,,2026-10-11 23:47:15
122,6,1.000,,2026-04-18 14:41:09
123,1,1.000,,2026-12-22 13:23:46
123,2,1.000,,2026-12-08 13:56:11
123,3,1.000,,2026-10-02 14:41:32
123,4,1.000,,2026-11-30 07:42:45
123,5,1.000,,2026-12-26 14:38:59
123,6,1.000,,2026-11-28 02:49:18
124,1,1.000,,2026-05-14 17:56:36
124,2,1.000,,2026-10-03 10:09:18
124,3,34.000,,2026-11-14 17:08:49
124,4,1.000,,2026-11-29 21:46:33
124,5,1.000,,2026-08-03 03:56:56
124,6,1.000,,2026-04-18 14:41:09
125,1,1.000,,2026-05-15 02:09:42
125,2,1.000,,2026-11-20 05:11:57
125,3,1.000,,2026-08-19 22:26:01
125,4,1.000,,2026-12-24 04:46:26
125,5,1.000,,2026-12-16 16:47:58
125,6,1.000,,2026-12-09 14:55:09
126,1,1.000,,2026-11-02 15:04:58
126,2,9.000,,2026-11-10 17:22:21
126,3,1.000,,2026-12-01 02:19:09
126,4,1.000,,2025-12-10 22:03:01
126,5,1.000,,2026-11-21 20:21:39
126,6,1.000,,2026-09-22 22:35:24
127,1,1.000,,2026-12-14 12:55:03
127,2,1.000,,2026-12-05 00:55:58
127,3,1.000,,2026-12-17 01:57:10
127,4,1.000,,2026-12-14 20:48:33
127,5,1.000,,2026-07-17 21:17:31
127,6,1.000,,2026-12-05 02:27:10
128,1,1.000,,2026-05-21 05:05:01
128,2,1.000,,2026-11-20 02:32:55
128,3,1.000,,2026-11-17 17:14:27
128,4,1.000,,2026-12-26 18:41:12
128,5,1.000,,2026-12-22 01:57:27
128,6,1.000,,2026-09-24 11:35:04
129,1,1.000,,2026-12-11 18:09:08
129,2,1.000,,2026-11-28 01:31:43
129,3,1.000,,2026-10-29 22:22:32
129,4,1.000,,2026-12-09 03:29:14
129,5,1.000,,2026-05-11 12:12:25
129,6,1.000,,2026-12-16 12:47:06
130,1,1.000,,2026-08-30 05:41:18
130,2,1.000,,2026-12-02 04:42:09
130,3,1.000,,2026-12-21 12:28:06
130,4,1.000,,2026-12-07 05:57:47
130,5,1.000,,2026-10-24 07:05:10
130,6,1.000,,2026-12-23 19:28:02
131,1,1.000,,2026-12-30 08:06:16
131,2,19.000,,2026-10-30 01:11:57
131,3,1.000,,2026-11-14 12:58:25
131,4,1.000,,2026-12-07 13:06:47
131,5,1.000,,2026-09-02 19:59:01
131,6,1.000,,2026-10-22 14:53:50
132,1,1.000,,2026-09-28 11:49:51
132,2,1.000,,2026-08-26 16:16:41
132,3,1.000,,2025-09-28 06:33:48
132,4,1.000,,2026-11-17 04:30:06
132,5,1.000,,2026-01-23 18:20:28
132,6,1.000,,2026-12-21 04:41:26
133,1,1.000,,2026-12-14 22:29:11
133,2,1.000,,2026-11-02 03:02:07
133,3,1.000,,2026-11-14 03:32:19
133,4,1.000,,2026-10-07 00:08:42
133,5,1.000,,2026-05-11 20:28:11
133,6,1.000,,2026-12-09 19:12:54
134,1,1.000,,2026-12-06 22:50:53
134,2,1.000,,2026-08-20 21:10:56
134,3,1.000,,2025-10-19 05:19:20
134,4,1.000,,2026-12-28 02:00:25
134,5,1.000,,2026-09-29 01:19:26
134,6,1.000,,2026-12-21 09:01:43
135,1,1.000,,2026-11-30 12:56:14
135,2,1.000,,2026-12-02 09:56:02
135,3,1.000,,2026-10-28 08:35:41
135,4,1.000,,2026-10-31 04:56:15
135,5,1.000,,2026-12-18 21:33:21
135,6,1.000,,2026-12-31 07:24:13
136,1,1.000,,2026-10-02 12:30:18
136,2,1.000,,2026-12-19 23:36:08
136,3,1.000,,2026-12-08 12:44:05
136,4,1.000,,2026-11-14 07:36:36
136,5,1.000,,2026-01-11 12:23:18
136,6,1.000,,2026-11-14 22:31:37
137,1,1.000,,2026-10-29 03:58:09
137,2,1.000,,2026-10-15 21:34:50
137,3,1.000,,2026-12-14 19:30:19
137,4,1.000,,2026-10-24 01:23:29
137,5,1.000,,2026-04-06 01:09:24
137,6,1.000,,2025-10-03 03:16:51
138,1,1.000,,2026-10-24 20:18:29
138,2,1.000,,2026-06-16 20:35:13
138,3,1.000,,2026-03-05 22:09:32
138,4,1.000,,2026-10-18 13:47:09
138,5,1.000,,2026-09-25 12:51:40
138,6,1.000,,2026-12-22 08:17:01
139,1,1.000,,2026-11-14 23:56:04
139,2,1.000,,2026-07-04 12:15:53
139,3,1.000,,2026-05-29 16:34:23
139,4,1.000,,2027-01-22 05:55:28
139,5,35.000,,2026-11-24 14:16:59
139,6,1.000,,2026-11-29 16:50:51
140,1,1.000,,2026-10-15 00:42:33
140,2,1.000,,2026-03-15 02:05:34
140,3,1.000,,2026-12-28 06:08:27
140,4,1.000,,2026-10-20 08:09:25
140,5,1.000,,2026-12-26 03:03:11
140,6,1.000,,2026-10-30 08:34:02
141,1,1.000,,2026-12-26 08:38:54
141,2,1.000,,2026-11-29 17:58:56
141,3,1.000,,2026-12-19 07:32:38
141,4,1.000,,2026-12-31 01:30:07
141,5,1.000,,2026-11-21 20:21:39
141,6,1.000,,2025-12-29 03:43:47
142,1,1.000,,2025-12-19 19:21:27
142,2,1.000,,2026-12-16 09:15:04
142,3,1.000,,2026-10-13 22:12:51
142,4,1.000,,2026-01-04 18:32:44
142,5,1.000,,2026-05-21 05:53:29
142,6,1.000,,2026-11-16 09:17:40
143,1,1.000,,2026-09-07 05:25:27
143,2,1.000,,2026-11-06 12:55:26
143,3,1.000,,2026-11-07 17:22:23
143,4,1.000,,2026-11-04 16:24:06
143,5,1.000,,2026-12-22 06:30:40
143,6,1.000,,2026-11-08 00:16:20
144,1,1.000,,2026-08-10 06:14:19
144,2,1.000,,2026-12-06 08:04:28
144,3,1.000,,2026-10-10 22:01:57
144,4,1.000,,2026-08-20 11:11:47
144,5,1.000,,2026-12-03 17:39:15
144,6,1.000,,2025-05-17 19:14:17
145,1,1.000,,2026-11-08 02:27:02
145,2,1.000,,2026-12-13 07:50:56
145,3,1.000,,2026-11-15 05:47:06
145,4,1.000,,2026-12-05 17:45:05
145,5,1.000,,2026-12-30 19:26:18
145,6,1.000,,2026-10-16 20:42:41
146,1,1.000,,2026-11-25 08:22:36
146,2,1.000,,2026-02-04 00:50:02
146,3,1.000,,2026-12-23 08:44:44
146,4,1.000,,2026-12-20 01:42:19
146,5,1.000,,2026-03-04 01:07:33
146,6,1.000,,2026-12-27 13:17:43
147,1,1.000,,2026-06-30 04:07:58
147,2,1.000,,2026-09-17 20:15:34
147,3,1.000,,2026-01-15 14:19:53
147,4,1.000,,2026-11-27 21:18:39
147,5,1.000,,2026-12-30 03:23:25
147,6,1.000,,2026-01-09 18:18:09
148,1,1.000,,2026-12-22 16:29:51
148,2,1.000,,2026-09-28 06:44:00
148,3,1.000,,2026-12-31 21:59:40
148,4,10.410,,2027-01-01 05:29:27
148,5,1.000,,2026-11-17 15:52:01
148,6,1.000,,2026-12-05 13:02:06
149,1,1.000,,2026-11-25 08:56:03
149,2,1.000,,2026-12-08 13:56:11
149,3,1.000,,2026-11-15 05:36:50
149,4,1.000,,2026-12-19 16:11:58
149,5,1.000,,2026-11-27 23:02:58
149,6,1.000,,2026-11-29 09:51:22
150,1,1.000,,2026-11-15 06:10:32
150,2,1.000,,2026-12-30 15:49:28
150,3,1.000,,2026-11-25 14:41:21
150,4,1.000,,2026-10-19 05:29:15
150,5,1.000,,2026-09-03 09:27:41
150,6,1.000,,2026-11-22 13:15:25
151,1,1.000,,2026-11-02 15:07:10
151,2,1.000,,2026-03-15 02:05:34
151,3,1.000,,2027-01-19 11:06:27
151,4,1.000,,2025-11-08 21:48:19
151,5,1.000,,2026-12-23 06:48:58
151,6,1.000,,2026-12-18 08:30:31
152,1,1.000,,2026-10-10 16:48:36
152,2,1.000,,2026-03-19 01:21:09
152,3,1.000,,2026-12-09 15:19:23
152,4,1.000,,2026-11-24 04:10:20
152,5,1.000,,2026-09-17 05:22:46
152,6,1.000,,2026-10-27 22:21:32
153,1,1.000,,2026-12-27 02:07:13
153,2,1.000,,2026-12-22 21:20:35
153,3,1.000,,2026-12-31 21:54:41
153,4,1.000,,2026-12-18 16:21:18
153,5,1.000,,2026-12-28 01:23:08
153,6,1.000,,2026-12-11 06:08:07
154,1,1.000,,2026-05-15 22:36:52
154,2,1.000,,2026-09-11 05:18:48
154,3,1.000,,2026-12-22 05:15:43
154,4,1.000,,2026-07-10 13:44:43
154,5,1.000,,2026-12-30 04:43:07
154,6,1.000,,2026-08-28 21:47:12
155,1,1.000,,2026-12-19 19:01:49
155,2,1.000,,2026-12-26 20:27:29
155,3,1.000,,2026-05-02 07:19:27
155,4,1.000,,2026-10-25 06:06:50
155,5,1.000,,2026-10-15 12:34:36
155,6,1.000,,2026-10-11 19:18:02
156,1,1.000,,2026-11-19 16:19:42
156,2,1.000,,2026-12-23 23:48:18
156,3,1.000,,2026-09-13 15:49:35
156,4,1.000,,2026-12-11 20:27:11
156,5,1.000,,2026-12-29 09:56:49
156,6,1.000,,2026-10-08 20:11:54
157,1,1.000,,2026-12-31 06:56:43
157,2,1.000,,2026-11-01 18:28:41
157,3,1.000,,2026-12-15 14:03:44
157,4,1.000,,2026-12-14 12:59:16
157,5,1.000,,2026-12-22 06:30:40
157,6,1.000,,2026-10-11 11:25:26
158,1,1.000,,2026-03-07 22:21:18
158,2,1.000,,2026-11-02 03:02:07
158,3,1.000,,2025-12-05 01:30:16
158,4,1.000,,2026-12-09 14:32:52
158,5,1.000,,2026-11-24 13:14:42
158,6,1.000,,2024-07-08 19:55:15
159,1,1.000,,2026-03-21 10:02:19
159,2,1.000,,2026-06-24 06:41:46
159,3,1.000,,2026-12-28 08:34:15
159,4,1.000,,2026-12-31 17:49:21
159,5,1.000,,2026-09-18 01:39:50
159,6,1.000,,2026-11-17 12:29:45
160,1,1.000,,2026-01-06 03:17:54
160,2,1.000,,2026-11-28 23:13:50
160,3,1.000,,2026-12-28 03:11:50
160,4,1.000,,2026-09-09 21:06:37
160,5,1.000,,2025-12-06 20:03:22
160,6,1.000,,2026-12-29 19:07:39
161,1,1.000,,2026-11-14 12:00:08
161,2,1.000,,2026-01-08 21:13:00
161,3,1.000,,2026-12-23 14:53:16
161,4,1.000,,2026-02-18 05:02:23
161,5,1.000,,2026-12-14 14:59:09
161,6,1.000,,2026-01-06 19:21:12
162,1,1.000,,2026-12-24 07:37:31
162,2,1.000,,2026-03-31 11:40:18
162,3,1.000,,2026-09-25 09:32:02
162,4,1.000,,2026-10-19 12:37:13
162,5,1.000,,2026-12-26 14:38:59
162,6,1.000,,2026-02-24 07:25:50
163,1,1.000,,2026-11-11 11:10:41
163,2,1.000,,2026-08-03 17:41:55
163,3,1.000,,2026-10-29 01:01:05
163,4,1.000,,2026-11-02 12:21:54
163,5,1.000,,2026-12-29 22:38:47
163,6,1.000,,2026-12-03 11:10:41
164,1,1.000,,2026-12-07 08:44:46
164,2,1.000,,2026-12-22 00:48:11
164,3,1.000,,2026-11-27 13:14:50
164,4,1.000,,2026-11-12 02:35:35
164,5,1.000,,2026-12-02 08:17:40
164,6,1.000,,2026-12-29 19:07:39
165,1,1.000,,2026-10-17 13:15:08
165,2,1.000,,2026-10-24 00:21:55
165,3,1.000,,2026-12-22 14:19:56
165,4,1.000,,2026-11-14 23:04:56
165,5,1.000,,2026-11-14 15:05:44
165,6,1.000,,2026-11-24 21:34:15
166,1,1.000,,2026-11-26 01:38:21
166,2,1.000,,2026-04-19 11:31:27
166,3,1.000,,2026-12-18 06:12:39
166,4,1.000,,2026-12-16 22:54:30
166,5,85.000,,2026-11-07 05:47:03
166,6,1.000,,2026-12-02 21:28:37
167,1,1.000,,2026-03-23 15:40:37
167,2,1.000,,2026-12-27 21:48:24
167,3,1.000,,2026-12-02 02:45:16
167,4,1.000,,2026-07-29 03:53:52
167,5,1.000,,2026-12-07 15:55:29
167,6,1.000,,2026-12-08 05:23:44
168,1,1.000,,2026-12-18 15:22:00
168,2,1.000,,2026-12-02 01:05:26
168,3,1.000,,2026-11-19 21:14:48
168,4,1.000,,2026-11-08 20:41:38
168,5,1.000,,2025-12-18 07:51:37
168,6,1.000,,2026-12-22 11:47:00
169,1,1.000,,2026-12-31 19:37:03
169,2,1.000,,2026-12-18 00:36:36
169,3,1.000,,2026-07-02 13:42:31
169,4,1.000,,2026-12-30 21:55:44
169,5,1.000,,2026-11-19 23:38:25
169,6,1.000,,2026-05-29 16:22:22
170,1,1.000,,2026-11-25 11:59:14
170,2,1.000,,2026-09-15 16:29:11
170,3,1.000,,2026-12-31 21:59:40
170,4,1.000,,2026-11-18 02:19:50
170,5,1.000,,2026-12-04 13:58:03
170,6,1.000,,2026-10-11 07:47:25
171,1,1.000,,2026-12-26 08:38:54
171,2,1.000,,2026-12-26 17:08:32
171,3,1.000,,2026-07-27 15:28:12
171,4,1.000,,2026-06-09 19:11:32
171,5,1.000,,2026-12-16 01:56:21
171,6,1.000,,2026-09-14 11:18:17
172,1,1.000,,2026-12-20 00:07:12
172,2,1.000,,2026-08-03 22:00:18
172,3,1.000,,2026-12-17 21:01:19
172,4,1.000,,2026-12-08 20:51:57
172,5,1.000,,2026-11-22 12:04:13
172,6,1.000,,2026-04-12 11:08:35
173,1,1.000,,2026-03-03 02:14:46
173,2,1.000,,2026-12-01 18:10:17
173,3,6.000,,2026-11-29 04:23:16
173,4,1.000,,2026-11-29 03:11:43
173,5,1.000,,2026-06-09 03:40:47
173,6,1.000,,2026-12-26 09:13:52
174,1,1.000,,2026-11-04 01:10:34
174,2,1.000,,2026-09-01 00:13:33
174,3,1.000,,2026-11-03 16:44:11
174,4,1.000,,2026-12-29 22:33:42
174,5,1.000,,2026-12-07 07:03:18
174,6,1.000,,2026-12-10 20:22:55
175,1,1.000,,2026-10-28 15:39:10
175,2,1.000,,2026-11-20 02:32:55
175,3,1.000,,2026-12-17 20:56:34
175,4,1.000,,2026-11-22 09:13:12
175,5,1.000,,2026-12-28 02:42:37
175,6,1.000,,2026-12-27 09:13:12
176,1,1.000,,2026-11-20 23:11:11
176,2,1.000,,2026-12-28 18:39:45
176,3,1.000,,2026-12-28 06:08:27
176,4,1.000,,2026-11-11 02:30:18
176,5,1.000,,2026-10-27 11:33:40
176,6,1.000,,2026-11-19 15:14:04
177,1,1.000,,2026-10-05 07:30:34
177,2,1.000,,2026-06-04 03:38:50
177,3,1.000,,2025-10-03 10:28:33
177,4,1.000,,2026-11-27 17:41:24
177,5,1.000,,2026-01-15 21:47:58
177,6,1.000,,2026-11-17 04:04:24
178,1,1.000,,2026-11-07 05:47:56
178,2,1.000,,2026-12-18 20:51:09
178,3,1.000,,2026-04-20 08:19:58
178,4,1.000,,2026-10-08 03:33:51
178,5,1.000,,2026-10-15 02:35:11
178,6,1.000,,2026-12-22 11:47:00
179,1,1.000,,2026-10-31 09:37:39
179,2,1.000,,2026-11-22 17:28:13
179,3,1.000,,2026-12-10 11:52:04
179,4,1.000,,2026-06-09 19:11:32
179,5,1.000,,2026-12-17 21:52:22
179,6,1.000,,2026-12-18 01:00:27
180,1,1.000,,2026-12-12 13:50:43
180,2,1.000,,2026-11-03 17:40:36
180,3,1.000,,2026-02-10 05:58:09
180,4,1.000,,2026-12-31 08:21:07
180,5,1.000,,2026-10-23 01:54:08
180,6,1.000,,2026-12-31 23:43:09
181,1,1.000,,2026-12-19 15:24:44
181,2,1.000,,2026-08-22 15:25:24
181,3,1.000,,2025-12-10 02:49:00
181,4,1.000,,2026-07-29 20:26:06
181,5,1.000,,2026-05-15 08:51:32
181,6,1.000,,2026-12-22 15:46:34
182,1,1.000,,2026-09-09 08:53:05
182,2,1.000,,2026-10-23 14:28:56
182,3,1.000,,2026-12-01 04:30:53
182,4,22.000,,2026-12-18 07:36:19
182,5,1.000,,2026-10-08 18:33:29
182,6,1.000,,2026-10-11 19:18:02
183,1,1.000,,2026-07-14 07:13:53
183,2,1.000,,2026-12-29 02:56:38
183,3,1.000,,2026-10-31 04:23:15
183,4,1.000,,2026-10-16 10:40:46
183,5,1.000,,2026-12-21 03:20:04
183,6,1.000,,2026-11-17 12:29:45
184,1,1.000,,2026-10-15 13:14:00
184,2,1.000,,2026-12-24 03:43:19
184,3,1.000,,2026-12-28 23:55:41
184,4,1.000,,2026-12-06 17:00:09
184,5,1.000,,2026-12-23 11:03:49
184,6,1.000,,2026-08-16 06:24:30
185,1,1.000,,2026-11-17 12:05:48
185,2,1.000,,2026-03-23 11:01:48
185,3,1.000,,2026-12-20 23:06:34
185,4,1.000,,2026-11-27 22:09:49
185,5,1.000,,2026-11-30 23:07:06
185,6,1.000,,2026-08-17 04:48:44
186,1,1.000,,2026-12-31 02:25:04
186,2,1.000,,2026-11-03 09:35:14
186,3,1.000,,2026-12-26 12:18:01
186,4,1.000,,2026-11-30 23:23:53
186,5,1.000,,2026-11-29 15:26:05
186,6,1.000,,2026-08-27 23:07:10
187,1,1.000,,2026-11-09 12:15:12
187,2,1.000,,2026-09-22 21:51:18
187,3,1.000,,2026-07-12 17:23:39
187,4,1.000,,2026-12-19 22:37:49
187,5,1.000,,2026-12-23 22:19:43
187,6,1.000,,2026-05-14 20:54:51
188,1,1.000,,2026-12-24 13:58:28
188,2,1.000,,2026-07-31 11:47:11
188,3,1.000,,2026-12-26 04:25:40
188,4,1.000,,2026-09-18 15:28:50
188,5,1.000,,2026-08-31 06:08:29
188,6,1.000,,2026-12-27 05:57:44
189,1,1.000,,2026-11-08 23:34:12
189,2,1.000,,2026-12-18 00:36:36
189,3,1.000,,2026-12-17 01:57:10
189,4,1.000,,2027-01-01 05:29:27
189,5,1.000,,2026-12-05 01:31:05
189,6,1.000,,2026-11-11 20:44:14
190,1,1.000,,2026-09-21 20:31:38
190,2,1.000,,2026-11-08 21:23:24
190,3,1.000,,2026-12-25 10:18:36
190,4,1.000,,2026-05-29 09:52:40
190,5,1.000,,2026-11-14 08:45:05
190,6,1.000,,2026-04-23 05:43:24
191,1,1.000,,2026-07-30 15:36:09
191,2,1.000,,2026-07-08 21:56:33
191,3,1.000,,2026-10-12 16:56:02
191,4,1.000,,2026-03-02 08:18:10
191,5,1.000,,2026-11-30 21:12:16
191,6,1.000,,2026-12-30 22:59:02
192,1,1.000,,2026-10-15 18:15:31
192,2,1.000,,2026-12-02 09:56:02
192,3,1.000,,2026-10-29 01:01:05
192,4,1.000,,2026-12-27 09:52:26
192,5,1.000,,2026-11-17 15:52:01
192,6,1.000,,2026-11-29 06:34:35
193,1,1.000,,2026-05-02 10:05:48
193,2,1.000,,2026-09-17 15:37:45
193,3,1.000,,2026-09-18 18:49:11
193,4,1.000,,2026-08-30 00:12:55
193,5,1.000,,2026-12-16 20:23:36
193,6,1.000,,2026-12-09 08:44:08
194,1,1.000,,2026-06-24 02:46:22
194,2,1.000,,2026-09-14 19:00:47
194,3,1.000,,2026-11-20 16:56:43
194,4,1.000,,2026-02-23 22:22:37
194,5,1.000,,2026-01-14 13:20:19
194,6,1.000,,2026-11-11 20:02:13
195,1,1.000,,2026-10-26 04:11:35
195,2,1.000,,2026-09-18 12:02:42
195,3,1.000,,2026-12-22 14:19:56
195,4,1.000,,2026-10-20 06:08:36
195,5,1.000,,2026-12-01 17:36:19
195,6,1.000,,2026-11-04 11:54:10
196,1,1.000,,2026-12-27 11:52:45
196,2,1.000,,2026-12-07 22:44:09
196,3,1.000,,2026-04-23 15:15:29
196,4,1.000,,2026-10-03 09:44:16
196,5,1.000,,2026-06-02 07:03:04
196,6,1.000,,2026-12-23 02:44:47
197,1,1.000,,2026-08-12 04:38:45
197,2,1.000,,2026-07-02 07:33:22
197,3,1.000,,2026-11-22 17:04:20
197,4,26.000,,2026-12-16 09:02:21
197,5,1.000,,2026-10-27 01:36:01
197,6,1.000,,2026-06-28 10:36:07
198,1,1.000,,2026-12-01 17:13:40
198,2,1.000,,2026-10-16 21:09:00
198,3,1.000,,2026-10-01 12:55:39
198,4,1.000,,2026-12-18 03:04:10
198,5,1.000,,2026-10-30 15:40:58
198,6,1.000,,2025-11-09 15:01:28
199,1,1.000,,2026-12-22 20:05:14
199,2,1.000,,2026-08-10 06:39:26
199,3,4.000,,2026-11-27 13:14:50
199,4,1.000,,2026-12-28 04:38:21
199,5,1.000,,2026-12-14 14:59:09
199,6,1.000,,2026-11-08 12:48:27
200,1,1.000,,2026-09-28 15:33:24
200,2,1.000,,2026-04-04 09:04:52
200,3,1.000,,2026-12-24 14:18:38
200,4,1.000,,2026-12-10 00:31:04
200,5,27.000,,2026-10-29 08:34:12
200,6,1.000,,2026-11-07 02:52:02
201,1,1.000,,2026-08-05 22:50:03
201,2,1.000,,2026-10-01 01:53:50
201,3,1.000,,2026-11-21 12:43:09
201,4,1.000,,2026-12-14 09:12:27
201,5,7.000,,2026-07-23 00:28:55
201,6,1.000,,2026-10-30 23:13:24
202,1,1.000,,2026-11-01 22:26:58
202,2,1.000,,2026-11-27 12:30:25
202,3,1.000,,2026-11-25 13:18:47
202,4,1.000,,2026-12-05 17:45:05
202,5,1.000,,2026-05-20 11:11:57
202,6,1.000,,2026-04-05 08:32:05
203,1,1.000,,2026-10-14 21:16:17
203,2,1.000,,2026-12-22 00:48:11
203,3,1.000,,2026-10-19 02:16:12
203,4,1.000,,2026-06-29 04:16:13
203,5,1.000,,2026-10-14 00:51:07
203,6,1.000,,2026-08-01 12:46:54
204,1,1.000,,2026-12-22 10:10:46
204,2,1.000,,2026-08-23 13:09:28
204,3,1.000,,2026-12-25 23:34:30
204,4,1.000,,2026-11-11 23:18:10
204,5,1.000,,2026-12-11 03:49:41
204,6,1.000,,2026-12-26 01:12:44
205,1,1.000,,2026-08-10 03:24:25
205,2,1.000,,2026-10-31 19:09:55
205,3,1.000,,2026-11-03 23:18:14
205,4,1.000,,2026-02-03 04:15:44
205,5,1.000,,2026-11-22 07:12:25
205,6,1.000,,2026-12-30 07:27:42
206,1,1.000,,2026-11-03 16:22:03
206,2,1.000,,2026-06-07 03:30:44
206,3,1.000,,2026-12-28 06:08:27
206,4,1.000,,2026-11-09 19:11:21
206,5,1.000,,2026-09-02 20:20:07
206,6,1.000,,2026-07-06 07:17:36
207,1,1.000,,2026-11-15 10:44:27
207,2,1.000,,2026-11-27 01:51:17
207,3,1.000,,2026-12-28 12:40:00
207,4,1.000,,2026-09-14 22:26:16
207,5,1.000,,2026-05-01 12:55:37
207,6,1.000,,2026-12-25 05:55:28
208,1,1.000,,2026-07-19 00:29:51
208,2,1.000,,2026-12-08 13:19:26
208,3,1.000,,2026-11-25 08:53:48
208,4,1.000,,2026-11-14 13:19:26
208,5,1.000,,2026-09-24 04:08:19
208,6,1.000,,2026-12-15 04:23:20
209,1,1.000,,2026-05-28 21:12:14
209,2,1.000,,2026-12-26 03:45:56
209,3,1.000,,2026-04-11 13:55:42
209,4,1.000,,2026-12-18 16:21:18
209,5,1.000,,2026-12-05 01:31:05
209,6,1.000,,2026-12-20 13:43:35
210,1,1.000,,2026-09-21 19:32:45
210,2,1.000,,2026-12-25 01:59:27
210,3,1.000,,2027-01-06 07:47:17
210,4,1.000,,2026-11-09 19:11:21
210,5,1.000,,2026-12-13 18:48:04
210,6,1.000,,2026-11-11 08:54:36
211,1,1.000,,2026-12-23 14:22:20
211,2,1.000,,2026-03-19 23:31:54
211,3,1.000,,2026-12-22 15:27:02
211,4,1.000,,2026-10-12 08:08:16
211,5,1.000,,2026-12-22 03:46:59
211,6,1.000,,2026-10-14 17:27:39
212,1,1.000,,2026-11-23 17:56:40
212,2,1.000,,2026-03-22 11:26:49
212,3,1.000,,2026-11-19 00:15:13
212,4,1.000,,2026-12-27 04:20:37
212,5,1.000,,2026-11-20 21:00:04
212,6,1.000,,2026-12-14 20:15:11
213,1,1.000,,2026-11-10 17:23:16
213,2,1.000,,2026-09-27 03:10:25
213,3,1.000,,2026-11-08 09:16:45
213,4,1.000,,2026-12-06 15:48:27
213,5,1.000,,2026-12-15 02:19:31
213,6,1.000,,2026-12-10 14:21:26
214,1,1.000,,2026-11-26 07:54:15
214,2,1.000,,2026-02-04 00:07:25
214,3,1.000,,2026-09-25 01:33:53
214,4,1.000,,2026-04-16 07:51:36
214,5,1.000,,2026-11-13 11:51:03
214,6,1.000,,2026-12-02 18:14:50
215,1,1.000,,2026-12-15 23:06:15
215,2,1.000,,2026-11-23 10:30:57
215,3,1.000,,2026-01-26 08:13:21
215,4,1.000,,2026-07-10 13:44:43
215,5,1.000,,2026-02-08 16:18:56
215,6,14.860,,2026-11-18 04:05:20
216,1,1.000,,2026-10-15 18:55:14
216,2,1.000,,2026-06-25 11:39:10
216,3,1.000,,2026-11-19 06:26:03
216,4,1.000,,2026-12-01 04:38:23
216,5,1.000,,2026-11-07 15:04:04
216,6,1.000,,2026-12-09 00:15:06
217,1,1.000,,2026-11-29 03:09:42
217,2,1.000,,2026-11-22 17:28:13
217,3,1.000,,2026-10-01 20:02:09
217,4,1.000,,2026-12-12 00:56:43
217,5,1.000,,2026-11-04 05:28:06
217,6,1.000,,2026-11-29 18:01:09
218,1,1.000,,2026-12-08 01:41:27
218,2,15.000,,2026-12-24 19:23:16
218,3,1.000,,2025-12-17 05:03:00
218,4,1.000,,2026-09-30 00:10:05
218,5,1.000,,2026-11-29 07:03:00
218,6,1.000,,2026-02-27 23:48:04
219,1,1.000,,2026-12-03 20:30:04
219,2,1.000,,2026-12-24 19:23:16
219,3,1.000,,2026-11-24 16:34:58
219,4,1.000,,2026-12-07 05:57:47
219,5,1.000,,2026-11-21 08:38:14
219,6,1.000,,2026-11-28 02:49:18
220,1,1.000,,2026-09-18 22:13:52
220,2,1.000,,2026-12-18 06:30:08
220,3,1.000,,2026-08-09 12:20:40
220,4,1.000,,2026-10-28 01:17:12
220,5,1.000,,2026-11-26 05:53:52
220,6,1.000,,2026-10-27 00:23:30
221,1,1.000,,2026-12-09 12:12:13
221,2,1.000,,2026-12-24 03:43:19
221,3,1.000,,2026-10-25 03:24:12
221,4,1.000,,2026-12-11 10:54:38
221,5,1.000,,2026-07-08 01:02:34
221,6,1.000,,2026-12-17 09:47:29
222,1,1.000,,2026-03-29 18:04:50
222,2,1.000,,2026-08-03 16:48:59
222,3,1.000,,2026-10-24 05:21:56
222,4,1.000,,2026-12-31 08:29:14
222,5,1.000,,2026-08-28 00:55:06
222,6,1.000,,2026-03-31 23:33:11
223,1,1.000,,2026-12-30 17:52:14
223,2,1.000,,2026-11-22 17:28:13
223,3,1.000,,2026-04-06 20:18:19
223,4,1.000,,2026-11-01 13:35:17
223,5,1.000,,2026-12-24 02:39:00
223,6,1.000,,2026-12-08 11:50:07
224,1,1.000,,2026-04-26 07:10:06
224,2,1.000,,2026-11-02 04:17:36
224,3,1.000,,2026-12-20 03:36:36
224,4,1.000,,2026-01-13 09:39:46
224,5,1.000,,2026-08-27 06:50:52
224,6,1.000,,2026-12-06 11:26:53
225,1,1.000,,2026-12-31 06:19:17
225,2,1.000,,2026-09-14 15:11:11
225,3,1.000,,2026-11-11 10:32:51
225,4,1.000,,2026-12-24 04:46:26
225,5,1.000,,2026-12-16 08:03:18
225,6,1.000,,2026-11-11 20:02:13
226,1,1.000,,2026-08-02 12:32:39
226,2,1.000,,2026-12-25 10:25:25
226,3,1.000,,2026-11-19 16:59:02
226,4,1.000,,2026-12-23 13:22:21
226,5,1.000,,2026-02-02 07:16:17
226,6,1.000,,2026-11-20 19:02:40
227,1,1.000,,2026-03-31 09:26:55
227,2,1.000,,2026-12-25 00:34:18
227,3,1.000,,2026-05-20 19:13:09
227,4,1.000,,2026-12-23 13:22:21
227,5,1.000,,2026-11-13 11:51:03
227,6,1.000,,2026-08-15 06:01:29
228,1,1.000,,2026-10-18 15:23:51
228,2,1.000,,2026-12-28 08:56:42
228,3,1.000,,2026-11-10 05:08:01
228,4,1.000,,2026-08-10 18:51:53
228,5,1.000,,2026-12-26 06:26:28
228,6,1.000,,2026-07-10 00:23:18
229,1,1.000,,2026-11-09 20:38:03
229,2,1.000,,2027-01-08 21:58:36
229,3,1.000,,2026-03-11 09:18:32
229,4,1.000,,2026-10-03 09:40:13
229,5,1.000,,2026-11-14 08:45:05
229,6,1.000,,2026-11-01 08:42:14
230,1,1.000,,2026-10-27 01:11:34
230,2,1.000,,2026-01-24 01:26:03
230,3,1.000,,2026-12-19 08:43:49
230,4,1.000,,2026-11-12 03:18:10
230,5,1.000,,2026-12-14 07:01:52
230,6,1.000,,2026-03-26 21:39:56
231,1,1.000,,2026-12-12 13:50:43
231,2,1.000,,2026-12-19 10:15:39
231,3,1.000,,2026-12-08 23:58:03
231,4,1.000,,2026-12-09 14:32:52
231,5,1.000,,2026-10-23 01:54:08
231,6,1.000,,2026-11-09 15:03:39
232,1,1.000,,2026-11-29 13:29:55
232,2,1.000,,2026-12-16 09:34:49
232,3,1.000,,2025-12-27 20:26:40
232,4,1.000,,2026-12-19 22:37:49
232,5,1.000,,2026-09-05 21:03:35
232,6,1.000,,2026-12-04 19:11:56
233,1,1.000,,2026-07-05 07:51:27
233,2,1.000,,2026-09-29 11:12:37
233,3,1.000,,2026-01-28 09:19:53
233,4,1.000,,2026-10-07 00:08:42
233,5,1.000,,2026-02-06 07:55:14
233,6,1.000,,2026-05-07 06:02:43
234,1,1.000,,2026-11-18 14:10:54
234,2,1.000,,2026-08-13 16:25:28
234,3,1.000,,2026-08-17 03:43:32
234,4,1.000,,2026-12-31 17:49:21
234,5,1.000,,2026-11-24 10:04:43
234,6,1.000,,2026-12-13 14:13:03
235,1,1.000,,2026-11-30 08:19:51
235,2,1.000,,2026-11-10 17:22:21
235,3,1.000,,2026-04-07 02:21:23
235,4,1.000,,2026-03-02 19:40:46
235,5,1.000,,2026-12-02 18:33:52
235,6,1.000,,2026-02-26 23:58:43
236,1,1.000,,2026-12-27 02:08:54
236,2,1.000,,2026-05-18 10:57:52
236,3,1.000,,2026-10-03 20:28:02
236,4,1.000,,2026-11-10 23:23:53
236,5,1.000,,2026-12-27 13:16:33
236,6,1.000,,2026-11-17 21:58:45
237,1,1.000,,2025-12-31 13:42:13
237,2,1.000,,2026-12-20 02:21:33
237,3,1.000,,2025-12-17 03:51:18
237,4,1.000,,2026-09-14 04:01:32
237,5,1.000,,2026-10-09 20:23:27
237,6,1.000,,2026-11-06 02:35:31
238,1,1.000,,2026-11-02 15:04:58
238,2,1.000,,2026-12-17 14:21:20
238,3,1.000,,2026-12-10 23:55:32
238,4,1.000,,2027-01-03 17:33:36
238,5,1.000,,2026-12-15 05:02:47
238,6,1.000,,2026-08-04 12:04:01
239,1,1.000,,2027-01-05 19:00:40
239,2,1.000,,2026-05-27 17:43:46
239,3,1.000,,2026-12-08 14:16:35
239,4,1.000,,2026-09-08 12:09:50
239,5,1.000,,2026-01-02 02:55:21
239,6,1.000,,2026-12-24 22:21:28
240,1,1.000,,2026-10-15 14:21:10
240,2,1.000,,2027-01-06 08:11:20
240,3,1.000,,2026-11-04 13:22:41
240,4,1.000,,2026-12-20 21:48:08
240,5,1.000,,2026-12-16 12:44:33
240,6,1.000,,2026-12-22 11:11:30
241,1,1.000,,2026-12-23 23:11:35
241,2,1.000,,2026-10-05 15:39:24
241,3,1.000,,2026-10-28 13:42:17
241,4,1.000,,2026-11-14 06:03:49
241,5,1.000,,2026-11-27 22:04:38
241,6,1.000,,2026-04-24 01:26:15
242,1,1.000,,2026-11-20 03:20:39
242,2,1.000,,2026-11-23 04:06:54
242,3,1.000,,2026-12-28 08:34:15
242,4,3.000,,2026-11-01 07:59:48
242,5,1.000,,2026-09-04 11:47:37
242,6,1.000,,2026-12-22 23:05:56
243,1,1.000,,2026-12-30 17:52:14
243,2,1.000,,2026-12-14 23:49:45
243,3,1.000,,2026-11-09 08:15:53
243,4,1.000,,2026-10-29 07:28:38
243,5,8.460,,2026-11-22 03:33:45
243,6,1.000,,2026-11-02 21:17:09
244,1,1.000,,2026-11-16 20:24:28
244,2,1.000,,2026-12-05 00:55:58
244,3,1.000,,2026-12-08 03:27:17
244,4,1.000,,2024-04-03 17:57:09
244,5,1.000,,2026-03-13 12:39:37
244,6,1.000,,2026-08-24 09:42:07
245,1,1.000,,2026-12-06 16:42:06
245,2,1.000,,2026-08-03 22:55:09
245,3,1.000,,2026-12-25 00:12:48
245,4,1.000,,2026-01-29 19:15:11
245,5,1.000,,2026-04-20 02:34:22
245,6,1.000,,2026-08-05 03:11:55
246,1,1.000,,2026-12-01 14:04:23
246,2,1.000,,2026-10-01 20:38:47
246,3,1.000,,2026-12-24 04:01:29
246,4,1.000,,2026-12-03 19:47:23
246,5,1.000,,2026-09-11 10:04:33
246,6,1.000,,2026-10-31 20:54:22
247,1,1.000,,2026-10-21 22:06:01
247,2,1.000,,2027-01-08 21:58:36
247,3,1.000,,2026-12-28 03:11:50
247,4,1.000,,2026-12-15 10:17:59
247,5,1.000,,2026-09-02 23:27:43
247,6,1.000,,2026-03-09 18:50:39
248,1,1.000,,2026-10-06 11:52:33
248,2,1.000,,2026-09-18 22:51:46
248,3,1.000,,2026-09-13 17:55:49
248,4,1.000,,2026-12-25 16:30:53
248,5,1.000,,2026-08-02 23:37:13
248,6,1.000,,2026-11-04 12:24:06
249,1,1.000,,2026-08-30 00:55:36
249,2,1.000,,2026-11-21 07:12:07
249,3,1.000,,2026-10-04 05:59:31
249,4,45.200,,2026-12-26 01:28:48
249,5,1.000,,2026-12-16 04:19:42
249,6,1.000,,2026-11-25 04:08:46
250,1,1.000,,2026-10-10 16:48:36
250,2,4.000,,2026-01-24 02:11:41
250,3,1.000,,2026-08-12 05:49:40
250,4,1.000,,2026-12-28 02:00:25
250,5,1.000,,2026-11-05 14:26:34
250,6,1.000,,2025-12-15 20:34:18
251,1,1.000,,2026-12-25 03:59:07
251,2,1.000,,2026-10-10 01:59:08
251,3,1.000,,2026-11-12 23:08:26
251,4,1.000,,2026-12-06 00:32:59
251,5,1.000,,2026-10-16 23:34:29
251,6,1.000,,2026-12-22 15:46:34
252,1,1.000,,2026-12-31 22:05:26
252,2,1.000,,2026-12-07 17:31:50
252,3,1.000,,2026-12-03 11:10:27
252,4,1.000,,2026-09-26 19:40:28
252,5,1.000,,2026-11-04 05:28:06
252,6,1.000,,2026-12-23 19:16:15
253,1,1.000,,2026-11-20 07:59:12
253,2,1.000,,2026-10-25 09:13:41
253,3,1.000,,2026-11-27 20:51:35
253,4,1.000,,2026-12-10 01:54:19
253,5,1.000,,2026-11-27 19:55:13
253,6,1.000,,2026-12-30 07:27:42
254,1,1.000,,2026-04-12 19:53:38
254,2,1.000,,2026-12-11 21:36:17
254,3,1.000,,2026-12-02 00:54:03
254,4,1.000,,2026-10-03 22:03:24
254,5,1.000,,2026-11-02 07:52:27
254,6,1.000,,2026-05-20 06:56:36
255,1,1.000,,2026-12-22 22:41:56
255,2,1.000,,2026-09-18 19:34:26
255,3,1.000,,2026-12-31 21:59:40
255,4,1.000,,2026-10-30 09:41:42
255,5,1.000,,2026-09-07 01:11:18
255,6,1.000,,2026-12-26 20:54:41
256,1,1.000,,2026-11-29 03:39:52
256,2,1.000,,2026-11-19 09:10:27
256,3,1.000,,2026-12-11 07:09:47
256,4,1.000,,2026-10-19 02:28:59
256,5,1.000,,2026-07-17 21:17:31
256,6,1.000,,2026-11-06 20:50:31
257,1,1.000,,2026-04-29 07:41:46
257,2,1.000,,2026-12-05 00:55:58
257,3,1.000,,2026-12-17 12:39:47
257,4,1.000,,2026-12-06 09:10:10
257,5,1.000,,2026-11-13 15:11:58
257,6,1.000,,2026-11-26 18:30:39
258,1,1.000,,2026-12-29 03:22:51
258,2,1.000,,2026-04-16 06:05:25
258,3,1.000,,2026-12-24 23:26:18
258,4,1.000,,2026-10-06 00:23:53
258,5,1.000,,2026-12-30 21:41:12
258,6,1.000,,2026-12-27 05:57:44
259,1,1.000,,2026-09-21 14:30:49
259,2,1.000,,2026-12-29 02:56:38
259,3,1.000,,2026-02-03 15:22:38
259,4,1.000,,2026-12-21 18:18:48
259,5,1.000,,2026-12-29 09:56:49
259,6,1.000,,2026-02-16 23:38:43
260,1,1.000,,2026-01-20 11:01:35
260,2,1.000,,2026-12-27 21:48:24
260,3,1.000,,2026-03-03 09:05:32
260,4,1.000,,2026-05-24 01:27:19
260,5,1.000,,2026-11-21 08:38:14
260,6,1.000,,2026-11-17 12:29:45
261,1,1.000,,2026-12-01 23:34:03
261,2,1.000,,2026-09-23 16:35:58
261,3,1.000,,2026-12-07 01:59:54
261,4,1.000,,2026-11-21 15:10:54
261,5,1.000,,2026-11-11 13:56:55
261,6,1.000,,2026-12-14 06:49:40
262,1,1.000,,2026-11-18 14:10:54
262,2,1.000,,2026-10-30 09:56:45
262,3,1.000,,2026-11-09 06:40:17
262,4,1.000,,2026-08-26 00:45:48
262,5,1.000,,2026-09-06 16:09:08
262,6,1.000,,2026-12-23 22:34:13
263,1,1.000,,2026-08-11 17:57:01
263,2,1.000,,2026-09-12 22:46:29
263,3,1.000,,2026-12-24 04:01:29
263,4,1.000,,2026-02-01 09:39:40
263,5,1.000,,2026-12-29 09:56:49
263,6,1.000,,2026-07-02 15:07:04
264,1,1.000,,2025-04-11 13:03:26
264,2,1.000,,2026-12-17 16:40:14
264,3,1.000,,2026-11-18 16:13:41
264,4,1.000,,2026-12-29 19:52:25
264,5,1.000,,2026-12-20 08:31:21
264,6,3.140,,2026-11-17 16:14:21
265,1,1.000,,2025-11-21 03:50:28
265,2,1.000,,2026-12-14 23:49:45
265,3,29.490,,2026-10-03 20:28:02
265,4,1.000,,2026-10-21 19:43:57
265,5,1.000,,2026-11-20 08:10:37
265,6,1.000,,2026-09-09 19:39:13
266,1,1.000,,2026-12-04 03:04:24
266,2,1.000,,2026-04-26 00:03:41
266,3,1.000,,2026-09-25 04:09:54
266,4,1.000,,2026-10-06 03:45:25
266,5,1.000,,2027-01-17 08:39:53
266,6,1.000,,2026-09-14 11:18:17
267,1,1.000,,2026-11-28 23:43:18
267,2,1.000,,2026-12-02 04:42:09
267,3,1.000,,2026-06-20 06:45:19
267,4,1.000,,2026-09-15 20:10:03
267,5,1.000,,2026-12-23 08:08:47
267,6,1.000,,2026-10-21 19:27:20
268,1,1.000,,2025-10-07 13:34:55
268,2,1.000,,2026-08-23 01:44:28
268,3,1.000,,2026-10-10 00:51:39
268,4,1.000,,2026-07-20 07:32:01
268,5,1.000,,2026-08-22 02:27:41
268,6,1.000,,2026-12-04 11:04:59
269,1,1.000,,2026-12-15 00:59:58
269,2,1.000,,2026-01-21 22:07:56
269,3,1.000,,2026-12-04 22:30:12
269,4,1.000,,2026-10-31 12:40:01
269,5,1.000,,2026-12-22 11:59:54
269,6,1.000,,2026-10-27 22:21:32
270,1,1.000,,2026-09-17 00:58:25
270,2,1.000,,2026-09-10 21:02:21
270,3,1.000,,2026-10-21 23:01:20
270,4,1.000,,2026-10-09 12:55:46
270,5,1.000,,2026-09-15 07:06:10
270,6,1.000,,2026-08-23 21:29:52
271,1,1.000,,2026-12-11 18:09:08
271,2,1.000,,2026-12-25 01:59:27
271,3,1.000,,2025-12-16 20:12:42
271,4,1.000,,2026-12-02 14:39:48
271,5,1.000,,2026-12-05 04:54:56
271,6,1.000,,2026-01-25 00:43:27
272,1,1.000,,2026-12-31 06:19:17
272,2,1.000,,2026-11-29 02:29:29
272,3,1.000,,2026-12-13 17:23:18
272,4,1.000,,2026-03-02 05:11:58
272,5,1.000,,2026-12-09 22:08:08
272,6,1.000,,2026-08-01 12:46:54
273,1,1.000,,2026-11-30 12:56:14
273,2,1.000,,2026-09-09 04:16:40
273,3,1.000,,2026-05-09 21:58:05
273,4,1.000,,2026-04-16 07:51:36
273,5,1.000,,2026-11-27 22:26:33
273,6,18.400,,2026-12-21 04:41:26
274,1,1.000,,2026-12-16 23:46:22
274,2,1.000,,2026-12-30 17:34:46
274,3,1.000,,2026-11-15 17:20:25
274,4,1.000,,2027-01-01 05:29:27
274,5,1.000,,2026-12-21 03:20:04
274,6,1.000,,2025-01-29 22:34:03
275,1,1.000,,2026-06-16 11:53:43
275,2,1.000,,2026-12-26 17:08:32
275,3,1.000,,2026-04-03 11:08:47
275,4,1.000,,2026-06-20 14:49:57
275,5,1.000,,2026-12-28 02:42:37
275,6,1.000,,2026-12-30 16:48:37
276,1,1.000,,2026-10-23 14:52:37
276,2,1.000,,2026-04-10 00:32:23
276,3,1.000,,2026-09-12 06:06:19
276,4,1.000,,2026-11-15 14:59:39
276,5,1.000,,2026-12-24 04:05:01
276,6,1.000,,2026-12-25 12:48:44
277,1,1.000,,2026-12-19 22:56:52
277,2,1.000,,2026-10-02 01:55:24
277,3,1.000,,2026-11-14 09:12:04
277,4,1.000,,2026-12-26 14:43:07
277,5,1.000,,2026-07-28 13:57:01
277,6,1.000,,2026-11-25 19:40:56
278,1,1.000,,2026-12-24 10:41:57
278,2,1.000,,2026-09-17 21:47:34
278,3,1.000,,2026-12-08 17:00:19
278,4,1.000,,2026-03-13 15:58:19
278,5,1.000,,2026-12-21 09:30:33
278,6,1.000,,2026-01-04 14:32:34
279,1,1.000,,2026-11-26 04:17:40
279,2,1.000,,2026-10-02 23:40:31
279,3,19.000,,2026-12-19 07:32:38
279,4,1.000,,2026-10-07 11:58:28
279,5,18.000,,2026-07-23 08:06:45
279,6,1.000,,2026-11-07 02:52:02
280,1,1.000,,2026-11-15 00:31:04
280,2,1.000,,2026-12-28 14:34:50
280,3,1.000,,2025-10-31 20:21:15
280,4,1.000,,2026-10-24 01:23:29
280,5,1.000,,2026-11-23 09:26:01
280,6,1.000,,2026-01-07 23:51:26
281,1,1.000,,2026-12-17 06:48:18
281,2,1.000,,2026-12-08 17:15:14
281,3,1.000,,2026-10-12 00:40:23
281,4,1.000,,2026-02-07 13:29:34
281,5,1.000,,2026-11-23 11:25:48
281,6,1.000,,2026-11-25 19:40:56
282,1,1.000,,2026-12-08 20:38:59
282,2,1.000,,2026-10-04 19:03:34
282,3,1.000,,2026-12-23 02:31:24
282,4,1.000,,2026-12-11 04:54:53
282,5,1.000,,2026-02-24 08:28:10
282,6,1.000,,2026-11-23 05:52:31
283,1,1.000,,2026-09-05 20:14:14
283,2,1.000,,2026-12-28 08:56:42
283,3,1.000,,2026-12-09 15:19:23
283,4,1.000,,2026-12-28 22:29:30
283,5,1.000,,2026-09-29 02:28:18
283,6,1.000,,2026-12-07 21:09:50
284,1,1.000,,2026-12-14 15:36:37
284,2,1.000,,2026-12-27 21:57:04
284,3,1.000,,2026-02-24 05:39:55
284,4,1.000,,2026-11-27 21:28:22
284,5,1.000,,2026-12-22 03:46:59
284,6,1.000,,2026-12-29 19:07:39
285,1,1.000,,2026-06-19 18:21:52
285,2,1.000,,2026-12-19 23:36:08
285,3,1.000,,2026-12-21 12:28:06
285,4,1.000,,2026-11-16 06:00:49
285,5,1.000,,2026-12-21 03:20:04
285,6,75.300,,2026-12-23 19:56:06
286,1,1.000,,2026-11-13 16:44:07
286,2,1.000,,2026-11-02 01:22:24
286,3,1.000,,2026-10-16 03:28:25
286,4,1.000,,2026-12-20 01:42:19
286,5,1.000,,2026-04-04 00:12:58
286,6,1.000,,2026-06-02 13:15:25
287,1,1.000,,2026-12-21 01:43:49
287,2,1.000,,2026-11-19 09:10:27
287,3,1.000,,2026-12-22 14:19:56
287,4,1.000,,2026-11-21 00:22:08
287,5,1.000,,2026-10-17 11:20:48
287,6,1.000,,2026-12-01 18:34:01
288,1,1.000,,2026-10-07 04:54:25
288,2,1.000,,2026-12-28 22:54:54
288,3,1.000,,2026-12-02 10:04:54
288,4,1.000,,2025-10-06 21:16:36
288,5,1.000,,2026-12-13 18:48:04
288,6,1.000,,2026-12-05 13:02:06
289,1,1.000,,2026-10-05 07:30:34
289,2,1.000,,2026-12-05 20:38:16
289,3,1.000,,2026-09-19 15:02:06
289,4,1.000,,2026-09-24 21:49:18
289,5,1.000,,2026-12-16 14:42:18
289,6,1.000,,2026-10-30 02:08:43
290,1,1.000,,2026-10-05 07:30:34
290,2,1.000,,2026-12-25 10:25:25
290,3,1.000,,2026-11-17 17:59:11
290,4,1.000,,2026-10-17 04:47:10
290,5,1.000,,2026-10-30 10:06:33
290,6,29.000,,2026-09-01 04:02:23
291,1,1.000,,2026-12-26 14:57:07
291,2,1.000,,2026-12-27 06:09:11
291,3,1.000,,2026-03-25 23:47:50
291,4,1.000,,2026-10-27 18:48:40
291,5,1.000,,2026-10-12 11:45:35
291,6,1.000,,2026-12-24 11:33:02
292,1,1.000,,2026-12-19 19:01:49
292,2,1.000,,2026-12-16 09:34:49
292,3,1.000,,2026-11-24 20:12:44
292,4,2.860,,2026-04-05 04:37:31
292,5,1.000,,2026-12-25 04:33:38
292,6,1.000,,2026-11-12 16:31:56
293,1,1.000,,2026-10-30 06:57:33
293,2,1.000,,2026-12-10 13:56:16
293,3,1.000,,2026-11-26 02:46:10
293,4,1.000,,2026-02-11 10:57:08
293,5,1.000,,2026-06-07 09:13:14
293,6,1.000,,2026-12-24 04:27:11
294,1,1.000,,2026-12-06 02:55:47
294,2,1.000,,2026-02-13 08:50:13
294,3,1.000,,2026-12-11 09:29:36
294,4,1.000,,2026-12-26 20:37:05
294,5,1.000,,2026-12-22 18:34:42
294,6,1.000,,2026-12-01 15:16:23
295,1,1.000,,2026-10-25 13:15:20
295,2,1.000,,2026-12-29 00:37:28
295,3,1.000,,2026-10-03 13:54:37
295,4,1.000,,2026-12-30 05:29:41
295,5,1.000,,2026-12-25 22:32:12
295,6,1.000,,2026-07-29 01:16:34
296,1,1.000,,2026-12-07 19:14:24
296,2,1.000,,2026-12-29 02:56:38
296,3,1.000,,2026-10-13 09:03:19
296,4,1.000,,2026-09-11 01:29:33
296,5,1.000,,2026-12-13 20:16:37
296,6,1.000,,2026-12-24 04:27:11
297,1,1.000,,2026-11-03 18:39:54
297,2,1.000,,2026-12-29 01:39:59
297,3,1.000,,2026-10-11 16:58:30
297,4,1.000,,2026-11-15 16:56:14
297,5,1.000,,2026-12-22 13:26:39
297,6,1.000,,2026-10-17 15:11:04
298,1,1.000,,2026-12-13 07:16:58
298,2,1.000,,2026-01-12 15:38:14
298,3,1.000,,2026-10-31 14:51:55
298,4,1.000,,2027-01-13 02:07:27
298,5,1.000,,2026-10-09 19:51:38
298,6,1.000,,2026-12-14 20:15:11
299,1,1.000,,2026-11-26 11:00:43
299,2,1.000,,2026-12-27 21:57:04
299,3,1.000,,2026-11-17 08:55:40
299,4,1.000,,2026-07-02 11:04:07
299,5,1.000,,2026-12-14 02:30:22
299,6,1.000,,2026-12-28 14:33:39
300,1,1.000,,2026-12-20 03:05:25
300,2,1.000,,2026-12-17 09:39:14
300,3,1.000,,2026-10-19 06:59:40
300,4,0.000,,2026-09-02 15:43:00
300,5,1.000,,2026-12-10 02:51:00
300,6,1.000,,2026-12-27 09:13:12
301,1,1.000,,2026-06-20 21:57:32
301,2,1.000,,2026-11-29 17:58:56
301,3,1.000,,2026-09-07 22:35:06
301,4,1.000,,2026-11-23 23:09:29
301,5,1.000,,2026-12-15 11:22:06
301,6,1.000,,2026-12-20 13:43:35
302,1,1.000,,2026-11-16 20:02:26
302,2,1.000,,2026-12-24 10:11:41
302,3,1.000,,2026-01-31 09:09:54
302,4,1.000,,2026-12-15 03:24:29
302,5,1.000,,2025-10-12 15:38:16
302,6,1.000,,2026-12-26 07:14:04
303,1,1.000,,2026-10-06 10:27:01
303,2,1.000,,2026-12-12 21:20:35
303,3,1.000,,2026-12-26 13:12:14
303,4,1.000,,2026-07-03 22:56:37
303,5,1.000,,2026-12-16 14:03:15
303,6,1.000,,2026-10-27 00:23:30
304,1,1.000,,2026-12-27 20:48:28
304,2,1.000,,2026-11-21 22:30:09
304,3,1.000,,2026-11-26 20:48:28
304,4,1.000,,2026-12-18 03:04:10
304,5,1.000,,2026-12-14 08:50:19
304,6,1.000,,2025-12-02 17:48:45
305,1,1.000,,2026-12-20 06:00:20
305,2,1.000,,2026-09-14 23:30:12
305,3,1.000,,2026-12-26 14:34:11
305,4,1.000,,2026-11-30 20:00:17
305,5,1.000,,2026-12-28 13:11:18
305,6,1.000,,2026-12-30 22:59:02
306,1,1.000,,2026-10-15 14:40:18
306,2,1.000,,2026-12-14 20:26:05
306,3,1.000,,2026-12-17 22:41:20
306,4,1.000,,2026-10-01 12:55:50
306,5,1.000,,2026-08-21 13:08:01
306,6,1.000,,2027-01-11 20:26:05
307,1,1.000,,2026-11-14 23:56:04
307,2,1.000,,2026-11-27 19:39:38
307,3,1.000,,2026-12-13 01:48:59
307,4,1.000,,2026-12-07 20:47:26
307,5,1.000,,2026-12-28 13:11:18
307,6,1.000,,2026-12-08 05:23:44
308,1,1.000,,2026-09-28 11:43:00
308,2,1.000,,2026-12-30 07:41:42
308,3,1.000,,2026-12-10 17:52:38
308,4,1.000,,2026-08-16 02:28:51
308,5,1.000,,2026-12-28 09:49:58
308,6,1.000,,2026-11-23 04:39:50
309,1,1.000,,2026-10-11 02:45:49
309,2,1.000,,2026-04-27 02:07:51
309,3,1.000,,2026-10-28 08:46:50
309,4,1.000,,2026-12-07 13:23:58
309,5,1.000,,2026-12-15 19:22:04
309,6,1.000,,2026-04-30 10:20:01
310,1,1.000,,2026-10-10 01:37:25
310,2,1.000,,2026-08-18 22:16:44
310,3,1.000,,2026-12-18 14:11:28
310,4,1.000,,2026-11-20 19:21:15
310,5,1.000,,2026-12-27 13:16:33
310,6,1.000,,2026-12-02 11:09:38
311,1,1.000,,2026-05-18 14:41:58
311,2,1.000,,2026-11-12 01:45:47
311,3,1.000,,2026-12-09 20:07:39
311,4,1.000,,2026-12-15 10:17:59
311,5,1.000,,2026-12-14 08:50:19
311,6,1.000,,2026-12-17 23:35:14
312,1,1.000,,2026-11-04 11:26:01
312,2,1.000,,2026-12-12 14:13:31
312,3,1.000,,2026-07-22 21:48:54
312,4,1.000,,2026-10-31 22:13:55
312,5,1.000,,2026-11-29 15:26:05
312,6,1.000,,2026-12-17 03:37:48
313,1,1.000,,2026-11-04 03:17:13
313,2,37.000,,2026-10-24 10:40:19
313,3,1.000,,2026-05-17 04:07:52
313,4,1.000,,2026-12-29 03:09:52
313,5,1.000,,2026-11-30 00:33:18
313,6,1.000,,2026-11-03 08:46:33
314,1,1.000,,2026-12-27 05:19:12
314,2,1.000,,2026-09-11 23:46:06
314,3,1.000,,2026-12-20 20:37:28
314,4,1.000,,2026-12-17 23:01:41
314,5,1.000,,2026-12-05 00:00:13
314,6,1.000,,2027-01-11 17:23:17
315,1,1.000,,2026-08-30 21:23:05
315,2,1.000,,2026-04-20 00:01:12
315,3,1.000,,2026-12-08 17:00:19
315,4,1.000,,2026-12-07 13:06:47
315,5,1.000,,2026-12-05 18:33:33
315,6,1.000,,2026-12-22 15:46:34
316,1,1.000,,2026-11-27 02:13:53
316,2,1.000,,2026-11-01 15:10:27
316,3,1.000,,2026-11-20 16:40:48
316,4,1.000,,2026-11-12 05:22:25
316,5,1.000,,2026-12-03 03:52:30
316,6,1.000,,2026-10-04 01:35:59
317,1,1.000,,2026-12-22 19:19:02
317,2,1.000,,2026-12-13 00:05:38
317,3,1.000,,2026-10-30 05:31:20
317,4,1.000,,2026-12-30 03:52:21
317,5,1.000,,2026-11-30 03:43:59
317,6,1.000,,2026-11-22 12:19:30
318,1,1.000,,2026-10-20 14:32:32
318,2,1.000,,2026-12-08 13:56:11
318,3,1.000,,2026-12-06 19:04:57
318,4,1.000,,2026-01-23 00:18:55
318,5,1.000,,2026-12-30 06:35:23
318,6,0.000,,2026-12-19 08:43:33
319,1,1.000,,2026-06-25 22:12:21
319,2,1.000,,2025-02-19 14:59:22
319,3,1.000,,2026-11-12 20:01:18
319,4,1.000,,2026-10-03 22:03:24
319,5,1.000,,2026-12-12 07:58:01
319,6,1.000,,2026-12-21 04:41:26
320,1,1.000,,2026-01-06 08:56:52
320,2,1.000,,2026-12-23 23:48:18
320,3,1.000,,2026-12-15 12:10:24
320,4,1.000,,2026-11-23 16:23:35
320,5,1.000,,2026-12-16 12:44:33
320,6,1.000,,2026-11-14 22:31:37
321,1,1.000,,2026-08-15 00:29:09
321,2,1.000,,2026-07-28 17:57:58
321,3,1.000,,2026-10-23 17:12:21
321,4,1.000,,2026-08-29 09:42:52
321,5,1.000,,2026-11-29 16:32:14
321,6,1.000,,2026-08-05 16:42:07
322,1,1.000,,2026-12-24 11:51:43
322,2,1.000,,2026-12-29 01:39:59
322,3,1.000,,2026-11-29 12:35:15
322,4,1.000,,2026-11-24 04:54:13
322,5,1.000,,2026-12-12 16:41:06
322,6,1.000,,2026-11-02 22:01:17
323,1,1.000,,2026-05-30 00:49:19
323,2,1.000,,2026-11-24 22:05:59
323,3,1.000,,2026-12-26 04:25:40
323,4,1.000,,2026-11-30 20:00:17
323,5,1.000,,2026-12-13 18:48:04
323,6,1.000,,2026-10-20 15:15:40
324,1,1.000,,2026-12-03 20:41:22
324,2,1.000,,2026-11-02 23:10:58
324,3,1.000,,2026-12-24 06:49:30
324,4,1.000,,2026-12-18 03:04:10
324,5,1.000,,2026-11-26 22:57:40
324,6,1.000,,2026-12-02 18:14:50
325,1,1.000,,2026-09-17 05:24:21
325,2,1.000,,2026-12-24 10:11:41
325,3,1.000,,2026-11-03 06:58:12
325,4,1.000,,2026-12-06 00:32:59
325,5,1.000,,2026-09-05 01:52:25
325,6,1.000,,2026-07-19 14:35:22
326,1,1.000,,2026-12-16 14:37:40
326,2,1.000,,2026-12-16 17:27:36
326,3,1.000,,2026-11-08 19:34:44
326,4,1.000,,2026-05-25 08:54:19
326,5,1.000,,2026-11-07 11:54:06
326,6,1.000,,2026-11-27 18:20:39
327,1,1.000,,2026-12-11 03:40:09
327,2,1.000,,2026-12-08 06:52:39
327,3,1.000,,2026-12-04 20:20:42
327,4,1.000,,2026-10-20 06:08:36
327,5,1.000,,2026-11-12 08:49:40
327,6,1.000,,2026-06-06 17:31:23
328,1,1.000,,2026-12-07 14:42:20
328,2,1.000,,2026-12-25 01:59:27
328,3,1.000,,2026-12-18 14:59:54
328,4,1.000,,2025-12-19 18:01:30
328,5,1.000,,2026-11-27 04:26:26
328,6,1.000,,2026-09-23 14:28:50
329,1,1.000,,2026-12-24 11:51:43
329,2,1.000,,2026-10-09 14:58:39
329,3,1.000,,2026-11-07 05:41:52
329,4,1.000,,2026-07-04 18:44:51
329,5,1.000,,2026-12-11 05:22:24
329,6,1.000,,2026-12-19 06:14:26
330,1,1.000,,2026-09-26 20:41:34
330,2,1.000,,2026-12-26 12:05:41
330,3,1.000,,2026-05-06 18:29:40
330,4,1.000,,2026-12-10 05:05:10
330,5,1.000,,2026-09-24 11:37:56
330,6,1.000,,2026-10-30 10:25:18
331,1,1.000,,2026-11-26 08:54:42
331,2,1.000,,2026-11-20 05:11:57
331,3,1.000,,2026-11-18 16:13:41
331,4,1.000,,2026-10-28 01:17:12
331,5,1.000,,2026-11-23 09:08:52
331,6,1.000,,2026-11-29 16:50:51
332,1,1.000,,2026-12-27 20:48:28
332,2,1.000,,2026-11-12 01:45:47
332,3,1.000,,2026-11-19 21:14:48
332,4,1.000,,2026-11-03 21:45:30
332,5,1.000,,2026-12-19 07:17:25
332,6,1.000,,2026-12-20 07:43:36
333,1,1.000,,2026-12-27 02:07:13
333,2,1.000,,2026-12-29 00:37:28
333,3,1.000,,2026-12-15 09:11:17
333,4,1.000,,2026-11-27 22:09:49
333,5,1.000,,2026-09-22 20:06:38
333,6,1.000,,2026-11-10 09:35:02
334,1,1.000,,2026-02-05 04:30:55
334,2,1.000,,2026-07-04 12:15:53
334,3,1.000,,2026-12-24 01:19:37
334,4,1.000,,2026-09-27 06:08:21
334,5,1.000,,2026-12-23 05:02:35
334,6,1.000,,2026-11-29 09:51:22
335,1,1.000,,2026-12-31 06:19:17
335,2,1.000,,2026-02-11 11:15:18
335,3,1.000,,2026-09-13 17:55:49
335,4,1.000,,2026-11-09 15:00:12
335,5,1.000,,2026-04-28 06:16:44
335,6,1.000,,2026-01-22 02:44:12
336,1,1.000,,2026-11-25 13:59:19
336,2,1.000,,2026-10-24 13:48:37
336,3,1.000,,2026-12-14 21:03:06
336,4,1.000,,2026-11-21 15:26:41
336,5,1.000,,2026-11-06 05:00:05
336,6,1.000,,2026-11-12 11:18:35
337,1,1.000,,2026-11-25 20:44:20
337,2,1.000,,2026-10-27 17:57:13
337,3,1.000,,2026-12-28 14:52:13
337,4,1.000,,2025-09-12 20:57:24
337,5,1.000,,2026-09-23 08:40:03
337,6,1.000,,2026-06-20 01:29:15
338,1,1.000,,2026-11-29 03:39:52
338,2,1.000,,2025-12-24 18:58:03
338,3,1.000,,2025-11-07 12:53:20
338,4,1.000,,2026-10-14 08:36:48
338,5,1.000,,2026-12-26 03:03:11
338,6,1.000,,2026-06-23 13:56:18
339,1,1.000,,2026-10-27 01:11:34
339,2,1.000,,2026-12-14 12:42:14
339,3,1.000,,2026-12-03 05:41:00
339,4,1.000,,2026-10-07 08:38:52
339,5,1.000,,2026-12-16 16:47:58
339,6,1.000,,2025-07-30 23:59:22
340,1,1.000,,2026-12-02 12:59:40
340,2,1.000,,2026-12-09 11:37:53
340,3,1.000,,2026-09-01 13:11:46
340,4,1.000,,2026-11-20 19:21:15
340,5,1.000,,2026-11-24 13:14:42
340,6,1.000,,2025-11-03 20:37:14
341,1,1.000,,2026-11-16 13:42:18
341,2,1.000,,2025-12-20 21:32:35
341,3,1.000,,2026-12-23 08:44:44
341,4,1.000,,2026-12-06 17:00:09
341,5,1.000,,2026-11-12 08:49:40
341,6,1.000,,2026-10-24 23:44:30
342,1,1.000,,2026-12-24 13:58:28
342,2,1.000,,2026-10-07 18:27:51
342,3,1.000,,2026-12-24 01:19:37
342,4,1.000,,2026-12-14 21:01:19
342,5,1.000,,2026-12-22 03:46:59
342,6,1.000,,2026-12-02 06:13:34
343,1,1.000,,2026-11-28 05:56:32
343,2,1.000,,2026-11-11 07:22:43
343,3,1.000,,2026-12-22 00:41:53
343,4,1.000,,2027-01-01 05:29:27
343,5,1.000,,2026-12-14 08:50:19
343,6,1.000,,2026-12-23 12:04:43
344,1,1.000,,2026-11-14 23:56:04
344,2,1.000,,2026-07-31 19:24:25
344,3,1.000,,2026-12-27 07:43:30
344,4,1.000,,2026-11-07 12:44:06
344,5,1.000,,2026-10-20 06:20:17
344,6,1.000,,2026-11-25 17:02:10
345,1,1.000,,2026-07-30 13:22:26
345,2,1.000,,2026-12-27 16:50:31
345,3,1.000,,2026-12-04 20:20:42
345,4,1.000,,2026-12-07 13:06:47
345,5,1.000,,2026-11-07 07:53:45
345,6,1.000,,2026-12-10 20:22:55
346,1,1.000,,2026-10-25 20:35:19
346,2,69.000,,2026-09-18 02:40:01
346,3,1.000,,2026-03-24 09:16:22
346,4,1.000,,2025-11-13 19:21:10
346,5,1.000,,2026-10-26 02:24:38
346,6,1.000,,2026-09-20 16:24:31
347,1,1.000,,2026-12-31 03:51:27
347,2,1.000,,2026-12-14 23:49:45
347,3,1.000,,2026-12-21 14:49:50
347,4,1.000,,2026-08-14 16:37:58
347,5,1.000,,2026-11-03 18:45:02
347,6,1.000,,2025-11-18 21:47:20
348,1,1.000,,2026-11-04 11:26:01
348,2,1.000,,2026-12-05 06:49:17
348,3,1.000,,2026-11-14 01:54:56
348,4,1.000,,2026-10-15 21:49:46
348,5,1.000,,2026-11-02 14:14:31
348,6,1.000,,2026-07-06 16:25:53
349,1,1.000,,2026-10-25 07:34:40
349,2,1.000,,2026-12-26 06:41:46
349,3,1.000,,2026-12-28 06:08:27
349,4,1.000,,2026-10-23 05:39:46
349,5,1.000,,2026-11-20 13:10:43
349,6,1.000,,2026-12-27 13:17:20
350,1,1.000,,2026-11-16 20:24:28
350,2,1.000,,2026-11-29 17:06:40
350,3,1.000,,2026-04-22 01:41:37
350,4,1.000,,2026-11-15 14:48:32
350,5,1.000,,2026-10-10 11:28:32
350,6,1.000,,2026-12-21 09:01:43
351,1,1.000,,2026-05-18 23:33:20
351,2,1.000,,2026-12-24 19:17:25
351,3,1.000,,2026-06-17 01:01:40
351,4,1.000,,2026-08-16 10:53:07
351,5,1.000,,2026-11-07 15:07:09
351,6,1.000,,2026-12-16 12:47:06
352,1,1.000,,2026-11-14 12:00:08
352,2,1.000,,2026-11-12 08:30:07
352,3,1.000,,2026-12-10 22:54:57
352,4,1.000,,2026-11-26 19:55:58
352,5,1.000,,2026-04-09 01:51:13
352,6,1.000,,2026-12-10 03:26:11
353,1,1.000,,2026-12-11 19:21:41
353,2,1.000,,2026-12-07 17:31:50
353,3,1.000,,2026-11-29 15:21:28
353,4,1.000,,2026-11-22 09:13:12
353,5,1.000,,2026-11-27 11:48:37
353,6,1.000,,2026-12-21 12:16:42
354,1,1.000,,2026-04-15 01:37:26
354,2,1.000,,2026-04-02 12:12:38
354,3,1.000,,2026-12-08 03:27:17
354,4,1.000,,2026-12-22 20:30:34
354,5,3.000,,2026-12-23 05:53:01
354,6,1.000,,2026-12-09 03:27:00
355,1,1.000,,2026-12-12 08:26:48
355,2,1.000,,2026-12-16 17:27:36
355,3,1.000,,2026-11-15 18:30:29
355,4,1.000,,2026-11-07 23:39:55
355,5,1.000,,2026-12-13 20:16:37
355,6,1.000,,2026-11-29 06:34:35
356,1,1.000,,2026-12-04 14:52:35
356,2,1.000,,2026-12-29 21:07:59
356,3,1.000,,2026-10-23 16:03:58
356,4,1.000,,2026-12-29 03:07:41
356,5,1.000,,2026-04-18 13:10:42
356,6,1.000,,2026-11-30 21:49:40
357,1,1.000,,2026-10-15 00:42:33
357,2,1.000,,2026-02-27 02:47:05
357,3,20.000,,2026-02-04 07:25:12
357,4,1.000,,2026-12-14 03:35:55
357,5,1.000,,2026-12-15 19:22:04
357,6,1.000,,2026-11-25 06:49:35
358,1,1.000,,2026-12-23 01:37:54
358,2,1.000,,2026-12-22 03:10:57
358,3,1.000,,2026-10-15 06:36:21
358,4,1.000,,2026-12-30 05:29:41
358,5,1.000,,2026-12-30 08:32:10
358,6,1.000,,2026-01-14 18:27:19
359,1,1.000,,2026-12-04 03:04:24
359,2,1.000,,2026-11-07 16:01:56
359,3,1.000,,2026-12-19 23:13:03
359,4,1.000,,2026-02-19 05:13:16
359,5,1.000,,2026-11-13 15:11:58
359,6,1.000,,2026-12-05 09:19:51
360,1,1.000,,2026-09-10 22:58:56
360,2,1.000,,2026-12-05 00:55:58
360,3,1.000,,2026-04-19 06:49:09
360,4,1.000,,2026-12-12 01:29:42
360,5,1.000,,2026-11-05 23:07:06
360,6,1.000,,2026-06-04 03:44:18
361,1,0.000,,2026-12-25 03:59:07
361,2,1.000,,2026-12-02 15:12:52
361,3,1.000,,2026-08-05 03:58:24
361,4,1.000,,2026-04-29 07:55:49
361,5,1.000,,2026-04-25 18:23:07
361,6,1.000,,2026-12-17 09:32:48
362,1,1.000,,2026-12-24 13:58:28
362,2,1.000,,2026-12-12 13:55:31
362,3,1.000,,2026-12-21 14:49:50
362,4,1.000,,2026-12-01 23:14:59
362,5,1.000,,2026-08-21 15:23:45
362,6,1.000,,2026-12-31 23:43:09
363,1,1.000,,2026-11-24 01:04:35
363,2,14.000,,2026-06-03 05:42:59
363,3,1.000,,2026-02-15 11:55:11
363,4,1.000,,2026-12-10 09:24:14
363,5,1.000,,2026-08-16 05:54:58
363,6,1.000,,2026-12-25 12:48:44
364,1,1.000,,2026-10-06 19:49:39
364,2,1.000,,2026-09-18 02:40:01
364,3,1.000,,2026-10-18 11:13:14
364,4,1.000,,2026-12-18 16:21:18
364,5,1.000,,2026-12-10 03:11:49
364,6,1.000,,2026-11-22 09:45:41
365,1,1.000,,2026-12-27 23:22:35
365,2,1.000,,2026-08-03 17:41:55
365,3,1.000,,2026-12-24 06:49:30
365,4,1.000,,2026-12-14 21:01:19
365,5,1.000,,2026-12-05 02:15:05
365,6,1.000,,2026-10-26 18:21:27
366,1,1.000,,2026-05-26 10:12:32
366,2,1.000,,2026-09-15 17:35:44
366,3,1.000,,2026-10-25 07:19:56
366,4,1.000,,2026-11-29 16:24:59
366,5,1.000,,2026-01-17 13:21:14
366,6,1.000,,2026-11-15 08:27:01
367,1,1.000,,2026-04-24 13:08:49
367,2,1.000,,2026-10-30 22:31:27
367,3,1.000,,2026-09-25 04:09:54
367,4,1.000,,2026-12-17 02:30:11
367,5,1.000,,2026-08-25 04:37:00
367,6,1.000,,2026-11-06 02:35:31
368,1,1.000,,2026-12-27 05:19:12
368,2,1.000,,2026-10-09 17:00:10
368,3,1.000,,2026-10-30 02:39:22
368,4,1.000,,2026-11-12 05:22:25
368,5,1.000,,2026-11-18 05:36:41
368,6,1.000,,2026-11-23 01:17:57
369,1,1.000,,2026-10-10 16:48:36
369,2,1.000,,2026-12-18 23:53:27
369,3,1.000,,2026-08-28 01:51:07
369,4,1.000,,2026-10-24 11:25:17
369,5,1.000,,2026-05-18 03:00:56
369,6,1.000,,2026-12-22 11:59:03
370,1,1.000,,2026-11-05 06:38:52
370,2,1.000,,2026-03-20 19:48:28
370,3,1.000,,2026-11-21 16:36:04
370,4,1.000,,2026-12-12 13:30:31
370,5,1.000,,2026-12-29 18:52:09
370,6,1.000,,2026-08-13 23:42:02
371,1,1.000,,2026-12-17 20:28:06
371,2,1.000,,2026-12-26 12:05:41
371,3,1.000,,2026-03-22 00:00:44
371,4,1.000,,2026-05-11 12:22:07
371,5,1.000,,2026-11-13 17:21:17
371,6,1.000,,2026-11-08 00:16:20
372,1,1.000,,2026-12-06 16:42:06
372,2,1.000,,2026-11-22 17:28:13
372,3,1.000,,2026-09-16 12:39:10
372,4,1.000,,2026-10-31 12:40:01
372,5,1.000,,2026-12-14 23:52:21
372,6,1.000,,2026-04-30 22:55:29
373,1,1.000,,2026-04-15 01:37:26
373,2,1.000,,2026-12-18 23:53:27
373,3,1.000,,2026-11-08 02:37:22
373,4,1.000,,2026-11-23 17:14:38
373,5,29.000,,2026-10-20 17:28:36
373,6,1.000,,2026-12-09 08:44:08
374,1,1.000,,2026-12-29 03:22:51
374,2,1.000,,2026-11-02 05:35:47
374,3,1.000,,2026-12-16 13:49:42
374,4,1.000,,2026-11-29 00:26:14
374,5,1.000,,2026-05-24 02:51:59
374,6,1.000,,2026-11-22 14:20:42
375,1,1.000,,2026-12-27 06:52:46
375,2,0.090,,2026-12-15 23:39:54
375,3,1.000,,2026-05-29 21:00:49
375,4,5.000,,2026-11-19 16:07:43
375,5,1.000,,2026-10-30 10:06:33
375,6,1.000,,2026-12-26 14:31:56
376,1,9.000,,2026-12-02 22:25:21
376,2,1.000,,2026-12-31 09:22:09
376,3,1.000,,2026-11-14 03:28:49
376,4,1.000,,2026-07-30 23:22:28
376,5,1.000,,2026-12-02 00:19:41
376,6,1.000,,2026-12-07 16:29:32
377,1,1.000,,2026-08-24 18:19:17
377,2,1.000,,2026-12-09 03:35:03
377,3,1.000,,2026-04-22 19:40:17
377,4,1.000,,2026-12-11 14:00:20
377,5,1.000,,2026-12-16 12:44:33
377,6,1.000,,2026-12-17 09:47:29
378,1,1.000,,2026-10-26 13:09:21
378,2,1.000,,2026-09-04 09:59:40
378,3,1.000,,2026-04-18 17:47:55
378,4,1.000,,2026-10-30 12:35:09
378,5,1.000,,2026-12-09 05:37:38
378,6,1.000,,2026-03-28 10:16:04
379,1,1.000,,2026-12-27 02:07:13
379,2,1.000,,2026-11-02 05:35:47
379,3,1.000,,2026-10-28 06:07:43
379,4,1.000,,2026-12-03 14:58:48
379,5,1.000,,2026-12-16 12:44:33
379,6,1.000,,2026-11-17 04:04:24
380,1,13.000,,2026-10-20 07:11:14
380,2,1.000,,2026-04-28 08:39:40
380,3,1.000,,2026-09-22 21:23:09
380,4,1.000,,2026-03-28 05:27:46
380,5,1.000,,2026-11-07 15:07:09
380,6,26.000,,2026-11-20 18:04:23
381,1,13.440,,2026-12-28 00:59:22
381,2,1.000,,2026-12-26 12:05:41
381,3,1.000,,2026-12-10 13:52:47
381,4,1.000,,2026-12-27 17:46:02
381,5,1.000,,2026-11-26 05:53:52
381,6,1.000,,2026-12-17 10:48:20
382,1,1.000,,2026-10-06 11:52:33
382,2,1.000,,2026-11-03 17:40:36
382,3,1.000,,2026-12-10 08:21:26
382,4,1.000,,2026-03-13 01:02:16
382,5,1.000,,2027-01-07 04:37:11
382,6,1.000,,2026-12-30 22:59:02
383,1,1.000,,2026-11-02 03:14:48
383,2,1.000,,2026-12-29 00:37:28
383,3,1.000,,2023-11-27 13:48:11
383,4,1.000,,2026-11-14 13:19:26
383,5,1.000,,2026-04-21 05:35:25
383,6,1.000,,2026-12-03 13:46:29
384,1,1.000,,2026-05-05 20:59:33
384,2,1.000,,2026-11-15 18:49:01
384,3,1.000,,2026-03-11 04:15:26
384,4,1.000,,2026-10-26 00:45:13
384,5,1.000,,2026-12-07 08:58:51
384,6,1.000,,2026-12-21 22:14:40
385,1,1.000,,2026-11-22 02:52:53
385,2,1.000,,2026-10-04 14:54:08
385,3,1.000,,2026-12-23 00:44:59
385,4,1.000,,2026-10-19 05:29:15
385,5,1.000,,2026-12-30 04:43:07
385,6,1.000,,2026-11-29 08:50:20
386,1,1.000,,2026-10-02 12:30:18
386,2,1.000,,2026-04-08 05:45:35
386,3,1.000,,2026-12-08 15:13:12
386,4,1.000,,2026-11-11 11:40:07
386,5,1.000,,2026-09-04 00:33:21
386,6,1.000,,2026-11-18 17:19:14
387,1,1.000,,2026-12-21 01:43:49
387,2,1.000,,2026-11-15 14:37:15
387,3,1.000,,2026-11-07 03:50:56
387,4,1.000,,2026-12-14 03:35:55
387,5,1.000,,2026-12-15 19:22:04
387,6,1.000,,2026-12-14 02:51:35
388,1,1.000,,2026-08-22 00:15:11
388,2,1.000,,2026-11-20 01:12:35
388,3,1.000,,2026-12-04 13:26:17
388,4,1.000,,2026-09-27 06:08:21
388,5,1.000,,2026-08-30 12:13:19
388,6,1.000,,2026-02-15 04:18:14
389,1,1.000,,2027-01-13 07:28:42
389,2,1.000,,2026-05-01 16:33:11
389,3,1.000,,2026-04-22 09:31:18
389,4,1.000,,2026-11-02 04:09:34
389,5,1.000,,2026-04-21 05:25:25
389,6,1.000,,2026-09-12 15:50:23
390,1,1.000,,2026-11-01 10:21:44
390,2,1.000,,2026-03-18 21:32:08
390,3,1.000,,2026-11-25 20:31:01
390,4,1.000,,2026-11-26 00:58:45
390,5,1.000,,2026-12-25 22:32:12
390,6,1.000,,2026-08-28 23:16:03
391,1,1.000,,2026-08-25 15:27:48
391,2,1.000,,2026-11-10 17:22:21
391,3,41.000,,2026-10-01 12:55:39
391,4,1.000,,2026-10-25 20:48:07
391,5,1.000,,2026-12-01 15:06:00
391,6,1.000,,2026-12-17 03:37:48
392,1,1.000,,2026-10-09 01:01:00
392,2,1.000,,2026-10-22 03:39:34
392,3,1.000,,2026-03-30 17:16:11
392,4,1.000,,2026-09-03 15:16:14
392,5,1.000,,2026-11-24 15:39:45
392,6,1.000,,2026-12-14 05:37:41
393,1,1.000,,2026-05-30 00:49:19
393,2,1.000,,2026-11-19 09:10:27
393,3,1.000,,2026-11-24 16:34:58
393,4,1.000,,2026-12-24 22:12:00
393,5,1.000,,2026-10-30 01:41:50
393,6,1.000,,2026-09-13 22:12:10
394,1,1.000,,2026-11-03 22:02:49
394,2,1.000,,2025-12-09 22:16:27
394,3,1.000,,2026-11-20 12:43:34
394,4,1.000,,2026-09-15 07:25:10
394,5,1.000,,2026-11-21 09:51:47
394,6,1.000,,2026-10-26 14:18:06
395,1,1.000,,2026-02-11 21:44:40
395,2,1.000,,2026-11-20 01:12:35
395,3,1.000,,2026-12-15 14:03:44
395,4,1.000,,2026-03-24 08:37:19
395,5,1.000,,2026-12-12 17:10:31
395,6,1.000,,2026-10-11 19:00:46
396,1,1.000,,2026-10-24 03:41:09
396,2,1.000,,2026-09-14 15:11:11
396,3,1.000,,2026-11-25 13:18:47
396,4,1.000,,2026-12-10 00:31:04
396,5,1.000,,2026-12-29 18:52:09
396,6,1.000,,2026-07-15 03:15:41
397,1,1.000,,2026-09-05 20:14:14
397,2,1.000,,2026-11-29 18:36:29
397,3,1.000,,2024-12-23 02:18:55
397,4,1.000,,2026-09-29 09:15:22
397,5,1.000,,2026-11-29 18:33:03
397,6,1.000,,2026-11-28 10:27:20
398,1,1.000,,2026-02-21 13:37:55
398,2,1.000,,2026-09-10 02:06:12
398,3,1.000,,2026-11-08 21:16:23
398,4,1.000,,2026-12-02 14:39:48
398,5,1.000,,2026-06-30 13:52:35
398,6,1.000,,2026-09-24 01:19:50
399,1,1.000,,2026-12-21 01:43:49
399,2,1.000,,2025-12-07 03:47:07
399,3,1.000,,2026-12-23 11:37:50
399,4,1.000,,2026-12-29 03:07:41
399,5,1.000,,2026-12-14 06:56:29
399,6,1.000,,2026-12-16 22:55:14
400,1,1.000,,2026-11-16 09:48:44
400,2,1.000,,2026-11-19 17:58:58
400,3,1.000,,2026-06-13 16:38:51
400,4,1.000,,2026-10-24 11:25:17
400,5,1.000,,2026-09-28 10:08:20
400,6,1.000,,2026-11-19 09:14:04
401,1,1.000,,2026-05-30 05:41:04
401,2,1.000,,2026-11-27 19:39:38
401,3,1.000,,2026-11-25 15:27:04
401,4,1.000,,2026-01-29 22:29:34
401,5,1.000,,2026-12-09 14:08:42
401,6,1.000,,2026-11-26 19:51:16
402,1,1.000,,2026-11-04 18:43:55
402,2,1.000,,2026-11-27 21:31:31
402,3,1.000,,2026-10-01 11:28:39
402,4,1.000,,2026-05-31 04:46:53
402,5,1.000,,2026-12-11 19:13:23
402,6,1.000,,2026-11-04 11:54:10
403,1,1.000,,2026-12-11 20:03:34
403,2,1.000,,2026-12-26 06:41:46
403,3,1.000,,2026-11-20 16:56:43
403,4,1.000,,2026-11-24 04:10:20
403,5,1.000,,2026-12-19 02:51:33
403,6,1.000,,2026-03-04 13:23:53
404,1,1.000,,2026-12-02 18:00:36
404,2,1.000,,2026-12-31 10:31:49
404,3,1.000,,2026-11-24 20:12:44
404,4,1.000,,2026-12-27 07:32:51
404,5,1.000,,2026-10-25 21:44:40
404,6,1.000,,2026-12-26 08:29:26
405,1,1.000,,2026-04-12 19:53:38
405,2,1.000,,2026-12-05 20:38:16
405,3,1.000,,2026-11-14 09:12:04
405,4,1.000,,2026-12-07 21:34:52
405,5,1.000,,2026-11-05 14:26:34
405,6,1.000,,2026-12-23 12:20:13
406,1,1.000,,2026-12-31 06:19:17
406,2,1.000,,2026-12-17 14:21:20
406,3,1.000,,2026-12-12 17:49:14
406,4,1.000,,2026-09-03 18:52:15
406,5,1.000,,2026-12-08 14:36:58
406,6,1.000,,2026-07-20 17:23:53
407,1,1.000,,2026-12-19 05:33:30
407,2,1.000,,2026-04-16 09:21:13
407,3,1.000,,2026-11-19 06:26:03
407,4,1.000,,2026-10-20 04:58:17
407,5,1.000,,2026-12-26 09:15:45
407,6,1.000,,2026-12-01 09:14:48
408,1,1.000,,2026-11-01 12:03:39
408,2,1.000,,2027-01-09 14:52:13
408,3,1.000,,2026-12-29 16:06:32
408,4,1.000,,2026-07-12 20:16:40
408,5,1.000,,2026-11-29 08:10:41
408,6,1.000,,2026-12-26 14:31:56
409,1,1.000,,2026-10-26 04:11:35
409,2,9.000,,2026-12-11 18:57:09
409,3,1.000,,2026-12-22 15:27:02
409,4,1.000,,2026-12-26 20:37:05
409,5,1.000,,2026-12-23 22:19:43
409,6,1.000,,2026-12-01 09:14:48
410,1,1.000,,2026-12-07 08:44:46
410,2,1.000,,2026-01-29 22:20:23
410,3,1.000,,2026-12-02 02:45:16
410,4,1.000,,2026-12-17 19:09:33
410,5,1.000,,2026-11-15 22:32:59
410,6,1.000,,2026-12-15 03:40:51
411,1,1.000,,2026-11-27 07:05:19
411,2,3.000,,2026-03-01 13:22:01
411,3,1.000,,2026-12-14 18:56:37
411,4,1.000,,2026-12-30 00:30:32
411,5,1.000,,2026-12-21 15:45:29
411,6,1.000,,2026-06-24 11:01:04
412,1,1.000,,2026-09-28 11:43:00
412,2,1.000,,2026-12-04 21:03:17
412,3,1.000,,2026-12-26 05:04:13
412,4,1.000,,2026-08-20 14:08:20
412,5,1.000,,2026-11-23 08:30:56
412,6,1.000,,2026-03-05 22:35:35
413,1,1.000,,2026-11-28 23:43:18
413,2,1.000,,2026-07-13 11:22:56
413,3,1.000,,2026-12-09 10:28:53
413,4,1.000,,2026-12-13 14:05:18
413,5,1.000,,2026-12-26 13:14:19
413,6,1.000,,2026-09-08 02:03:54
414,1,1.000,,2026-03-01 01:08:57
414,2,1.000,,2026-10-20 23:44:10
414,3,1.000,,2026-11-12 08:45:08
414,4,1.000,,2026-12-13 23:07:26
414,5,1.000,,2025-12-07 09:47:48
414,6,1.000,,2026-12-16 12:47:06
415,1,15.160,,2026-11-26 11:00:43
415,2,1.000,,2026-12-01 11:59:32
415,3,1.000,,2027-01-09 18:08:15
415,4,1.000,,2026-09-28 12:01:46
415,5,1.000,,2026-12-16 17:32:14
415,6,1.000,,2026-12-14 20:15:11
416,1,1.000,,2026-11-29 03:39:52
416,2,1.000,,2026-11-19 02:14:00
416,3,1.000,,2026-05-13 00:18:33
416,4,1.000,,2026-02-23 22:53:02
416,5,1.000,,2026-11-09 19:15:51
416,6,1.000,,2026-12-08 05:23:44
417,1,1.000,,2026-10-20 07:11:14
417,2,1.000,,2026-12-23 12:53:51
417,3,1.000,,2026-11-27 13:14:50
417,4,1.000,,2026-12-25 04:29:52
417,5,1.000,,2026-12-15 05:02:47
417,6,1.000,,2026-12-29 20:27:45
418,1,1.000,,2026-12-11 15:27:01
418,2,1.000,,2026-10-11 03:45:49
418,3,1.000,,2026-12-26 13:12:14
418,4,1.000,,2026-12-11 14:26:49
418,5,1.000,,2026-10-18 03:13:09
418,6,1.000,,2026-11-20 18:04:23
419,1,1.000,,2026-11-15 02:07:20
419,2,1.000,,2026-12-01 18:10:17
419,3,1.000,,2026-11-30 03:26:07
419,4,1.000,,2026-12-05 14:39:12
419,5,1.000,,2026-10-13 20:11:54
419,6,1.000,,2026-08-06 16:12:22
420,1,1.000,,2026-12-13 08:42:19
420,2,1.000,,2026-11-29 17:58:56
420,3,1.000,,2026-12-23 08:44:44
420,4,1.000,,2026-12-12 11:22:12
420,5,1.000,,2026-12-16 08:03:18
420,6,1.000,,2026-03-04 15:39:04
421,1,22.800,,2026-11-19 18:33:15
421,2,1.000,,2026-03-18 21:00:19
421,3,1.000,,2026-11-12 05:35:49
421,4,1.000,,2026-12-23 13:22:21
421,5,1.000,,2026-12-17 15:46:26
421,6,1.000,,2026-11-23 09:42:17
422,1,1.000,,2026-12-19 05:33:30
422,2,1.000,,2026-10-01 11:14:59
422,3,1.000,,2026-11-24 20:12:44
422,4,1.000,,2026-12-10 00:16:25
422,5,1.000,,2026-12-10 22:39:35
422,6,1.000,,2026-12-21 09:01:43
423,1,1.000,,2026-12-08 23:31:58
423,2,1.000,,2026-11-25 09:48:04
423,3,1.000,,2026-12-31 21:54:41
423,4,1.000,,2027-01-13 02:07:27
423,5,1.000,,2026-11-23 09:26:01
423,6,1.000,,2026-11-13 19:27:14
424,1,1.000,,2026-11-02 08:20:06
424,2,1.000,,2026-12-22 00:48:11
424,3,1.000,,2026-04-22 01:41:37
424,4,1.000,,2026-08-30 23:32:34
424,5,1.000,,2026-12-09 05:37:38
424,6,1.000,,2026-09-17 12:19:35
425,1,1.000,,2026-11-15 08:50:47
425,2,1.000,,2026-12-04 09:00:00
425,3,1.000,,2026-11-27 20:42:50
425,4,1.000,,2026-11-04 16:24:06
425,5,12.000,,2026-11-19 08:17:02
425,6,1.000,,2026-10-02 23:54:09
426,1,1.000,,2026-08-14 14:28:58
426,2,1.000,,2026-11-23 09:25:57
426,3,1.000,,2026-12-24 06:49:30
426,4,1.000,,2026-07-05 19:03:48
426,5,1.000,,2026-12-16 01:56:21
426,6,1.000,,2026-01-29 13:07:07
427,1,1.000,,2026-09-04 07:10:53
427,2,1.000,,2026-05-20 14:33:48
427,3,14.000,,2026-04-23 15:59:57
427,4,1.000,,2026-04-22 07:57:22
427,5,1.000,,2026-12-31 13:17:02
427,6,1.000,,2026-12-22 11:59:03
428,1,1.000,,2026-12-27 06:52:46
428,2,1.000,,2025-11-09 11:08:45
428,3,1.000,,2026-04-03 11:08:47
428,4,1.000,,2026-12-06 15:55:49
428,5,1.000,,2026-12-30 19:26:18
428,6,1.000,,2026-09-21 09:35:56
429,1,1.000,,2026-09-12 06:03:56
429,2,1.000,,2026-12-07 07:32:45
429,3,1.000,,2026-02-14 10:29:37
429,4,1.000,,2026-11-30 02:10:02
429,5,1.000,,2026-08-21 13:08:01
429,6,1.000,,2026-12-18 12:19:35
430,1,1.000,,2026-06-02 10:00:13
430,2,1.000,,2026-10-21 00:21:22
430,3,1.000,,2026-06-20 06:45:19
430,4,1.000,,2026-10-03 11:40:15
430,5,1.000,,2026-10-16 06:46:04
430,6,1.000,,2026-12-17 05:55:32
431,1,1.000,,2026-11-20 12:06:57
431,2,1.000,,2026-12-01 17:24:13
431,3,1.000,,2026-04-21 15:08:31
431,4,1.000,,2026-12-25 16:30:53
431,5,1.000,,2026-11-29 08:23:07
431,6,1.000,,2026-11-11 16:38:28
432,1,1.000,,2026-02-18 12:39:44
432,2,1.000,,2026-12-15 23:39:54
432,3,1.000,,2026-12-10 14:09:15
432,4,1.000,,2026-12-01 20:18:36
432,5,1.000,,2026-12-26 03:03:11
432,6,1.000,,2026-04-15 18:24:26
433,1,1.000,,2026-02-22 01:22:41
433,2,1.000,,2026-10-29 20:06:25
433,3,1.000,,2026-12-10 23:08:24
433,4,1.000,,2026-08-07 12:56:06
433,5,1.000,,2026-12-30 04:43:07
433,6,1.000,,2026-08-20 17:53:04
434,1,1.000,,2026-01-16 07:38:32
434,2,1.000,,2026-05-04 13:30:30
434,3,1.000,,2026-12-04 06:26:43
434,4,1.000,,2026-09-25 18:03:43
434,5,1.000,,2026-12-03 16:46:55
434,6,1.000,,2026-12-21 12:16:42
435,1,1.000,,2026-12-07 14:42:20
435,2,1.000,,2026-12-17 16:40:14
435,3,1.000,,2025-12-23 22:23:08
435,4,1.000,,2026-12-30 18:24:47
435,5,1.000,,2026-12-16 01:56:21
435,6,1.000,,2026-12-25 05:55:28
436,1,1.000,,2026-11-09 03:59:35
436,2,1.000,,2026-08-29 04:09:39
436,3,1.000,,2026-12-22 22:03:35
436,4,1.000,,2026-12-08 20:51:57
436,5,1.000,,2026-12-09 22:08:08
436,6,1.000,,2026-12-25 17:41:27
437,1,1.000,,2026-10-14 21:16:17
437,2,1.000,,2026-11-21 22:30:09
437,3,1.000,,2026-04-07 08:21:46
437,4,1.120,,2025-11-10 14:03:28
437,5,1.000,,2026-08-02 16:44:27
437,6,1.000,,2026-12-18 07:24:35
438,1,1.000,,2026-06-13 05:03:18
438,2,1.000,,2026-11-26 11:03:00
438,3,1.000,,2026-08-06 10:07:54
438,4,1.000,,2026-11-14 23:04:56
438,5,27.000,,2026-10-19 11:37:45
438,6,1.000,,2026-11-16 12:44:46
439,1,1.000,,2026-09-21 05:18:30
439,2,1.000,,2026-04-17 06:34:20
439,3,1.000,,2026-09-30 17:17:05
439,4,1.000,,2026-09-12 23:50:11
439,5,1.000,,2026-12-14 14:59:09
439,6,1.000,,2026-10-10 00:04:25
440,1,1.000,,2026-12-06 22:50:53
440,2,1.000,,2026-10-13 01:39:57
440,3,1.000,,2026-12-22 15:27:02
440,4,1.000,,2026-12-30 18:24:47
440,5,1.000,,2026-07-25 18:08:02
440,6,1.000,,2026-12-03 12:08:56
441,1,1.000,,2026-10-20 06:07:12
441,2,1.000,,2026-08-13 12:17:57
441,3,1.000,,2026-12-17 01:57:10
441,4,1.000,,2026-12-19 16:11:58
441,5,1.000,,2026-12-14 19:11:45
441,6,1.000,,2026-11-26 18:30:39
442,1,1.000,,2026-11-02 15:04:58
442,2,1.000,,2026-10-20 03:36:54
442,3,1.000,,2025-12-10 08:46:23
442,4,1.000,,2026-03-27 15:05:20
442,5,1.000,,2026-12-22 03:46:59
442,6,1.000,,2026-12-14 20:15:11
443,1,1.000,,2026-12-04 14:52:35
443,2,1.000,,2026-04-25 10:53:09
443,3,1.000,,2026-02-27 09:26:22
443,4,1.000,,2026-11-30 02:10:02
443,5,1.000,,2026-12-07 18:34:55
443,6,1.000,,2026-01-13 23:35:23
444,1,1.000,,2026-12-01 02:30:59
444,2,1.000,,2026-04-19 23:38:01
444,3,1.000,,2026-11-24 09:45:37
444,4,1.000,,2026-12-03 16:27:56
444,5,1.000,,2026-12-28 01:23:08
444,6,1.000,,2026-11-05 09:45:37
445,1,1.000,,2026-10-21 21:04:11
445,2,1.000,,2026-10-30 01:11:57
445,3,1.000,,2026-12-23 14:33:40
445,4,13.000,,2026-11-12 09:12:41
445,5,1.000,,2026-02-17 22:50:57
445,6,1.000,,2026-12-27 13:17:43
446,1,1.000,,2026-11-30 08:19:51
446,2,1.000,,2026-04-27 02:22:43
446,3,1.000,,2026-11-03 19:39:55
446,4,1.000,,2026-11-14 06:03:49
446,5,1.000,,2026-12-15 05:02:47
446,6,1.000,,2026-07-20 17:23:53
447,1,1.000,,2025-11-21 10:32:01
447,2,1.000,,2026-05-22 00:13:00
447,3,1.000,,2026-04-24 16:51:03
447,4,1.000,,2026-08-08 17:03:33
447,5,1.000,,2026-10-13 13:46:06
447,6,1.000,,2026-10-20 19:37:54
448,1,1.000,,2026-12-27 15:58:19
448,2,1.000,,2025-08-31 20:54:38
448,3,1.000,,2026-12-25 23:34:30
448,4,1.000,,2026-01-13 06:56:17
448,5,1.000,,2026-10-26 14:55:27
448,6,1.000,,2026-12-11 21:02:57
449,1,1.000,,2026-11-30 07:52:55
449,2,1.000,,2026-11-08 01:25:07
449,3,18.000,,2026-10-01 18:22:08
449,4,1.000,,2026-12-29 19:52:25
449,5,1.000,,2026-11-27 11:48:37
449,6,1.000,,2026-11-23 09:35:21
450,1,1.000,,2026-07-10 16:26:20
450,2,1.000,,2026-09-22 21:51:18
450,3,1.000,,2026-12-23 08:44:44
450,4,1.000,,2026-07-22 21:04:17
450,5,1.000,,2026-09-25 09:58:12
450,6,1.000,,2026-05-18 06:15:16
451,1,1.000,,2026-12-23 14:22:20
451,2,1.000,,2026-11-16 23:02:16
451,3,1.000,,2026-12-28 22:25:42
451,4,1.000,,2026-08-18 04:10:36
451,5,1.000,,2026-12-05 12:16:31
451,6,39.000,,2026-11-14 22:31:37
452,1,1.000,,2026-09-09 21:56:22
452,2,1.000,,2026-11-21 15:46:45
452,3,1.000,,2026-11-15 17:20:25
452,4,1.000,,2026-06-21 20:23:40
452,5,1.000,,2026-09-23 08:26:33
452,6,1.000,,2026-07-20 09:13:45
453,1,1.000,,2025-11-26 01:18:04
453,2,1.000,,2026-11-19 17:58:58
453,3,1.000,,2026-11-15 17:20:25
453,4,1.000,,2026-12-16 16:43:48
453,5,1.000,,2026-09-14 22:57:41
453,6,1.000,,2026-12-10 20:22:55
454,1,1.000,,2026-12-17 06:52:14
454,2,1.000,,2026-10-13 17:19:18
454,3,1.000,,2026-11-17 08:55:40
454,4,1.000,,2026-12-15 03:24:29
454,5,1.000,,2026-12-23 05:02:35
454,6,1.000,,2026-11-29 18:01:09
455,1,1.000,,2026-09-01 00:56:35
455,2,1.000,,2026-12-28 22:54:54
455,3,1.000,,2026-12-25 00:12:48
455,4,1.000,,2026-12-13 14:05:18
455,5,1.000,,2026-12-26 09:15:45
455,6,1.000,,2026-12-25 19:00:24
456,1,1.000,,2026-12-19 19:01:49
456,2,1.000,,2026-12-27 06:09:11
456,3,1.000,,2026-12-25 10:18:36
456,4,1.000,,2026-10-29 07:28:38
456,5,1.000,,2026-10-06 02:39:15
456,6,1.000,,2026-10-27 23:51:20
457,1,1.000,,2026-06-06 22:11:23
457,2,1.000,,2026-09-04 09:35:13
457,3,1.000,,2025-11-10 17:54:06
457,4,1.000,,2026-12-08 10:50:45
457,5,1.000,,2026-12-27 13:16:33
457,6,1.000,,2026-11-18 04:05:20
458,1,1.000,,2026-12-08 20:38:59
458,2,1.000,,2026-12-11 09:37:17
458,3,1.000,,2026-12-29 20:32:12
458,4,1.000,,2026-04-13 00:11:34
458,5,1.000,,2026-12-29 09:56:49
458,6,1.000,,2026-11-17 03:17:04
459,1,1.000,,2026-01-21 16:47:54
459,2,1.000,,2025-09-20 05:43:15
459,3,1.000,,2026-12-18 06:12:39
459,4,1.000,,2026-01-27 03:34:02
459,5,1.000,,2026-08-06 18:27:03
459,6,1.000,,2026-05-26 10:44:48
460,1,1.000,,2026-10-15 13:14:00
460,2,1.000,,2026-11-20 09:59:10
460,3,1.000,,2026-12-04 06:26:43
460,4,1.000,,2026-12-31 16:18:27
460,5,1.000,,2026-12-02 08:17:40
460,6,1.000,,2026-12-24 02:33:32
461,1,1.000,,2026-11-13 00:03:57
461,2,1.000,,2026-12-17 23:29:49
461,3,1.000,,2026-12-25 00:12:48
461,4,1.000,,2026-12-29 03:09:52
461,5,1.000,,2026-06-29 18:13:52
461,6,1.000,,2026-11-23 05:52:31
462,1,1.000,,2026-12-17 06:52:14
462,2,1.000,,2027-01-06 08:11:20
462,3,1.000,,2026-12-23 02:31:24
462,4,1.000,,2026-12-16 22:22:04
462,5,1.000,,2026-03-02 21:10:36
462,6,1.000,,2026-11-04 00:15:40
463,1,1.000,,2026-05-08 19:47:28
463,2,1.000,,2026-12-31 09:22:09
463,3,1.000,,2026-12-26 19:36:41
463,4,1.000,,2026-10-18 03:00:00
463,5,1.000,,2026-09-12 10:35:11
463,6,1.000,,2025-12-25 06:10:38
464,1,1.000,,2026-12-06 12:03:28
464,2,1.000,,2026-10-13 19:29:24
464,3,1.000,,2026-12-13 10:20:28
464,4,1.000,,2026-09-25 12:57:05
464,5,1.000,,2026-11-02 07:52:27
464,6,1.000,,2026-11-19 09:14:04
465,1,1.000,,2026-11-26 07:54:15
465,2,1.000,,2026-09-07 06:37:52
465,3,1.000,,2026-03-17 21:57:10
465,4,1.000,,2026-12-31 00:14:44
465,5,1.000,,2026-11-19 14:19:00
465,6,1.000,,2026-03-15 11:04:07
466,1,1.000,,2026-11-01 12:03:39
466,2,1.000,,2026-01-26 17:34:10
466,3,1.000,,2026-10-22 21:57:00
466,4,1.000,,2026-11-18 06:59:12
466,5,1.000,,2026-12-31 06:24:32
466,6,1.000,,2026-12-06 19:32:39
467,1,1.000,,2026-04-13 16:28:42
467,2,1.000,,2026-10-20 03:36:54
467,3,1.000,,2026-12-24 23:26:18
467,4,1.000,,2026-05-18 09:53:26
467,5,1.000,,2026-10-14 12:49:33
467,6,1.000,,2026-12-30 16:48:37
468,1,1.000,,2026-12-20 11:23:12
468,2,1.000,,2026-11-13 09:03:51
468,3,1.000,,2026-11-27 14:46:48
468,4,1.000,,2026-11-10 23:23:53
468,5,1.000,,2026-12-29 07:13:59
468,6,1.000,,2026-12-19 00:40:30
469,1,1.000,,2026-09-29 16:43:16
469,2,1.000,,2026-02-03 13:53:37
469,3,1.000,,2026-12-26 04:25:40
469,4,1.000,,2026-11-19 03:30:09
469,5,1.000,,2026-10-13 05:34:16
469,6,1.000,,2026-12-05 00:06:04
470,1,1.000,,2026-12-24 11:51:43
470,2,1.000,,2026-12-13 12:00:11
470,3,1.000,,2026-03-30 19:24:07
470,4,1.000,,2026-12-30 12:20:34
470,5,1.000,,2026-10-18 19:29:44
470,6,0.800,,2026-12-21 12:16:42
471,1,1.000,,2026-06-14 09:24:30
471,2,1.000,,2026-11-03 00:00:02
471,3,1.000,,2026-10-25 11:34:32
471,4,1.000,,2026-11-03 17:48:26
471,5,1.000,,2026-12-14 23:31:23
471,6,1.000,,2026-10-29 09:13:07
472,1,1.000,,2026-02-28 15:38:21
472,2,1.000,,2026-12-29 21:07:59
472,3,1.000,,2026-11-14 03:33:02
472,4,1.000,,2026-11-18 04:31:17
472,5,1.000,,2026-11-13 17:21:17
472,6,1.000,,2026-11-11 20:02:13
473,1,1.000,,2026-05-05 20:49:43
473,2,1.000,,2026-12-19 16:53:38
473,3,1.000,,2026-11-16 07:30:39
473,4,1.000,,2026-05-27 21:30:47
473,5,1.000,,2026-12-14 23:31:23
473,6,1.000,,2026-12-26 08:06:01
474,1,1.000,,2026-11-01 22:26:58
474,2,1.000,,2026-08-14 08:06:08
474,3,1.000,,2026-08-14 04:13:33
474,4,1.000,,2026-12-27 11:13:12
474,5,1.000,,2026-12-15 19:22:04
474,6,1.000,,2026-09-17 02:11:58
475,1,1.000,,2026-12-31 02:25:04
475,2,1.000,,2026-12-07 23:14:46
475,3,31.160,,2026-12-25 03:21:37
475,4,1.000,,2026-10-19 23:18:45
475,5,1.000,,2026-12-05 15:49:52
475,6,1.000,,2026-12-26 09:13:52
476,1,1.000,,2026-10-10 17:53:15
476,2,1.000,,2026-08-30 04:13:40
476,3,1.000,,2026-12-08 06:40:13
476,4,4.000,,2027-01-19 16:49:35
476,5,1.000,,2026-09-16 15:45:46
476,6,1.000,,2026-12-17 23:35:14
477,1,1.000,,2026-10-27 16:06:59
477,2,1.000,,2026-12-13 07:50:56
477,3,1.000,,2026-08-23 23:27:13
477,4,1.000,,2026-12-31 01:30:07
477,5,1.000,,2026-12-04 13:58:03
477,6,1.000,,2026-12-22 01:29:32
478,1,1.000,,2026-10-04 07:50:10
478,2,1.000,,2026-10-03 10:09:18
478,3,1.000,,2026-11-12 08:45:08
478,4,1.000,,2026-10-17 11:29:09
478,5,1.000,,2026-12-09 05:37:38
478,6,1.000,,2026-12-10 20:22:55
479,1,1.000,,2026-11-15 02:07:20
479,2,1.000,,2026-02-06 12:47:48
479,3,1.000,,2026-04-15 14:32:19
479,4,1.000,,2026-08-10 18:51:53
479,5,1.000,,2026-06-29 08:15:05
479,6,1.000,,2026-12-19 06:14:26
480,1,1.000,,2026-11-15 10:44:27
480,2,1.000,,2026-12-27 21:57:04
480,3,1.000,,2026-12-11 12:12:43
480,4,1.000,,2026-12-13 19:04:28
480,5,1.000,,2026-10-25 22:07:41
480,6,1.000,,2026-02-04 03:23:03
481,1,1.000,,2026-12-20 15:10:43
481,2,1.000,,2026-11-20 02:32:55
481,3,1.000,,2026-10-07 06:55:40
481,4,1.000,,2026-11-15 12:24:13
481,5,1.000,,2026-09-04 11:47:37
481,6,1.000,,2026-11-20 19:02:40
482,1,1.000,,2026-11-13 16:44:07
482,2,1.000,,2026-11-19 17:58:58
482,3,1.000,,2026-11-17 09:46:07
482,4,17.000,,2026-10-18 13:47:09
482,5,1.000,,2026-11-07 15:07:09
482,6,1.000,,2026-04-20 12:12:41
483,1,1.000,,2026-10-21 22:06:01
483,2,1.000,,2026-05-20 05:13:21
483,3,1.000,,2026-04-04 13:15:05
483,4,1.000,,2026-11-29 03:11:43
483,5,1.000,,2026-03-22 14:41:12
483,6,1.000,,2026-08-06 10:55:39
484,1,1.000,,2026-12-27 15:58:19
484,2,1.000,,2026-11-21 22:30:09
484,3,1.000,,2026-11-07 17:22:23
484,4,1.000,,2026-10-31 22:13:55
484,5,1.000,,2026-12-30 04:43:07
484,6,1.000,,2026-02-16 16:19:47
485,1,1.000,,2026-12-14 02:12:01
485,2,1.000,,2026-01-22 16:38:58
485,3,1.000,,2026-11-23 11:27:14
485,4,1.000,,2026-12-20 06:17:42
485,5,1.000,,2026-10-29 08:34:12
485,6,1.000,,2026-12-13 14:13:03
486,1,1.000,,2026-12-02 12:59:40
486,2,1.000,,2025-12-14 10:04:05
486,3,1.000,,2026-05-10 08:30:57
486,4,1.000,,2026-12-27 11:13:12
486,5,1.000,,2026-12-17 09:26:39
486,6,1.000,,2026-11-16 01:12:43
487,1,1.000,,2026-03-21 16:16:57
487,2,1.000,,2026-07-10 23:49:43
487,3,1.000,,2026-12-04 08:21:15
487,4,1.000,,2026-11-11 00:51:45
487,5,1.000,,2026-03-10 16:21:39
487,6,1.000,,2026-06-14 04:11:18
488,1,1.000,,2026-12-28 00:59:22
488,2,1.000,,2026-12-02 04:42:09
488,3,1.000,,2026-12-15 09:11:17
488,4,1.000,,2026-09-18 16:17:38
488,5,1.000,,2026-12-06 07:21:28
488,6,1.000,,2026-12-19 18:22:44
489,1,1.000,,2026-12-23 01:37:54
489,2,1.000,,2026-10-24 22:10:09
489,3,1.000,,2026-05-26 15:59:23
489,4,1.000,,2026-04-12 08:41:55
489,5,1.000,,2026-12-08 07:48:08
489,6,1.000,,2026-10-26 18:21:27
490,1,1.000,,2026-10-17 18:00:00
490,2,1.000,,2026-12-06 08:04:28
490,3,1.000,,2026-11-30 15:22:36
490,4,1.000,,2026-10-17 04:47:10
490,5,1.000,,2026-12-04 04:19:02
490,6,1.000,,2026-12-28 14:33:39
491,1,1.000,,2026-10-01 09:28:11
491,2,1.000,,2026-11-21 07:12:07
491,3,1.000,,2026-12-26 04:25:40
491,4,1.000,,2026-10-13 10:27:31
491,5,1.000,,2026-12-02 08:17:40
491,6,1.000,,2026-09-16 22:28:06
492,1,1.000,,2026-10-11 02:45:49
492,2,1.000,,2026-09-17 19:42:11
492,3,1.000,,2026-05-20 10:25:22
492,4,1.000,,2026-11-21 15:26:41
492,5,1.000,,2026-11-05 18:33:54
492,6,1.000,,2026-11-05 14:51:04
493,1,1.000,,2026-06-10 16:08:10
493,2,1.000,,2026-11-28 22:50:48
493,3,1.000,,2026-12-07 11:45:21
493,4,1.000,,2026-12-07 05:57:47
493,5,1.000,,2026-12-23 13:12:59
493,6,1.000,,2026-12-31 23:43:09
494,1,1.000,,2026-09-11 12:33:43
494,2,1.000,,2026-12-06 23:47:12
494,3,1.000,,2026-11-07 09:58:50
494,4,1.000,,2026-04-13 00:49:04
494,5,1.000,,2026-12-20 00:29:27
494,6,1.000,,2026-12-21 09:01:43
495,1,1.000,,2026-11-05 12:32:33
495,2,1.000,,2026-12-29 17:18:56
495,3,1.000,,2026-12-16 07:24:21
495,4,1.000,,2026-11-23 17:14:38
495,5,1.000,,2026-09-18 18:50:37
495,6,1.000,,2026-12-23 19:56:06
496,1,1.000,,2026-12-24 22:42:22
496,2,1.000,,2026-12-08 17:21:33
496,3,1.000,,2026-11-26 01:46:05
496,4,1.000,,2026-11-26 19:45:46
496,5,1.000,,2026-12-30 19:26:18
496,6,1.000,,2026-11-10 09:05:20
497,1,1.000,,2026-10-20 07:11:14
497,2,1.000,,2026-11-03 03:28:29
497,3,1.000,,2026-12-19 08:43:49
497,4,1.000,,2026-12-30 12:20:34
497,5,1.000,,2026-12-11 12:09:19
497,6,1.000,,2026-03-04 13:23:53
498,1,1.000,,2026-12-26 20:20:44
498,2,1.000,,2026-08-11 01:42:37
498,3,1.000,,2026-11-24 20:20:55
498,4,1.000,,2026-10-09 12:55:46
498,5,1.000,,2026-02-23 15:55:40
498,6,1.000,,2026-11-10 23:59:09
499,1,1.000,,2026-09-21 19:14:37
499,2,1.000,,2026-10-03 10:09:18
499,3,1.000,,2026-12-06 19:04:57
499,4,1.000,,2026-11-09 19:35:47
499,5,1.000,,2026-12-15 23:40:27
499,6,1.000,,2026-10-27 09:56:06
500,1,1.000,,2026-04-20 07:39:12
500,2,1.000,,2026-12-06 23:51:21
500,3,1.000,,2026-04-07 23:32:01
500,4,1.000,,2026-10-24 19:03:18
500,5,1.000,,2026-03-22 07:39:12
500,6,1.000,,2026-08-27 23:07:10
501,1,1.000,,2026-12-02 11:43:46
501,2,1.000,,2026-08-15 19:28:36
501,3,1.000,,2026-12-14 06:31:01
501,4,1.000,,2026-12-14 20:48:33
501,5,1.000,,2026-11-24 14:16:59
501,6,1.000,,2026-09-20 11:40:30
502,1,1.000,,2026-12-26 16:33:50
502,2,1.000,,2026-12-26 23:23:09
502,3,1.000,,2026-10-02 07:38:51
502,4,1.000,,2026-11-12 15:10:59
502,5,1.000,,2026-11-04 05:28:06
502,6,1.000,,2026-12-26 20:54:41
503,1,1.000,,2026-12-22 03:55:33
503,2,1.000,,2026-08-11 15:50:32
503,3,1.000,,2026-11-14 12:58:25
503,4,1.000,,2026-11-14 07:36:36
503,5,1.000,,2026-12-17 21:52:22
503,6,1.000,,2026-02-24 21:00:17
504,1,1.000,,2026-03-10 19:11:34
504,2,1.000,,2026-12-25 00:34:18
504,3,1.000,,2026-03-20 02:29:31
504,4,1.000,,2026-12-21 22:49:52
504,5,1.000,,2026-12-28 09:49:58
504,6,1.000,,2026-10-23 22:38:53
505,1,1.000,,2026-02-27 07:32:13
505,2,1.000,,2026-09-19 10:27:21
505,3,1.000,,2026-12-13 10:20:28
505,4,1.000,,2026-12-09 14:32:52
505,5,1.000,,2026-09-07 00:10:47
505,6,1.000,,2026-11-07 10:51:09
506,1,1.000,,2026-11-04 18:43:55
506,2,1.000,,2026-11-28 23:13:50
506,3,1.000,,2026-11-12 05:35:49
506,4,1.000,,2026-11-30 03:08:18
506,5,1.000,,2026-05-16 11:45:05
506,6,1.000,,2026-02-06 21:19:16
507,1,1.000,,2026-11-30 08:19:51
507,2,1.000,,2026-12-28 07:45:30
507,3,1.000,,2026-11-23 08:53:36
507,4,1.000,,2026-12-10 09:24:14
507,5,1.000,,2026-08-26 16:54:59
507,6,1.000,,2026-12-17 09:47:29
508,1,1.000,,2026-10-09 10:45:38
508,2,1.000,,2026-10-14 18:08:07
508,3,1.000,,2026-11-20 16:40:48
508,4,1.000,,2026-11-11 23:18:10
508,5,35.000,,2026-12-29 22:38:47
508,6,1.000,,2026-12-10 17:12:10
509,1,1.000,,2025-11-11 18:33:20
509,2,1.000,,2026-11-14 03:25:57
509,3,1.000,,2026-10-01 12:18:04
509,4,1.000,,2026-12-26 01:23:41
509,5,1.000,,2026-12-16 14:42:18
509,6,1.000,,2026-11-26 11:26:11
510,1,1.000,,2026-11-14 02:34:39
510,2,1.000,,2026-10-13 01:39:57
510,3,1.000,,2026-09-19 15:02:06
510,4,1.000,,2026-09-14 09:44:04
510,5,1.000,,2026-09-11 14:39:23
510,6,1.000,,2026-11-11 18:57:42
511,1,1.000,,2026-12-24 10:41:57
511,2,1.000,,2026-11-15 06:34:39
511,3,1.000,,2026-04-16 03:32:29
511,4,1.000,,2026-12-26 16:22:28
511,5,1.000,,2026-12-11 07:51:02
511,6,1.000,,2025-12-13 07:32:06
512,1,1.000,,2026-03-01 12:58:25
512,2,1.000,,2026-12-18 06:30:08
512,3,1.000,,2026-12-13 17:23:18
512,4,1.000,,2026-11-29 03:29:24
512,5,1.000,,2026-04-25 18:23:07
512,6,1.000,,2026-12-30 18:01:09
513,1,1.000,,2026-12-30 16:30:10
513,2,1.000,,2026-12-19 16:30:10
513,3,1.000,,2026-10-15 19:08:30
513,4,1.000,,2026-09-03 12:28:16
513,5,1.000,,2026-12-31 06:24:32
513,6,1.000,,2026-10-02 11:29:40
514,1,1.000,,2026-10-06 19:49:39
514,2,1.000,,2026-03-06 13:05:42
514,3,1.000,,2026-12-29 01:45:40
514,4,1.000,,2026-12-09 14:32:52
514,5,1.000,,2026-12-21 03:20:04
514,6,1.000,,2026-11-02 20:45:05
515,1,1.000,,2026-09-17 05:24:21
515,2,1.000,,2026-12-07 07:32:45
515,3,1.000,,2026-12-25 21:03:10
515,4,1.000,,2026-11-11 07:09:46
515,5,1.000,,2026-10-20 06:20:17
515,6,1.000,,2026-12-15 01:04:42
516,1,1.000,,2026-11-27 02:13:53
516,2,1.000,,2026-12-25 01:59:27
516,3,1.000,,2026-10-19 21:17:45
516,4,1.000,,2026-12-18 05:25:56
516,5,1.000,,2026-12-16 06:32:06
516,6,1.000,,2026-12-18 01:00:27
517,1,1.000,,2026-12-09 05:04:19
517,2,1.000,,2026-12-24 03:55:07
517,3,1.000,,2026-11-29 12:35:15
517,4,1.000,,2026-10-21 19:43:57
517,5,1.000,,2026-10-26 23:19:08
517,6,1.000,,2026-12-05 00:43:04
518,1,1.000,,2026-09-17 16:56:43
518,2,1.000,,2026-12-18 06:50:26
518,3,1.000,,2026-12-31 21:38:56
518,4,1.000,,2026-11-04 17:45:00
518,5,1.000,,2026-12-31 18:51:57
518,6,1.000,,2026-10-24 06:29:31
519,1,1.000,,2026-12-24 13:58:28
519,2,1.000,,2026-05-08 14:09:54
519,3,1.000,,2026-10-22 21:57:00
519,4,1.000,,2026-12-26 14:43:07
519,5,1.000,,2026-12-30 21:41:12
519,6,1.000,,2026-12-17 20:39:17
520,1,1.000,,2026-11-29 05:12:56
520,2,1.000,,2026-10-21 00:18:27
520,3,1.000,,2026-12-27 07:43:30
520,4,1.000,,2026-12-23 15:12:35
520,5,1.000,,2026-12-05 01:31:05
520,6,1.000,,2026-12-26 08:06:01
521,1,1.000,,2026-11-05 18:15:16
521,2,1.000,,2026-12-26 20:27:29
521,3,1.000,,2026-08-28 01:51:07
521,4,1.000,,2026-05-09 01:11:38
521,5,1.000,,2026-03-30 10:52:37
521,6,1.000,,2026-11-16 09:17:40
522,1,1.000,,2026-11-07 02:12:06
522,2,1.000,,2026-11-27 21:31:31
522,3,1.000,,2026-11-03 16:44:11
522,4,1.000,,2026-10-21 13:45:55
522,5,1.000,,2026-12-21 02:30:12
522,6,1.000,,2026-07-26 09:15:02
523,1,1.000,,2026-11-06 15:39:23
523,2,1.000,,2026-10-07 17:30:16
523,3,1.000,,2026-12-22 00:41:53
523,4,1.000,,2026-09-19 03:33:18
523,5,1.000,,2026-11-23 11:25:48
523,6,1.000,,2026-11-24 00:46:42
524,1,1.000,,2026-12-06 22:50:53
524,2,1.000,,2026-09-02 03:05:38
524,3,1.000,,2026-12-29 00:57:43
524,4,1.000,,2026-05-04 16:21:50
524,5,1.000,,2026-12-16 16:04:28
524,6,7.000,,2026-09-03 10:05:59
525,1,1.000,,2026-11-20 03:20:39
525,2,1.000,,2026-11-20 05:11:57
525,3,1.000,,2026-11-27 20:51:35
525,4,1.000,,2026-12-18 15:55:42
525,5,1.000,,2026-11-08 16:02:21
525,6,1.000,,2026-12-24 02:33:32
526,1,1.000,,2026-12-13 08:42:19
526,2,1.000,,2026-12-27 19:09:20
526,3,1.000,,2026-01-10 12:55:59
526,4,18.000,,2026-03-04 09:16:47
526,5,1.000,,2026-12-11 03:49:41
526,6,1.000,,2026-11-03 19:49:48
527,1,1.000,,2026-10-30 18:02:06
527,2,1.000,,2026-11-09 02:22:17
527,3,1.000,,2026-12-27 07:43:30
527,4,1.000,,2026-12-17 02:42:23
527,5,1.000,,2026-12-20 00:29:27
527,6,1.000,,2026-12-12 19:39:44
528,1,1.000,,2025-05-29 09:02:10
528,2,28.000,,2026-12-06 23:47:12
528,3,1.000,,2026-12-21 06:09:03
528,4,1.000,,2026-10-20 08:09:25
528,5,1.000,,2026-11-03 06:39:41
528,6,1.000,,2026-09-27 00:33:59
529,1,1.000,,2026-12-07 19:14:24
529,2,1.000,,2026-09-28 11:24:53
529,3,1.000,,2025-12-10 20:30:52
529,4,1.000,,2026-10-07 19:19:21
529,5,1.000,,2026-12-11 07:51:02
529,6,1.000,,2026-07-01 16:16:50
530,1,1.000,,2026-08-02 08:45:52
530,2,1.000,,2026-12-31 14:23:32
530,3,1.000,,2026-12-17 22:41:20
530,4,1.000,,2026-11-23 12:10:52
530,5,1.000,,2026-04-30 20:56:51
530,6,1.000,,2026-12-02 18:14:50
531,1,1.000,,2026-10-29 06:19:35
531,2,1.000,,2026-01-05 13:49:53
531,3,1.000,,2026-12-01 00:06:32
531,4,1.000,,2026-12-01 05:18:08
531,5,1.000,,2026-07-12 03:33:28
531,6,1.000,,2026-12-09 19:12:54
532,1,1.000,,2026-12-31 21:59:25
532,2,1.000,,2026-03-18 19:08:20
532,3,1.000,,2026-12-15 08:06:54
532,4,1.000,,2026-11-01 13:35:17
532,5,1.000,,2026-12-14 07:32:28
532,6,1.000,,2026-11-30 00:33:26
533,1,1.000,,2026-01-22 04:41:45
533,2,1.000,,2026-05-02 07:20:44
533,3,1.000,,2026-11-30 21:48:12
533,4,1.000,,2026-11-30 03:08:18
533,5,1.000,,2026-12-29 07:13:59
533,6,1.000,,2026-11-22 13:15:25
534,1,1.000,,2026-12-05 01:26:22
534,2,1.000,,2026-05-12 09:13:14
534,3,1.000,,2026-12-25 03:09:46
534,4,1.000,,2026-11-22 19:21:49
534,5,1.000,,2026-09-18 18:29:42
534,6,1.000,,2026-10-19 20:21:39
535,1,1.000,,2026-07-04 10:52:53
535,2,1.000,,2026-12-02 02:35:24
535,3,1.000,,2026-12-08 17:00:19
535,4,1.000,,2026-12-16 22:54:30
535,5,1.000,,2026-12-23 11:03:49
535,6,1.000,,2026-10-31 20:54:22
536,1,1.000,,2026-12-11 05:32:41
536,2,1.000,,2026-11-27 02:25:05
536,3,1.000,,2026-11-08 22:50:10
536,4,1.000,,2026-07-10 13:44:43
536,5,1.000,,2026-07-06 18:06:31
536,6,1.000,,2026-11-30 23:24:37
537,1,1.000,,2027-01-13 07:28:42
537,2,1.000,,2026-10-30 05:12:54
537,3,1.000,,2026-09-23 17:44:27
537,4,1.000,,2026-12-18 16:21:18
537,5,1.000,,2026-11-29 08:10:41
537,6,1.000,,2026-12-19 18:22:44
538,1,1.000,,2026-11-21 04:31:17
538,2,1.000,,2026-09-03 22:48:25
538,3,1.000,,2026-12-16 15:44:44
538,4,1.000,,2026-12-23 13:22:21
538,5,1.000,,2026-12-17 16:48:49
538,6,1.000,,2026-11-08 20:00:50
539,1,1.000,,2026-11-04 01:10:34
539,2,3.000,,2026-08-29 04:09:39
539,3,1.000,,2026-12-25 00:12:48
539,4,1.000,,2026-12-04 13:57:55
539,5,1.000,,2026-09-04 11:47:37
539,6,1.000,,2026-03-11 07:21:14
540,1,1.000,,2026-11-24 20:50:32
540,2,1.000,,2026-09-11 23:46:06
540,3,1.000,,2026-12-04 08:21:15
540,4,1.000,,2026-11-24 19:51:21
540,5,1.000,,2026-12-04 07:11:54
540,6,1.000,,2026-12-13 20:21:10
541,1,1.000,,2026-11-26 11:03:42
541,2,1.000,,2026-08-23 08:23:57
541,3,41.000,,2026-11-19 16:59:02
541,4,1.000,,2026-10-27 21:24:48
541,5,1.000,,2026-10-20 04:38:15
541,6,1.000,,2026-10-20 15:15:40
542,1,1.000,,2026-12-19 05:33:30
542,2,1.000,,2026-06-10 18:23:49
542,3,1.000,,2026-09-04 23:55:37
542,4,1.000,,2026-12-26 21:18:45
542,5,1.000,,2026-11-28 21:18:45
542,6,1.000,,2026-11-20 19:02:40
543,1,1.000,,2026-11-26 11:03:42
543,2,1.000,,2026-10-18 20:19:16
543,3,1.000,,2026-12-08 12:00:09
543,4,1.000,,2025-05-17 08:02:28
543,5,1.000,,2026-12-07 14:09:27
543,6,1.000,,2026-11-30 00:33:26
544,1,1.000,,2026-12-27 23:18:17
544,2,1.000,,2026-07-20 20:58:05
544,3,1.000,,2026-10-17 12:38:18
544,4,1.000,,2026-10-16 00:01:33
544,5,1.000,,2026-09-29 05:50:26
544,6,1.000,,2026-12-24 08:54:49
545,1,1.000,,2026-07-25 02:26:53
545,2,1.000,,2026-11-28 13:22:39
545,3,1.000,,2026-12-01 02:19:09
545,4,1.000,,2026-04-02 06:16:42
545,5,1.000,,2026-10-05 10:32:44
545,6,1.000,,2026-10-20 22:27:25
546,1,1.000,,2026-11-03 10:19:17
546,2,1.000,,2026-10-04 10:38:09
546,3,1.000,,2026-12-21 06:16:33
546,4,1.000,,2026-08-20 01:00:11
546,5,1.000,,2026-12-23 07:45:04
546,6,1.000,,2026-11-15 08:27:01
547,1,1.000,,2026-11-21 08:06:53
547,2,1.000,,2026-12-01 10:51:18
547,3,1.000,,2025-10-19 07:55:43
547,4,1.000,,2026-11-30 07:42:45
547,5,1.000,,2026-10-23 23:55:09
547,6,1.000,,2026-11-23 01:43:44
548,1,1.000,,2026-11-03 18:39:54
548,2,1.000,,2026-11-18 16:24:09
548,3,1.000,,2026-09-25 03:41:12
548,4,1.000,,2026-12-09 06:02:03
548,5,1.000,,2026-10-26 21:08:24
548,6,1.000,,2026-10-17 20:42:56
549,1,1.000,,2026-12-26 20:20:44
549,2,1.000,,2026-03-20 19:12:16
549,3,1.000,,2026-07-13 17:50:08
549,4,1.000,,2026-12-11 17:17:43
549,5,1.000,,2026-11-27 11:48:37
549,6,1.000,,2026-05-23 15:55:56
550,1,1.000,,2026-11-21 14:16:50
550,2,1.000,,2026-12-17 07:18:22
550,3,1.000,,2026-08-17 03:43:32
550,4,1.000,,2026-08-13 15:22:36
550,5,1.000,,2026-08-02 18:26:17
550,6,1.000,,2026-11-18 21:56:27
551,1,1.000,,2026-11-25 00:59:32
551,2,1.000,,2026-11-09 14:55:40
551,3,1.000,,2026-10-28 08:35:41
551,4,1.000,,2026-12-27 04:20:37
551,5,1.000,,2025-09-15 19:19:32
551,6,1.000,,2026-12-23 01:23:07
552,1,1.000,,2026-10-08 02:36:25
552,2,1.000,,2026-09-13 14:17:41
552,3,1.000,,2026-10-17 21:33:59
552,4,1.000,,2026-12-20 01:42:19
552,5,1.000,,2026-05-25 09:02:49
552,6,1.000,,2026-12-14 20:15:11
553,1,1.000,,2026-12-01 23:34:03
553,2,1.000,,2026-12-27 16:50:31
553,3,1.000,,2026-09-26 19:45:04
553,4,1.000,,2026-10-21 22:12:11
553,5,1.000,,2026-02-10 14:05:18
553,6,1.000,,2026-09-09 07:46:46
554,1,1.000,,2026-05-22 04:14:24
554,2,1.000,,2025-08-14 16:13:19
554,3,1.000,,2026-10-16 03:28:25
554,4,1.000,,2026-11-30 02:10:02
554,5,1.000,,2026-12-31 13:17:02
554,6,1.000,,2026-12-13 14:13:03
555,1,1.000,,2026-07-13 10:55:39
555,2,1.000,,2026-11-27 01:51:17
555,3,1.000,,2026-11-25 20:31:01
555,4,1.000,,2025-12-08 23:21:18
555,5,1.000,,2026-12-22 06:30:40
555,6,1.000,,2026-08-10 20:13:38
556,1,1.000,,2026-07-25 05:45:22
556,2,1.000,,2026-12-28 07:45:30
556,3,1.000,,2026-12-10 13:52:47
556,4,1.000,,2026-12-26 14:43:07
556,5,1.000,,2026-12-29 09:56:49
556,6,1.000,,2026-12-26 08:06:01
557,1,1.000,,2026-12-27 23:18:17
557,2,1.000,,2026-12-17 07:18:22
557,3,1.000,,2026-05-13 02:10:31
557,4,1.000,,2026-12-04 13:57:55
557,5,1.000,,2026-10-16 09:44:31
557,6,1.000,,2026-12-03 13:46:29
558,1,1.000,,2026-04-19 19:49:56
558,2,1.000,,2026-11-07 16:01:56
558,3,1.000,,2026-03-19 00:21:29
558,4,1.000,,2026-11-04 17:45:00
558,5,1.000,,2026-12-12 16:41:06
558,6,1.000,,2026-12-24 08:54:49
559,1,1.000,,2026-12-19 19:01:49
559,2,1.000,,2026-01-17 06:09:44
559,3,1.000,,2026-10-24 14:53:48
559,4,1.000,,2026-09-13 01:57:26
559,5,1.000,,2026-12-03 21:44:27
559,6,1.000,,2026-12-17 11:15:05
560,1,1.000,,2026-12-02 18:00:36
560,2,1.000,,2026-08-06 12:40:13
560,3,1.000,,2026-12-09 10:43:52
560,4,1.000,,2026-08-26 00:45:48
560,5,1.000,,2026-12-30 19:26:18
560,6,1.000,,2026-02-26 07:33:47
561,1,1.000,,2026-08-20 19:26:22
561,2,1.000,,2026-11-10 14:34:20
561,3,1.000,,2026-12-14 19:30:19
561,4,1.000,,2026-12-29 19:52:25
561,5,1.000,,2026-03-04 01:07:33
561,6,1.000,,2026-11-13 19:27:14
562,1,1.000,,2026-04-13 03:27:20
562,2,33.640,,2026-12-14 23:49:45
562,3,1.000,,2026-06-05 17:25:20
562,4,1.000,,2026-11-06 20:00:42
562,5,1.000,,2026-11-21 08:38:14
562,6,1.000,,2026-08-04 12:04:01
563,1,1.000,,2026-11-25 22:30:11
563,2,1.000,,2026-12-29 01:39:59
563,3,1.000,,2026-04-08 03:58:32
563,4,1.000,,2027-01-03 17:33:36
563,5,1.000,,2026-08-11 17:44:20
563,6,1.000,,2026-04-17 08:34:12
564,1,1.000,,2026-10-18 06:24:21
564,2,1.000,,2026-12-29 17:18:56
564,3,1.000,,2026-12-13 02:37:19
564,4,1.000,,2026-12-28 03:30:29
564,5,1.000,,2026-12-11 21:23:28
564,6,1.000,,2026-11-22 13:15:25
565,1,1.000,,2026-12-27 23:22:35
565,2,1.000,,2026-06-22 13:13:02
565,3,1.000,,2026-05-10 08:30:57
565,4,1.000,,2026-12-26 18:41:12
565,5,1.000,,2026-12-13 17:25:54
565,6,1.000,,2026-10-20 22:16:35
566,1,1.000,,2026-12-07 16:20:35
566,2,1.000,,2026-12-08 03:01:13
566,3,1.000,,2026-09-27 01:44:14
566,4,1.000,,2026-12-07 20:47:26
566,5,1.000,,2026-11-29 07:03:00
566,6,1.000,,2026-10-23 22:38:53
567,1,1.000,,2026-11-09 03:59:35
567,2,1.000,,2026-12-18 20:51:09
567,3,3.000,,2026-12-17 21:01:19
567,4,1.000,,2026-12-12 13:30:31
567,5,1.000,,2026-12-16 20:33:45
567,6,1.000,,2026-12-24 22:31:11
568,1,1.000,,2026-12-11 18:09:08
568,2,1.000,,2026-11-13 01:13:10
568,3,1.000,,2026-10-30 01:56:53
568,4,1.000,,2026-11-01 13:35:17
568,5,1.000,,2026-12-11 19:13:23
568,6,1.000,,2026-09-16 22:28:06
569,1,1.000,,2026-12-12 23:25:06
569,2,1.000,,2026-08-20 23:23:44
569,3,1.000,,2026-12-22 05:15:43
569,4,1.000,,2026-12-04 16:17:59
569,5,1.000,,2026-08-10 10:44:58
569,6,1.000,,2026-12-08 13:20:28
570,1,1.000,,2026-12-19 19:01:49
570,2,1.000,,2026-05-05 03:43:48
570,3,1.000,,2026-03-15 02:56:22
570,4,1.000,,2026-09-22 06:54:33
570,5,1.000,,2026-12-17 09:26:39
570,6,1.000,,2026-10-21 12:03:51
571,1,1.000,,2026-11-18 00:02:11
571,2,1.000,,2026-12-22 00:48:11
571,3,1.000,,2026-12-28 03:11:50
571,4,1.000,,2025-11-26 00:29:29
571,5,1.000,,2026-10-19 03:22:38
571,6,1.000,,2026-09-10 10:32:36
572,1,1.000,,2026-11-27 13:58:56
572,2,1.000,,2026-12-26 01:02:45
572,3,1.000,,2026-10-27 17:21:33
572,4,1.000,,2026-11-01 17:12:44
572,5,1.000,,2026-08-30 09:10:43
572,6,1.000,,2026-12-14 16:37:32
573,1,1.000,,2024-12-18 14:52:55
573,2,1.000,,2027-01-21 19:14:04
573,3,1.000,,2026-12-28 14:52:13
573,4,1.000,,2026-12-30 01:34:32
573,5,1.000,,2026-12-05 12:16:31
573,6,1.000,,2026-09-04 16:58:54
574,1,1.000,,2026-09-01 08:42:10
574,2,1.000,,2026-12-16 09:15:04
574,3,1.000,,2026-01-14 20:49:22
574,4,1.000,,2026-07-26 00:24:48
574,5,1.000,,2026-10-18 19:29:44
574,6,1.000,,2026-07-20 17:23:53
575,1,1.000,,2026-06-30 13:47:01
575,2,1.000,,2026-01-07 05:55:22
575,3,1.000,,2026-12-09 10:43:52
575,4,1.000,,2026-06-21 01:03:47
575,5,1.000,,2026-12-28 18:23:31
575,6,1.000,,2026-09-14 11:18:17
576,1,1.000,,2026-12-09 05:07:20
576,2,1.000,,2026-12-03 23:31:53
576,3,1.000,,2025-06-18 20:26:47
576,4,1.000,,2026-11-09 22:35:52
576,5,1.000,,2026-11-06 05:00:05
576,6,1.000,,2026-03-14 19:29:10
577,1,1.000,,2026-12-18 15:22:00
577,2,1.000,,2026-11-01 22:38:00
577,3,1.000,,2026-11-24 16:34:58
577,4,1.000,,2026-12-01 20:18:36
577,5,1.000,,2026-09-16 15:45:46
577,6,1.000,,2026-11-13 19:27:14
578,1,1.000,,2026-11-04 03:17:13
578,2,1.000,,2026-11-23 18:03:12
578,3,1.000,,2026-06-21 14:43:46
578,4,1.000,,2026-11-14 07:36:36
578,5,1.000,,2026-12-28 10:06:49
578,6,1.000,,2026-12-04 06:41:42
579,1,1.000,,2026-12-18 15:22:00
579,2,1.000,,2027-01-06 03:40:17
579,3,1.000,,2026-10-31 04:23:15
579,4,1.000,,2026-08-13 12:56:23
579,5,5.000,,2026-09-29 05:50:26
579,6,1.000,,2026-12-21 03:40:17
580,1,1.000,,2026-12-09 12:12:13
580,2,1.000,,2026-12-24 10:11:41
580,3,1.000,,2026-10-18 11:13:14
580,4,1.000,,2026-12-09 08:06:46
580,5,9.000,,2026-01-21 11:05:05
580,6,1.000,,2026-11-15 05:46:59
581,1,1.000,,2026-12-30 22:23:21
581,2,1.000,,2026-12-15 07:02:38
581,3,1.000,,2026-01-28 03:11:59
581,4,1.000,,2026-09-25 00:27:40
581,5,1.000,,2026-12-26 23:44:01
581,6,1.000,,2026-09-19 00:44:24
582,1,1.000,,2026-12-23 01:51:09
582,2,1.000,,2026-12-06 01:36:08
582,3,1.000,,2026-07-19 18:31:46
582,4,1.000,,2026-08-17 17:01:14
582,5,1.000,,2026-12-24 18:37:38
582,6,1.000,,2026-11-18 05:51:36
583,1,1.000,,2026-04-24 04:47:12
583,2,1.000,,2026-12-16 09:34:49
583,3,1.000,,2026-12-27 07:43:30
583,4,1.000,,2026-04-25 05:06:37
583,5,1.000,,2026-12-14 15:16:05
583,6,1.000,,2026-12-23 19:16:15
584,1,1.000,,2026-07-31 23:06:19
584,2,1.000,,2026-06-03 05:42:59
584,3,1.000,,2026-12-10 08:21:26
584,4,1.000,,2026-06-16 00:43:13
584,5,1.000,,2026-12-10 02:51:00
584,6,1.000,,2026-11-30 21:49:40
585,1,1.000,,2026-07-13 04:55:30
585,2,1.000,,2026-12-04 21:03:17
585,3,1.000,,2026-11-20 16:57:19
585,4,0.000,,2026-12-28 02:00:25
585,5,1.000,,2025-06-20 07:51:12
585,6,1.000,,2026-08-31 06:42:37
586,1,1.000,,2026-12-07 19:14:24
586,2,1.000,,2026-10-13 17:19:18
586,3,1.000,,2026-05-18 13:49:08
586,4,1.000,,2026-12-11 14:26:49
586,5,1.000,,2026-11-15 13:59:41
586,6,1.000,,2026-11-03 08:46:33
587,1,1.000,,2026-12-03 20:30:04
587,2,1.000,,2026-11-16 06:10:07
587,3,1.000,,2027-01-09 18:08:15
587,4,1.000,,2026-12-30 12:20:34
587,5,1.000,,2026-12-16 16:47:58
587,6,1.000,,2026-11-07 11:34:53
588,1,1.000,,2026-12-03 08:00:36
588,2,1.000,,2026-06-12 19:48:59
588,3,1.000,,2026-11-25 08:53:48
588,4,1.000,,2026-12-09 15:26:44
588,5,1.000,,2026-03-30 18:12:47
588,6,1.000,,2026-12-03 12:08:56
589,1,1.000,,2026-12-07 08:44:46
589,2,1.000,,2026-11-23 12:27:40
589,3,1.000,,2026-05-17 04:07:52
589,4,1.000,,2026-12-31 10:20:36
589,5,1.000,,2026-12-26 14:38:59
589,6,1.000,,2026-11-08 15:30:16
590,1,1.000,,2026-11-29 23:26:03
590,2,1.000,,2026-09-25 06:29:39
590,3,1.000,,2026-10-14 06:19:54
590,4,1.000,,2026-10-07 00:08:42
590,5,1.000,,2026-11-27 23:02:58
590,6,1.000,,2026-09-26 22:46:52
591,1,1.000,,2026-06-29 19:28:09
591,2,1.000,,2026-11-20 09:59:10
591,3,1.000,,2026-12-09 20:07:39
591,4,1.000,,2026-10-20 13:44:29
591,5,1.000,,2026-04-07 04:59:07
591,6,1.000,,2026-12-16 22:55:14
592,1,1.000,,2026-10-19 13:43:36
592,2,1.000,,2026-12-31 00:01:28
592,3,1.000,,2026-04-10 18:49:07
592,4,1.000,,2026-12-13 19:04:28
592,5,1.000,,2026-12-21 03:20:04
592,6,1.000,,2026-12-23 02:44:47
593,1,1.000,,2026-11-11 12:41:00
593,2,1.000,,2026-12-06 23:51:21
593,3,1.000,,2026-11-27 13:14:50
593,4,1.000,,2026-12-25 05:50:47
593,5,1.000,,2026-09-04 16:54:44
593,6,1.000,,2026-11-06 18:21:58
594,1,1.000,,2026-12-01 17:13:40
594,2,1.000,,2026-12-18 06:30:08
594,3,1.000,,2026-12-23 02:31:24
594,4,1.000,,2026-11-04 10:55:22
594,5,1.000,,2026-12-14 08:50:19
594,6,1.000,,2026-12-01 01:39:15
595,1,1.000,,2026-05-18 14:41:58
595,2,1.000,,2026-11-05 05:14:25
595,3,1.000,,2026-12-01 13:38:09
595,4,1.000,,2026-10-27 18:48:40
595,5,1.000,,2026-12-25 08:39:53
595,6,1.000,,2026-12-12 19:39:44
596,1,1.000,,2026-11-14 02:34:39
596,2,1.000,,2026-12-17 23:39:54
596,3,1.000,,2026-12-27 07:43:30
596,4,1.000,,2026-12-26 01:23:41
596,5,1.000,,2026-12-15 11:22:06
596,6,1.000,,2026-11-25 17:02:10
597,1,1.000,,2026-12-24 22:42:22
597,2,1.000,,2026-12-27 21:57:04
597,3,1.000,,2026-12-25 23:34:30
597,4,1.000,,2026-11-16 06:00:49
597,5,1.000,,2026-12-02 22:28:38
597,6,1.000,,2026-12-19 18:22:44
598,1,1.000,,2026-10-02 12:30:18
598,2,8.000,,2026-12-06 17:33:29
598,3,1.000,,2026-10-25 11:34:32
598,4,1.000,,2026-10-21 19:43:57
598,5,1.000,,2026-03-14 20:26:00
598,6,1.000,,2026-12-26 20:54:41
599,1,1.000,,2026-12-19 22:22:59
599,2,1.000,,2026-09-13 14:17:41
599,3,1.000,,2026-03-11 09:18:32
599,4,1.000,,2027-01-16 22:22:59
599,5,1.000,,2026-11-01 18:33:46
599,6,1.000,,2026-03-30 02:29:49
600,1,1.000,,2026-10-25 13:15:20
600,2,1.000,,2026-07-30 12:17:10
600,3,1.000,,2026-12-21 06:09:03
600,4,1.000,,2026-12-25 16:30:53
600,5,1.000,,2026-09-02 13:27:01
600,6,1.000,,2026-11-08 07:10:18
601,1,1.000,,2026-06-23 13:45:56
601,2,1.000,,2026-11-15 19:57:04
601,3,1.000,,2026-12-17 17:43:18
601,4,1.000,,2026-12-19 08:55:05
601,5,1.000,,2026-03-30 07:42:36
601,6,1.000,,2026-03-26 03:08:36
602,1,1.000,,2026-12-20 15:10:43
602,2,1.000,,2026-12-07 00:17:22
602,3,1.000,,2026-12-06 06:28:53
602,4,1.000,,2026-12-01 23:14:59
602,5,1.000,,2026-11-11 19:00:09
602,6,1.000,,2026-12-12 13:10:46
603,1,1.000,,2026-12-03 22:48:47
603,2,1.000,,2026-12-09 12:03:48
603,3,1.000,,2026-12-14 18:56:37
603,4,1.000,,2026-05-17 10:02:20
603,5,1.000,,2026-02-27 12:25:54
603,6,1.000,,2026-11-28 04:58:34
604,1,19.600,,2026-11-02 06:46:27
604,2,1.000,,2026-11-03 03:11:32
604,3,1.000,,2026-12-08 06:40:13
604,4,1.000,,2026-12-24 04:46:26
604,5,1.000,,2026-10-13 05:34:16
604,6,1.000,,2026-11-07 05:37:28
605,1,1.000,,2026-11-30 13:09:08
605,2,1.000,,2026-12-31 14:23:32
605,3,1.000,,2026-11-07 09:58:50
605,4,1.000,,2026-10-27 18:48:40
605,5,1.000,,2026-11-02 07:28:09
605,6,1.000,,2026-11-01 08:42:14
606,1,1.000,,2026-11-21 02:06:59
606,2,1.000,,2026-11-19 21:46:23
606,3,1.000,,2026-12-29 20:32:12
606,4,1.000,,2026-12-24 22:12:00
606,5,1.000,,2026-12-28 10:06:49
606,6,1.000,,2026-12-03 08:29:31
607,1,25.000,,2026-02-25 20:59:15
607,2,1.000,,2026-12-01 17:24:13
607,3,1.000,,2026-12-10 08:21:26
607,4,1.000,,2026-11-15 12:24:13
607,5,1.000,,2026-10-02 12:31:36
607,6,1.000,,2026-12-31 02:58:58
608,1,1.000,,2026-12-24 22:42:22
608,2,1.000,,2026-12-25 00:34:18
608,3,29.000,,2026-11-29 04:23:16
608,4,1.000,,2026-12-28 04:38:21
608,5,1.000,,2026-10-24 00:16:39
608,6,1.000,,2026-08-18 20:50:05
609,1,1.000,,2026-10-09 01:01:00
609,2,1.000,,2026-12-08 13:56:11
609,3,1.000,,2026-12-21 04:37:47
609,4,1.000,,2026-04-24 02:56:18
609,5,1.000,,2026-05-28 01:37:58
609,6,1.000,,2026-12-16 16:39:44
610,1,3.000,,2026-11-23 07:50:46
610,2,1.000,,2026-09-10 21:02:21
610,3,1.000,,2026-12-10 11:52:04
610,4,1.000,,2026-12-31 16:18:27
610,5,1.000,,2026-10-09 14:06:05
610,6,1.000,,2026-12-07 01:31:08
611,1,1.000,,2026-10-04 10:52:55
611,2,1.000,,2026-11-17 00:46:04
611,3,1.000,,2026-11-20 06:11:32
611,4,1.000,,2026-12-30 05:29:41
611,5,1.000,,2026-12-07 14:09:27
611,6,1.000,,2026-12-15 04:50:32
612,1,1.000,,2026-12-22 03:55:33
612,2,1.000,,2026-12-27 02:02:31
612,3,1.000,,2026-10-25 13:01:10
612,4,1.000,,2026-04-21 21:37:57
612,5,1.000,,2026-10-05 10:32:44
612,6,1.000,,2026-12-18 09:30:50
613,1,1.000,,2026-07-28 06:51:49
613,2,1.000,,2026-11-28 23:13:50
613,3,1.000,,2026-12-18 14:59:54
613,4,1.000,,2026-04-09 10:24:50
613,5,1.000,,2026-11-13 20:29:32
613,6,1.000,,2026-09-13 13:48:01
614,1,1.000,,2026-12-31 22:05:26
614,2,1.000,,2026-12-18 22:51:24
614,3,1.000,,2026-12-24 13:29:49
614,4,1.000,,2026-10-16 13:42:25
614,5,1.000,,2026-10-12 08:13:26
614,6,1.000,,2026-11-09 16:42:16
615,1,1.000,,2026-11-14 07:10:08
615,2,1.000,,2026-12-07 23:14:46
615,3,1.000,,2026-12-24 04:01:29
615,4,1.000,,2026-05-16 17:17:13
615,5,1.000,,2026-10-06 04:49:33
615,6,1.000,,2026-12-16 22:55:14
616,1,1.000,,2026-05-08 19:47:28
616,2,1.000,,2026-12-24 22:09:44
616,3,1.000,,2026-10-22 01:20:42
616,4,1.000,,2026-11-17 04:30:06
616,5,1.000,,2026-11-28 01:20:42
616,6,1.000,,2026-11-26 11:21:40
617,1,1.000,,2026-06-13 18:25:06
617,2,1.000,,2026-12-19 23:36:08
617,3,1.000,,2026-12-13 01:24:05
617,4,1.000,,2025-12-26 21:48:30
617,5,1.000,,2026-11-14 08:45:05
617,6,1.000,,2026-08-14 22:10:12
618,1,1.000,,2025-12-25 10:15:19
618,2,1.000,,2026-12-27 01:38:02
618,3,1.000,,2026-07-28 20:18:03
618,4,1.000,,2026-10-19 05:29:15
618,5,1.000,,2026-12-15 19:22:04
618,6,1.000,,2026-02-03 19:05:27
619,1,1.000,,2026-11-08 02:27:02
619,2,1.000,,2026-12-18 06:50:26
619,3,1.000,,2026-12-24 23:26:18
619,4,1.000,,2026-11-21 00:22:08
619,5,1.000,,2026-08-30 05:02:45
619,6,1.000,,2026-06-15 06:04:49
620,1,1.000,,2026-11-18 00:02:11
620,2,1.000,,2026-11-21 13:41:57
620,3,1.000,,2026-04-14 14:57:16
620,4,1.000,,2026-04-17 21:41:57
620,5,1.000,,2026-12-29 13:41:57
620,6,1.000,,2026-03-26 10:51:50
621,1,1.000,,2026-12-22 19:19:02
621,2,1.000,,2026-12-22 00:48:11
621,3,1.000,,2026-12-07 00:00:12
621,4,1.000,,2027-01-04 23:02:28
621,5,1.000,,2026-12-05 23:04:33
621,6,1.000,,2026-12-10 03:26:11
622,1,1.000,,2026-12-27 06:52:46
622,2,1.000,,2026-12-19 16:53:38
622,3,1.000,,2026-08-17 03:43:32
622,4,1.000,,2026-11-03 05:14:38
622,5,1.000,,2026-11-22 07:12:25
622,6,1.000,,2026-12-01 18:34:01
623,1,1.000,,2026-09-28 05:14:52
623,2,1.000,,2027-01-06 08:11:20
623,3,1.000,,2026-06-03 19:39:02
623,4,1.000,,2026-12-19 17:45:31
623,5,1.000,,2026-12-14 03:19:10
623,6,1.000,,2026-10-02 07:34:03
624,1,1.000,,2026-01-13 17:03:10
624,2,1.000,,2026-10-30 18:27:45
624,3,1.000,,2026-12-28 12:35:05
624,4,1.000,,2026-12-19 03:34:21
624,5,1.000,,2026-11-29 18:33:03
624,6,1.000,,2026-12-05 03:48:26
625,1,1.000,,2026-04-25 01:35:08
625,2,1.000,,2026-10-07 21:46:33
625,3,1.000,,2026-11-27 14:46:48
625,4,1.000,,2026-12-28 05:10:06
625,5,1.000,,2026-12-04 04:29:09
625,6,1.000,,2026-10-01 18:33:41
626,1,1.000,,2026-11-23 14:49:08
626,2,1.000,,2026-12-01 02:05:21
626,3,1.000,,2026-11-10 05:08:01
626,4,1.000,,2026-12-29 03:07:41
626,5,1.000,,2026-11-12 22:34:47
626,6,1.000,,2025-12-17 04:13:34
627,1,1.000,,2026-09-28 05:14:52
627,2,1.000,,2026-12-28 00:02:51
627,3,1.000,,2026-10-15 06:36:21
627,4,1.000,,2026-12-10 00:31:04
627,5,1.000,,2026-09-14 22:57:41
627,6,1.000,,2026-12-27 11:44:47
628,1,1.000,,2026-10-17 01:28:27
628,2,1.000,,2026-09-28 11:24:53
628,3,16.000,,2026-10-01 11:28:39
628,4,1.000,,2026-05-24 01:27:19
628,5,1.000,,2026-10-26 23:19:08
628,6,1.000,,2026-11-26 19:51:16
629,1,1.000,,2026-09-25 01:18:13
629,2,1.000,,2026-05-20 13:59:43
629,3,1.000,,2026-12-22 00:41:53
629,4,1.000,,2026-07-14 16:38:35
629,5,1.000,,2026-12-10 03:11:49
629,6,1.000,,2026-11-22 15:15:21
630,1,1.000,,2026-12-01 01:16:57
630,2,74.000,,2026-12-07 17:31:50
630,3,1.000,,2026-11-26 02:46:10
630,4,1.000,,2026-11-01 07:59:48
630,5,1.000,,2025-10-15 12:21:04
630,6,1.000,,2026-09-12 15:45:24
631,1,1.000,,2026-12-24 11:51:43
631,2,1.000,,2026-12-30 17:34:46
631,3,1.000,,2026-11-09 06:38:11
631,4,1.000,,2026-09-02 15:43:00
631,5,1.000,,2026-11-15 20:05:11
631,6,1.000,,2026-12-08 02:52:25
632,1,1.000,,2026-12-19 05:33:30
632,2,1.000,,2026-03-25 07:26:56
632,3,1.000,,2026-12-07 07:49:43
632,4,1.000,,2026-07-10 01:14:59
632,5,1.000,,2026-12-12 16:41:06
632,6,1.000,,2025-12-31 03:07:56
633,1,1.000,,2026-09-28 11:50:35
633,2,1.000,,2025-03-10 11:41:21
633,3,1.000,,2026-05-01 22:04:25
633,4,1.000,,2026-10-13 03:09:34
633,5,1.000,,2026-11-27 19:55:13
633,6,1.000,,2026-10-03 14:47:41
634,1,1.000,,2026-04-25 23:29:20
634,2,1.000,,2026-06-25 04:46:52
634,3,1.000,,2026-05-13 01:56:45
634,4,1.000,,2026-09-26 07:38:52
634,5,1.000,,2026-12-14 23:31:23
634,6,1.000,,2026-08-19 13:16:33
635,1,1.000,,2026-12-12 13:50:43
635,2,1.000,,2026-11-12 01:45:47
635,3,1.000,,2026-11-30 21:48:12
635,4,1.000,,2026-12-30 05:29:41
635,5,1.000,,2026-10-11 20:57:46
635,6,1.000,,2026-10-10 16:05:52
636,1,1.000,,2026-11-01 17:46:35
636,2,1.000,,2026-10-25 09:13:41
636,3,1.000,,2026-12-13 02:37:19
636,4,1.000,,2026-04-02 07:59:36
636,5,1.000,,2026-05-11 02:23:51
636,6,1.000,,2026-09-19 02:32:45
637,1,1.000,,2026-12-11 18:09:08
637,2,1.000,,2026-05-05 03:43:48
637,3,1.000,,2026-11-08 19:34:44
637,4,1.000,,2026-08-17 08:47:02
637,5,1.000,,2026-12-01 17:36:19
637,6,1.000,,2026-12-27 11:44:47
638,1,1.000,,2026-12-15 21:15:28
638,2,1.000,,2026-08-26 07:09:52
638,3,1.000,,2027-01-22 16:47:20
638,4,1.000,,2026-12-26 18:41:12
638,5,1.000,,2026-11-04 09:07:34
638,6,1.000,,2025-10-28 15:35:48
639,1,1.000,,2026-12-22 19:19:02
639,2,1.000,,2026-05-22 02:53:49
639,3,1.000,,2026-11-22 04:05:51
639,4,1.000,,2026-11-19 21:18:45
639,5,1.000,,2026-06-09 20:50:57
639,6,1.000,,2026-12-12 11:09:19
640,1,0.760,,2026-11-14 02:34:39
640,2,1.000,,2026-11-12 16:50:45
640,3,1.000,,2026-12-18 06:12:39
640,4,1.000,,2026-12-26 18:41:12
640,5,1.000,,2026-12-12 16:41:06
640,6,1.000,,2026-08-12 23:00:05
641,1,1.000,,2026-10-28 21:46:55
641,2,1.000,,2026-11-21 20:01:34
641,3,1.000,,2026-09-28 07:07:36
641,4,1.000,,2026-06-28 19:50:35
641,5,1.000,,2026-12-08 00:06:07
641,6,1.000,,2026-11-02 21:17:09
642,1,1.000,,2026-11-18 08:29:52
642,2,1.000,,2025-11-24 18:45:30
642,3,1.000,,2026-11-22 17:04:20
642,4,1.000,,2026-12-25 05:50:47
642,5,1.000,,2026-09-23 09:35:01
642,6,1.000,,2026-08-16 03:25:47
643,1,1.000,,2026-11-04 01:10:34
643,2,1.000,,2026-09-18 12:02:42
643,3,1.000,,2026-12-06 10:02:36
643,4,1.000,,2026-05-05 07:27:49
643,5,1.000,,2026-11-25 06:06:15
643,6,1.000,,2026-10-10 02:19:06
644,1,1.000,,2026-11-03 16:22:03
644,2,1.000,,2026-12-12 12:46:34
644,3,1.000,,2026-12-16 15:30:24
644,4,1.000,,2026-12-03 20:04:02
644,5,21.000,,2026-11-30 21:12:16
644,6,1.000,,2026-12-15 01:04:42
645,1,1.000,,2026-12-20 08:54:10
645,2,1.000,,2026-10-21 15:18:12
645,3,1.000,,2026-12-13 16:29:01
645,4,1.000,,2026-12-13 03:43:01
645,5,1.000,,2026-11-02 07:48:23
645,6,1.000,,2026-12-30 09:13:04
646,1,1.000,,2026-12-01 01:16:57
646,2,1.000,,2026-11-07 13:27:30
646,3,1.000,,2026-12-08 12:00:09
646,4,1.000,,2026-02-06 15:41:08
646,5,1.000,,2026-12-04 07:11:54
646,6,1.000,,2026-12-26 14:31:56
647,1,1.000,,2026-12-05 18:23:38
647,2,1.000,,2026-06-22 20:36:56
647,3,1.000,,2026-12-24 23:26:18
647,4,1.000,,2026-11-22 20:36:23
647,5,1.000,,2026-12-30 06:35:23
647,6,1.000,,2026-12-21 09:01:43
648,1,1.000,,2026-12-28 00:47:52
648,2,1.000,,2026-12-16 09:15:04
648,3,1.000,,2026-12-15 08:06:54
648,4,1.000,,2026-04-02 15:51:23
648,5,1.000,,2026-12-28 20:36:43
648,6,1.000,,2026-11-18 08:23:46
649,1,1.000,,2026-12-15 04:15:53
649,2,1.000,,2026-12-27 01:38:02
649,3,1.000,,2026-09-13 15:49:35
649,4,1.000,,2026-12-01 18:42:04
649,5,1.000,,2026-08-11 14:37:11
649,6,1.000,,2026-11-13 02:18:36
650,1,1.000,,2026-11-28 05:56:32
650,2,1.000,,2026-11-16 23:02:16
650,3,1.000,,2026-04-30 23:59:50
650,4,1.000,,2026-07-31 16:26:39
650,5,1.000,,2026-12-28 20:36:43
650,6,1.000,,2026-05-31 15:22:10
651,1,1.000,,2026-12-10 23:50:23
651,2,1.000,,2026-10-27 15:07:42
651,3,1.000,,2026-12-28 22:25:42
651,4,1.000,,2026-12-01 04:38:23
651,5,1.000,,2026-03-17 06:42:40
651,6,1.000,,2026-12-04 11:00:25
652,1,1.000,,2026-11-25 11:59:14
652,2,1.000,,2026-11-21 15:46:45
652,3,1.000,,2026-10-26 09:10:33
652,4,1.000,,2026-03-16 15:17:26
652,5,1.000,,2026-08-17 09:46:40
652,6,1.000,,2026-10-08 18:35:14
653,1,1.000,,2026-11-15 15:40:57
653,2,1.000,,2026-12-13 20:49:30
653,3,1.000,,2026-12-08 12:44:05
653,4,1.000,,2026-12-19 22:37:49
653,5,1.000,,2026-10-08 13:23:59
653,6,1.000,,2026-01-27 00:28:21
654,1,1.000,,2027-01-13 07:28:42
654,2,1.000,,2026-11-20 01:12:35
654,3,1.000,,2026-12-07 01:59:54
654,4,1.000,,2026-07-02 11:04:07
654,5,1.000,,2026-02-07 15:40:27
654,6,1.000,,2025-12-18 21:19:38
655,1,1.000,,2026-09-01 06:41:40
655,2,1.000,,2026-10-01 01:53:50
655,3,1.000,,2026-09-10 01:16:42
655,4,1.000,,2026-12-17 08:48:05
655,5,1.000,,2026-11-11 13:56:55
655,6,1.000,,2026-07-10 18:43:00
656,1,1.000,,2026-10-25 00:23:22
656,2,1.000,,2026-12-25 00:34:18
656,3,1.000,,2026-10-28 08:46:50
656,4,1.000,,2026-10-25 14:49:58
656,5,1.000,,2026-10-02 17:18:53
656,6,1.000,,2026-11-13 02:18:36
657,1,1.000,,2026-11-29 03:39:52
657,2,1.000,,2026-12-25 11:49:32
657,3,1.000,,2026-12-07 11:45:21
657,4,1.000,,2026-01-09 08:22:47
657,5,1.000,,2026-11-13 20:29:32
657,6,1.000,,2026-12-30 07:27:42
658,1,1.000,,2026-12-24 10:41:57
658,2,1.000,,2026-02-16 08:42:54
658,3,1.000,,2026-12-31 18:49:14
658,4,1.000,,2026-12-14 12:59:16
658,5,1.000,,2026-11-07 00:09:50
658,6,1.000,,2026-09-06 09:13:36
659,1,1.000,,2026-03-11 14:33:12
659,2,1.000,,2026-12-25 11:49:32
659,3,1.000,,2027-01-06 07:47:17
659,4,1.000,,2026-11-19 10:45:32
659,5,1.000,,2026-12-02 08:17:40
659,6,1.000,,2026-12-14 05:37:41
660,1,1.000,,2026-10-29 11:51:46
660,2,1.000,,2026-03-07 05:42:48
660,3,1.000,,2026-11-19 00:15:13
660,4,1.000,,2026-10-30 12:35:09
660,5,1.000,,2026-12-31 04:02:14
660,6,1.000,,2026-02-25 06:02:33
661,1,1.000,,2026-12-26 16:33:50
661,2,1.000,,2026-04-17 20:19:03
661,3,1.000,,2026-11-18 01:55:31
661,4,1.000,,2026-09-14 09:44:04
661,5,1.000,,2026-12-14 08:50:19
661,6,1.000,,2026-11-01 00:18:40
662,1,1.000,,2026-12-20 03:05:25
662,2,1.000,,2026-11-07 07:07:35
662,3,1.000,,2026-12-19 20:03:37
662,4,1.000,,2026-11-01 20:20:26
662,5,1.000,,2026-12-25 22:32:12
662,6,1.000,,2026-12-09 19:12:54
663,1,1.000,,2026-11-26 18:13:56
663,2,1.000,,2026-08-04 03:01:12
663,3,1.000,,2026-11-14 09:12:04
663,4,1.000,,2026-12-01 13:33:53
663,5,1.000,,2026-12-01 12:10:27
663,6,1.000,,2026-12-14 02:51:35
664,1,1.000,,2026-12-01 14:04:23
664,2,1.000,,2026-10-28 03:59:17
664,3,1.000,,2026-05-06 04:33:39
664,4,1.000,,2026-12-18 03:04:10
664,5,1.000,,2026-12-03 21:44:27
664,6,1.000,,2026-11-14 16:31:46
665,1,1.000,,2026-12-14 04:08:49
665,2,1.000,,2026-12-19 02:40:00
665,3,1.000,,2026-12-16 15:44:44
665,4,1.000,,2026-02-15 09:20:54
665,5,1.000,,2026-12-26 09:15:45
665,6,1.000,,2026-05-14 20:54:51
666,1,1.000,,2026-05-29 08:56:16
666,2,1.000,,2026-05-26 03:57:40
666,3,1.000,,2026-12-29 00:57:43
666,4,1.000,,2026-12-28 00:55:28
666,5,1.000,,2025-12-03 03:44:22
666,6,1.000,,2026-11-20 19:02:40
667,1,1.000,,2027-01-06 12:06:03
667,2,1.000,,2026-12-30 07:41:42
667,3,1.000,,2026-09-25 01:33:53
667,4,1.000,,2026-12-23 12:06:03
667,5,1.000,,2025-09-14 12:14:09
667,6,1.000,,2026-11-23 04:39:50
668,1,78.000,,2026-10-30 18:02:06
668,2,1.000,,2026-11-20 17:17:59
668,3,1.000,,2026-12-08 12:44:05
668,4,1.000,,2026-12-13 23:07:26
668,5,1.000,,2026-10-13 05:34:16
668,6,1.000,,2026-05-26 10:44:48
669,1,1.000,,2026-09-04 11:27:39
669,2,1.000,,2026-10-01 00:44:46
669,3,1.000,,2026-10-03 13:54:37
669,4,1.000,,2026-12-14 03:35:55
669,5,1.000,,2026-10-25 22:07:41
669,6,1.000,,2026-10-20 15:15:40
670,1,1.000,,2025-09-16 16:34:59
670,2,1.000,,2026-12-12 13:55:31
670,3,1.000,,2026-05-20 05:06:16
670,4,1.000,,2026-05-23 12:15:41
670,5,1.000,,2026-12-23 05:02:35
670,6,1.000,,2026-12-17 03:37:48
671,1,1.000,,2026-12-10 23:50:23
671,2,1.000,,2026-11-27 12:30:25
671,3,1.000,,2026-11-14 15:46:10
671,4,1.000,,2026-12-26 14:43:07
671,5,1.000,,2026-12-08 13:23:16
671,6,1.000,,2026-10-19 20:21:39
672,1,1.000,,2026-05-08 19:47:28
672,2,1.000,,2026-09-29 11:12:37
672,3,1.000,,2026-12-03 11:58:19
672,4,1.000,,2026-11-21 00:22:08
672,5,1.000,,2026-10-22 11:31:47
672,6,1.000,,2026-12-21 03:40:17
673,1,1.000,,2026-11-18 06:47:18
673,2,1.000,,2026-03-29 18:23:49
673,3,1.000,,2025-12-03 09:43:00
673,4,1.000,,2026-11-19 19:32:48
673,5,1.000,,2026-02-23 12:00:33
673,6,1.000,,2026-09-24 19:34:13
674,1,1.000,,2026-11-14 02:34:39
674,2,1.000,,2026-04-13 14:53:23
674,3,1.000,,2026-12-13 02:37:19
674,4,1.000,,2026-12-10 05:05:10
674,5,1.000,,2026-12-14 00:34:02
674,6,1.000,,2026-03-24 09:22:17
675,1,1.000,,2026-12-28 00:47:52
675,2,1.000,,2026-12-26 03:45:56
675,3,1.000,,2026-05-26 15:59:23
675,4,1.000,,2026-11-22 11:39:07
675,5,1.000,,2026-10-28 13:56:04
675,6,1.000,,2026-12-27 01:18:02
676,1,1.000,,2026-12-11 04:04:35
676,2,1.000,,2026-08-03 22:55:09
676,3,1.000,,2026-10-01 18:22:08
676,4,1.000,,2026-09-30 06:36:43
676,5,1.000,,2026-11-20 04:04:35
676,6,1.000,,2026-03-03 04:32:44
677,1,1.000,,2026-12-09 05:07:20
677,2,1.000,,2026-11-21 07:12:07
677,3,1.000,,2026-09-27 02:06:54
677,4,1.000,,2026-11-08 12:53:33
677,5,1.000,,2026-11-18 12:53:05
677,6,1.000,,2026-01-23 11:22:00
678,1,1.000,,2026-11-04 18:43:55
678,2,1.000,,2026-09-26 03:50:11
678,3,1.000,,2026-12-26 12:18:01
678,4,1.000,,2026-10-29 16:07:32
678,5,1.000,,2026-11-26 22:57:40
678,6,1.000,,2026-06-27 19:42:06
679,1,1.000,,2026-10-19 06:51:37
679,2,1.000,,2026-11-29 02:29:29
679,3,1.000,,2026-11-03 19:39:55
679,4,1.000,,2026-11-09 05:46:09
679,5,1.000,,2026-05-31 19:52:55
679,6,1.000,,2026-02-27 19:52:35
680,1,1.000,,2026-12-05 18:23:38
680,2,1.000,,2026-12-19 10:15:39
680,3,1.000,,2026-10-25 12:06:23
680,4,1.000,,2026-10-21 22:12:11
680,5,1.000,,2026-09-13 00:05:40
680,6,1.000,,2026-12-05 22:32:02
681,1,1.000,,2026-12-23 19:55:19
681,2,1.000,,2026-06-25 01:20:43
681,3,1.000,,2026-06-23 19:13:33
681,4,1.000,,2026-12-26 21:18:45
681,5,1.000,,2026-12-16 14:42:18
681,6,1.000,,2026-12-26 08:29:26
682,1,1.000,,2026-11-25 00:59:32
682,2,1.000,,2026-10-21 17:28:18
682,3,1.000,,2026-10-28 06:07:43
682,4,1.000,,2026-11-30 21:22:57
682,5,1.000,,2026-02-26 03:03:23
682,6,1.000,,2026-10-21 03:19:32
683,1,1.000,,2026-10-26 08:56:46
683,2,1.000,,2026-11-03 03:28:29
683,3,1.000,,2026-12-20 09:57:43
683,4,1.000,,2026-11-23 17:43:39
683,5,1.000,,2026-11-07 15:01:47
683,6,1.000,,2026-12-24 02:33:32
684,1,1.000,,2026-05-29 06:03:45
684,2,1.000,,2026-12-30 15:49:28
684,3,1.000,,2026-12-23 00:19:55
684,4,1.000,,2026-06-15 09:04:20
684,5,1.000,,2026-04-30 09:24:15
684,6,1.000,,2026-10-31 06:44:35
685,1,1.000,,2026-12-02 18:00:36
685,2,1.000,,2026-11-16 23:02:16
685,3,1.000,,2026-12-08 12:00:09
685,4,1.000,,2026-12-04 17:54:35
685,5,1.000,,2026-11-25 06:06:15
685,6,1.000,,2026-12-24 04:27:11
686,1,1.000,,2026-12-06 13:00:33
686,2,1.000,,2026-12-23 12:53:51
686,3,1.000,,2026-12-12 22:11:59
686,4,1.000,,2026-12-01 04:38:23
686,5,1.000,,2026-04-20 05:18:19
686,6,1.000,,2026-12-30 22:59:02
687,1,1.000,,2026-11-15 06:10:32
687,2,1.000,,2026-08-03 16:48:59
687,3,10.000,,2026-12-03 20:17:09
687,4,1.000,,2026-04-16 10:40:57
687,5,1.000,,2026-12-01 15:06:00
687,6,1.000,,2026-06-14 19:26:26
688,1,1.000,,2026-11-17 16:58:02
688,2,1.000,,2026-12-31 14:23:32
688,3,1.000,,2026-11-08 21:16:23
688,4,1.000,,2026-11-24 04:10:20
688,5,1.000,,2026-05-24 09:19:18
688,6,1.000,,2026-10-15 02:41:38
689,1,1.000,,2025-01-17 00:50:08
689,2,1.000,,2026-04-01 05:54:46
689,3,1.000,,2026-11-23 11:27:14
689,4,1.000,,2026-10-24 01:23:29
689,5,1.000,,2026-10-18 10:12:47
689,6,1.000,,2026-12-27 05:10:40
690,1,1.000,,2026-12-27 20:48:28
690,2,1.000,,2026-12-06 23:47:12
690,3,1.000,,2026-11-26 20:48:28
690,4,1.000,,2026-12-29 03:09:52
690,5,1.000,,2026-12-16 19:10:16
690,6,1.000,,2026-11-18 08:23:46
691,1,1.000,,2026-11-20 12:06:57
691,2,1.000,,2026-12-01 18:10:17
691,3,1.000,,2026-11-12 23:08:26
691,4,1.000,,2027-01-03 17:33:36
691,5,1.000,,2026-12-17 09:26:39
691,6,1.000,,2026-11-08 07:10:18
692,1,1.000,,2026-12-01 23:34:03
692,2,1.000,,2026-12-08 13:56:11
692,3,1.000,,2026-04-10 09:00:10
692,4,1.000,,2026-12-10 01:54:19
692,5,1.000,,2026-12-04 13:58:03
692,6,1.000,,2026-08-31 00:20:20
693,1,1.000,,2026-03-13 21:38:18
693,2,1.000,,2026-08-13 16:25:28
693,3,1.000,,2026-01-04 22:12:26
693,4,1.000,,2026-12-20 19:58:56
693,5,1.000,,2026-11-13 17:21:17
693,6,1.000,,2026-11-26 18:30:39
694,1,1.000,,2026-01-18 08:49:17
694,2,1.000,,2026-11-27 19:39:38
694,3,1.000,,2026-09-22 22:51:18
694,4,3.000,,2026-12-16 22:54:30
694,5,1.000,,2026-06-20 09:08:14
694,6,1.000,,2026-11-09 05:09:56
695,1,1.000,,2026-12-13 19:55:13
695,2,1.000,,2026-01-02 17:48:35
695,3,1.000,,2026-11-16 07:30:39
695,4,1.000,,2026-05-19 09:22:48
695,5,1.000,,2026-12-30 03:31:10
695,6,1.000,,2026-10-19 03:59:20
696,1,1.000,,2026-12-02 19:25:35
696,2,1.000,,2026-12-19 18:32:07
696,3,1.000,,2026-10-13 22:12:51
696,4,1.000,,2026-08-16 10:53:07
696,5,1.000,,2026-11-26 05:53:52
696,6,1.000,,2026-12-19 12:57:28
697,1,1.000,,2026-11-01 22:51:31
697,2,1.000,,2026-11-12 16:50:45
697,3,1.000,,2026-09-27 12:52:31
697,4,1.000,,2026-09-19 11:34:54
697,5,1.000,,2026-11-05 18:33:54
697,6,1.000,,2026-09-30 03:27:29
698,1,1.000,,2026-12-02 11:43:46
698,2,1.000,,2026-12-24 19:23:16
698,3,10.480,,2025-12-19 07:00:55
698,4,1.000,,2027-01-22 05:55:28
698,5,1.000,,2026-03-15 16:03:23
698,6,1.000,,2026-12-25 05:55:28
699,1,1.000,,2026-09-28 11:43:00
699,2,1.000,,2026-02-19 11:11:58
699,3,1.000,,2026-02-05 22:13:40
699,4,1.000,,2026-12-31 08:29:14
699,5,1.000,,2026-12-12 07:58:01
699,6,1.000,,2026-08-31 06:42:37
700,1,1.000,,2026-10-13 10:42:52
700,2,1.000,,2026-12-02 01:05:26
700,3,1.000,,2026-12-13 16:29:01
700,4,1.000,,2026-10-12 08:08:16
700,5,1.000,,2026-12-05 19:08:43
700,6,1.000,,2026-12-01 02:10:58
701,1,1.000,,2026-09-18 22:13:52
701,2,1.000,,2026-03-14 17:42:27
701,3,1.000,,2026-11-28 08:45:30
701,4,1.000,,2026-11-27 22:09:49
701,5,1.000,,2026-12-24 00:18:51
701,6,1.000,,2026-11-08 03:39:14
702,1,1.000,,2026-09-02 12:23:36
702,2,1.000,,2026-04-18 22:27:29
702,3,1.000,,2026-12-13 09:36:52
702,4,1.000,,2026-11-24 12:07:12
702,5,1.000,,2026-11-05 18:33:54
702,6,1.000,,2026-12-27 11:44:47
703,1,1.000,,2026-04-17 19:08:14
703,2,1.000,,2026-11-16 04:17:15
703,3,1.000,,2026-11-17 09:46:07
703,4,1.000,,2026-11-22 11:39:07
703,5,1.000,,2026-10-27 14:15:09
703,6,1.000,,2026-12-28 11:43:51
704,1,1.000,,2026-05-26 01:22:26
704,2,1.000,,2026-12-22 08:15:55
704,3,1.000,,2026-05-08 08:35:05
704,4,1.000,,2026-10-26 07:05:31
704,5,1.000,,2026-12-30 03:23:25
704,6,1.000,,2026-10-08 12:01:21
705,1,1.000,,2026-08-27 16:12:38
705,2,1.000,,2026-06-21 14:24:15
705,3,1.000,,2026-04-03 07:28:26
705,4,1.000,,2026-06-22 03:00:22
705,5,1.000,,2026-12-12 16:41:06
705,6,1.000,,2026-11-25 06:49:35
706,1,1.000,,2026-12-01 23:34:03
706,2,1.000,,2026-12-06 08:04:28
706,3,1.000,,2026-07-20 08:13:06
706,4,1.000,,2026-01-28 15:34:16
706,5,1.000,,2026-06-21 15:06:25
706,6,1.000,,2026-03-25 23:52:24
707,1,1.000,,2026-10-18 12:21:14
707,2,1.000,,2026-11-12 17:33:15
707,3,1.000,,2026-11-18 00:57:17
707,4,1.000,,2026-11-23 17:14:38
707,5,1.000,,2026-12-05 19:08:43
707,6,1.000,,2026-09-27 00:42:50
708,1,1.000,,2026-12-03 22:48:47
708,2,1.000,,2026-12-13 07:50:56
708,3,1.000,,2026-10-29 02:04:02
708,4,1.000,,2026-12-12 17:21:46
708,5,1.000,,2026-11-05 15:51:21
708,6,1.000,,2026-12-18 12:19:35
709,1,1.000,,2026-03-23 21:55:17
709,2,1.000,,2026-04-08 20:34:33
709,3,1.000,,2026-11-17 08:55:40
709,4,1.000,,2026-11-19 21:18:45
709,5,1.000,,2026-11-06 05:00:05
709,6,1.000,,2026-12-07 22:03:56
710,1,1.000,,2026-09-26 09:23:20
710,2,1.000,,2026-12-23 17:32:57
710,3,1.000,,2026-04-11 17:51:12
710,4,1.000,,2026-12-01 05:18:08
710,5,1.000,,2026-12-22 06:30:40
710,6,1.000,,2026-12-06 19:32:39
711,1,1.000,,2026-10-21 21:04:11
711,2,1.000,,2026-12-12 14:13:31
711,3,1.000,,2026-11-02 06:44:25
711,4,1.000,,2026-11-18 02:19:50
711,5,1.000,,2026-04-23 21:59:42
711,6,1.000,,2026-05-27 21:13:45
712,1,1.000,,2026-12-07 19:14:24
712,2,1.000,,2026-10-18 05:44:53
712,3,1.000,,2026-12-25 00:12:48
712,4,1.000,,2026-12-31 08:21:07
712,5,1.000,,2026-10-18 10:12:47
712,6,1.000,,2026-12-05 13:02:06
713,1,1.000,,2026-07-13 04:55:30
713,2,1.000,,2026-10-24 00:21:55
713,3,1.000,,2026-12-02 00:54:03
713,4,1.000,,2026-10-15 00:24:42
713,5,1.000,,2026-10-20 20:57:21
713,6,1.000,,2026-12-23 19:28:02
714,1,1.000,,2026-12-14 17:47:53
714,2,1.000,,2026-10-13 23:12:06
714,3,5.750,,2026-08-12 05:49:40
714,4,1.000,,2026-12-06 17:00:09
714,5,1.000,,2026-12-25 09:09:50
714,6,1.000,,2026-12-22 11:47:00
715,1,1.000,,2026-11-01 10:21:44
715,2,1.000,,2026-10-04 10:38:09
715,3,1.000,,2026-04-16 03:32:29
715,4,1.000,,2025-11-16 00:14:16
715,5,1.000,,2026-12-08 07:32:20
715,6,1.000,,2026-12-11 19:11:15
716,1,1.000,,2026-11-24 09:58:30
716,2,1.000,,2026-07-23 15:03:53
716,3,1.000,,2026-12-10 17:52:38
716,4,1.000,,2026-12-28 02:00:25
716,5,1.000,,2026-09-07 22:28:36
716,6,1.000,,2026-10-27 09:56:06
717,1,1.000,,2026-12-28 00:47:52
717,2,1.000,,2026-12-09 15:38:09
717,3,1.000,,2026-09-20 09:24:52
717,4,1.000,,2026-11-17 04:30:06
717,5,1.000,,2026-11-18 12:57:36
717,6,1.000,,2026-12-25 19:00:24
718,1,1.000,,2026-12-24 07:50:51
718,2,1.000,,2026-10-30 04:02:21
718,3,1.000,,2025-12-05 10:44:46
718,4,1.000,,2026-12-17 23:01:41
718,5,1.000,,2026-12-07 08:58:51
718,6,1.000,,2026-11-06 20:50:31
719,1,1.000,,2026-10-18 12:21:14
719,2,1.000,,2026-09-23 17:33:00
719,3,1.000,,2026-11-07 10:46:42
719,4,4.000,,2026-12-09 12:02:51
719,5,1.000,,2026-12-13 17:25:54
719,6,1.000,,2026-12-28 11:43:51
720,1,1.000,,2026-10-05 19:45:31
720,2,1.000,,2026-12-22 17:11:29
720,3,1.000,,2026-12-03 05:41:00
720,4,1.000,,2026-11-30 02:10:02
720,5,1.000,,2026-12-30 21:41:12
720,6,1.000,,2026-07-13 13:35:38
721,1,1.000,,2026-12-25 00:01:10
721,2,1.000,,2025-12-08 20:25:25
721,3,1.000,,2026-10-28 08:46:50
721,4,1.000,,2026-12-17 02:30:11
721,5,1.000,,2026-09-07 01:11:18
721,6,1.000,,2026-09-01 20:33:11
722,1,1.000,,2026-12-11 01:45:47
722,2,1.000,,2026-11-12 01:45:47
722,3,1.000,,2026-11-20 12:43:34
722,4,1.000,,2026-12-12 02:26:11
722,5,1.000,,2026-12-29 07:13:59
722,6,1.000,,2026-10-02 19:28:03
723,1,1.000,,2026-11-30 13:55:49
723,2,1.000,,2026-12-17 14:21:20
723,3,1.000,,2026-12-21 00:04:57
723,4,1.000,,2026-12-05 17:45:05
723,5,1.000,,2026-11-01 01:29:31
723,6,1.000,,2026-12-17 05:55:32
724,1,1.000,,2026-12-27 02:01:54
724,2,1.000,,2026-12-23 00:50:29
724,3,1.000,,2026-12-24 14:18:38
724,4,1.000,,2026-11-19 10:45:32
724,5,40.000,,2026-05-19 03:05:52
724,6,1.000,,2026-12-26 08:29:26
725,1,1.000,,2026-05-05 20:49:43
725,2,10.000,,2026-08-03 22:00:18
725,3,1.000,,2026-11-23 21:06:32
725,4,1.000,,2026-12-16 22:22:04
725,5,1.000,,2026-12-30 19:26:18
725,6,1.000,,2026-09-01 04:02:23
726,1,1.000,,2026-12-27 15:58:19
726,2,1.000,,2026-12-09 03:35:03
726,3,1.000,,2026-12-23 00:19:55
726,4,1.000,,2026-11-06 14:24:08
726,5,1.000,,2026-11-29 08:10:41
726,6,1.000,,2026-12-07 11:16:21
727,1,1.000,,2026-03-10 15:57:43
727,2,1.000,,2026-11-16 04:17:15
727,3,1.000,,2026-09-17 04:12:15
727,4,1.000,,2026-05-19 04:25:15
727,5,1.000,,2026-11-02 14:14:31
727,6,1.000,,2026-11-19 15:14:04
728,1,1.000,,2026-01-21 16:11:34
728,2,1.000,,2026-12-07 11:39:26
728,3,1.000,,2026-12-25 03:21:37
728,4,1.000,,2026-11-27 17:41:24
728,5,1.000,,2026-11-20 11:10:52
728,6,1.000,,2026-11-26 19:51:16
729,1,1.000,,2026-12-07 02:41:21
729,2,1.000,,2026-09-25 12:29:12
729,3,1.000,,2026-12-28 23:55:41
729,4,1.000,,2026-11-01 13:35:17
729,5,1.000,,2026-12-23 13:12:59
729,6,1.000,,2026-09-30 18:39:23
730,1,1.000,,2026-12-12 08:26:48
730,2,1.000,,2026-12-10 00:18:53
730,3,1.000,,2026-04-03 16:46:23
730,4,1.000,,2026-12-07 13:06:47
730,5,1.000,,2026-12-07 07:03:18
730,6,1.000,,2026-11-15 05:46:59
731,1,1.000,,2026-03-30 12:08:29
731,2,1.000,,2026-12-06 09:01:47
731,3,1.000,,2026-10-24 05:21:56
731,4,1.000,,2026-12-30 05:29:41
731,5,1.000,,2026-12-11 23:15:43
731,6,1.000,,2026-07-19 06:41:28
732,1,1.000,,2026-09-02 08:47:13
732,2,1.000,,2026-12-26 01:02:45
732,3,1.000,,2026-12-31 19:00:54
732,4,22.000,,2026-10-11 02:29:03
732,5,1.000,,2026-09-26 11:36:39
732,6,1.000,,2026-10-31 06:17:49
733,1,1.000,,2026-08-10 06:14:19
733,2,1.000,,2026-12-12 13:55:31
733,3,1.000,,2026-11-30 23:00:08
733,4,1.000,,2026-12-09 03:29:14
733,5,1.000,,2026-09-07 22:28:36
733,6,1.000,,2026-12-26 08:29:26
734,1,1.000,,2026-12-09 05:04:19
734,2,1.000,,2026-12-31 00:01:28
734,3,1.000,,2026-01-22 09:16:11
734,4,1.000,,2026-10-29 14:22:18
734,5,1.000,,2026-12-16 17:32:14
734,6,1.000,,2026-12-29 12:26:18
735,1,1.000,,2026-11-14 11:09:27
735,2,1.000,,2026-10-07 20:14:02
735,3,1.000,,2026-10-05 20:32:50
735,4,1.000,,2026-12-27 09:52:26
735,5,1.000,,2026-10-11 07:51:17
735,6,1.000,,2026-12-02 18:14:50
736,1,1.000,,2026-04-25 06:33:33
736,2,1.000,,2026-12-07 23:14:46
736,3,1.000,,2025-11-21 06:36:29
736,4,1.000,,2026-07-25 15:51:33
736,5,1.000,,2026-11-07 19:32:39
736,6,1.000,,2026-06-16 09:07:32
737,1,1.000,,2026-12-05 01:26:22
737,2,1.000,,2026-10-27 15:07:42
737,3,1.000,,2026-12-19 08:43:49
737,4,1.000,,2026-12-25 05:14:54
737,5,1.000,,2026-06-17 17:40:08
737,6,1.000,,2026-12-01 14:16:38
738,1,1.000,,2026-09-14 07:09:01
738,2,1.000,,2026-01-18 12:45:11
738,3,1.000,,2026-12-10 14:09:15
738,4,1.000,,2026-12-21 18:18:48
738,5,1.000,,2026-08-25 10:59:10
738,6,1.000,,2026-12-18 01:00:27
739,1,1.000,,2026-04-08 10:24:41
739,2,1.000,,2026-12-19 02:40:00
739,3,1.000,,2026-05-20 04:06:20
739,4,1.000,,2026-11-22 09:13:12
739,5,1.000,,2026-01-05 17:46:13
739,6,1.000,,2026-12-27 09:13:12
740,1,1.000,,2026-12-24 07:37:31
740,2,1.000,,2026-12-17 06:06:53
740,3,1.000,,2026-10-25 12:06:23
740,4,1.000,,2026-10-25 03:05:02
740,5,1.000,,2026-04-25 06:31:53
740,6,9.000,,2026-12-29 17:23:13
741,1,1.000,,2026-05-15 02:09:42
741,2,1.000,,2026-12-18 23:53:27
741,3,1.000,,2025-12-27 00:21:23
741,4,1.000,,2026-09-11 01:29:33
741,5,1.000,,2026-12-02 00:19:41
741,6,1.000,,2026-12-30 07:27:42
742,1,1.000,,2026-12-19 22:22:59
742,2,1.000,,2026-12-12 14:13:31
742,3,1.000,,2026-11-06 20:51:22
742,4,1.000,,2026-11-06 20:00:42
742,5,1.000,,2026-04-25 12:00:44
742,6,1.000,,2026-05-31 07:31:50
743,1,1.000,,2026-12-20 15:10:43
743,2,1.000,,2026-11-09 14:55:40
743,3,1.000,,2026-12-22 05:15:43
743,4,1.000,,2026-12-31 01:30:07
743,5,1.000,,2026-11-23 14:35:00
743,6,1.000,,2026-12-26 08:06:01
744,1,1.000,,2026-10-21 11:42:59
744,2,1.000,,2026-12-26 01:02:45
744,3,1.000,,2026-07-17 11:03:55
744,4,1.000,,2026-11-29 16:24:59
744,5,1.000,,2026-12-22 10:30:10
744,6,1.000,,2026-12-01 01:39:15
745,1,1.000,,2026-07-25 02:26:53
745,2,1.000,,2026-12-07 00:17:22
745,3,1.000,,2026-12-25 23:34:30
745,4,1.000,,2026-11-27 22:09:49
745,5,1.000,,2026-11-13 17:21:17
745,6,1.000,,2026-12-26 20:54:41
746,1,1.000,,2026-11-06 15:39:23
746,2,1.000,,2026-11-01 22:38:00
746,3,1.000,,2026-09-27 05:25:07
746,4,1.000,,2026-12-01 18:42:04
746,5,1.000,,2026-12-12 22:16:38
746,6,1.000,,2026-07-27 09:34:40
747,1,1.000,,2026-12-17 20:28:06
747,2,1.000,,2026-10-29 00:56:06
747,3,1.000,,2026-12-10 14:09:15
747,4,1.000,,2026-12-11 04:54:53
747,5,15.000,,2026-11-24 20:41:11
747,6,1.000,,2026-12-23 20:36:12
748,1,1.000,,2026-09-19 13:16:17
748,2,1.000,,2026-10-02 08:29:14
748,3,1.000,,2026-12-13 02:37:19
748,4,1.000,,2026-12-14 03:35:55
748,5,1.000,,2026-12-04 07:11:54
748,6,1.000,,2026-12-25 00:44:40
749,1,1.000,,2026-11-11 06:33:04
749,2,1.000,,2025-12-07 05:38:16
749,3,1.000,,2026-11-25 14:41:21
749,4,1.000,,2026-12-19 16:11:58
749,5,1.000,,2026-03-29 15:27:38
749,6,1.000,,2026-07-27 06:01:34
750,1,1.000,,2026-01-19 11:36:11
750,2,1.000,,2026-12-11 18:14:20
750,3,1.000,,2026-12-26 19:36:41
750,4,1.000,,2026-07-17 08:56:53
750,5,1.000,,2026-12-16 16:47:58
750,6,1.000,,2026-12-14 23:39:25
751,1,1.000,,2026-11-16 00:42:12
751,2,1.000,,2026-12-14 23:49:45
751,3,1.000,,2026-05-07 00:49:04
751,4,1.000,,2026-04-13 00:49:04
751,5,1.000,,2026-08-15 17:42:16
751,6,1.000,,2026-11-15 05:46:59
752,1,1.000,,2026-12-26 20:20:44
752,2,9.000,,2026-05-17 11:01:07
752,3,1.000,,2026-10-24 06:12:52
752,4,1.000,,2026-12-13 14:05:18
752,5,1.000,,2026-10-20 17:28:36
752,6,1.000,,2026-12-08 05:23:44
753,1,1.000,,2026-09-30 15:58:20
753,2,1.000,,2026-04-06 06:51:23
753,3,1.000,,2026-10-25 12:06:23
753,4,1.000,,2026-12-25 16:30:53
753,5,1.000,,2026-12-28 02:42:37
753,6,1.000,,2026-11-12 11:18:35
754,1,1.000,,2026-12-04 03:04:24
754,2,1.000,,2026-09-29 03:00:40
754,3,1.000,,2026-11-04 12:40:03
754,4,1.000,,2026-12-24 11:35:19
754,5,1.000,,2026-12-16 20:23:36
754,6,1.000,,2026-10-09 07:01:25
755,1,1.000,,2026-10-25 06:25:05
755,2,1.000,,2026-07-02 07:33:22
755,3,1.000,,2026-12-26 19:36:41
755,4,1.000,,2026-11-12 05:22:25
755,5,1.000,,2026-11-24 20:41:11
755,6,1.000,,2026-11-10 12:04:20
756,1,1.000,,2026-11-12 04:06:53
756,2,1.000,,2026-09-23 04:48:22
756,3,1.000,,2026-11-22 00:48:17
756,4,1.000,,2026-07-05 19:03:48
756,5,1.000,,2026-11-11 19:13:56
756,6,1.000,,2026-12-08 02:52:25
757,1,1.000,,2026-11-08 04:28:35
757,2,1.000,,2026-11-09 21:46:53
757,3,1.000,,2026-11-14 11:53:20
757,4,1.000,,2026-10-13 06:57:57
757,5,1.000,,2026-11-28 23:02:11
757,6,1.000,,2026-12-14 02:51:35
758,1,1.000,,2026-12-17 06:48:18
758,2,1.000,,2026-12-23 00:50:29
758,3,1.000,,2026-10-15 03:01:45
758,4,1.000,,2026-12-09 23:30:03
758,5,1.000,,2026-12-14 15:16:05
758,6,1.000,,2026-10-17 07:47:36
759,1,1.000,,2026-09-05 20:20:44
759,2,1.000,,2026-11-25 04:55:02
759,3,1.000,,2025-11-13 03:57:03
759,4,1.000,,2026-11-25 02:50:33
759,5,1.000,,2026-11-05 14:26:34
759,6,1.000,,2026-08-07 02:22:21
760,1,1.000,,2026-11-14 20:12:14
760,2,1.000,,2026-07-18 14:24:19
760,3,1.000,,2025-12-08 15:39:39
760,4,1.000,,2026-10-07 02:29:06
760,5,1.000,,2026-12-01 19:44:57
760,6,1.000,,2026-10-23 23:57:54
761,1,1.000,,2026-12-03 20:41:22
761,2,1.000,,2026-06-15 15:58:37
761,3,1.000,,2026-12-16 13:49:42
761,4,1.000,,2026-06-01 04:14:32
761,5,1.000,,2026-08-15 17:21:59
761,6,1.000,,2026-11-23 05:52:31
762,1,1.000,,2026-03-30 10:09:42
762,2,1.000,,2026-05-20 13:59:43
762,3,1.000,,2026-12-08 17:00:19
762,4,1.000,,2026-12-25 05:47:43
762,5,1.000,,2026-12-05 18:33:33
762,6,1.000,,2026-12-08 02:52:25
763,1,1.000,,2026-01-24 14:24:29
763,2,1.000,,2026-11-19 09:10:27
763,3,1.000,,2026-10-29 20:26:51
763,4,1.000,,2026-12-04 23:43:43
763,5,1.000,,2027-01-17 08:39:53
763,6,1.000,,2026-08-04 12:04:01
764,1,1.000,,2026-07-22 08:16:41
764,2,1.000,,2026-08-13 02:39:20
764,3,1.000,,2026-03-07 12:55:55
764,4,1.000,,2026-11-29 19:33:07
764,5,1.000,,2026-02-25 06:27:53
764,6,1.000,,2026-10-01 09:42:25
765,1,1.000,,2026-11-23 07:25:15
765,2,1.000,,2026-02-08 03:27:15
765,3,1.000,,2026-12-23 02:31:24
765,4,1.000,,2026-01-27 02:50:17
765,5,1.000,,2026-12-31 06:24:32
765,6,1.000,,2026-08-11 20:13:02
766,1,1.000,,2026-10-06 10:27:01
766,2,1.000,,2026-03-27 21:17:37
766,3,1.000,,2026-12-28 12:40:00
766,4,1.000,,2026-12-14 22:55:54
766,5,1.000,,2026-11-21 20:21:39
766,6,1.000,,2026-12-19 12:57:28
767,1,1.000,,2026-06-02 10:00:13
767,2,1.000,,2026-03-14 10:00:35
767,3,1.000,,2026-12-11 12:12:43
767,4,1.000,,2026-12-27 09:52:26
767,5,1.000,,2026-02-26 13:42:54
767,6,1.000,,2026-11-24 21:34:15
768,1,1.000,,2026-12-01 13:59:24
768,2,1.000,,2026-12-29 21:07:59
768,3,1.000,,2026-11-19 09:15:16
768,4,1.000,,2026-12-20 19:58:56
768,5,1.000,,2026-10-14 10:39:41
768,6,1.000,,2026-12-07 01:31:08
769,1,1.000,,2026-10-02 05:53:35
769,2,1.000,,2025-09-18 21:35:24
769,3,5.160,,2026-12-22 16:40:09
769,4,1.000,,2026-12-30 01:34:32
769,5,1.000,,2026-11-24 14:16:59
769,6,1.000,,2026-10-20 19:37:54
770,1,1.000,,2026-12-27 05:19:12
770,2,1.000,,2026-12-15 23:39:54
770,3,1.000,,2026-12-06 06:28:53
770,4,1.000,,2026-12-17 02:30:11
770,5,1.000,,2026-09-05 17:09:11
770,6,1.000,,2026-11-18 17:19:14
771,1,1.000,,2026-12-17 06:52:14
771,2,1.000,,2026-06-10 18:23:49
771,3,1.000,,2026-12-28 22:25:42
771,4,1.000,,2026-10-14 20:45:10
771,5,1.000,,2026-12-22 01:57:27
771,6,1.000,,2026-05-23 15:55:56
772,1,1.000,,2026-12-11 19:21:41
772,2,1.000,,2026-12-29 02:56:38
772,3,1.000,,2027-01-09 18:08:15
772,4,1.000,,2026-12-20 10:11:49
772,5,1.000,,2026-11-13 20:29:32
772,6,1.000,,2026-04-28 01:30:03
773,1,1.000,,2026-12-14 22:29:11
773,2,1.000,,2026-11-23 10:30:57
773,3,1.000,,2026-11-27 21:14:49
773,4,1.000,,2026-12-16 16:43:48
773,5,1.000,,2026-12-23 06:48:58
773,6,1.000,,2026-12-25 19:00:24
774,1,1.000,,2026-12-12 03:51:30
774,2,1.000,,2026-09-23 18:53:27
774,3,1.000,,2026-09-07 22:35:06
774,4,1.000,,2026-12-06 13:27:09
774,5,1.000,,2026-10-22 14:36:33
774,6,1.000,,2026-12-15 04:23:20
775,1,1.000,,2026-12-30 08:06:16
775,2,50.000,,2027-01-08 05:11:49
775,3,1.000,,2026-12-25 03:21:37
775,4,1.000,,2026-12-04 07:09:51
775,5,1.000,,2026-12-17 21:52:22
775,6,1.000,,2026-10-06 23:43:30
776,1,1.000,,2026-12-20 00:07:12
776,2,1.000,,2026-08-04 15:06:54
776,3,1.000,,2026-11-08 09:26:26
776,4,1.000,,2026-11-01 15:21:14
776,5,1.000,,2026-12-30 08:32:10
776,6,1.000,,2026-11-23 09:35:21
777,1,1.000,,2026-08-10 06:14:19
777,2,1.000,,2027-01-08 21:58:36
777,3,1.000,,2026-08-19 22:26:01
777,4,1.000,,2026-12-06 17:00:09
777,5,1.000,,2026-11-20 21:00:04
777,6,1.000,,2026-04-30 22:55:29
778,1,1.000,,2026-08-12 19:55:47
778,2,1.000,,2027-01-21 19:14:04
778,3,1.000,,2026-12-22 14:38:34
778,4,1.000,,2026-12-30 03:52:21
778,5,1.000,,2026-11-24 15:39:45
778,6,1.000,,2026-05-27 13:49:44
779,1,1.000,,2026-12-11 18:09:08
779,2,1.000,,2026-11-02 03:11:17
779,3,1.000,,2025-10-19 22:55:18
779,4,1.000,,2026-11-13 15:55:36
779,5,1.000,,2026-09-29 02:28:18
779,6,1.000,,2026-11-28 10:27:20
780,1,1.000,,2026-11-15 02:07:20
780,2,1.000,,2026-05-16 18:09:23
780,3,1.000,,2026-10-07 06:55:40
780,4,1.000,,2026-12-28 04:38:21
780,5,1.000,,2026-11-20 21:00:04
780,6,1.000,,2026-09-03 10:05:59
781,1,1.000,,2026-10-05 07:30:34
781,2,1.000,,2026-11-05 01:21:47
781,3,10.000,,2026-08-27 01:55:35
781,4,12.000,,2026-12-27 17:46:02
781,5,1.000,,2026-12-08 07:48:08
781,6,1.000,,2026-08-27 22:26:48
782,1,1.000,,2026-12-09 13:10:56
782,2,1.000,,2026-12-14 22:56:08
782,3,1.000,,2026-03-04 11:06:28
782,4,1.000,,2025-10-31 08:41:46
782,5,1.000,,2026-05-04 10:23:13
782,6,1.000,,2026-12-28 19:09:32
783,1,1.000,,2026-12-11 20:03:34
783,2,1.000,,2026-08-16 03:54:36
783,3,1.000,,2026-12-17 21:01:19
783,4,1.000,,2026-12-10 09:24:14
783,5,1.000,,2026-11-11 20:46:52
783,6,1.000,,2026-10-22 15:50:24
784,1,1.000,,2026-12-24 10:41:57
784,2,1.000,,2026-12-31 09:58:28
784,3,1.000,,2026-12-23 00:19:55
784,4,1.000,,2026-07-01 01:53:26
784,5,1.000,,2026-12-17 09:26:39
784,6,1.000,,2026-10-16 20:48:39
785,1,1.000,,2026-02-15 11:34:24
785,2,1.000,,2026-12-08 17:15:14
785,3,1.000,,2026-11-13 14:18:58
785,4,1.000,,2026-12-16 22:54:30
785,5,1.000,,2026-12-13 08:42:26
785,6,1.000,,2026-12-24 11:33:02
786,1,1.000,,2026-12-12 13:50:43
786,2,1.000,,2026-12-26 01:02:45
786,3,1.000,,2026-11-26 01:46:05
786,4,1.000,,2026-08-06 07:00:13
786,5,1.000,,2026-12-29 13:41:57
786,6,1.000,,2026-12-16 12:47:06
787,1,1.000,,2026-11-19 16:19:42
787,2,1.000,,2026-10-11 09:49:46
787,3,1.000,,2026-12-04 22:30:12
787,4,1.000,,2026-12-20 19:58:56
787,5,1.000,,2026-11-13 15:08:53
787,6,1.000,,2026-12-23 12:04:43
788,1,5.000,,2026-05-13 08:10:11
788,2,1.000,,2026-10-23 21:58:04
788,3,1.000,,2026-12-22 14:19:56
788,4,1.000,,2026-12-18 16:21:18
788,5,1.000,,2026-12-31 18:51:57
788,6,1.000,,2026-02-10 12:35:28
789,1,1.000,,2026-12-06 13:00:33
789,2,1.000,,2026-09-18 06:25:33
789,3,1.000,,2026-10-10 00:51:39
789,4,1.000,,2026-05-17 19:26:39
789,5,1.000,,2026-12-22 11:59:54
789,6,1.000,,2026-12-17 15:49:20
790,1,1.000,,2026-09-26 09:23:20
790,2,1.000,,2026-12-23 12:53:51
790,3,1.000,,2026-12-11 09:36:44
790,4,1.000,,2026-09-08 23:24:16
790,5,1.000,,2026-12-09 10:20:45
790,6,1.000,,2026-08-26 01:04:20
791,1,1.000,,2026-04-19 06:47:10
791,2,1.000,,2026-03-09 06:14:02
791,3,1.000,,2026-12-03 11:58:19
791,4,1.000,,2026-11-29 00:26:14
791,5,1.000,,2026-11-22 07:12:25
791,6,20.000,,2026-01-17 22:18:54
792,1,1.000,,2026-11-02 08:20:06
792,2,1.000,,2026-10-19 07:48:31
792,3,1.000,,2026-11-18 16:13:41
792,4,1.000,,2026-11-29 00:32:34
792,5,1.000,,2026-11-23 09:08:52
792,6,1.000,,2026-12-22 01:08:31
793,1,1.000,,2026-11-25 22:30:11
793,2,1.000,,2026-04-23 18:59:17
793,3,1.000,,2026-12-16 15:44:44
793,4,1.000,,2026-10-21 04:12:20
793,5,1.000,,2026-12-14 23:52:21
793,6,1.000,,2026-02-17 08:42:14
794,1,1.000,,2026-01-13 11:06:18
794,2,1.000,,2026-12-17 14:21:20
794,3,1.000,,2026-08-05 22:47:45
794,4,1.000,,2026-11-04 17:45:00
794,5,1.000,,2026-12-25 04:33:38
794,6,1.000,,2026-11-19 09:14:04
795,1,1.000,,2026-12-11 15:27:01
795,2,1.000,,2026-12-18 23:53:27
795,3,1.000,,2026-02-03 00:24:51
795,4,1.000,,2026-10-24 00:36:01
795,5,1.000,,2026-10-20 14:38:07
795,6,1.000,,2026-08-16 03:25:47
796,1,1.000,,2026-05-20 07:40:07
796,2,1.000,,2026-12-09 09:02:20
796,3,1.000,,2026-12-21 12:28:06
796,4,1.000,,2026-10-19 02:28:59
796,5,1.000,,2026-11-11 20:46:52
796,6,1.000,,2026-12-13 06:53:47
797,1,1.000,,2026-10-11 02:45:49
797,2,1.000,,2025-12-03 16:50:30
797,3,1.000,,2026-11-17 17:14:27
797,4,1.000,,2026-12-31 20:18:10
797,5,1.000,,2026-12-24 22:35:17
797,6,1.000,,2026-04-30 07:06:20
798,1,1.000,,2026-12-01 13:59:24
798,2,1.000,,2026-10-30 04:16:43
798,3,1.000,,2026-11-15 17:20:25
798,4,1.000,,2026-11-30 21:22:57
798,5,1.000,,2026-11-07 20:00:32
798,6,1.000,,2026-12-02 21:28:37
799,1,1.000,,2025-06-11 18:13:05
799,2,1.000,,2026-12-25 10:25:25
799,3,1.000,,2026-10-14 11:17:44
799,4,1.000,,2026-12-14 22:55:54
799,5,1.000,,2026-12-16 08:03:18
799,6,1.000,,2026-11-07 10:21:52
800,1,1.000,,2026-04-26 17:35:37
800,2,16.000,,2026-03-22 22:42:31
800,3,1.000,,2026-10-19 21:05:53
800,4,1.000,,2026-11-11 23:12:30
800,5,1.000,,2026-12-05 01:31:05
800,6,1.000,,2026-09-25 22:50:42
801,1,1.000,,2026-01-17 13:47:05
801,2,1.000,,2026-12-11 09:37:17
801,3,1.000,,2026-11-28 22:10:25
801,4,1.000,,2026-09-14 11:31:04
801,5,1.000,,2026-12-10 02:51:00
801,6,1.000,,2026-05-07 07:06:47
802,1,1.000,,2026-10-25 23:17:14
802,2,1.000,,2026-10-31 19:09:55
802,3,1.000,,2026-12-23 14:53:16
802,4,1.000,,2026-12-11 18:53:46
802,5,1.000,,2026-12-24 04:05:01
802,6,1.000,,2026-11-06 18:21:58
803,1,1.000,,2026-11-16 13:42:18
803,2,1.000,,2026-11-21 22:30:09
803,3,1.000,,2026-12-29 05:22:28
803,4,1.000,,2026-07-26 23:32:34
803,5,1.000,,2026-12-14 01:20:38
803,6,1.000,,2026-12-19 06:14:26
804,1,1.000,,2026-11-04 09:45:33
804,2,1.000,,2026-10-19 08:57:14
804,3,1.000,,2026-11-26 02:46:10
804,4,1.000,,2026-12-10 05:05:10
804,5,1.000,,2026-12-23 11:03:49
804,6,1.000,,2026-10-03 05:38:12
805,1,1.000,,2026-12-02 19:25:35
805,2,1.000,,2026-12-20 00:46:12
805,3,1.000,,2026-12-29 02:24:43
805,4,1.000,,2026-11-21 11:22:12
805,5,1.000,,2026-07-26 12:06:30
805,6,1.000,,2026-10-31 06:01:36
806,1,1.000,,2026-12-06 02:55:47
806,2,1.000,,2026-12-11 21:36:17
806,3,0.070,,2026-12-22 14:19:56
806,4,1.000,,2026-12-17 02:42:23
806,5,1.000,,2026-11-21 09:51:47
806,6,1.000,,2026-07-13 14:40:32
807,1,1.000,,2026-09-07 05:25:27
807,2,1.000,,2026-05-20 13:59:43
807,3,1.000,,2026-12-25 03:21:37
807,4,1.000,,2026-10-25 07:09:32
807,5,1.000,,2026-10-15 02:35:11
807,6,1.000,,2026-09-21 16:12:31
808,1,1.000,,2026-11-16 20:24:28
808,2,1.000,,2026-04-21 14:55:12
808,3,1.000,,2026-12-28 06:08:27
808,4,1.000,,2026-12-07 05:57:47
808,5,1.000,,2026-12-06 07:21:28
808,6,1.000,,2026-12-13 05:47:35
809,1,1.000,,2026-12-06 16:42:06
809,2,1.000,,2026-10-29 20:12:30
809,3,1.000,,2026-05-30 10:54:14
809,4,1.000,,2026-11-07 18:19:33
809,5,1.000,,2026-03-18 13:44:33
809,6,1.000,,2026-11-09 16:42:16
810,1,1.000,,2026-10-11 14:19:13
810,2,1.000,,2026-04-11 09:35:47
810,3,1.000,,2026-12-23 01:15:49
810,4,1.000,,2026-12-09 15:26:44
810,5,1.000,,2026-12-07 07:03:18
810,6,1.000,,2026-12-11 06:08:07
811,1,1.000,,2026-06-20 21:57:32
811,2,1.000,,2026-05-31 05:37:27
811,3,20.000,,2026-12-13 16:29:01
811,4,1.000,,2026-12-19 16:11:58
811,5,1.000,,2026-12-30 21:41:12
811,6,1.000,,2026-12-15 19:22:51
812,1,1.000,,2026-11-29 23:26:03
812,2,1.000,,2026-03-23 05:59:39
812,3,1.000,,2026-04-07 08:21:46
812,4,1.000,,2026-12-01 18:42:04
812,5,1.000,,2026-12-28 13:11:18
812,6,1.000,,2026-12-17 05:55:32
813,1,1.000,,2026-12-12 13:50:43
813,2,1.000,,2026-12-23 00:50:29
813,3,1.000,,2026-11-30 03:26:07
813,4,1.000,,2026-11-30 23:23:53
813,5,1.000,,2026-04-04 12:05:48
813,6,1.000,,2025-11-26 23:13:37
814,1,1.000,,2026-12-23 01:37:54
814,2,1.000,,2026-06-24 06:41:46
814,3,1.000,,2025-10-27 14:55:46
814,4,1.000,,2026-04-23 03:02:38
814,5,1.000,,2026-12-06 08:46:25
814,6,1.000,,2026-11-18 10:16:36
815,1,1.000,,2026-12-19 22:56:52
815,2,1.000,,2026-12-09 11:37:53
815,3,1.000,,2026-04-30 05:38:12
815,4,1.000,,2026-12-19 08:55:05
815,5,1.000,,2026-12-23 22:19:43
815,6,16.000,,2026-11-22 12:19:30
816,1,1.000,,2026-12-27 02:08:54
816,2,1.000,,2026-11-23 10:30:57
816,3,1.000,,2026-12-26 14:34:11
816,4,1.000,,2026-12-12 00:56:43
816,5,1.000,,2026-12-16 08:03:18
816,6,1.000,,2026-09-26 22:46:52
817,1,1.000,,2026-11-02 15:07:10
817,2,1.000,,2026-12-12 00:06:28
817,3,1.000,,2026-10-11 18:58:56
817,4,1.000,,2026-12-03 19:47:23
817,5,1.000,,2026-12-16 06:32:06
817,6,1.000,,2026-12-02 06:53:42
818,1,1.000,,2026-12-27 06:52:46
818,2,1.000,,2026-11-23 09:25:57
818,3,1.000,,2026-11-02 06:44:25
818,4,1.000,,2026-10-17 04:47:10
818,5,1.000,,2026-12-22 10:30:10
818,6,1.000,,2026-12-05 03:48:26
819,1,1.000,,2026-09-28 15:33:24
819,2,1.000,,2026-10-19 07:48:31
819,3,1.000,,2026-06-03 00:58:58
819,4,1.000,,2026-12-20 01:42:19
819,5,1.000,,2026-12-08 00:06:07
819,6,1.000,,2026-12-27 01:18:02
820,1,1.000,,2026-09-22 17:04:48
820,2,1.000,,2026-11-09 03:45:37
820,3,1.000,,2025-12-19 17:43:15
820,4,1.000,,2026-12-15 10:17:59
820,5,1.000,,2026-11-24 04:12:21
820,6,1.000,,2026-11-05 05:03:13
821,1,1.000,,2026-11-21 20:45:17
821,2,1.000,,2026-10-27 17:57:13
821,3,1.000,,2026-06-12 14:33:21
821,4,1.000,,2026-05-30 16:43:25
821,5,1.000,,2026-05-16 11:45:05
821,6,1.000,,2026-12-04 11:04:59
822,1,1.000,,2026-12-16 14:37:40
822,2,1.000,,2026-12-14 22:56:08
822,3,1.000,,2026-12-21 06:09:03
822,4,1.000,,2026-12-28 00:55:28
822,5,1.000,,2026-10-19 13:52:21
822,6,1.000,,2026-12-04 11:04:59
823,1,1.000,,2026-11-03 16:22:03
823,2,1.000,,2026-12-17 07:18:22
823,3,1.000,,2026-12-29 20:32:12
823,4,1.000,,2026-12-24 22:12:00
823,5,1.000,,2026-12-08 07:32:20
823,6,1.000,,2026-11-26 11:21:40
824,1,1.000,,2026-10-16 08:27:01
824,2,1.000,,2026-08-15 13:41:40
824,3,1.000,,2026-04-01 20:42:41
824,4,1.000,,2026-10-26 00:45:13
824,5,1.000,,2026-12-08 00:06:07
824,6,1.000,,2026-11-27 18:20:39
825,1,1.000,,2026-11-02 09:27:49
825,2,1.000,,2026-09-04 09:35:13
825,3,1.000,,2026-12-23 14:27:47
825,4,1.000,,2026-10-16 00:01:33
825,5,1.000,,2026-12-14 23:31:23
825,6,1.000,,2026-04-23 05:43:24
826,1,1.000,,2026-10-25 20:35:19
826,2,1.000,,2026-12-16 09:15:04
826,3,1.000,,2025-11-27 02:04:56
826,4,1.000,,2026-09-16 04:53:46
826,5,1.000,,2026-12-14 03:19:10
826,6,1.000,,2026-11-10 09:35:02
827,1,1.000,,2026-08-12 19:54:32
827,2,1.000,,2025-01-31 11:09:57
827,3,1.000,,2026-11-22 00:48:17
827,4,1.000,,2026-11-20 18:26:26
827,5,1.000,,2026-12-21 02:30:12
827,6,1.000,,2026-10-03 20:23:22
828,1,1.000,,2026-11-15 10:44:27
828,2,1.000,,2026-07-23 19:46:57
828,3,1.000,,2026-12-16 00:13:44
828,4,1.000,,2026-11-11 14:32:29
828,5,1.000,,2026-12-29 07:13:59
828,6,1.000,,2026-11-06 17:30:46
829,1,1.000,,2026-12-19 22:22:59
829,2,1.000,,2026-12-24 03:55:07
829,3,1.000,,2026-12-17 22:41:20
829,4,1.000,,2027-01-12 10:11:49
829,5,1.000,,2026-06-22 23:27:32
829,6,1.000,,2026-07-21 05:29:56
830,1,1.000,,2026-12-02 00:31:04
830,2,1.000,,2026-12-21 13:34:11
830,3,1.000,,2026-08-02 08:15:04
830,4,1.000,,2026-08-20 01:00:11
830,5,1.000,,2026-09-06 14:20:25
830,6,1.000,,2026-12-22 01:29:32
831,1,1.000,,2025-12-25 22:06:57
831,2,1.000,,2026-12-27 15:32:57
831,3,1.000,,2026-11-27 21:14:49
831,4,1.000,,2026-11-20 18:26:26
831,5,1.000,,2026-12-22 01:57:27
831,6,1.000,,2026-12-23 19:32:14
832,1,1.000,,2026-11-25 20:44:20
832,2,1.000,,2026-02-11 14:49:25
832,3,1.000,,2026-12-18 07:17:31
832,4,1.000,,2026-12-12 01:29:42
832,5,1.000,,2026-12-26 09:15:45
832,6,1.000,,2026-11-25 17:02:10
833,1,1.000,,2026-06-14 09:24:30
833,2,1.000,,2026-12-30 17:34:46
833,3,8.000,,2026-11-29 18:16:45
833,4,1.000,,2026-12-31 08:21:07
833,5,1.000,,2026-09-23 03:34:12
833,6,1.000,,2026-08-05 16:42:07
834,1,1.000,,2026-11-14 08:46:28
834,2,1.000,,2026-10-04 14:54:08
834,3,1.000,,2026-08-06 03:12:01
834,4,1.000,,2026-12-20 21:48:08
834,5,1.000,,2026-11-26 03:42:51
834,6,1.000,,2026-04-03 00:17:55
835,1,1.000,,2026-12-06 13:43:44
835,2,1.000,,2027-01-27 04:02:14
835,3,1.000,,2026-03-25 04:16:30
835,4,1.000,,2026-11-23 21:25:47
835,5,1.000,,2026-12-31 04:02:14
835,6,1.000,,2026-12-07 22:03:56
836,1,1.000,,2026-11-06 00:53:10
836,2,1.000,,2026-11-16 04:17:15
836,3,1.000,,2026-10-14 16:47:33
836,4,1.000,,2026-12-31 01:30:07
836,5,1.000,,2026-11-10 04:02:30
836,6,1.000,,2026-09-07 18:24:48
837,1,1.000,,2026-11-15 06:10:32
837,2,1.000,,2026-06-15 15:58:37
837,3,1.000,,2026-10-24 04:29:29
837,4,1.000,,2026-11-26 22:10:23
837,5,1.000,,2026-12-16 14:03:15
837,6,1.000,,2026-10-06 15:44:52
838,1,1.000,,2026-11-24 20:50:32
838,2,1.000,,2026-10-04 14:54:08
838,3,1.000,,2026-12-08 12:00:09
838,4,8.000,,2026-12-23 15:12:35
838,5,1.000,,2026-12-27 13:16:33
838,6,1.000,,2026-09-12 15:45:24
839,1,1.000,,2026-12-11 20:03:34
839,2,1.000,,2026-12-06 23:47:12
839,3,1.000,,2026-11-01 23:36:17
839,4,1.000,,2025-05-07 03:24:13
839,5,1.000,,2026-12-29 18:52:09
839,6,1.000,,2026-11-16 01:12:43
840,1,1.000,,2026-03-15 23:36:59
840,2,1.000,,2026-09-11 04:49:51
840,3,1.000,,2026-09-09 20:30:46
840,4,1.000,,2026-12-30 03:52:21
840,5,1.000,,2026-04-15 11:45:38
840,6,1.000,,2026-06-27 17:01:44
841,1,1.000,,2026-10-20 05:40:21
841,2,1.000,,2026-12-30 12:09:40
841,3,1.000,,2026-06-27 15:47:25
841,4,1.000,,2026-12-12 00:56:43
841,5,1.000,,2026-12-21 02:30:12
841,6,1.000,,2026-07-10 18:43:00
842,1,1.000,,2026-12-06 21:46:42
842,2,1.000,,2026-12-09 09:02:20
842,3,1.000,,2026-12-15 14:03:44
842,4,1.000,,2027-01-03 17:33:36
842,5,1.000,,2026-09-29 01:19:26
842,6,1.000,,2026-06-04 10:33:32
843,1,1.000,,2026-12-09 02:10:24
843,2,1.000,,2026-12-31 00:01:28
843,3,1.000,,2025-07-29 19:43:12
843,4,56.000,,2026-12-17 02:30:11
843,5,1.000,,2026-09-29 23:40:34
843,6,5.000,,2026-12-26 20:54:41
844,1,1.000,,2026-12-23 14:22:20
844,2,1.000,,2026-04-14 12:00:03
844,3,1.000,,2026-10-23 16:03:58
844,4,1.000,,2026-04-15 00:29:00
844,5,10.000,,2026-11-08 17:21:04
844,6,1.000,,2026-10-04 19:47:28
845,1,1.000,,2026-12-07 02:41:21
845,2,1.000,,2026-11-27 19:39:38
845,3,1.000,,2026-11-27 20:42:50
845,4,1.000,,2026-10-07 11:58:28
845,5,1.000,,2026-11-29 08:10:41
845,6,1.000,,2026-05-03 14:00:25
846,1,1.000,,2026-12-14 01:04:15
846,2,1.000,,2027-01-06 08:11:20
846,3,1.000,,2026-05-15 12:20:25
846,4,1.000,,2026-10-23 05:39:46
846,5,1.000,,2026-12-16 17:32:14
846,6,1.000,,2026-09-23 15:29:29
847,1,1.000,,2026-10-18 05:03:37
847,2,1.000,,2026-05-21 20:11:38
847,3,1.000,,2026-12-20 20:37:28
847,4,1.000,,2026-12-28 02:00:25
847,5,1.000,,2026-10-12 08:19:52
847,6,1.000,,2026-12-26 14:31:56
848,1,1.000,,2026-04-22 22:53:50
848,2,1.000,,2026-10-21 17:28:18
848,3,2.940,,2026-12-25 10:18:36
848,4,1.000,,2026-12-17 23:01:41
848,5,1.000,,2026-11-21 08:38:14
848,6,1.000,,2026-07-11 05:55:41
849,1,1.000,,2026-09-17 11:34:37
849,2,1.000,,2026-12-04 21:03:17
849,3,1.000,,2026-12-04 06:26:43
849,4,1.000,,2026-12-07 21:34:52
849,5,1.000,,2026-07-10 10:53:51
849,6,1.000,,2026-11-22 16:10:26
850,1,1.000,,2026-12-30 08:06:16
850,2,1.000,,2025-12-03 16:50:30
850,3,1.000,,2026-11-25 08:53:48
850,4,1.000,,2026-10-19 12:37:13
850,5,1.000,,2026-05-17 04:37:57
850,6,1.000,,2026-12-22 01:29:32
851,1,1.000,,2026-12-31 19:37:03
851,2,1.000,,2026-10-04 23:11:52
851,3,1.000,,2026-12-08 15:13:12
851,4,1.000,,2026-12-30 10:25:56
851,5,1.000,,2026-04-12 08:16:57
851,6,1.000,,2026-12-29 19:07:39
852,1,1.000,,2026-12-02 11:43:46
852,2,1.000,,2026-03-02 02:49:46
852,3,1.000,,2026-12-11 09:29:36
852,4,1.000,,2026-09-10 18:24:55
852,5,1.000,,2026-11-21 09:51:47
852,6,0.000,,2026-12-18 08:30:31
853,1,1.000,,2026-02-19 04:34:12
853,2,1.000,,2026-11-18 17:58:30
853,3,1.000,,2026-12-08 15:13:12
853,4,1.000,,2026-03-27 08:17:58
853,5,1.000,,2026-09-19 17:48:59
853,6,1.000,,2026-09-11 19:17:05
854,1,1.000,,2026-12-05 18:23:38
854,2,1.000,,2026-12-02 11:53:01
854,3,18.000,,2025-12-02 04:15:15
854,4,1.000,,2026-10-24 01:23:29
854,5,1.000,,2026-08-25 20:14:50
854,6,1.000,,2026-12-08 12:28:09
855,1,1.000,,2026-08-02 09:36:27
855,2,1.000,,2026-06-01 17:54:23
855,3,1.000,,2026-09-16 15:47:23
855,4,1.000,,2026-05-27 23:05:38
855,5,1.000,,2026-11-29 01:37:46
855,6,1.000,,2026-12-17 03:37:48
856,1,1.000,,2026-04-09 12:36:59
856,2,1.000,,2026-12-05 06:49:17
856,3,1.000,,2026-04-16 00:50:20
856,4,1.000,,2026-05-26 06:43:53
856,5,1.000,,2026-04-19 03:11:13
856,6,1.000,,2026-12-21 05:02:48
857,1,1.000,,2026-12-30 17:28:21
857,2,1.000,,2026-12-14 20:26:05
857,3,1.000,,2026-09-18 00:03:18
857,4,1.000,,2026-12-01 13:33:53
857,5,1.000,,2026-11-29 08:23:07
857,6,1.000,,2027-01-11 20:26:05
858,1,1.000,,2026-12-06 13:43:44
858,2,1.000,,2026-09-03 09:19:31
858,3,1.000,,2026-11-03 16:44:11
858,4,1.000,,2026-12-15 03:24:29
858,5,1.000,,2026-12-14 02:30:22
858,6,1.000,,2026-09-23 18:10:06
859,1,1.000,,2026-12-26 20:20:44
859,2,1.000,,2026-11-11 07:22:43
859,3,19.000,,2026-12-16 00:13:44
859,4,1.000,,2026-06-07 13:59:26
859,5,1.000,,2026-12-31 11:29:01
859,6,1.000,,2026-09-13 22:12:10
860,1,1.000,,2026-11-27 22:23:28
860,2,1.000,,2026-12-13 00:05:38
860,3,1.000,,2026-12-05 07:23:42
860,4,1.000,,2026-11-24 12:07:12
860,5,1.000,,2026-05-08 10:14:13
860,6,1.000,,2026-03-09 13:48:41
861,1,1.000,,2026-10-26 03:13:49
861,2,1.000,,2026-07-08 16:58:45
861,3,1.000,,2025-10-29 20:10:42
861,4,1.000,,2026-12-20 06:17:42
861,5,1.000,,2026-06-08 13:13:00
861,6,1.000,,2026-08-10 06:30:25
862,1,1.000,,2026-11-14 08:46:28
862,2,1.000,,2026-06-20 13:00:17
862,3,1.000,,2026-06-14 14:41:36
862,4,1.000,,2026-02-20 03:46:48
862,5,1.000,,2026-12-27 13:16:33
862,6,1.000,,2026-12-21 04:41:26
863,1,1.000,,2026-12-12 23:25:06
863,2,1.000,,2026-12-05 23:05:30
863,3,1.000,,2026-06-12 22:08:47
863,4,1.000,,2026-10-02 00:33:52
863,5,1.000,,2026-12-21 02:30:12
863,6,1.000,,2026-12-07 01:31:08
864,1,1.000,,2026-11-14 04:39:13
864,2,1.000,,2026-10-02 22:46:41
864,3,1.000,,2026-10-10 22:26:20
864,4,1.000,,2026-12-29 03:07:41
864,5,1.000,,2026-10-12 08:19:52
864,6,1.000,,2026-09-26 22:46:52
865,1,1.000,,2026-12-16 14:37:40
865,2,1.000,,2026-12-06 17:33:29
865,3,1.000,,2026-11-05 21:19:39
865,4,1.000,,2026-12-05 17:45:05
865,5,1.000,,2026-12-16 06:32:06
865,6,1.000,,2026-12-22 01:08:31
866,1,34.180,,2026-11-23 07:50:46
866,2,1.000,,2026-12-20 19:11:05
866,3,1.000,,2026-12-06 19:04:57
866,4,1.000,,2026-11-21 15:26:41
866,5,1.000,,2026-12-31 13:17:02
866,6,1.000,,2026-12-07 21:09:50
867,1,1.000,,2026-11-20 15:02:09
867,2,1.000,,2026-12-24 19:17:25
867,3,1.000,,2026-10-05 02:49:45
867,4,1.000,,2026-09-24 00:33:05
867,5,1.000,,2026-11-12 08:49:40
867,6,1.000,,2026-12-27 05:57:44
868,1,1.000,,2026-10-26 08:56:46
868,2,1.000,,2026-10-05 13:10:39
868,3,1.000,,2026-01-19 19:38:27
868,4,1.000,,2026-03-10 15:45:12
868,5,1.000,,2026-01-07 12:07:19
868,6,1.000,,2026-12-12 11:09:19
869,1,1.000,,2026-10-10 17:53:15
869,2,1.000,,2026-12-12 12:46:34
869,3,1.000,,2026-12-10 13:52:47
869,4,1.000,,2026-11-27 18:40:28
869,5,1.000,,2026-09-11 14:39:23
869,6,1.000,,2026-12-27 05:10:40
870,1,1.000,,2026-12-31 02:25:04
870,2,1.000,,2026-01-01 10:05:49
870,3,1.000,,2026-12-04 09:54:34
870,4,1.000,,2026-10-15 00:24:42
870,5,1.000,,2026-06-25 21:34:27
870,6,1.000,,2026-11-14 16:31:46
871,1,1.000,,2026-11-21 14:16:50
871,2,1.000,,2026-11-15 10:55:22
871,3,1.000,,2026-03-01 18:56:33
871,4,1.000,,2026-11-05 16:53:50
871,5,1.000,,2026-12-08 00:06:07
871,6,1.000,,2026-12-20 13:43:35
872,1,1.000,,2026-11-14 11:09:27
872,2,1.000,,2026-05-21 04:39:30
872,3,1.000,,2026-12-17 21:42:05
872,4,1.000,,2026-12-05 00:09:50
872,5,1.000,,2026-11-07 00:09:50
872,6,1.000,,2026-12-21 04:41:26
873,1,1.000,,2026-12-25 13:27:55
873,2,1.000,,2026-12-01 17:24:13
873,3,1.000,,2026-11-17 09:46:07
873,4,1.000,,2026-12-04 12:16:35
873,5,1.000,,2026-07-23 08:06:45
873,6,1.000,,2026-12-09 14:55:09
874,1,1.000,,2026-10-27 04:18:32
874,2,1.000,,2026-12-05 06:49:17
874,3,1.000,,2026-12-14 19:30:19
874,4,1.000,,2026-11-09 19:11:21
874,5,1.000,,2026-11-19 23:38:25
874,6,1.000,,2026-12-16 05:21:47
875,1,1.000,,2026-06-30 04:07:58
875,2,1.000,,2026-12-11 09:37:17
875,3,1.000,,2026-05-17 07:21:19
875,4,1.000,,2026-12-14 21:01:19
875,5,1.000,,2026-12-24 02:39:00
875,6,1.000,,2026-04-13 03:09:44
876,1,1.000,,2026-11-12 04:06:53
876,2,1.000,,2026-06-25 04:21:36
876,3,1.000,,2026-12-18 07:56:19
876,4,1.000,,2026-11-12 02:35:35
876,5,1.000,,2026-05-23 02:35:16
876,6,1.000,,2026-10-01 18:01:32
877,1,1.000,,2026-09-28 11:50:35
877,2,1.000,,2026-06-11 04:12:45
877,3,1.000,,2026-08-20 01:02:23
877,4,1.000,,2026-11-11 14:32:29
877,5,1.000,,2026-11-01 01:29:31
877,6,1.000,,2026-03-16 11:07:42
878,1,1.000,,2026-11-01 10:21:44
878,2,1.000,,2026-12-06 08:04:28
878,3,1.000,,2026-12-20 03:36:36
878,4,1.000,,2026-10-19 23:18:45
878,5,1.000,,2026-11-21 08:38:14
878,6,1.000,,2026-12-14 02:51:35
879,1,1.000,,2026-06-06 22:11:23
879,2,1.000,,2026-10-07 20:14:02
879,3,1.000,,2026-12-24 01:19:37
879,4,1.000,,2026-06-09 19:11:32
879,5,1.000,,2026-09-13 22:53:27
879,6,26.320,,2026-09-26 18:02:19
880,1,1.000,,2026-11-18 17:13:35
880,2,1.000,,2026-04-28 08:39:40
880,3,1.000,,2026-12-01 00:06:32
880,4,1.000,,2026-12-09 03:29:14
880,5,1.000,,2026-07-10 10:53:51
880,6,1.000,,2026-12-08 15:42:49
881,1,1.000,,2026-12-26 16:33:50
881,2,1.000,,2026-09-20 18:34:07
881,3,1.000,,2026-11-06 05:47:12
881,4,1.000,,2026-10-24 14:14:11
881,5,1.000,,2026-08-11 14:37:11
881,6,1.000,,2026-11-19 19:29:09
882,1,1.000,,2026-11-27 02:13:53
882,2,1.000,,2026-11-28 22:50:48
882,3,1.000,,2026-12-17 21:01:19
882,4,1.000,,2026-05-14 13:55:32
882,5,1.000,,2026-05-24 09:19:18
882,6,1.000,,2026-12-31 23:43:09
883,1,1.000,,2026-12-11 20:03:34
883,2,1.000,,2026-12-31 14:23:32
883,3,1.000,,2026-09-28 02:52:47
883,4,1.000,,2026-11-17 10:28:19
883,5,1.000,,2026-12-15 05:02:47
883,6,1.000,,2026-12-22 08:17:01
884,1,1.000,,2026-12-28 00:19:52
884,2,1.000,,2026-12-06 09:01:47
884,3,1.000,,2026-10-16 19:05:51
884,4,1.000,,2026-11-24 19:51:21
884,5,1.000,,2026-11-10 14:15:21
884,6,1.000,,2026-12-18 22:38:30
885,1,1.000,,2026-12-02 11:43:46
885,2,1.000,,2026-10-23 11:10:16
885,3,1.000,,2026-12-28 03:11:50
885,4,1.000,,2026-11-11 01:25:57
885,5,1.000,,2026-05-25 03:09:35
885,6,1.000,,2026-12-07 22:03:56
886,1,1.000,,2026-11-12 15:21:52
886,2,1.000,,2026-12-06 01:36:08
886,3,1.000,,2026-12-28 12:35:05
886,4,1.000,,2026-12-01 20:18:36
886,5,1.000,,2026-12-26 06:26:28
886,6,1.000,,2026-11-22 15:15:21
887,1,1.000,,2026-12-27 06:52:46
887,2,1.000,,2026-06-07 03:30:44
887,3,1.000,,2026-12-10 22:54:57
887,4,1.000,,2026-10-03 09:40:13
887,5,1.000,,2026-09-13 00:05:40
887,6,1.000,,2026-12-16 05:14:43
888,1,1.000,,2026-09-11 12:33:43
888,2,1.000,,2026-09-23 18:53:27
888,3,1.000,,2026-08-05 03:58:24
888,4,1.000,,2026-08-20 11:11:47
888,5,1.000,,2026-12-19 13:44:46
888,6,1.000,,2026-10-19 20:21:39
889,1,1.000,,2026-12-28 00:47:52
889,2,1.000,,2026-03-16 06:37:19
889,3,1.000,,2026-08-17 13:22:31
889,4,1.000,,2026-12-22 20:30:34
889,5,1.000,,2026-09-03 02:18:29
889,6,1.000,,2026-12-20 13:08:08
890,1,1.000,,2026-12-06 02:55:47
890,2,1.000,,2026-02-03 19:19:45
890,3,1.000,,2026-08-12 21:11:32
890,4,3.000,,2026-10-29 18:19:46
890,5,1.000,,2026-08-18 05:38:20
890,6,1.000,,2026-11-27 02:47:07
891,1,1.000,,2026-11-27 17:54:34
891,2,1.000,,2026-10-04 23:11:52
891,3,1.000,,2026-04-08 03:58:32
891,4,1.000,,2026-11-06 17:39:38
891,5,1.000,,2026-12-05 15:49:52
891,6,1.000,,2026-12-03 13:46:29
892,1,1.000,,2026-12-09 05:04:19
892,2,1.000,,2026-10-10 01:59:08
892,3,1.000,,2026-10-01 20:02:09
892,4,1.000,,2026-10-09 09:36:51
892,5,1.000,,2026-12-21 15:45:29
892,6,1.000,,2026-12-21 05:02:48
893,1,1.000,,2026-11-27 13:58:56
893,2,1.000,,2026-10-18 05:44:53
893,3,1.000,,2026-11-14 15:46:10
893,4,1.000,,2026-10-10 14:59:50
893,5,1.000,,2026-12-11 07:41:07
893,6,1.000,,2026-12-26 09:13:52
894,1,1.000,,2025-12-17 10:03:54
894,2,1.000,,2026-12-02 11:53:01
894,3,1.000,,2026-11-19 06:26:03
894,4,1.000,,2026-05-11 02:47:50
894,5,1.000,,2026-12-15 23:40:27
894,6,1.000,,2026-12-23 20:36:12
895,1,1.000,,2026-12-12 23:25:06
895,2,1.000,,2026-12-29 02:56:38
895,3,1.000,,2026-06-01 05:52:28
895,4,1.000,,2026-12-09 15:26:44
895,5,1.000,,2026-12-24 22:35:17
895,6,1.000,,2026-07-24 04:31:46
896,1,1.000,,2026-09-10 02:10:31
896,2,1.000,,2026-12-20 02:21:33
896,3,1.000,,2026-12-24 13:29:49
896,4,1.000,,2026-06-19 16:46:47
896,5,1.000,,2026-12-21 09:30:33
896,6,1.000,,2026-11-17 12:29:45
897,1,1.000,,2026-11-19 16:19:42
897,2,1.000,,2026-12-28 08:56:42
897,3,1.000,,2026-12-10 22:54:57
897,4,1.000,,2026-12-21 20:49:30
897,5,1.000,,2026-11-03 07:33:24
897,6,1.000,,2026-09-04 10:02:18
898,1,1.000,,2026-11-25 13:59:19
898,2,1.000,,2026-10-28 15:15:59
898,3,1.000,,2026-11-13 19:11:10
898,4,1.000,,2026-05-28 00:14:02
898,5,1.000,,2026-12-26 06:26:28
898,6,1.000,,2026-01-19 13:38:35
899,1,1.000,,2026-11-02 06:46:27
899,2,1.000,,2026-06-01 01:10:53
899,3,1.000,,2026-11-30 03:26:07
899,4,1.000,,2026-12-31 08:21:07
899,5,1.000,,2026-01-11 03:07:58
899,6,1.000,,2026-12-14 01:23:20
900,1,1.000,,2025-10-01 16:06:25
900,2,1.000,,2026-10-19 07:48:31
900,3,1.000,,2026-08-17 03:44:21
900,4,1.000,,2026-11-02 21:22:54
900,5,1.000,,2026-12-21 02:30:12
900,6,1.000,,2026-12-23 12:20:13
901,1,1.000,,2026-11-26 21:21:00
901,2,1.000,,2026-03-31 10:03:49
901,3,1.000,,2026-10-13 06:40:58
901,4,1.000,,2026-12-24 11:35:19
901,5,1.000,,2026-03-15 13:03:16
901,6,1.000,,2026-10-19 11:39:41
902,1,1.000,,2026-11-13 16:44:07
902,2,1.000,,2026-12-26 03:45:56
902,3,1.000,,2027-01-09 18:08:15
902,4,1.000,,2026-12-28 04:38:21
902,5,1.000,,2026-05-11 02:23:51
902,6,1.000,,2026-12-24 22:21:28
903,1,1.000,,2026-10-30 19:04:37
903,2,1.000,,2026-10-10 01:59:08
903,3,2.000,,2026-12-24 14:18:38
903,4,1.000,,2026-11-21 11:22:12
903,5,1.000,,2026-12-11 16:11:29
903,6,1.000,,2026-10-23 22:38:53
904,1,1.000,,2026-10-04 13:58:22
904,2,1.000,,2026-12-23 00:50:29
904,3,1.000,,2026-12-23 01:15:49
904,4,1.000,,2026-12-16 16:43:48
904,5,1.000,,2026-09-04 11:47:37
904,6,1.000,,2026-11-27 02:47:07
905,1,1.000,,2026-12-27 15:58:19
905,2,1.000,,2026-11-28 23:13:50
905,3,1.000,,2026-10-15 17:45:17
905,4,1.000,,2025-12-02 00:13:59
905,5,1.000,,2026-12-11 21:23:28
905,6,1.000,,2026-12-05 14:35:50
906,1,1.000,,2026-12-06 09:22:45
906,2,1.000,,2026-12-02 11:53:01
906,3,1.000,,2026-05-17 07:21:19
906,4,1.000,,2026-10-27 01:36:38
906,5,1.000,,2026-12-11 17:32:32
906,6,1.000,,2026-09-25 12:27:28
907,1,1.000,,2026-02-20 05:11:16
907,2,1.000,,2025-11-07 20:59:24
907,3,1.000,,2026-10-02 07:38:51
907,4,1.000,,2026-08-22 21:14:30
907,5,1.000,,2026-04-22 17:58:23
907,6,1.000,,2026-12-20 07:43:36
908,1,1.000,,2026-12-07 16:39:27
908,2,1.000,,2026-11-03 03:11:32
908,3,1.000,,2026-11-19 06:26:03
908,4,1.000,,2026-12-26 01:23:41
908,5,19.000,,2026-11-13 15:11:58
908,6,1.000,,2026-11-30 00:33:26
909,1,1.000,,2026-11-15 17:25:39
909,2,1.000,,2026-10-13 19:29:24
909,3,1.000,,2026-07-15 08:40:38
909,4,1.000,,2026-04-21 17:38:47
909,5,1.000,,2026-04-23 15:56:52
909,6,1.000,,2026-11-20 18:04:23
910,1,1.000,,2025-08-28 00:45:54
910,2,1.000,,2026-11-03 05:19:27
910,3,1.000,,2026-12-11 14:32:29
910,4,1.000,,2026-07-14 18:19:54
910,5,24.000,,2026-07-23 00:28:55
910,6,1.000,,2026-12-08 19:45:39
911,1,1.000,,2026-08-28 17:50:58
911,2,1.000,,2026-03-20 11:57:37
911,3,1.000,,2026-11-24 20:12:44
911,4,1.000,,2026-11-17 12:30:59
911,5,1.000,,2026-01-26 04:27:27
911,6,1.000,,2026-12-21 22:14:40
912,1,1.000,,2026-12-21 01:43:49
912,2,1.000,,2026-02-23 07:31:53
912,3,1.000,,2026-11-01 20:12:14
912,4,1.000,,2026-10-24 14:14:11
912,5,1.000,,2026-05-16 11:45:05
912,6,1.000,,2026-10-10 17:50:21
913,1,1.000,,2026-11-10 17:23:16
913,2,1.000,,2027-01-08 05:11:49
913,3,1.000,,2026-05-28 23:41:28
913,4,1.000,,2026-11-03 21:45:30
913,5,1.000,,2026-12-14 01:20:38
913,6,1.000,,2026-12-17 11:15:05
914,1,1.000,,2026-09-09 08:53:05
914,2,1.000,,2026-11-07 16:01:56
914,3,1.000,,2026-12-24 04:01:29
914,4,1.000,,2026-04-24 12:17:00
914,5,1.000,,2026-12-24 02:39:00
914,6,1.000,,2026-06-17 13:09:28
915,1,1.000,,2026-11-16 13:42:18
915,2,1.000,,2026-03-02 19:15:43
915,3,3.350,,2026-12-19 20:03:37
915,4,1.000,,2026-11-28 04:30:54
915,5,1.000,,2026-12-21 15:04:26
915,6,1.000,,2026-03-14 10:46:43
916,1,1.000,,2026-11-26 01:38:21
916,2,1.000,,2026-04-03 22:19:16
916,3,1.000,,2026-10-04 05:59:31
916,4,3.000,,2026-11-14 23:04:56
916,5,1.000,,2026-10-22 14:36:33
916,6,1.000,,2026-03-03 15:44:01
917,1,1.000,,2026-07-24 06:09:48
917,2,1.000,,2026-12-31 00:01:28
917,3,1.000,,2026-10-18 11:13:14
917,4,9.000,,2026-12-10 12:42:00
917,5,1.000,,2026-12-09 20:40:49
917,6,1.000,,2027-01-11 17:23:17
918,1,1.000,,2026-07-03 12:06:30
918,2,1.000,,2026-11-17 06:04:52
918,3,1.000,,2025-10-26 10:16:19
918,4,1.000,,2026-11-01 15:21:14
918,5,1.000,,2026-12-23 22:19:43
918,6,1.000,,2026-10-17 07:47:36
919,1,1.000,,2026-12-12 03:51:30
919,2,1.000,,2026-12-15 07:02:38
919,3,1.000,,2026-10-05 10:13:28
919,4,1.000,,2026-12-31 20:18:10
919,5,1.000,,2026-12-19 16:04:55
919,6,1.000,,2026-11-03 08:46:33
920,1,1.000,,2026-12-24 10:41:57
920,2,1.000,,2026-10-05 13:37:47
920,3,1.000,,2026-12-15 09:11:17
920,4,1.000,,2026-09-10 18:24:55
920,5,1.000,,2026-12-11 07:41:07
920,6,1.000,,2026-10-10 13:18:42
921,1,1.000,,2026-12-26 16:33:50
921,2,1.000,,2026-09-01 05:41:13
921,3,1.000,,2026-07-03 06:39:15
921,4,1.000,,2026-12-13 19:04:28
921,5,1.000,,2026-11-25 10:05:41
921,6,1.000,,2026-12-08 17:58:45
922,1,1.000,,2026-12-27 02:07:13
922,2,1.000,,2026-10-05 06:22:20
922,3,1.000,,2026-12-24 01:19:37
922,4,1.000,,2026-05-09 12:40:54
922,5,1.000,,2026-12-10 02:51:00
922,6,1.000,,2026-12-15 04:50:32
923,1,1.000,,2025-10-25 16:23:08
923,2,1.000,,2026-12-15 23:39:54
923,3,1.000,,2026-10-08 17:28:03
923,4,1.000,,2026-11-29 00:26:14
923,5,1.000,,2026-07-23 00:28:55
923,6,1.000,,2026-01-16 03:54:17
924,1,1.000,,2026-10-01 09:28:11
924,2,1.000,,2026-12-08 06:52:39
924,3,1.000,,2026-10-22 10:25:55
924,4,1.000,,2026-12-04 17:54:35
924,5,1.000,,2026-12-01 17:36:19
924,6,1.000,,2027-01-11 17:23:17
925,1,1.000,,2026-11-10 17:23:16
925,2,1.000,,2026-12-13 12:00:11
925,3,1.000,,2026-11-10 05:08:01
925,4,1.000,,2026-11-04 05:43:04
925,5,1.000,,2026-09-10 10:32:43
925,6,1.000,,2026-11-07 10:51:09
926,1,1.000,,2026-11-24 01:04:35
926,2,1.000,,2026-12-28 08:56:42
926,3,1.000,,2026-01-31 09:57:03
926,4,1.000,,2026-09-16 10:31:10
926,5,1.000,,2026-11-30 21:12:16
926,6,1.000,,2026-12-05 00:06:04
927,1,1.000,,2026-12-22 03:55:33
927,2,1.000,,2026-11-23 02:17:24
927,3,1.000,,2026-12-07 13:36:20
927,4,1.000,,2026-11-07 23:39:55
927,5,1.000,,2026-11-25 06:06:15
927,6,1.000,,2026-10-02 01:56:49
928,1,1.000,,2026-12-12 13:09:34
928,2,1.000,,2026-09-29 03:00:40
928,3,1.000,,2026-08-30 03:06:41
928,4,1.000,,2026-12-30 03:52:21
928,5,1.000,,2026-02-17 16:13:01
928,6,1.000,,2026-11-14 04:25:19
929,1,1.000,,2026-12-21 02:23:16
929,2,1.000,,2026-12-24 10:11:41
929,3,1.000,,2026-10-17 21:33:59
929,4,1.000,,2026-11-29 00:26:14
929,5,1.000,,2026-07-23 00:28:55
929,6,9.800,,2026-12-23 19:28:02
930,1,1.000,,2026-12-14 17:47:53
930,2,1.000,,2026-07-22 11:50:28
930,3,1.000,,2026-12-17 05:37:44
930,4,1.000,,2026-11-04 10:55:22
930,5,1.000,,2026-12-23 08:08:47
930,6,1.000,,2026-09-08 16:21:46
931,1,1.000,,2026-09-21 20:31:38
931,2,1.000,,2026-12-05 00:55:58
931,3,1.000,,2026-12-22 05:15:43
931,4,1.000,,2026-11-20 19:21:15
931,5,1.000,,2026-08-18 02:50:02
931,6,10.000,,2026-11-10 09:35:02
932,1,1.000,,2026-12-01 13:59:24
932,2,1.000,,2026-12-26 03:45:56
932,3,1.000,,2026-07-26 15:20:04
932,4,1.000,,2026-07-16 09:50:40
932,5,1.000,,2026-11-18 14:15:26
932,6,1.000,,2026-10-13 16:53:43
933,1,1.000,,2026-09-24 21:57:40
933,2,1.000,,2026-02-04 20:16:49
933,3,1.000,,2026-11-03 23:18:14
933,4,1.000,,2026-09-22 06:54:33
933,5,1.000,,2026-05-14 04:25:35
933,6,1.000,,2026-12-26 07:14:04
934,1,1.000,,2026-11-20 23:11:11
934,2,1.000,,2026-10-27 17:57:13
934,3,1.000,,2026-12-28 12:35:05
934,4,1.000,,2026-06-10 19:14:01
934,5,1.000,,2026-12-10 12:25:11
934,6,1.000,,2026-12-19 00:40:30
935,1,1.000,,2026-09-28 05:14:52
935,2,1.000,,2026-09-02 03:05:38
935,3,1.000,,2026-12-04 22:30:12
935,4,1.000,,2026-12-31 08:29:14
935,5,1.000,,2026-11-07 05:47:03
935,6,1.000,,2026-02-13 06:26:46
936,1,1.000,,2026-11-17 16:58:02
936,2,1.000,,2026-09-17 21:47:34
936,3,1.000,,2026-12-13 09:36:52
936,4,1.000,,2026-12-27 09:52:26
936,5,1.000,,2026-11-07 07:53:45
936,6,1.000,,2026-06-01 09:40:30
937,1,1.000,,2026-12-25 00:01:10
937,2,1.000,,2026-12-08 17:21:33
937,3,1.000,,2026-12-18 22:19:36
937,4,1.000,,2026-11-07 12:44:06
937,5,1.000,,2026-09-16 13:51:58
937,6,1.000,,2026-12-22 01:29:32
938,1,1.000,,2026-12-07 16:39:27
938,2,1.000,,2026-12-19 18:32:07
938,3,1.000,,2026-10-09 11:24:10
938,4,1.000,,2026-03-05 06:07:57
938,5,1.000,,2026-12-06 12:20:48
938,6,1.000,,2026-12-06 11:26:53
939,1,1.000,,2026-12-27 23:18:17
939,2,1.000,,2026-12-12 21:20:35
939,3,1.000,,2026-12-19 20:03:37
939,4,1.000,,2026-11-07 09:53:29
939,5,1.000,,2026-12-25 04:33:38
939,6,1.000,,2026-12-24 02:33:32
940,1,1.000,,2026-11-23 14:49:08
940,2,1.000,,2026-02-18 16:40:46
940,3,1.000,,2026-11-13 19:11:10
940,4,1.000,,2026-12-14 09:12:27
940,5,1.000,,2026-04-21 05:25:25
940,6,1.000,,2026-11-22 16:10:26
941,1,1.000,,2026-09-12 06:03:56
941,2,1.000,,2026-12-25 11:49:32
941,3,1.000,,2026-05-11 00:47:30
941,4,1.000,,2026-09-26 19:40:28
941,5,1.000,,2026-11-09 20:17:43
941,6,1.000,,2026-11-10 09:05:20
942,1,1.000,,2026-12-01 17:13:40
942,2,1.000,,2026-12-26 23:23:09
942,3,1.000,,2026-12-22 02:24:21
942,4,1.000,,2026-12-22 20:30:34
942,5,1.000,,2026-10-26 21:08:24
942,6,1.000,,2026-12-24 11:33:02
943,1,1.000,,2026-12-09 02:10:24
943,2,1.000,,2026-07-28 17:57:58
943,3,1.000,,2026-12-29 20:32:12
943,4,1.000,,2026-12-08 20:51:57
943,5,1.000,,2026-11-30 23:07:06
943,6,36.540,,2026-12-05 02:27:10
944,1,1.000,,2026-12-10 10:56:17
944,2,1.000,,2026-12-26 20:27:29
944,3,1.000,,2026-12-10 11:52:04
944,4,1.000,,2026-12-03 16:27:56
944,5,1.000,,2026-03-25 23:54:25
944,6,1.000,,2026-12-11 19:11:15
945,1,1.000,,2026-10-21 02:39:00
945,2,1.000,,2026-02-09 08:47:59
945,3,1.000,,2026-12-04 00:15:04
945,4,1.000,,2026-12-29 03:09:52
945,5,1.000,,2026-12-18 21:33:21
945,6,1.000,,2026-11-28 04:58:34
946,1,1.000,,2026-10-08 12:47:19
946,2,1.000,,2026-10-29 20:06:25
946,3,1.000,,2026-12-21 06:09:03
946,4,1.000,,2027-01-01 05:29:27
946,5,1.000,,2026-08-08 09:34:58
946,6,1.000,,2026-11-29 16:50:51
947,1,1.000,,2026-11-08 04:28:35
947,2,1.000,,2026-06-27 10:49:52
947,3,1.000,,2026-06-13 15:23:02
947,4,1.000,,2026-10-03 09:40:13
947,5,1.000,,2026-12-28 18:23:31
947,6,1.000,,2026-11-11 16:38:28
948,1,1.000,,2026-11-09 12:15:12
948,2,1.000,,2026-11-28 01:31:43
948,3,1.000,,2026-11-26 14:08:52
948,4,1.000,,2026-11-10 23:23:53
948,5,1.000,,2026-07-23 00:28:55
948,6,1.000,,2026-03-13 03:28:08
949,1,1.000,,2026-11-07 05:47:56
949,2,1.000,,2026-10-28 15:07:52
949,3,1.000,,2026-03-27 04:49:35
949,4,1.000,,2026-11-26 19:45:46
949,5,1.000,,2026-12-09 20:40:49
949,6,1.000,,2026-11-23 09:35:21
950,1,1.000,,2026-12-12 08:26:48
950,2,1.000,,2027-01-08 21:58:36
950,3,1.000,,2025-10-19 05:19:20
950,4,1.000,,2026-11-29 17:19:56
950,5,1.000,,2026-12-05 15:49:52
950,6,1.000,,2026-11-15 08:27:01
951,1,1.000,,2026-11-13 16:44:07
951,2,1.000,,2026-10-21 00:21:22
951,3,1.000,,2026-12-08 00:32:16
951,4,1.000,,2026-12-14 22:55:54
951,5,1.000,,2026-03-15 22:42:47
951,6,1.000,,2026-12-14 23:39:25
952,1,1.000,,2026-12-23 01:37:54
952,2,1.000,,2026-03-22 09:45:04
952,3,1.000,,2026-10-16 14:53:41
952,4,1.000,,2026-11-24 12:07:12
952,5,1.000,,2026-04-04 01:22:46
952,6,1.000,,2026-11-24 02:22:30
953,1,1.000,,2026-12-12 23:25:06
953,2,1.000,,2026-06-25 22:37:26
953,3,1.000,,2026-10-16 03:27:37
953,4,1.000,,2026-11-12 15:10:59
953,5,1.000,,2026-12-25 04:33:38
953,6,1.000,,2026-11-02 22:01:17
954,1,1.000,,2026-11-01 20:58:39
954,2,1.000,,2026-10-29 20:06:25
954,3,1.000,,2026-09-09 20:30:46
954,4,1.000,,2026-12-10 12:42:00
954,5,1.000,,2026-12-23 05:53:01
954,6,1.000,,2026-12-06 09:53:01
955,1,1.000,,2026-10-27 02:49:18
955,2,1.000,,2026-12-11 11:01:37
955,3,1.000,,2026-12-18 06:12:39
955,4,1.000,,2026-02-03 22:00:05
955,5,1.000,,2025-03-09 15:07:46
955,6,1.000,,2026-12-04 19:11:56
956,1,1.000,,2026-10-12 18:37:05
956,2,1.000,,2026-11-20 02:32:55
956,3,1.000,,2026-12-24 13:29:49
956,4,1.000,,2026-11-29 03:29:24
956,5,1.000,,2026-12-12 22:16:38
956,6,1.000,,2026-11-05 01:06:47
957,1,1.000,,2026-12-20 00:07:12
957,2,1.000,,2026-01-05 12:01:27
957,3,1.000,,2026-07-17 11:03:55
957,4,1.000,,2027-01-12 10:11:49
957,5,1.000,,2026-12-08 07:32:20
957,6,1.000,,2026-10-31 06:44:35
958,1,1.000,,2026-10-29 09:57:31
958,2,1.000,,2026-01-23 16:34:52
958,3,1.000,,2026-12-04 09:54:34
958,4,1.000,,2026-11-25 03:30:05
958,5,1.000,,2026-12-28 02:42:37
958,6,1.000,,2026-08-06 06:10:29
959,1,1.000,,2026-04-11 09:34:51
959,2,1.000,,2026-12-04 05:23:04
959,3,1.000,,2026-10-26 09:10:33
959,4,1.000,,2026-12-12 02:26:11
959,5,1.000,,2026-11-09 12:12:26
959,6,1.000,,2026-12-27 01:18:02
960,1,1.000,,2026-12-10 23:50:23
960,2,1.000,,2026-11-29 18:36:29
960,3,1.000,,2026-08-06 10:07:54
960,4,1.000,,2026-11-30 03:08:18
960,5,1.000,,2026-11-05 02:30:10
960,6,1.000,,2026-12-03 12:08:56
961,1,1.000,,2026-07-30 15:36:09
961,2,1.000,,2026-02-14 21:50:41
961,3,1.000,,2026-12-13 09:36:52
961,4,1.000,,2026-10-24 11:25:17
961,5,1.000,,2026-12-08 07:32:20
961,6,1.000,,2026-12-12 03:45:42
962,1,1.000,,2026-11-26 01:38:21
962,2,1.000,,2026-12-10 00:18:53
962,3,1.000,,2026-12-24 13:29:49
962,4,1.000,,2026-12-04 16:17:59
962,5,1.000,,2026-12-26 13:14:19
962,6,1.000,,2026-12-28 11:43:51
963,1,1.000,,2026-11-01 22:51:31
963,2,1.000,,2026-09-18 00:22:40
963,3,1.000,,2026-12-07 07:49:43
963,4,28.000,,2026-11-15 14:48:32
963,5,1.000,,2026-08-20 23:08:20
963,6,1.000,,2026-12-01 00:18:13
964,1,1.000,,2026-12-22 16:29:51
964,2,1.000,,2026-06-16 04:50:08
964,3,1.000,,2026-07-17 11:03:55
964,4,1.000,,2026-12-28 04:38:21
964,5,1.000,,2026-12-26 06:26:28
964,6,10.000,,2026-12-14 16:37:32
965,1,1.000,,2026-02-25 13:14:02
965,2,1.000,,2027-01-09 14:52:13
965,3,1.000,,2026-12-28 14:52:13
965,4,1.000,,2026-12-09 12:02:51
965,5,1.000,,2026-12-02 18:33:52
965,6,1.000,,2026-11-24 02:22:30
966,1,1.000,,2026-12-17 06:52:14
966,2,1.000,,2026-11-28 16:09:43
966,3,1.000,,2026-12-29 02:24:43
966,4,1.000,,2026-05-05 01:15:38
966,5,1.000,,2026-10-18 19:29:44
966,6,1.000,,2026-10-20 19:37:54
967,1,1.000,,2026-12-17 20:28:06
967,2,1.000,,2026-08-20 21:10:56
967,3,1.000,,2026-09-10 10:09:13
967,4,1.000,,2026-01-31 20:00:04
967,5,1.000,,2026-05-31 17:42:09
967,6,1.000,,2026-12-19 14:16:11
968,1,1.000,,2026-10-15 11:57:44
968,2,1.000,,2025-11-23 22:31:38
968,3,1.000,,2026-05-12 08:48:14
968,4,1.000,,2026-09-05 09:16:26
968,5,1.000,,2026-12-10 21:52:30
968,6,1.000,,2026-11-28 02:49:18
969,1,1.000,,2026-12-31 03:51:27
969,2,1.000,,2027-01-08 21:58:36
969,3,1.000,,2026-12-05 08:11:29
969,4,1.000,,2026-11-27 15:31:51
969,5,1.000,,2026-03-31 01:23:25
969,6,1.000,,2026-10-08 12:01:21
970,1,1.000,,2026-04-15 00:02:18
970,2,1.000,,2026-02-05 14:07:25
970,3,1.000,,2026-12-16 00:13:44
970,4,1.000,,2026-07-25 15:51:33
970,5,1.000,,2026-02-13 07:25:03
970,6,1.000,,2026-07-10 18:43:00
971,1,1.000,,2026-11-05 12:32:33
971,2,1.000,,2026-06-12 19:48:59
971,3,1.000,,2026-06-12 22:08:47
971,4,1.000,,2026-12-12 01:29:42
971,5,1.000,,2026-12-24 18:37:38
971,6,14.000,,2026-11-22 09:45:41
972,1,1.000,,2026-07-18 01:35:22
972,2,1.000,,2026-11-07 21:18:05
972,3,1.000,,2026-11-26 02:46:10
972,4,1.000,,2026-12-04 16:17:59
972,5,1.000,,2026-09-01 18:37:45
972,6,1.000,,2026-07-20 09:13:45
973,1,1.000,,2026-02-13 01:51:34
973,2,1.000,,2026-10-13 22:28:22
973,3,1.000,,2026-11-08 22:50:10
973,4,1.000,,2026-11-12 15:10:59
973,5,1.000,,2026-12-28 05:47:54
973,6,1.000,,2026-04-28 01:30:03
974,1,1.000,,2026-12-25 03:59:07
974,2,1.000,,2026-12-18 14:31:38
974,3,1.000,,2026-12-26 14:34:11
974,4,1.000,,2026-03-21 13:41:49
974,5,1.000,,2026-12-07 15:55:29
974,6,1.000,,2026-12-07 13:47:31
975,1,1.000,,2026-12-29 03:22:51
975,2,1.000,,2026-12-09 15:38:09
975,3,1.000,,2026-12-28 08:34:15
975,4,1.000,,2026-12-26 16:22:28
975,5,1.000,,2026-07-22 04:34:15
975,6,1.000,,2026-12-14 16:37:32
976,1,1.000,,2026-12-10 10:56:17
976,2,1.000,,2026-06-05 03:13:34
976,3,1.000,,2026-12-29 05:22:28
976,4,1.000,,2026-06-15 09:04:20
976,5,1.000,,2026-12-23 11:03:49
976,6,1.000,,2026-12-17 10:35:42
977,1,1.000,,2026-12-22 16:29:51
977,2,1.000,,2026-05-19 01:28:41
977,3,1.000,,2026-01-21 14:44:50
977,4,1.000,,2026-10-17 06:47:12
977,5,1.000,,2026-11-13 16:08:34
977,6,1.000,,2026-11-10 07:06:34
978,1,1.000,,2025-11-27 00:45:23
978,2,1.000,,2026-10-02 01:55:24
978,3,1.000,,2026-08-27 11:22:56
978,4,1.000,,2026-12-27 07:32:51
978,5,9.000,,2025-04-30 20:29:00
978,6,1.000,,2026-12-12 13:10:46
979,1,1.000,,2026-04-26 02:26:05
979,2,1.000,,2026-10-16 11:01:46
979,3,1.000,,2026-11-02 12:32:55
979,4,1.000,,2026-11-24 04:54:13
979,5,1.000,,2026-12-29 22:38:47
979,6,1.000,,2026-12-16 22:55:14
980,1,1.000,,2026-12-27 02:08:54
980,2,1.000,,2026-10-04 23:11:52
980,3,1.000,,2026-12-26 19:36:41
980,4,1.000,,2026-05-25 08:54:19
980,5,1.000,,2026-12-14 07:01:52
980,6,1.000,,2026-10-17 02:57:43
981,1,1.000,,2026-01-31 11:09:15
981,2,1.000,,2026-12-26 17:08:32
981,3,1.000,,2026-09-27 01:44:14
981,4,1.000,,2026-11-30 18:28:57
981,5,1.000,,2026-11-07 22:47:09
981,6,1.000,,2026-11-26 11:21:40
982,1,1.000,,2026-12-13 08:42:19
982,2,1.000,,2026-02-13 08:50:13
982,3,1.000,,2026-11-12 05:35:49
982,4,1.000,,2026-12-20 06:17:42
982,5,1.000,,2026-12-22 11:59:54
982,6,0.000,,2026-03-15 10:04:23
983,1,1.000,,2026-11-06 15:39:23
983,2,1.000,,2026-12-10 13:56:16
983,3,1.000,,2026-11-03 11:33:30
983,4,1.000,,2026-10-26 00:45:13
983,5,11.000,,2026-11-08 17:21:04
983,6,1.000,,2026-09-25 04:28:53
984,1,1.000,,2026-12-08 23:31:58
984,2,1.000,,2025-02-15 13:13:57
984,3,5.400,,2026-03-07 05:20:49
984,4,1.000,,2026-12-26 16:22:28
984,5,1.000,,2026-12-20 00:29:27
984,6,1.000,,2026-10-23 22:38:53
985,1,1.000,,2026-11-25 08:22:36
985,2,1.000,,2026-12-27 06:09:11
985,3,1.000,,2026-12-28 22:25:42
985,4,1.000,,2026-12-01 08:14:00
985,5,1.000,,2026-12-24 22:35:17
985,6,1.000,,2026-10-03 20:23:22
986,1,1.000,,2026-04-25 23:23:53
986,2,1.000,,2026-01-19 13:56:16
986,3,1.000,,2026-09-25 09:32:02
986,4,1.000,,2026-06-17 11:51:59
986,5,1.000,,2026-12-24 22:35:17
986,6,1.000,,2026-05-24 16:27:21
987,1,1.000,,2026-09-23 22:26:48
987,2,1.000,,2026-06-27 10:49:52
987,3,1.000,,2026-09-05 16:15:14
987,4,1.000,,2026-03-25 09:44:45
987,5,1.000,,2026-04-06 09:57:21
987,6,1.000,,2026-10-03 21:00:24
988,1,1.000,,2026-11-10 09:49:04
988,2,1.000,,2026-12-02 01:05:26
988,3,1.000,,2026-11-25 14:41:21
988,4,1.000,,2026-12-27 11:13:12
988,5,1.000,,2026-05-06 01:32:17
988,6,1.000,,2026-11-09 16:13:45
989,1,1.000,,2026-06-10 16:08:10
989,2,1.000,,2026-01-06 06:00:23
989,3,1.000,,2026-09-12 05:56:02
989,4,1.000,,2026-11-04 18:48:17
989,5,1.000,,2026-12-21 09:30:33
989,6,1.000,,2026-10-26 14:18:06
990,1,7.250,,2027-01-06 12:06:03
990,2,1.000,,2026-11-19 05:58:31
990,3,1.000,,2026-09-28 02:52:47
990,4,1.000,,2026-12-23 12:06:03
990,5,1.000,,2026-12-05 18:33:33
990,6,1.000,,2026-10-23 12:07:08
991,1,1.000,,2026-12-01 23:34:03
991,2,1.000,,2026-11-25 04:55:02
991,3,1.000,,2026-11-04 03:41:43
991,4,1.000,,2026-11-03 20:52:39
991,5,1.000,,2026-11-18 12:57:36
991,6,1.000,,2026-02-11 20:30:35
992,1,1.000,,2026-12-01 02:30:59
992,2,1.000,,2026-12-01 03:11:13
992,3,1.000,,2026-05-09 14:05:37
992,4,1.000,,2026-11-22 09:13:12
992,5,16.800,,2026-11-07 05:47:03
992,6,1.000,,2026-01-07 18:37:46
993,1,1.000,,2026-12-16 14:37:40
993,2,1.000,,2026-10-13 01:39:57
993,3,1.000,,2026-12-17 21:42:05
993,4,1.000,,2026-12-07 03:01:56
993,5,1.000,,2026-12-27 03:13:02
993,6,1.000,,2026-12-22 11:11:30
994,1,1.000,,2026-11-26 11:00:43
994,2,1.000,,2026-01-20 17:59:36
994,3,1.000,,2026-12-31 19:00:54
994,4,1.000,,2026-11-29 19:33:07
994,5,1.000,,2026-12-17 15:46:26
994,6,1.000,,2026-10-30 10:25:18
995,1,1.000,,2026-12-06 14:29:41
995,2,1.000,,2026-12-11 18:57:09
995,3,1.000,,2026-11-29 06:19:41
995,4,1.000,,2026-12-28 05:10:06
995,5,1.000,,2026-12-31 13:17:02
995,6,1.000,,2026-12-14 23:39:25
996,1,1.000,,2026-12-05 17:25:25
996,2,1.000,,2026-06-30 01:30:55
996,3,1.000,,2026-12-15 12:10:24
996,4,17.610,,2026-10-06 18:52:16
996,5,1.000,,2026-11-20 10:39:31
996,6,1.000,,2026-10-28 14:00:36
997,1,1.000,,2026-10-29 17:06:33
997,2,1.000,,2026-09-23 14:59:25
997,3,1.000,,2026-12-29 05:22:28
997,4,1.000,,2026-12-03 16:27:56
997,5,1.000,,2026-12-31 18:51:57
997,6,1.000,,2026-12-30 16:48:37
998,1,1.000,,2026-12-02 22:25:21
998,2,1.000,,2026-11-13 01:13:10
998,3,1.000,,2026-05-17 08:28:50
998,4,1.000,,2026-07-25 11:27:48
998,5,1.000,,2026-12-17 09:26:39
998,6,1.000,,2026-11-16 01:12:43
999,1,1.000,,2026-09-21 19:32:45
999,2,1.000,,2026-09-21 18:31:47
999,3,1.000,,2026-12-24 04:01:29
999,4,1.000,,2026-07-06 10:16:29
999,5,1.000,,2026-12-12 17:10:31
999,6,1.000,,2026-12-08 11:50:07
1000,1,1.000,,2026-11-03 22:02:49
1000,2,1.000,,2026-01-17 12:23:42
1000,3,1.000,,2025-12-03 13:57:04
1000,4,1.000,,2026-12-14 02:01:15
1000,5,1.000,,2026-12-04 04:29:09
1000,6,1.000,,2026-10-03 14:47:41
1001,1,1.000,,2026-04-27 20:11:42
1001,2,1.000,,2026-12-17 16:40:14
1001,3,1.000,,2026-09-17 04:12:15
1001,4,1.000,,2026-08-20 01:00:11
1001,5,1.000,,2026-03-10 19:59:55
1001,6,1.000,,2026-03-09 16:54:42
1002,1,1.000,,2026-12-24 07:50:51
1002,2,1.000,,2026-05-04 13:30:30
1002,3,1.000,,2026-12-04 22:30:12
1002,4,1.000,,2026-11-15 16:56:14
1002,5,1.000,,2026-11-07 22:47:09
1002,6,1.000,,2026-12-07 21:09:50
1003,1,1.000,,2026-04-25 22:18:36
1003,2,1.000,,2026-04-25 23:54:56
1003,3,1.000,,2026-12-22 15:27:02
1003,4,1.000,,2026-10-24 09:16:02
1003,5,1.000,,2026-08-18 23:42:52
1003,6,1.000,,2026-11-25 19:40:56
1004,1,1.000,,2026-04-17 23:48:46
1004,2,1.000,,2026-11-11 06:26:24
1004,3,1.000,,2026-11-25 08:49:51
1004,4,1.000,,2026-12-18 05:25:56
1004,5,1.000,,2026-12-16 14:03:15
1004,6,1.000,,2026-09-08 04:57:23
1005,1,1.000,,2026-03-06 01:26:12
1005,2,1.000,,2026-12-18 22:51:24
1005,3,1.000,,2026-12-19 04:00:38
1005,4,1.000,,2026-12-27 09:52:26
1005,5,1.000,,2026-02-23 12:00:33
1005,6,1.000,,2026-12-30 09:13:04
1006,1,1.000,,2025-12-14 08:54:58
1006,2,1.000,,2026-12-16 23:19:00
1006,3,1.000,,2026-12-31 18:49:14
1006,4,1.000,,2026-08-29 09:42:52
1006,5,1.000,,2026-12-28 02:42:37
1006,6,1.000,,2026-02-19 02:57:18
1007,1,1.000,,2026-09-21 19:32:45
1007,2,1.000,,2026-12-18 06:50:26
1007,3,1.000,,2026-04-10 09:51:35
1007,4,1.000,,2026-01-02 14:14:25
1007,5,1.000,,2026-12-23 22:19:43
1007,6,1.000,,2027-01-11 20:26:05
1008,1,1.000,,2026-11-14 02:34:39
1008,2,1.000,,2026-11-26 11:03:00
1008,3,1.000,,2026-06-13 17:36:40
1008,4,1.000,,2026-11-26 00:58:45
1008,5,1.000,,2026-12-12 07:58:01
1008,6,1.000,,2026-06-21 12:54:02
1009,1,1.000,,2026-11-12 15:21:52
1009,2,1.000,,2026-10-05 13:10:39
1009,3,1.000,,2027-01-22 16:47:20
1009,4,1.000,,2025-12-25 05:58:05
1009,5,1.000,,2026-03-21 12:23:14
1009,6,1.000,,2026-12-13 06:53:47
